id,date,brand_id,trans_amt,email_address
bdb2c2be-a80e-4a47-b60b-ec5c0a4f891c,2021-12-06T03:16:40,BRAND2,710.82,"""gabhade egkclgg"" <gabhade@appple.com>"
fa331b94-4989-4aec-ad48-b021f6e95573,2021-12-06T03:16:40,BRAND5,4.42,licbklb@appple.com
b9b1093e-54d6-4531-acb2-0002bce2af09,2021-12-06T03:17:30,BRAND2,227.46,jkbagkc@appple.com
abceee49-57bd-4a00-a502-2cccd29cd9ab,Mon Dec  6 03:17:30 2021,BRAND2,948.46,achbghh@gmail.com
e56c70f6-4d9a-4e10-bcf9-4bf55ffc5c00,2021-12-06T03:19:10,BRAND2,862.48,"""cfihjbf efjcbgh"" <cfihjbf@gmail.com>"
0c9034e5-ba1b-4ec0-bf6b-5d814b364950,2021-12-06T03:22:30,BRAND2,180.61,likcdfe@gmail.com
be574a9d-6f6e-4159-8651-595c30f01254,2021-12-06T03:22:30,BRAND2,496.69,"""glkahgi edddkcj"" <glkahgi@live.com>"
ead05c70-7f1c-4943-aa9f-3f902c13e3c7,2021-12-06T03:23:20,BRAND2,985.31,fibcjch@live.com
042a660a-d453-47de-aeb6-11c577266325,2021-12-06T03:23:20,BRAND3,463.35,"""igfeidl cllbecf"" <igfeidl@gmail.com>"
d04763c3-49c1-4551-b4b3-6e877e735a83,2021-12-06T03:24:10,BRAND5,892.87,"""kliblhc hkdifdk"" <kliblhc@appple.com>"
b8ea3ab0-c90a-425b-b91d-eb8d814ac406,2021-12-06T03:24:10,BRAND2,670.98,aaheldh@gmail.com
7278a629-f0bf-44fe-ac13-b8564cf3b980,2021-12-06T03:25:00,BRAND2,860.26,"""aflchaa cgbkilh"" <aflchaa@yahoo.com>"
7ae84c10-ea6b-47f7-a690-1f011f995b78,2021-12-06T03:25:50,BRAND2,91.44,"""ihkccbi kldbjfi"" <ihkccbi@gmail.com>"
409b7fc5-b0f2-46a6-b72b-5a47be20566a,2021-12-06T03:26:40,BRAND5,66.91,gicgiac@gmail.com
5ade8923-3c79-42c8-8af6-5552c87e688a,2021-12-06T03:28:20,BRAND2,211.12,"""eildfcj jcidfbg"" <eildfcj@gmail.com>"
46de33b5-4629-434d-ab8b-702c705f4ce6,2021-12-06T03:30:00,BRAND2,309.93,cbakihh@yahoo.com
3c6ca134-4d93-45da-ba4d-edd1d8f0f6dd,2021-12-06T03:30:00,BRAND2,264.30,adlhbff@live.com
82308872-fff9-4f9c-b95e-e5e23f459fcb,2021-12-06T03:30:50,BRAND5,745.40,ealeffa@gmail.com
d29fa4f8-6233-4ba6-a01e-e4cb035b769c,2021-12-06T03:30:50,BRAND5,629.55,cgdaeja@live.com
0f8da41f-f783-4f6d-8e46-82a6d6814819,2021-12-06T03:32:30,BRAND2,651.38,kgicijb@gmail.com
1f178f95-6dd7-44dc-9e83-ba56da8105ed,2021-12-06T03:32:30,BRAND2,635.54,lkeljie@gmail.com
ef4b21fd-02c6-43de-8e67-b49343ce0bdf,2021-12-06T03:33:20,BRAND2,716.92,"""chdbgbc kgidhcl"" <chdbgbc@live.com>"
aa27199c-46e4-4e47-87fc-8052a30b2e4d,2021-12-06T03:33:20,BRAND1,790.36,bggkkde@gmail.com
3fdeaa73-7af7-49ca-aaaf-2327e461fdfd,2021-12-06T03:34:10,BRAND2,480.01,"""ldlhkgj kebjgcb"" <ldlhkgj@gmail.com>"
ed858a5a-e11b-4cd1-8cea-e43dd5335fb1,2021-12-06T03:34:10,BRAND4,996.00,fjjgfjk@hotmail.com
b57ab99e-b5d8-44ca-94e4-b08485f43c4e,2021-12-06T03:35:00,BRAND2,71.11,"""elhaedc hbaeage"" <elhaedc@appple.com>"
f7360300-4dde-4bfc-b51e-fb8d80a67bc0,2021-12-06T03:35:00,BRAND2,62.81,lkfaadf@appple.com
bace67f3-7c65-4f7e-bc44-27c42a1c40d5,2021-12-06T03:35:50,BRAND5,224.90,bjaifhk@gmail.com
a8cb2169-3f10-48d8-9ce1-d8664b0a5876,2021-12-06T03:36:40,BRAND4,70.49,bdhekdc@yahoo.com
127c1717-ecd6-4d36-bafd-31432e7e977a,2021-12-06T03:36:40,BRAND2,338.58,"""chilcjg fbjbilg"" <chilcjg@gmail.com>"
737fce5e-09d2-4f3f-b9e9-23043727ec88,2021-12-06T03:37:30,BRAND2,162.83,kcbdfdf@gmail.com
9dbf609d-0977-403c-927b-32b22c88845b,2021-12-06T03:37:30,BRAND2,812.00,"""laildbe fehakbj"" <laildbe@appple.com>"
fa811fb8-48cf-450e-914f-51a97d7d3771,2021-12-06T03:38:20,BRAND1,271.35,bggeell@appple.com
623075d7-4650-4a2a-9298-e311ad5d954a,2021-12-06T03:38:20,BRAND3,728.98,abajbbi@live.com
05f76eaf-145a-4f5a-bc9b-7eee76271b20,2021-12-06T03:39:10,BRAND2,732.30,jgbjjhf@gmail.com
fc26fd41-9a45-4783-8aa8-e1a76d986451,2021-12-06T03:40:00,BRAND2,989.59,"""haddbgd ghfjcia"" <haddbgd@gmail.com>"
c47ba048-7a92-452b-9ddd-8c47f2b33b11,2021-12-06T03:40:00,BRAND5,862.97,"""jcligdk kabcfic"" <jcligdk@gmail.com>"
9049d601-c0bf-46a1-9116-384743267fd4,2021-12-06T03:40:50,BRAND3,993.57,digjdef@live.com
241472e5-6c70-49b2-a142-cf6be3ac5b09,2021-12-06T03:40:50,BRAND2,621.40,aielfci@appple.com
0204e682-fc4c-4dca-84bd-ce2b3f2af7a6,2021-12-06T03:41:40,BRAND2,485.62,"""iiickdg fhggfeg"" <iiickdg@live.com>"
49dcd81a-e3ba-45e6-860f-bb67a28562cc,2021-12-06T03:41:40,BRAND1,361.06,hflijaf@appple.com
0d77e221-f3d2-4070-bd6e-6b8ce65b8858,2021-12-06T03:43:20,BRAND2,414.68,leleibg@gmail.com
5adf2210-9da1-4cf3-93ae-0c740c620b28,2021-12-06T03:44:10,BRAND5,874.18,"""ggfbagk dckeegh"" <ggfbagk@appple.com>"
82ea5242-52a9-4902-a8e3-2b4a8a5f12e3,2021-12-06T03:45:50,BRAND5,351.84,"""jbkeffc acgakjj"" <jbkeffc@yahoo.com>"
3f118471-6134-48dd-8039-7e6eb8e4c77f,2021-12-06T03:46:40,BRAND2,759.58,ilicgde@live.com
e9efb705-09b9-4caa-a50d-1a36938c6ed8,Mon Dec  6 03:48:20 2021,BRAND5,888.67,kggaelg@hotmail.com
eeb820ea-d7ac-441c-9412-b6c16c9c6db8,2021-12-06T03:49:10,BRAND1,543.46,afeabka@gmail.com
b65b2af0-4023-49a9-88c4-73f9f112420c,2021-12-06T03:49:10,BRAND1,230.55,ifcjgjh@gmail.com
7ffc75f7-7ca2-42d4-ab2a-f9a600f521fa,2021-12-06T03:52:30,BRAND1,684.20,"""kgjjfaf helgjfg"" <kgjjfaf@gmail.com>"
7ebff366-9ca4-41bd-964f-9631fe881a3a,2021-12-06T03:53:20,BRAND2,136.52,jfkeahd@gmail.com
4cf85ef7-c051-49be-82af-5852658850bd,2021-12-06T03:54:10,BRAND1,887.34,kgjhhed@gmail.com
2b4fa6a0-7dab-4db1-9548-9ae899cc349c,2021-12-06T03:55:00,BRAND2,733.80,dadblba@gmail.com
afc265a4-f617-4dff-9831-cf5046c2b67a,Mon Dec  6 03:55:00 2021,BRAND1,431.58,hcfghdh@appple.com
624c73e9-e1dc-47d5-90dc-6fcd32a2d322,2021-12-06T03:55:50,BRAND2,663.03,"""ldbfdih gbcjell"" <ldbfdih@yahoo.com>"
3af23430-70d8-4807-9c6a-d705ca34ad4a,2021-12-06T03:56:40,BRAND2,717.28,hcjcbgl@gmail.com
57219d6b-8572-4443-b42f-5b070f8adab1,2021-12-06T03:56:40,BRAND4,222.31,fdlhhfc@appple.com
b590d0b7-da9b-49c7-8ee0-f34e22bcddb0,2021-12-06T03:57:30,BRAND5,938.52,lcghglf@gmail.com
e12fa686-a2e3-4721-9dbe-6e4cdbc32271,2021-12-06T03:59:10,BRAND5,751.88,ibdgfbb@gmail.com
e92bc6b8-bd0a-453f-b675-c4c94f238645,2021-12-06T04:00:00,BRAND1,173.10,ecgcbli@appple.com
00516961-c948-4ebb-993d-65926f10be00,2021-12-06T04:00:00,BRAND2,626.39,khcibge@live.com
aecd259f-0996-49c4-b9e5-c834d120cdb4,2021-12-06T04:00:50,BRAND1,370.72,"""hcbelid bgfcicc"" <hcbelid@gmail.com>"
caaca769-1e55-446b-ab64-ca0392716fdb,2021-12-06T04:00:50,BRAND1,771.92,ehdhchb@gmail.com
9b9efeb7-26e4-4a30-b5e5-99d0bf8e7fdf,2021-12-06T04:02:30,BRAND2,681.82,lbhjkkc@gmail.com
6620a161-ceb9-41d9-9d90-68018f469ce4,2021-12-06T04:02:30,BRAND5,606.39,lfflfla@gmail.com
f63b00ae-8d65-484d-ab93-df3572cdf865,2021-12-06T04:03:20,BRAND5,29.04,"""bjheldj cclgiia"" <bjheldj@gmail.com>"
5a13f1bc-2cfe-4ecb-b5ba-d85c04f6cbaf,2021-12-06T04:03:20,BRAND1,222.54,kajdiec@gmail.com
a9a1837b-2a63-45a1-8614-097492180a48,2021-12-06T04:04:10,BRAND2,815.71,"""dkafhkf bfbaidk"" <dkafhkf@gmail.com>"
4e151852-df1a-4be2-a043-02157f9597ef,2021-12-06T04:04:10,BRAND2,418.49,hfdjkde@live.com
b7bd8a87-f31b-4299-8d2c-7ce044aa72d9,2021-12-06T04:05:00,BRAND2,778.27,egkgfci@live.com
31f6a770-d014-40a4-bc07-d8172d12e362,2021-12-06T04:05:50,BRAND2,349.21,"""hbfahek bjcaalj"" <hbfahek@gmail.com>"
924c8b08-ce0a-48d1-b1ab-74b0aa104ca3,2021-12-06T04:07:30,BRAND2,710.38,bedhjhb@gmail.com
fdb5b93f-4ab9-4ec5-a6ee-5bfbc62ec5af,2021-12-06T04:07:30,BRAND5,399.37,hjgkfdf@gmail.com
a26089f7-414e-4c06-8417-61ee2c37badf,2021-12-06T04:08:20,BRAND1,392.27,hggahji@live.com
39d36595-e001-4df8-8c02-ce2c6d226b41,2021-12-06T04:10:00,BRAND5,966.49,"""icfidjl iaibbdj"" <icfidjl@gmail.com>"
992b732f-744a-4dbb-a29d-d480012c275f,2021-12-06T04:10:00,BRAND2,677.98,"""khebbcd cjghjkk"" <khebbcd@gmail.com>"
c26fb565-6a1c-4d27-b026-7308189bda3b,Mon Dec  6 04:10:50 2021,BRAND2,638.15,cllgdfk@hotmail.com
847de341-2752-48cc-9e3d-9d1a84cfd7db,2021-12-06T04:12:30,BRAND2,210.42,bgaccbg@gmail.com
595c0858-e63a-46d8-a6dc-c9706ee95559,2021-12-06T04:12:30,BRAND5,430.64,kaaladk@gmail.com
c66fb9c4-888e-4b85-b174-6226deb56433,2021-12-06T04:15:50,BRAND2,536.67,dlgedkg@live.com
22a1f66f-31ba-47e4-833a-be9cc7b450c0,2021-12-06T04:16:40,BRAND5,307.73,ddbkcfk@gmail.com
59b12efa-1aae-460c-a963-ebd7652c3463,2021-12-06T04:16:40,BRAND1,405.37,lecclfd@gmail.com
1a7eae74-b95b-4c12-a569-117d2054703a,2021-12-06T04:17:30,BRAND5,127.97,kdcacje@gmail.com
dc02eeed-4c48-41c5-99c1-b1c83d2b5bac,2021-12-06T04:18:20,BRAND2,495.55,"""ckbgihd kjdccbl"" <ckbgihd@appple.com>"
a53563de-902a-480b-87f9-fd1244f7eb8d,2021-12-06T04:18:20,BRAND1,330.46,"""gkkdjgj dcggble"" <gkkdjgj@gmail.com>"
67c74d40-8e8b-4737-a528-fd508e63218d,2021-12-06T04:20:50,BRAND5,967.90,ikelbje@gmail.com
1e2c971d-c111-450e-b9a4-5b0d6b90139c,2021-12-06T04:20:50,BRAND5,521.43,jekifld@yahoo.com
be9e0d51-d6d3-4dd4-b27a-607e4e77cb76,2021-12-06T04:23:20,BRAND2,149.83,ikdkkjk@gmail.com
b81ae37a-cb43-4602-a0a0-3939132b1755,2021-12-06T04:23:20,BRAND2,411.81,ebhhhga@appple.com
14aa62c3-fedd-475c-926f-b5aec97300b6,2021-12-06T04:24:10,BRAND2,311.66,"""dadcggd bgighli"" <dadcggd@gmail.com>"
4b82eb42-c86e-43de-9669-29f896386e56,2021-12-06T04:24:10,BRAND2,939.92,bfcjfij@live.com
5f8772d1-4f5c-46a4-8501-6276fb123ae9,2021-12-06T04:25:00,BRAND2,$586.28,"""ehdbcfb jhghgkb"" <ehdbcfb@gmail.com>"
a9e4f6cb-3c97-49d3-bebb-fef2caca9e1a,2021-12-06T04:25:00,BRAND1,632.31,"""iikdkhk iafiabh"" <iikdkhk@appple.com>"
45ad50ab-b77f-4bb0-8fb7-d3ee5297dd4c,2021-12-06T04:26:40,BRAND2,362.10,feikhik@yahoo.com
34294903-fbc7-452d-adcb-c0f631884319,2021-12-06T04:27:30,BRAND5,364.12,gfaffkd@gmail.com
76207dd4-a74e-45ce-8c15-0ae1dcb0e6ba,2021-12-06T04:27:30,BRAND2,347.88,kdbdahe@appple.com
d24f7b7f-f561-4c11-be67-9e58d4400d72,2021-12-06T04:28:20,BRAND2,761.42,"""ibidkld gfikfdj"" <ibidkld@gmail.com>"
f6b159d7-0222-4293-b7f2-b67fa98734f6,2021-12-06T04:28:20,BRAND1,349.25,"""cdlbeae ldkklad"" <cdlbeae@appple.com>"
c267e932-6dac-4131-ae6e-1f09bb04de34,2021-12-06T04:30:00,BRAND5,239.18,ffkhkej@gmail.com
af8d49cd-f21c-4418-a396-ac60cb3911a6,2021-12-06T04:30:00,BRAND2,811.47,ghagkid@gmail.com
5c0ba34e-0c39-4cc3-ab0a-939a5d153560,2021-12-06T04:31:40,BRAND1,901.69,"""khgdhdb ijhjieg"" <khgdhdb@yahoo.com>"
001acb0f-d6cd-4516-9f93-0749a31b0fc1,2021-12-06T04:34:10,BRAND5,96.08,"""hdddiic kdlhadc"" <hdddiic@live.com>"
a728b4a9-610f-4335-8d7e-f157c55b84e6,2021-12-06T04:34:10,BRAND2,491.86,"""jhhljgc bbaehhl"" <jhhljgc@gmail.com>"
b1cd2df9-e112-459a-a9f9-2e329c963b79,2021-12-06T04:35:50,BRAND2,299.02,egfehje@gmail.com
9be18b39-c9fb-46cc-9ac0-6f6f5cd96174,2021-12-06T04:35:50,BRAND2,482.48,jgjebbc@appple.com
39ee26c7-ae40-4f50-8ded-1b2d887d0c0f,2021-12-06T04:36:40,BRAND1,306.70,hglidlj@live.com
7094f9cd-41c5-46ff-9125-b13d18d2d258,2021-12-06T04:37:30,BRAND2,904.29,"""lbgjgkc bheijfg"" <lbgjgkc@gmail.com>"
478b9713-caaf-41dd-b2bd-81a50f07713f,2021-12-06T04:38:20,BRAND2,554.60,"""akbldcc liaddei"" <akbldcc@yahoo.com>"
41e0c668-4cc8-4718-bfa5-3c3a5dc7ed71,2021-12-06T04:39:10,BRAND5,290.95,fchjlgf@appple.com
47837bfd-094f-4061-91ed-38f07b53e583,2021-12-06T04:40:00,BRAND2,131.05,lkkaega@yahoo.com
3be6ba8a-3472-4956-8c24-6ab761276abb,2021-12-06T04:40:00,BRAND4,841.95,cdhkgjh@gmail.com
dbc01041-63a4-4425-a463-6f5b84b9da1d,2021-12-06T04:40:50,BRAND5,953.89,ejcddcl@appple.com
c43bba6f-4294-46fb-9e66-6a18207216d7,2021-12-06T04:40:50,BRAND5,134.62,kgebcka@appple.com
4fd955a2-898a-4133-b319-0b3ec16186a3,2021-12-06T04:42:30,BRAND5,857.09,jckekbk@gmail.com
b5937daf-8b90-428e-938c-4637a514ea11,2021-12-06T04:44:10,BRAND2,731.28,lkedlca@gmail.com
5640ceb0-09e1-4ffa-b40f-a47f1afe4814,2021-12-06T04:46:40,BRAND5,732.54,"""kaalgje chdbdfg"" <kaalgje@appple.com>"
a6390619-361e-4191-87fd-47908e0e2934,2021-12-06T04:46:40,BRAND2,416.55,"""ekfjbbd hhdkddf"" <ekfjbbd@appple.com>"
f4474265-8dbf-4ab9-82cf-d5d253a4af48,2021-12-06T04:47:30,BRAND2,955.79,laafjkl@live.com
716b61fe-cc8c-412a-941b-497b638aea81,Mon Dec  6 04:49:10 2021,BRAND2,654.35,hgklhig@hotmail.com
2c494957-0b8d-482d-8398-5f610add606d,2021-12-06T04:50:00,BRAND5,221.88,"""ddfdjkk hdfihfb"" <ddfdjkk@live.com>"
7b657180-ca7f-4ba5-98d8-709ae68ec1b7,2021-12-06T04:50:50,BRAND1,968.03,gakekjc@appple.com
ab40cedf-bf9f-43cd-ac41-4dfeb0af83ff,2021-12-06T04:52:30,BRAND2,467.95,lcldlbh@gmail.com
bbd3b115-744e-47ba-a1ea-a58e8a92bd07,2021-12-06T04:52:30,BRAND3,357.28,jiagael@gmail.com
749d2b16-d22a-4718-a1ae-022a60618639,2021-12-06T04:53:20,BRAND1,853.41,igdccji@gmail.com
c2c09f42-ed7f-4b0d-af2b-00b7706d73b1,2021-12-06T04:53:20,BRAND2,127.44,hacfbbb@appple.com
ac5ab3fa-b1b4-4da0-9739-52048724e40f,2021-12-06T04:54:10,BRAND2,758.98,"""dehcdhg jfkeeaj"" <dehcdhg@gmail.com>"
ac13c94f-988f-4e00-84f3-6653b6b85ecc,2021-12-06T04:54:10,BRAND1,216.35,fijbjel@appple.com
8fae33ef-9885-43f7-bf4a-963c5c98f7be,2021-12-06T04:55:00,BRAND5,986.12,caifbbh@gmail.com
8730f88c-15b5-45e3-acc0-c311d5531df9,2021-12-06T04:55:00,BRAND2,520.62,dkkjegd@gmail.com
92a70c88-7082-43d5-9c2e-584733c855b4,2021-12-06T04:56:40,BRAND4,397.45,"""kaddlgh lfihhii"" <kaddlgh@live.com>"
694500b4-b874-41fa-82e1-655eeb082b64,2021-12-06T04:58:20,BRAND5,87.19,ghleggc@gmail.com
13c0b923-eb75-4319-b4ae-c35981965526,2021-12-06T04:59:10,BRAND2,25.55,"""ihfhfcj jkilbbh"" <ihfhfcj@live.com>"
56ee603d-2e52-49e8-b499-7a637fe8cae1,2021-12-06T05:00:50,BRAND2,522.43,dbkciba@live.com
f702f7e6-daa3-4ee5-b471-bc98980e4639,2021-12-06T05:01:40,BRAND1,282.31,kkcbihk@gmail.com
8a38ae39-ad12-49a8-b88f-1b8fbc4f4f94,2021-12-06T05:01:40,BRAND2,837.55,cgkfiha@live.com
74084aec-24c5-4fa6-b4e9-b410c85a1e2f,2021-12-06T05:04:10,BRAND2,250.08,"""chfhfld dahceeh"" <chfhfld@gmail.com>"
f51a39eb-cc7d-401d-8087-93e7eb3dcc20,2021-12-06T05:04:10,BRAND1,554.89,dbcfbbi@gmail.com
f2dbbaa5-f52c-479a-a15d-1808a65f646c,2021-12-06T05:05:50,BRAND2,438.24,"""bilkffc ldceibg"" <bilkffc@appple.com>"
a259d910-1216-4f91-946a-d5f810236da9,2021-12-06T05:07:30,BRAND2,257.17,dcbgaec@appple.com
cea1edfc-5477-4f49-a993-6dfb43fef63f,2021-12-06T05:07:30,BRAND2,844.10,ibhibka@gmail.com
381e189b-607a-410b-a14f-4cbf6d76aa53,2021-12-06T05:08:20,BRAND5,688.53,caegilh@gmail.com
8e0e4234-a956-45e5-bd32-4f0cebc61aba,2021-12-06T05:08:20,BRAND2,276.93,ebbhjjk@gmail.com
5f8c4075-325d-4531-8189-73ef71f4ba39,2021-12-06T05:09:10,BRAND2,359.01,kfgalej@gmail.com
36558799-0b8f-4ca5-8a44-8beafe7235b9,2021-12-06T05:09:10,BRAND5,499.56,kbahbkk@appple.com
8f938228-874c-46f0-b71e-0c7f2821635c,2021-12-06T05:10:00,BRAND2,336.43,acabekf@live.com
1b92e606-38c6-4bb1-bf75-141a80237e6d,2021-12-06T05:10:50,BRAND5,583.85,"""ccgdeaj ldhchkc"" <ccgdeaj@gmail.com>"
7800db54-d31a-4f11-a1f6-25fbf2520e27,2021-12-06T05:10:50,BRAND1,733.44,"""aldiief iagbjjj"" <aldiief@gmail.com>"
4da85973-960d-4d3c-8658-9b24ed5e7eab,2021-12-06T05:12:30,BRAND1,490.91,hdkedfg@gmail.com
bf4f22da-ff9c-477b-b11f-42b273cdd6d7,2021-12-06T05:13:20,BRAND2,81.85,"""ihjijch bjecgkd"" <ihjijch@gmail.com>"
30899730-b199-4ca8-9a79-aa4a42131f99,2021-12-06T05:13:20,BRAND5,55.94,"""licaagl bfkcdcd"" <licaagl@gmail.com>"
349f7029-be86-4533-bbfd-70174c508f8b,2021-12-06T05:14:10,BRAND4,879.81,"""fggfdlg jiekiie"" <fggfdlg@yahoo.com>"
8b4ac6dc-aa41-49e5-869d-df714fbfe10a,2021-12-06T05:15:00,BRAND2,856.94,"""ckkhfkf dikgkbk"" <ckkhfkf@gmail.com>"
1cdf806d-a665-4aed-9547-53b608bc5ac5,2021-12-06T05:15:00,BRAND2,531.99,cafdike@gmail.com
fc08d53f-d05b-401e-ab18-ac78ea4871b4,2021-12-06T05:17:30,BRAND5,845.85,"""llkafcj jgddbcb"" <llkafcj@gmail.com>"
71b8731e-f11b-4720-88b9-ae4d0ffd9cfe,2021-12-06T05:17:30,BRAND5,723.77,"""lfliagb cccebil"" <lfliagb@gmail.com>"
3c6ee3c5-ffd0-4663-93de-781a0def946a,2021-12-06T05:18:20,BRAND2,112.56,eajleae@hotmail.com
edff9311-db21-4628-a471-7115bed31611,2021-12-06T05:18:20,BRAND1,132.06,"""aigdchb hbaibcd"" <aigdchb@gmail.com>"
ae14f9c8-acf8-4a60-9892-ccb5d6fec855,2021-12-06T05:19:10,BRAND3,165.08,"""cfafjec dbcdlgk"" <cfafjec@live.com>"
b6f04647-bb69-41ad-94aa-4658eb035bd8,2021-12-06T05:19:10,BRAND2,602.37,jdkjddd@gmail.com
46f71d66-ba67-49e8-b809-376d3a23dd99,2021-12-06T05:20:00,BRAND2,179.95,lkliklh@live.com
5fbfac0d-18ae-4a39-88ca-25ba3ebb0552,2021-12-06T05:20:00,BRAND5,218.46,hegkdkd@yahoo.com
970cf69d-4b6b-47e4-b6e6-59cda730f1af,2021-12-06T05:20:50,BRAND2,479.63,"""cbejbbf bfkgkik"" <cbejbbf@gmail.com>"
359f2708-2385-4e7a-86d0-104669cfd14f,2021-12-06T05:20:50,BRAND5,589.91,"""gccikkk iagedgg"" <gccikkk@gmail.com>"
3dcbbb16-739f-4df5-94c7-d8e516d19648,2021-12-06T05:21:40,BRAND2,463.13,eibfhjk@yahoo.com
1513feb5-c3bd-4eef-abab-d697294f16cc,2021-12-06T05:21:40,BRAND5,20.19,hjjkdfi@gmail.com
96831e48-fd6c-4817-a47c-b98e8ef2083f,2021-12-06T05:22:30,BRAND5,728.72,bdhahbk@gmail.com
4304e293-7ac7-459e-ba6c-1936eb831ff2,2021-12-06T05:22:30,BRAND3,214.70,bgedlka@appple.com
7374bc63-09d2-4309-9110-eb4c268510df,2021-12-06T05:23:20,BRAND2,36.31,"""eikdkhb giebckf"" <eikdkhb@yahoo.com>"
711771a9-dbef-42bd-8bc5-9eac8b6c0b33,2021-12-06T05:26:40,BRAND2,883.16,"""acjhhgd clcllie"" <acjhhgd@appple.com>"
28314c4d-2fc8-4a26-af07-874714a357a3,2021-12-06T05:27:30,BRAND1,735.63,"""icclffj kdegcbg"" <icclffj@gmail.com>"
ced2a71d-b783-4753-900f-efdf14b52338,Mon Dec  6 05:27:30 2021,BRAND5,431.64,"""bfjagbf ggebefj"" <bfjagbf@appple.com>"
43f04297-da6d-4331-8fe7-afcc0518d275,2021-12-06T05:28:20,BRAND1,459.20,"""efacjad dadklbb"" <efacjad@appple.com>"
70a09fe0-52f4-483e-ba7c-abd4ac3338a2,2021-12-06T05:28:20,BRAND2,711.90,aghaddc@gmail.com
de37e558-0715-4cc4-88ab-a55068f149d8,2021-12-06T05:29:10,BRAND2,953.68,ccfkjlb@gmail.com
dc6de051-7395-4981-a211-ae92f33fe8f0,2021-12-06T05:29:10,BRAND1,481.28,aejkgci@gmail.com
662a52c2-d8a7-4397-858b-a66d65f674ff,2021-12-06T05:30:00,BRAND5,609.68,caiaiih@gmail.com
14dc1788-181c-40b4-aa6d-610822750ebb,2021-12-06T05:30:00,BRAND2,552.19,dldbkah@appple.com
d5484b76-8d68-4dd3-8fc6-f18fd58f584e,2021-12-06T05:32:30,BRAND5,402.31,gidckba@appple.com
86b1917a-3dc4-4079-9b22-ebe7dc7056d0,2021-12-06T05:33:20,BRAND4,128.38,"""kdfaldd jhjadlh"" <kdfaldd@appple.com>"
f276fdcd-b40b-455d-a4df-16c8072b361e,2021-12-06T05:33:20,BRAND5,583.88,eaeghge@gmail.com
c8148c2c-a431-4add-8ff4-fe700bb49ec8,Mon Dec  6 05:35:00 2021,BRAND2,350.21,cjefiig@live.com
aa73cc14-5964-441e-98bb-6dd308e09447,2021-12-06T05:35:50,BRAND2,167.70,kfcdkfc@appple.com
fde1727d-22e2-4706-aedc-4be0a99cf7ca,2021-12-06T05:35:50,BRAND2,421.34,chefgab@gmail.com
e1f0cec5-3461-479d-b5f1-7a1419b84cb0,2021-12-06T05:37:30,BRAND2,840.25,"""dlcidld dgfjdhk"" <dlcidld@gmail.com>"
e14555b3-c632-4b0d-9827-dd00f6889934,2021-12-06T05:38:20,BRAND5,765.52,kakfifk@gmail.com
54463dcf-2f1c-459b-8a5f-edced679c5f5,2021-12-06T05:38:20,BRAND2,551.68,ialigkc@live.com
ec425510-ef5e-4c07-bd2d-575f7cb21340,2021-12-06T05:40:00,BRAND2,606.79,"""jbglckh gaedkkj"" <jbglckh@appple.com>"
600ca240-c478-42fd-83a5-411df6bf7ef5,2021-12-06T05:40:50,BRAND3,204.89,eeghkgi@gmail.com
f81d1a00-4cd9-45a3-9277-c3e98b1b2b6b,2021-12-06T05:42:30,BRAND5,559.44,dgekebg@gmail.com
acc8e05a-e1ed-4eef-a201-34bc6a9431b7,2021-12-06T05:43:20,BRAND2,243.20,"""iehekaf glibgel"" <iehekaf@gmail.com>"
479cdd48-b5a2-40ea-a918-09af7e46c8e8,2021-12-06T05:43:20,BRAND3,995.36,"""gldgebj bhdjhcd"" <gldgebj@yahoo.com>"
198fed6c-a285-4020-bf4c-25514fa3889c,2021-12-06T05:44:10,BRAND2,557.47,lhelled@gmail.com
fdc86ed7-7a6a-4369-a8c0-08b9e311814f,2021-12-06T05:45:00,BRAND1,767.62,"""hjfigjd kjebbed"" <hjfigjd@gmail.com>"
f18b8acd-fc50-436b-88e5-4e02a2e5fa04,2021-12-06T05:45:00,BRAND1,183.34,aldabdi@gmail.com
c7b2555e-6a4b-4c39-8ea8-1ba548181d87,2021-12-06T05:45:50,BRAND5,591.68,cediiil@gmail.com
959af490-ff9b-49be-986f-a2cb9f03f387,2021-12-06T05:46:40,BRAND2,342.31,dffjheb@gmail.com
e74bbbee-606f-4c8f-aa4a-0d40495f2a6e,2021-12-06T05:47:30,BRAND4,74.22,fbebfdc@appple.com
86213d0c-9a79-4bd3-b1cf-21c9d475853c,2021-12-06T05:47:30,BRAND1,841.46,eidghlk@gmail.com
83821482-8ecc-4ddf-a4c8-f56c226bb6e4,2021-12-06T05:48:20,BRAND2,443.79,"""khafacj bgegaja"" <khafacj@live.com>"
32a52e7d-39e8-4e8f-9be6-953208f9e497,2021-12-06T05:49:10,BRAND2,542.73,aheaiad@yahoo.com
25882816-cf8c-4c38-82c6-753e8a8ad1bc,2021-12-06T05:49:10,BRAND2,198.72,"""dkldcbl dekebff"" <dkldcbl@gmail.com>"
6cc81e6c-225e-4f3d-87bd-a26075d558fc,2021-12-06T05:50:00,BRAND5,770.73,"""daagcha lehdeah"" <daagcha@gmail.com>"
f13b67bd-7c65-43ed-9265-7832cc476707,2021-12-06T05:50:50,BRAND5,430.17,"""hfekhil bldkggh"" <hfekhil@appple.com>"
1c406d39-b55a-464b-940a-86be58ab9902,2021-12-06T05:50:50,BRAND2,18.27,liclgak@appple.com
d51be1a7-8727-4f0c-8e06-7d80a2b0b2e1,2021-12-06T05:52:30,BRAND2,782.61,ialbldi@appple.com
3cf7164f-697b-4af7-9299-7ed6a5dc7c04,2021-12-06T05:55:50,BRAND2,356.53,lkcgcfg@gmail.com
0e179b30-7fcd-40d1-8757-8e293e573f94,2021-12-06T05:56:40,BRAND2,782.28,llejked@appple.com
b13cdb90-fbf1-4f4f-b219-dc1d527af7b0,2021-12-06T05:58:20,BRAND5,228.46,eibgfka@live.com
68407132-68ff-453c-bacf-9c8591bece6c,2021-12-06T05:58:20,BRAND2,21.78,klhfgke@yahoo.com
50dfa651-1cf4-4d9d-b38e-005452d869ac,2021-12-06T05:59:10,BRAND5,465.47,edgbfda@gmail.com
e54f5ae4-554e-456b-be7e-6588a88fbb86,2021-12-06T05:59:10,BRAND1,373.25,kjiekjk@gmail.com
666c6bb0-d9b4-4ae7-9864-3fabaa00e4e8,2021-12-06T06:00:00,BRAND2,179.22,dajakll@appple.com
a633ee59-19c4-47fd-8827-3668b631afc9,2021-12-06T06:00:00,BRAND2,170.14,"""agaggjk bcilcdg"" <agaggjk@appple.com>"
f3709011-9f3b-4742-ae41-cdec2689871d,2021-12-06T06:00:50,BRAND2,606.98,ccailck@gmail.com
fbbcbc1c-448d-4d5d-b920-bd24cc6fd801,2021-12-06T06:02:30,BRAND1,859.49,igkfhik@yahoo.com
c55efb81-d7e4-4c5e-9bc1-6e0fbdecbee3,2021-12-06T06:03:20,BRAND2,668.26,"""fcfjiej lkjaafb"" <fcfjiej@gmail.com>"
0f4f4560-5d77-42bc-86a6-5bc7102cac11,2021-12-06T06:04:10,BRAND2,618.61,"""dfbehhk lkjhdbl"" <dfbehhk@gmail.com>"
32cf09cc-7b1c-443b-9336-8e6295421222,2021-12-06T06:06:40,BRAND3,655.16,dedjeel@hotmail.com
23b027a7-e97a-4850-890f-c3f15ae9929d,2021-12-06T06:08:20,BRAND1,608.04,dfkbaed@gmail.com
ffe19344-5085-4735-a292-6bb0cd82ee0b,2021-12-06T06:09:10,BRAND2,138.85,ffbdabf@gmail.com
e01bce89-85bf-4d08-8cf3-6746a6e42cc7,2021-12-06T06:09:10,BRAND5,170.29,"""icfkkgb hebicli"" <icfkkgb@gmail.com>"
0493febf-aa33-4bcd-a48d-aedbc7d39dc6,2021-12-06T06:10:00,BRAND5,524.55,cjbfhgh@gmail.com
266595c3-e825-47c2-8158-3db7400a7f47,2021-12-06T06:10:50,BRAND2,595.95,eabcgfd@gmail.com
9899f298-805c-4ab4-8938-3566f3c48cf5,2021-12-06T06:10:50,BRAND2,852.81,jbdhlfd@gmail.com
3bba511c-295b-41fd-82c6-cc539bdb995b,2021-12-06T06:11:40,BRAND1,229.84,"""hgjgiic khfieck"" <hgjgiic@gmail.com>"
5158d60d-bb8e-4e57-b549-3e5232bc2cb3,2021-12-06T06:11:40,BRAND2,891.71,"""lkechke bdfibge"" <lkechke@gmail.com>"
2fd8f05d-bd02-4450-b009-086d177beeaa,2021-12-06T06:13:20,BRAND1,977.19,"""ihllild ceiijak"" <ihllild@appple.com>"
be39e1e6-b8e8-45b9-b120-6fbf39af2f43,2021-12-06T06:15:00,BRAND2,680.41,"""hjafehd abiljif"" <hjafehd@gmail.com>"
b5f8fae1-114b-4612-aa98-cb61d6fffeee,2021-12-06T06:15:50,BRAND1,744.50,fllkeea@gmail.com
f6de60be-2792-4fcc-9be4-6e5e90d44e04,2021-12-06T06:15:50,BRAND2,705.23,hehbdkb@hotmail.com
bd017c2d-4c1b-47a1-9573-c142fca692bc,2021-12-06T06:16:40,BRAND2,196.51,"""kikejbf ccfiikb"" <kikejbf@gmail.com>"
3f1763ee-5d71-4522-b711-24169726225f,2021-12-06T06:18:20,BRAND5,752.33,hdcabef@gmail.com
4a9da65c-145b-4a6f-919e-aefcd0b0160d,2021-12-06T06:18:20,BRAND2,512.75,jfflflc@appple.com
c8e2dfdf-82ad-4f80-9e46-d2ccde4d77ec,2021-12-06T06:19:10,BRAND2,478.15,ijhehbj@yahoo.com
8284344d-e87a-455d-b7a2-46ec7e576fd0,2021-12-06T06:20:00,BRAND2,680.84,defahdg@appple.com
7441e425-2176-4448-8d76-6940e1cbde34,2021-12-06T06:20:00,BRAND2,873.99,igkideb@appple.com
a97ebed2-98c7-49c9-9088-ca2bcaf6ed1b,2021-12-06T06:21:40,BRAND4,406.84,habfcbd@appple.com
ad479bf1-de0f-4f14-a991-ad0f242f9a10,2021-12-06T06:21:40,BRAND5,544.46,"""eejdlck jfhhebi"" <eejdlck@gmail.com>"
4d622ff9-309d-46e7-a83a-576d374493f1,2021-12-06T06:22:30,BRAND2,938.89,"""bgagahj bcjhead"" <bgagahj@gmail.com>"
04b40638-4a45-4543-bd6f-9994b62e9225,2021-12-06T06:22:30,BRAND2,467.25,"""kgeiafk fhccfca"" <kgeiafk@gmail.com>"
18f82b62-d7a8-420f-8837-51d0581ef0ae,2021-12-06T06:23:20,BRAND1,83.20,"""gbljiia jagbaac"" <gbljiia@hotmail.com>"
9973aff9-d5ec-4eb7-8281-edbe40d47f7f,2021-12-06T06:23:20,BRAND5,193.90,beclecf@appple.com
4b66ed92-14c3-44e1-9123-66cc20a6ca3d,2021-12-06T06:25:00,BRAND1,84.36,"""hifhbeg eieklbk"" <hifhbeg@appple.com>"
a4b832fd-0649-4381-b7a0-f725472b0963,2021-12-06T06:26:40,BRAND2,481.51,"""dbeaggg ikejcli"" <dbeaggg@appple.com>"
6c7a2503-3e48-401e-8f51-3e449e941d4f,2021-12-06T06:26:40,BRAND1,566.86,bafflfb@gmail.com
72f8e1a5-4e72-47c4-87eb-6d123bef2c4b,2021-12-06T06:27:30,BRAND2,111.56,dcddkbk@gmail.com
ad0fb25b-0554-4985-9834-ca5570d4af8a,2021-12-06T06:28:20,BRAND4,713.67,bkfkjhh@yahoo.com
b7bfabdb-f12e-418c-8c6f-cdaa8bfe62d7,2021-12-06T06:28:20,BRAND2,$151.64,"""cbkjklf gcdgihf"" <cbkjklf@gmail.com>"
541edb20-af39-4936-861f-4c41bf00f59a,2021-12-06T06:29:10,BRAND2,278.05,edlefdh@appple.com
f731bac5-3c7c-43d8-ab0b-c9b269627eef,2021-12-06T06:29:10,BRAND1,85.03,"""ihdibil dlclela"" <ihdibil@appple.com>"
675a0cd0-da80-43ce-bb3b-636988dec4fa,2021-12-06T06:30:00,BRAND2,322.98,igdjffb@appple.com
0fd900a1-1ca7-4586-88ab-54c2fd80a9ca,2021-12-06T06:33:20,BRAND5,409.85,jijbhdl@live.com
62c58287-0c0c-4b9d-94af-0d0307729241,2021-12-06T06:33:20,BRAND2,564.20,"""kgggdch kfleccc"" <kgggdch@gmail.com>"
362c3d93-6507-4ecc-9ea5-ea1ed90d32e7,2021-12-06T06:34:10,BRAND2,988.20,ddgdbjl@gmail.com
64ab55c2-4d1a-4e48-a58e-4935152f55c7,2021-12-06T06:34:10,BRAND5,18.21,"""jkgdkgg hghhkce"" <jkgdkgg@appple.com>"
846d0fc6-6eac-4d61-9a40-cfa04d54f3a5,2021-12-06T06:35:00,BRAND5,245.26,abfhjgf@gmail.com
bc44016e-f3a5-4825-a94a-8a83b88d0bcd,2021-12-06T06:35:50,BRAND2,511.11,ldibjgh@yahoo.com
9e6ab77c-b017-47b7-9e68-b7f4f3466e7a,2021-12-06T06:36:40,BRAND2,948.82,filcajk@yahoo.com
e4ed3c48-6c89-47d3-8d9a-174c3a0fd2d3,2021-12-06T06:40:50,BRAND1,552.50,"""lbliike hbicljg"" <lbliike@gmail.com>"
a0fb5f8a-2480-4690-bb22-49a5a46b381f,2021-12-06T06:43:20,BRAND2,594.21,ffdhkja@gmail.com
f107d9a9-cec6-4767-82af-b3bc31242a89,2021-12-06T06:43:20,BRAND2,251.54,aiildec@gmail.com
00c23ec0-13b8-4015-a759-9bcc0f464516,2021-12-06T06:44:10,BRAND2,595.84,jalafla@gmail.com
e8193082-fdd9-499b-8d9f-29b97284a826,2021-12-06T06:44:10,BRAND5,277.94,iajalkj@gmail.com
c06d44ea-1a74-4f2a-a57c-307a7b652b1e,2021-12-06T06:45:00,BRAND5,477.13,"""khlgika lbacegk"" <khlgika@live.com>"
bf86cb4a-52d7-4b4d-baf0-9ff0e39d15bc,2021-12-06T06:45:00,BRAND2,447.69,"""gjgelel dbjblfc"" <gjgelel@gmail.com>"
06d5b1bd-9475-42be-b83a-414b819dc5be,2021-12-06T06:45:50,BRAND2,96.90,"""kihhlch hajljli"" <kihhlch@gmail.com>"
82d3174e-d314-4620-a090-13ef3c0b3f84,2021-12-06T06:45:50,BRAND1,586.97,dgljhaf@gmail.com
837b7d5e-ab7d-44f7-a0ab-aa060ac47ebe,2021-12-06T06:47:30,BRAND2,46.51,"""illlgid ckfhelg"" <illlgid@gmail.com>"
9d010869-5a3f-4137-91f2-02b05ee6c76d,2021-12-06T06:48:20,BRAND2,762.88,djlfiil@gmail.com
a646a3a0-b6f4-457b-bad1-964dcf925e94,2021-12-06T06:48:20,BRAND2,582.77,idilgeh@gmail.com
a427451e-5023-43fe-90a6-e4437f3f90fa,2021-12-06T06:49:10,BRAND2,765.60,gdfhgfc@appple.com
f7a55f5e-d35c-41b3-8ceb-1f0a920d431e,2021-12-06T06:50:00,BRAND2,292.78,clllbki@appple.com
6f1db91e-9ba3-4377-81dc-ea4c6295314f,2021-12-06T06:50:00,BRAND4,890.32,eaflecf@live.com
7c4e70da-e901-4a4e-bb33-5786c00c49e1,2021-12-06T06:50:50,BRAND5,392.57,"""bldjdel ebcaebf"" <bldjdel@gmail.com>"
5d41a582-3195-40eb-92bb-4521cbee957a,2021-12-06T06:52:30,BRAND2,868.58,laildag@appple.com
9b3f99fd-0279-4042-99a1-5566845d5873,2021-12-06T06:53:20,BRAND2,471.94,"""glfcacc badbdaf"" <glfcacc@gmail.com>"
f8b7d6bd-8718-4a71-b779-66aaf76fe4dd,2021-12-06T06:53:20,BRAND2,253.12,"""lkkaikb ikgdaic"" <lkkaikb@gmail.com>"
b0f37e31-764a-4f08-af91-dc8ba6bd6011,2021-12-06T06:55:00,BRAND1,171.38,fddadlc@hotmail.com
57ebf54d-c5ac-4fec-9c50-c60d4cd5ca53,2021-12-06T06:55:00,BRAND2,555.14,aljgkkh@gmail.com
699d5539-94b3-4234-a456-c57342420d59,2021-12-06T06:56:40,BRAND2,567.78,"""gaihcgf kagdjaa"" <gaihcgf@appple.com>"
e50a898f-6d15-418a-ab2e-0d482090cc77,2021-12-06T06:56:40,BRAND2,337.11,"""cadhfgb jkggelk"" <cadhfgb@yahoo.com>"
e2759bc0-7b4d-4c7e-8e65-246e6fda3d45,2021-12-06T06:57:30,BRAND2,934.61,"""idikdgg lfagddg"" <idikdgg@gmail.com>"
eb3c8bef-d5dc-4ac6-8b2c-eb5476ca18ef,2021-12-06T06:58:20,BRAND5,21.85,chjjdlj@yahoo.com
1cf83575-542a-42fe-b980-ce59f6b8798c,2021-12-06T06:58:20,BRAND2,918.34,ggghhel@yahoo.com
cb06a603-4b88-4503-885f-bb63baa774f9,2021-12-06T07:00:00,BRAND3,103.03,"""lclkcel kbjdffc"" <lclkcel@appple.com>"
624fc58d-bda6-4e80-9dec-2d989b1e770b,2021-12-06T07:00:50,BRAND5,31.69,"""beebfee higikld"" <beebfee@gmail.com>"
3fbc57c0-59e0-40e9-be3e-4954fd77398a,2021-12-06T07:00:50,BRAND2,820.34,gifklfk@gmail.com
7d5acf36-9635-42c7-8954-ae7f3c4d3beb,2021-12-06T07:01:40,BRAND2,377.23,"""beecdli lacflkk"" <beecdli@gmail.com>"
f0698d49-a5c6-4959-b4a5-0868e510f621,2021-12-06T07:02:30,BRAND4,371.21,acaccfd@gmail.com
52998d0e-1fed-41aa-ae09-1499c118548b,2021-12-06T07:05:00,BRAND1,253.79,iahegfa@appple.com
4a8798d9-4548-42fc-902e-fd7a0916673b,2021-12-06T07:06:40,BRAND1,494.46,hbggbak@appple.com
fd237e3e-b2b5-4ac8-a830-ceedf1a67640,2021-12-06T07:06:40,BRAND5,821.18,ldbhegd@appple.com
0c384d3f-fd5c-4125-bc53-db76fa6c625e,2021-12-06T07:07:30,BRAND5,339.33,faechgc@gmail.com
d5ccb65d-dc33-4e68-8aa5-7a10eb8f4c08,2021-12-06T07:08:20,BRAND5,487.47,kcblcjk@gmail.com
50494ade-4476-4f12-97bf-6d8309ce5e33,2021-12-06T07:08:20,BRAND2,214.50,"""cigclhi igeceee"" <cigclhi@gmail.com>"
b75c46e9-cb1c-42f4-b09f-218e3fcf7663,2021-12-06T07:10:00,BRAND5,776.61,cjfejjk@yahoo.com
39be3a52-d19d-488c-a852-d07b13cac2bf,2021-12-06T07:10:50,BRAND2,956.66,jciccbb@appple.com
a1f5d781-95b5-4774-9d90-89ee0ab7c275,2021-12-06T07:10:50,BRAND2,44.98,"""cdefbff jakdfaa"" <cdefbff@appple.com>"
3c103104-2fa5-472b-9d51-b25c7db95fd6,2021-12-06T07:11:40,BRAND5,900.10,"""ikfgibg licdijj"" <ikfgibg@live.com>"
6db42263-c5f0-4ae8-9dfd-89dbb3b8428a,2021-12-06T07:11:40,BRAND1,734.07,"""cdlkhgc fkfkfel"" <cdlkhgc@gmail.com>"
42a59f9f-7422-4831-866e-687ee8ea0f50,2021-12-06T07:13:20,BRAND1,335.97,fiflhed@gmail.com
ac872b67-7f44-4984-ac2d-7b2868898dce,2021-12-06T07:13:20,BRAND2,824.63,fgjfdga@live.com
588a19c9-6c5b-46ec-8b2c-b137b0c4a4da,2021-12-06T07:15:00,BRAND2,515.13,"""gaejcji fdkiicj"" <gaejcji@gmail.com>"
f38123ff-83eb-4832-ad49-f38ab339d8ed,Mon Dec  6 07:15:00 2021,BRAND5,797.09,lehfhhc@yahoo.com
899bd61f-7e37-4f96-b556-52790db2b95e,2021-12-06T07:15:50,BRAND4,963.91,adkhlfd@appple.com
c6f79e9f-fdd4-433f-993e-d697757b4194,2021-12-06T07:15:50,BRAND5,821.45,"""kklhdea hljhcal"" <kklhdea@appple.com>"
fbaaf1be-e4ca-4ee2-a1f2-96a560dfd44d,2021-12-06T07:17:30,BRAND2,133.70,hakkeij@gmail.com
3eab2233-a1c2-4835-8669-f7c9e11a4d55,2021-12-06T07:17:30,BRAND2,317.01,hhbgfie@gmail.com
d9c20fc6-2fc2-43ba-ba32-9630b4f0d355,2021-12-06T07:19:10,BRAND2,431.61,aagbcik@gmail.com
902a7314-992f-4e83-aeb1-207c0846c2ce,2021-12-06T07:20:00,BRAND2,456.53,cifeajj@gmail.com
c05b3f03-b495-4714-b2eb-f6c510744885,2021-12-06T07:20:50,BRAND2,658.49,gehbala@appple.com
eedd28f7-1319-47b4-8bd0-7f772b3d4e99,2021-12-06T07:20:50,BRAND1,832.40,laaidjf@gmail.com
b18c8143-caf0-4f74-bedf-377d04eeef66,2021-12-06T07:21:40,BRAND3,808.42,"""ihfaegh llgifga"" <ihfaegh@yahoo.com>"
6ffb65cc-7354-4687-ae81-80312bdf5c33,2021-12-06T07:22:30,BRAND2,149.41,"""hjbjceb ifhehbb"" <hjbjceb@gmail.com>"
3e3a5ed2-1761-4584-8150-bd4c6e0ca693,2021-12-06T07:24:10,BRAND2,195.47,"""fffichj lkdifal"" <fffichj@appple.com>"
9d8b7cc8-734d-46cd-aeba-375901d8a3ad,2021-12-06T07:24:10,BRAND2,992.40,bdafbci@gmail.com
bde5f615-69aa-43b9-8f32-b5b0e919ff41,2021-12-06T07:25:00,BRAND5,321.45,kbkidja@appple.com
cb594960-a219-4dbf-a333-b3e73b060328,2021-12-06T07:25:00,BRAND1,132.56,"""ihjebcb idcllhj"" <ihjebcb@gmail.com>"
63b27339-43a9-4d31-bd68-4b0fba354412,2021-12-06T07:25:50,BRAND2,77.92,"""dgdidgh hakjhia"" <dgdidgh@gmail.com>"
672c2afb-ecf0-4c1f-976d-1c0c48140d99,2021-12-06T07:25:50,BRAND5,691.91,cidgcai@live.com
a28848e4-8077-4ea3-862c-25efd09a7c6b,2021-12-06T07:27:30,BRAND1,730.15,"""idhlkae ifbgedl"" <idhlkae@appple.com>"
73a06164-6a57-4a5d-94a8-2fdaa85630cb,2021-12-06T07:28:20,BRAND2,10.80,ediegec@gmail.com
aa38102b-d9ec-4e3f-9286-e84b6754ed2b,2021-12-06T07:28:20,BRAND2,789.81,hhaadle@appple.com
c3374044-b786-4edc-b08d-4dbe63fac101,2021-12-06T07:30:00,BRAND4,333.95,"""diffach lidabdf"" <diffach@gmail.com>"
c1a6f402-d47a-468b-81fa-7ed15b39566f,2021-12-06T07:30:00,BRAND4,430.75,"""lckihhl fblfeil"" <lckihhl@yahoo.com>"
b6fc4c56-7668-4a52-975d-6f4a35e379c6,2021-12-06T07:30:50,BRAND2,965.44,"""kejeagl ihglake"" <kejeagl@gmail.com>"
f45c90ee-6a0b-4747-b0d8-888631a4d973,2021-12-06T07:32:30,BRAND5,134.19,aaaaiba@appple.com
5e8b4ea0-e101-45b1-a3d9-72594bc71c1a,2021-12-06T07:32:30,BRAND4,476.84,fffceab@gmail.com
7d008a21-d684-4a06-a621-e9a454a883fc,2021-12-06T07:35:50,BRAND5,$901.26,"""lglafbg hfifbfb"" <lglafbg@gmail.com>"
2ea2dc21-741d-4f71-8684-f0c1637ca1f4,2021-12-06T07:35:50,BRAND5,71.27,cgklije@gmail.com
c7477de4-18c7-4380-a9dc-568b47931d31,2021-12-06T07:37:30,BRAND4,240.79,"""lkajkae iiljcfe"" <lkajkae@gmail.com>"
ca34cabe-2f73-40d9-b057-4727a4179b65,2021-12-06T07:37:30,BRAND4,424.64,cblhfjc@gmail.com
a6d67f04-f683-4a71-88bf-2a564e4ed506,2021-12-06T07:38:20,BRAND2,537.02,ckehllj@appple.com
194b7571-9826-4466-926c-81a34b8e4df8,2021-12-06T07:38:20,BRAND2,831.89,"""afecfid lecffek"" <afecfid@gmail.com>"
fc395674-b896-4923-9163-322dab800fe0,2021-12-06T07:39:10,BRAND2,296.20,"""efkebad khlecgi"" <efkebad@appple.com>"
d0b9a7fe-cbbc-47cf-ae1c-8eb4ee44f483,2021-12-06T07:40:00,BRAND5,638.01,agbdlld@gmail.com
2462cbfd-ffb6-468a-b6dd-53adc318cfe0,2021-12-06T07:40:00,BRAND1,237.08,ahdlkdb@appple.com
aea85c38-3e8c-477c-91ef-72ecee1a22c1,2021-12-06T07:45:00,BRAND2,653.75,hjjjfjj@appple.com
b79c8943-3258-454a-8ca8-58177128df2c,2021-12-06T07:45:50,BRAND5,313.96,cklalae@yahoo.com
0c1a49d6-0282-484b-9684-3efbb46aee6e,2021-12-06T07:46:40,BRAND1,170.39,"""fljfegc fifibal"" <fljfegc@live.com>"
e2a7a5c1-6223-4455-bf67-aec4794eb98b,2021-12-06T07:46:40,BRAND2,716.81,"""eccaclh aljflcj"" <eccaclh@gmail.com>"
9a148cbd-c58a-4079-b46f-cc9aa857abc9,2021-12-06T07:47:30,BRAND2,856.24,"""hgkccbg jjfjhei"" <hgkccbg@gmail.com>"
f2f25f42-2458-4b76-8ef6-e64e8524c717,2021-12-06T07:48:20,BRAND4,726.08,"""edijlba hikijhg"" <edijlba@gmail.com>"
a1e53d63-38cf-4ecc-9a12-7fdfd375836f,2021-12-06T07:50:00,BRAND2,856.93,bdekehh@gmail.com
0adc11bd-beff-45c0-ad23-26580736c4ac,2021-12-06T07:50:00,BRAND2,726.12,ifcegll@live.com
30a59c64-d6ea-443a-b86f-9e5960580eab,2021-12-06T07:50:50,BRAND2,743.82,bgkhibj@live.com
a28befc8-e25e-4f28-8a96-47756b22df25,2021-12-06T07:51:40,BRAND5,796.62,caghkig@appple.com
72eef0f1-68d8-43d3-989c-88df84f7c762,2021-12-06T07:54:10,BRAND2,606.28,"""ghhcbfl dachhjk"" <ghhcbfl@gmail.com>"
e4239775-dcb6-49b2-855b-de0a10e072fb,2021-12-06T07:54:10,BRAND5,606.64,iebdlld@appple.com
579366a2-2d98-482d-9013-46b24b35e08e,2021-12-06T07:55:00,BRAND2,280.36,bdkjjck@gmail.com
5606788e-c325-4e25-9a2b-ae4dd012f1c9,2021-12-06T07:55:00,BRAND5,854.33,"""fbdgfif bglefil"" <fbdgfif@live.com>"
c6c84d97-fd11-44b1-b41e-148e79f3499d,2021-12-06T07:55:50,BRAND4,558.15,"""lfheceg faackdf"" <lfheceg@gmail.com>"
f392b2dd-d4ef-4c88-8dda-fe6bb392d553,2021-12-06T07:55:50,BRAND2,77.33,ggjkdgh@appple.com
6d0471e2-e05b-4c23-8a5c-426536598a83,2021-12-06T07:56:40,BRAND4,572.45,iciijdi@appple.com
b28d51ab-b448-4878-86fc-4ad41f5ea8ef,2021-12-06T07:56:40,BRAND5,111.89,"""gjkjghe alfcejl"" <gjkjghe@gmail.com>"
56a17316-ef5c-44b8-bca0-8360a0f02f90,2021-12-06T07:57:30,BRAND2,349.71,jiihllg@gmail.com
fc1fc39b-5368-4486-ad83-e1a90b11273b,2021-12-06T07:58:20,BRAND2,927.54,jgdahbk@live.com
b8b26c73-2cd0-4efe-8351-5edec7129c55,2021-12-06T07:58:20,BRAND4,191.49,"""jliackf kiljigl"" <jliackf@gmail.com>"
53692e85-75b9-48e9-b482-0ec51737e140,2021-12-06T08:00:00,BRAND2,38.29,"""lajbfcb fibbabk"" <lajbfcb@appple.com>"
f7a4b69d-9ad2-4ae4-a9d9-53213f378e03,2021-12-06T08:00:50,BRAND2,880.74,jdajchf@yahoo.com
7240ae2f-5731-44b6-acca-8d6b74c27775,2021-12-06T08:01:40,BRAND2,868.18,halfbdc@live.com
973e39b6-2545-425f-aa6f-cac9aaeae246,2021-12-06T08:03:20,BRAND2,16.98,ekkieic@live.com
fcee9dc9-1c28-4229-bbc6-d17811ed0b87,2021-12-06T08:04:10,BRAND4,144.46,aifdcia@gmail.com
92c24eea-5502-4d59-9076-7a8c31a76f6f,2021-12-06T08:04:10,BRAND2,476.57,cgceghd@hotmail.com
1cd68643-ecb0-4651-932a-d0d6027c2f74,Mon Dec  6 08:05:50 2021,BRAND2,366.93,"""filbldf kgilial"" <filbldf@hotmail.com>"
49fef7fb-4768-4251-9e26-b12f50acd5a3,2021-12-06T08:05:50,BRAND2,830.72,"""cccjeai cfifaie"" <cccjeai@appple.com>"
b2793ecb-d9d9-436b-9801-0af2d1188896,2021-12-06T08:06:40,BRAND2,548.47,lbkfgda@live.com
48dbd717-5f05-40a0-bc9e-4d305879cc1e,2021-12-06T08:06:40,BRAND5,711.27,"""chfifai eiklbck"" <chfifai@live.com>"
72d0ec90-43f3-40a4-8a07-2938d126f34d,2021-12-06T08:08:20,BRAND2,150.25,"""aaikijg kklagij"" <aaikijg@appple.com>"
4a40cc9f-a94f-466e-bf77-65c2a599192f,2021-12-06T08:09:10,BRAND1,85.15,cegggga@gmail.com
d84b4637-ecf2-4186-8ba2-653ca1eb548e,2021-12-06T08:09:10,BRAND2,990.29,fccidde@gmail.com
9bf81d9f-9abb-414e-916b-971c629a91e9,2021-12-06T08:10:00,BRAND2,98.90,"""kcaiiai dkheidc"" <kcaiiai@gmail.com>"
c7f40820-da6b-4379-bbc7-bca7f770a3c5,2021-12-06T08:10:00,BRAND5,695.85,kddlhch@gmail.com
ed2f49a9-925d-4216-bf2c-4d2d99029b25,2021-12-06T08:12:30,BRAND2,815.97,fbahbfg@gmail.com
65f114e3-c1bd-4817-b9c5-d8e73948b6e1,2021-12-06T08:12:30,BRAND2,482.96,gkiklji@gmail.com
267a9020-7ef5-458b-8dc4-a6c1f2fea44e,2021-12-06T08:13:20,BRAND2,226.50,"""jfellai bjijfcb"" <jfellai@gmail.com>"
20b2eb29-527a-4173-8621-5c93082233a3,2021-12-06T08:13:20,BRAND5,267.64,"""ileealj hjegijh"" <ileealj@gmail.com>"
c148b30a-e8bd-4e9e-a926-7e1e591a026d,2021-12-06T08:14:10,BRAND2,899.34,kheblbf@appple.com
9d010869-5a3f-4137-91f2-02b05ee6c76d,2021-12-06T08:14:10,BRAND5,513.76,"""jklbbce ghcafih"" <jklbbce@gmail.com>"
7522b2f1-b046-4308-9f03-a71b89aca2b5,2021-12-06T08:15:50,BRAND2,502.99,"""cagggfk lbchjcb"" <cagggfk@gmail.com>"
afe5c9dd-4e0c-40fb-b27f-18ed4bd15aa1,2021-12-06T08:15:50,BRAND2,382.87,"""bbfgddi idiakhl"" <bbfgddi@appple.com>"
92ee073b-c0e0-440e-9d79-f0ed83e7de0a,2021-12-06T08:16:40,BRAND5,741.53,jagaglh@gmail.com
0983bc7c-8f95-424a-8b16-6331d618f051,2021-12-06T08:17:30,BRAND1,191.29,"""elfjifl afllbci"" <elfjifl@live.com>"
0309c1ef-b428-4b3d-b239-bc0f1dd0831c,2021-12-06T08:17:30,BRAND2,250.30,"""cdlgghc ehhkkld"" <cdlgghc@gmail.com>"
675ded07-7ce6-4904-83a3-cfbec03ebdc3,2021-12-06T08:18:20,BRAND5,547.70,fjjbcke@appple.com
67e69321-4092-455d-ba62-bf9207a3da7b,2021-12-06T08:19:10,BRAND1,66.30,eidhkgj@appple.com
8fd507f8-c5c0-4657-9331-efbb8117ed90,2021-12-06T08:19:10,BRAND3,470.15,"""clijccc gbbigfd"" <clijccc@yahoo.com>"
7235d04a-a7f2-4bba-90aa-5b94cbdb243a,2021-12-06T08:20:00,BRAND5,836.85,ijljhai@gmail.com
5711b993-2edf-42b7-89fb-95c2d4da7fe2,2021-12-06T08:20:00,BRAND5,378.68,dehfdfg@appple.com
fca4b77a-cdac-4792-969b-d4e59b80f16f,2021-12-06T08:20:50,BRAND2,220.44,kacalej@appple.com
87b99333-0695-4169-b279-4675a4c80e3b,2021-12-06T08:20:50,BRAND2,761.28,bbgfdfc@gmail.com
e1476fe0-ee2a-4a2e-baaa-2290087f5dc5,2021-12-06T08:23:20,BRAND2,675.91,fdfakci@gmail.com
42ff5658-8abe-4ef3-ad8d-445fea27a4c7,2021-12-06T08:24:10,BRAND2,307.31,aakafei@gmail.com
bb637375-ac2a-4b28-b717-da007843debe,2021-12-06T08:24:10,BRAND4,778.35,hhjajaf@appple.com
e53e3e5e-d857-4f8d-8105-2077b1597c1b,2021-12-06T08:25:00,BRAND2,807.37,"""kfljfeg eigkabf"" <kfljfeg@gmail.com>"
d2ae308c-e6c7-4ac6-9b16-c02d7166d8b6,2021-12-06T08:25:50,BRAND2,251.75,"""lecbgfj bhibcbl"" <lecbgfj@gmail.com>"
3163b71e-fc77-4460-9945-55f2abac5bfc,2021-12-06T08:25:50,BRAND5,158.19,akbkghc@gmail.com
87bb22be-8dda-42fa-92cd-3a930cf66ec4,2021-12-06T08:26:40,BRAND2,579.82,jkeecbf@appple.com
99dda05b-37f9-4446-aefa-e72c1df22798,2021-12-06T08:27:30,BRAND5,760.82,dihflfk@gmail.com
08895f60-a1af-4a67-863c-defd84313544,2021-12-06T08:28:20,BRAND2,149.57,lliijbc@live.com
2935099e-59b5-4743-943a-0d0ad7e23210,2021-12-06T08:28:20,BRAND5,729.25,jkckbhl@gmail.com
ba0b0865-7136-4aa6-b7d8-bc820af7f1ee,2021-12-06T08:29:10,BRAND2,960.40,gfckbhj@live.com
68cd93fc-c39e-4c46-97e2-1d6d9fc8a860,2021-12-06T08:29:10,BRAND2,349.23,dccccbc@appple.com
2434531a-ecf9-4d66-b02d-1990add4414e,2021-12-06T08:31:40,BRAND2,30.92,bkggegc@appple.com
7e247243-1065-41d7-bc8f-36142074186d,2021-12-06T08:33:20,BRAND2,913.46,"""jcdeckk eblekhc"" <jcdeckk@gmail.com>"
6aa12e0b-67e4-4470-99f0-45fcbf3dbb49,2021-12-06T08:34:10,BRAND2,252.95,"""helcega ilijgcd"" <helcega@appple.com>"
f9cc78e7-b68a-4da9-9673-f45f89c531b4,2021-12-06T08:34:10,BRAND2,11.93,bajbdjg@appple.com
6725d333-2df4-4492-8dfb-5aa8da3d2f9d,2021-12-06T08:35:00,BRAND1,$532.49,biclali@appple.com
1a6051cd-b9d8-4b21-ba09-1be2a4362327,2021-12-06T08:35:50,BRAND5,324.16,liflcjf@gmail.com
eb4a601f-7200-4629-b9d7-010d0414e22b,2021-12-06T08:35:50,BRAND2,774.07,ebcalbe@appple.com
817fc322-82aa-4283-93d7-0d5b28689936,2021-12-06T08:36:40,BRAND2,849.83,gghjeca@gmail.com
d03ec60e-2617-4f96-90c0-775e7dac41da,2021-12-06T08:36:40,BRAND5,754.49,gbgabag@yahoo.com
39ae8a46-7c6c-41f3-8334-b3ff3f793fa0,2021-12-06T08:37:30,BRAND5,719.40,"""kgadfda cjjclec"" <kgadfda@gmail.com>"
9f29c101-b085-4ee1-bab6-403b96f9981f,2021-12-06T08:37:30,BRAND1,770.17,idhjcch@appple.com
9d036fd3-13e0-421c-ba93-5e791887507e,2021-12-06T08:38:20,BRAND2,11.69,"""lfefglb iigjjah"" <lfefglb@gmail.com>"
1603e983-3e82-4928-bfb3-194ad9fb90cd,2021-12-06T08:38:20,BRAND2,723.06,ceeigig@appple.com
0a92eb99-e3aa-4f44-8668-8f74d3900988,Mon Dec  6 08:39:10 2021,BRAND2,239.28,"""jibbiha eegejfa"" <jibbiha@appple.com>"
a2775e83-9348-4078-91d6-70bf827021a9,2021-12-06T08:39:10,BRAND1,212.48,"""cjiblck gfjlbca"" <cjiblck@gmail.com>"
c4cf4843-5677-47e5-adc7-e7ad3abb939f,2021-12-06T08:40:00,BRAND2,647.18,"""ehebacc jceblae"" <ehebacc@gmail.com>"
3e0c57f4-3156-4e72-b7a3-670db9e7b7dd,2021-12-06T08:40:00,BRAND5,606.87,"""eijdfjd hlgakgf"" <eijdfjd@live.com>"
e348cfdd-86ba-442e-b1ce-deda9ed45fcf,2021-12-06T08:40:50,BRAND2,539.62,"""ejbhicf aflbckk"" <ejbhicf@gmail.com>"
126b3960-6e5d-4296-ba31-faec792ae4fe,2021-12-06T08:40:50,BRAND5,741.01,hlifagi@hotmail.com
f32169b7-e2c0-4b0c-98a2-be71411191a9,2021-12-06T08:41:40,BRAND3,200.17,hhkkdhf@appple.com
f536e7f4-e6e4-4e18-b3f8-2b468d623dcd,2021-12-06T08:41:40,BRAND2,158.27,ialhddi@gmail.com
5bfd47af-8f66-443c-b007-c313332cac8a,2021-12-06T08:43:20,BRAND5,628.34,"""igcifgg aabhhah"" <igcifgg@gmail.com>"
f849ef6e-e653-4b46-85e8-15d7255490ce,2021-12-06T08:45:00,BRAND2,91.86,ldfdeck@appple.com
1d48b94c-55a1-48d0-9d7b-f4c3ae3f25d9,2021-12-06T08:45:00,BRAND2,141.23,"""elgfecf hddcllk"" <elgfecf@gmail.com>"
1b0c0716-8d21-429f-a0a3-3bccd88f9aea,2021-12-06T08:45:50,BRAND2,605.94,fefdkjc@appple.com
fa955bc9-f7ec-46ff-bf9c-8c0620464ce1,2021-12-06T08:45:50,BRAND2,595.67,ljkjlac@gmail.com
676292c1-5d59-41b2-97e7-6e51a7a7e0fe,2021-12-06T08:46:40,BRAND2,365.06,"""eclchjl ejlglla"" <eclchjl@live.com>"
7a29abc9-1641-47ed-ae66-a426cb2c4b4c,2021-12-06T08:46:40,BRAND2,830.72,gjjegie@hotmail.com
e01ac856-fec9-4ce3-9ec5-5e9ec48c7bf4,2021-12-06T08:47:30,BRAND5,225.72,"""igbkdkd ikijbaf"" <igbkdkd@live.com>"
a9dca1fc-d6b7-42a1-8ff2-b6b177e23810,2021-12-06T08:47:30,BRAND2,162.33,ielfchc@yahoo.com
bc33ff78-5406-4247-b0b8-1da0b76cfc77,2021-12-06T08:48:20,BRAND1,457.34,ijcckic@appple.com
e5bb1b60-2332-4171-839e-ed832a1b697a,2021-12-06T08:49:10,BRAND2,605.85,bjacgia@gmail.com
4580a682-f37e-45c6-a805-171658cdb02b,2021-12-06T08:50:00,BRAND1,35.46,"""dclhhdd kkaadlk"" <dclhhdd@appple.com>"
e14ceb9a-551f-4822-bd56-57502773d81f,2021-12-06T08:50:50,BRAND5,381.91,dgdifdi@gmail.com
a11090dd-cc2e-4f8a-8aed-e78b16df1dfd,2021-12-06T08:50:50,BRAND2,513.92,hehjccf@gmail.com
b747e8f4-e81a-498b-94f1-3e33accee8c9,2021-12-06T08:51:40,BRAND5,87.20,bjjcldb@gmail.com
f875b23b-d6c8-4395-b586-0a3c1ca82e2c,2021-12-06T08:52:30,BRAND2,905.55,"""idakfah lfckjka"" <idakfah@appple.com>"
4a0881e4-423d-4acd-aeca-a9882bdbb2da,2021-12-06T08:53:20,BRAND5,842.94,"""hclfkda eiahlag"" <hclfkda@appple.com>"
b873fbf2-4b43-43cd-8367-7615d4c7d1d2,2021-12-06T08:53:20,BRAND5,516.12,"""ceafghe ildgbha"" <ceafghe@gmail.com>"
5973c2c9-232c-4243-b798-3621505c90f4,Mon Dec  6 08:54:10 2021,BRAND1,659.68,"""hjafdfe ckibjci"" <hjafdfe@appple.com>"
da5b5b98-9a2c-4971-8d8c-1ff9e426c5c4,2021-12-06T08:54:10,BRAND5,325.88,"""acgldif afifcha"" <acgldif@gmail.com>"
3a8efd30-06c6-4b4a-8c9d-0fcc9ee47c15,2021-12-06T08:55:50,BRAND5,396.77,"""faieigh ekfeebi"" <faieigh@gmail.com>"
84c1b80a-4768-4e2f-9dd1-bc9be9363353,2021-12-06T08:56:40,BRAND1,566.90,lgfhlki@gmail.com
94617a29-ed35-41cb-b7fd-0586fa3ff615,2021-12-06T08:57:30,BRAND2,164.23,cjkdlhh@live.com
1c3dde99-0f2b-4408-8327-76450770fc10,Mon Dec  6 08:57:30 2021,BRAND2,26.24,dhghgka@appple.com
9f0d9373-17d8-4095-bf64-f9b8389f2620,2021-12-06T08:58:20,BRAND1,425.15,"""aghgjec hldegdd"" <aghgjec@live.com>"
b7603d0b-f2c9-402f-bb76-a7a0131bd22a,2021-12-06T08:58:20,BRAND2,814.55,jgkiflj@live.com
8bc89244-e1ac-4969-8c63-dc8551333026,2021-12-06T08:59:10,BRAND5,814.72,"""ladibdg aabfeaf"" <ladibdg@yahoo.com>"
a4d70603-ff9f-407b-b44a-97f79778d65b,2021-12-06T09:00:00,BRAND2,953.71,dghkalk@gmail.com
115d9026-0c45-4a24-8c9b-a698a0add66b,2021-12-06T09:00:00,BRAND2,245.73,gckibbi@gmail.com
a465ac8b-6a2f-4e2d-8cbc-fee6123e9557,2021-12-06T09:00:50,BRAND5,816.23,idekihk@gmail.com
970fd64d-372a-4a2f-b45d-8966f93db3e9,2021-12-06T09:00:50,BRAND2,340.89,"""bkfjafk cdkfjfb"" <bkfjafk@gmail.com>"
70ba8da3-8b40-4332-82d2-451757fd30d6,2021-12-06T09:03:20,BRAND2,505.71,bihieaj@gmail.com
bbada4dc-6a4a-43bd-95e6-ee708e9ee546,2021-12-06T09:04:10,BRAND5,578.13,"""faahjad ceillla"" <faahjad@live.com>"
e40ac6d0-8679-4c7c-b47f-92885d7a4d82,2021-12-06T09:05:00,BRAND2,139.56,"""ajfedgk kfiihii"" <ajfedgk@appple.com>"
c0ac148e-c3cb-4085-bb1b-ee1751946840,2021-12-06T09:05:00,BRAND2,114.67,ijadggj@gmail.com
06cccd41-e7ce-40ff-a3c8-d7b733046186,2021-12-06T09:06:40,BRAND2,745.94,"""ggejjha llaacgl"" <ggejjha@gmail.com>"
ba31523b-38f3-4091-9b73-9512c81cc898,2021-12-06T09:07:30,BRAND1,399.97,abbidkk@hotmail.com
8edbec55-e3ef-4114-8971-9ba6e6972c01,2021-12-06T09:09:10,BRAND2,217.57,fgjfiah@gmail.com
7ac459c4-09e5-4df6-a24f-66b368601fad,2021-12-06T09:12:30,BRAND2,562.98,cgjkeli@live.com
d2738a18-43cb-495b-8609-07e8c4c89505,2021-12-06T09:13:20,BRAND5,937.10,"""bleagag jcielce"" <bleagag@gmail.com>"
3ebb9ac3-ab97-43ad-a5fd-c363d24c19c4,2021-12-06T09:14:10,BRAND2,34.14,"""abjkfkc gfhfifh"" <abjkfkc@gmail.com>"
4298d291-2610-4053-a897-628e1fea89fd,2021-12-06T09:15:00,BRAND2,445.78,heegidi@gmail.com
fa875e9d-2c76-4b0f-8858-ee24499dbe8e,2021-12-06T09:15:50,BRAND2,108.93,jcgdega@yahoo.com
7145e04a-b24e-465e-ac70-bd35f07e19b8,2021-12-06T09:15:50,BRAND1,445.55,ikefdjl@live.com
c4bf9924-2b23-4b6a-9c22-2c1d4f7e723a,2021-12-06T09:16:40,BRAND2,332.41,ikkfakj@gmail.com
ba27256e-e794-4e02-b7ec-0888248993de,2021-12-06T09:19:10,BRAND2,264.69,hgbfegi@appple.com
0107a079-4cc6-443a-866f-9fa8701f7f18,2021-12-06T09:19:10,BRAND2,837.55,akladlh@live.com
3f714c0e-9f3c-4e42-a514-fe63150d506c,2021-12-06T09:20:50,BRAND3,63.77,"""haghcfc bgiidkj"" <haghcfc@live.com>"
9669801a-ca7c-45c6-889d-a8131248c6db,2021-12-06T09:20:50,BRAND2,170.79,belfdlk@gmail.com
416801a1-6d3e-4b9b-9eb4-2ecabcc24fc6,2021-12-06T09:21:40,BRAND1,979.38,egjhfck@appple.com
04e79ae4-71ca-4ba1-a1ca-665671c0e3c3,2021-12-06T09:21:40,BRAND2,571.39,eilcaif@gmail.com
72c8f56e-a097-43bc-b8ad-a4c3c1fc85b1,2021-12-06T09:22:30,BRAND2,46.98,"""lafjdha hkahejf"" <lafjdha@gmail.com>"
f6346c46-a439-46c4-bbb7-a9277ba8cb6b,2021-12-06T09:22:30,BRAND2,87.26,"""ilcegle bfjbcjj"" <ilcegle@live.com>"
cbf93ff1-71d9-490d-8ac9-06487a978889,2021-12-06T09:23:20,BRAND3,401.64,"""ifgaefl jciffba"" <ifgaefl@gmail.com>"
8a1322a9-26af-487e-ab78-49f78cfd4000,2021-12-06T09:25:00,BRAND2,448.11,"""gkcejcg jedilgb"" <gkcejcg@gmail.com>"
1041a616-cb31-4e64-9ff6-3de81599a63b,2021-12-06T09:25:50,BRAND2,678.63,dkdhbed@appple.com
e6a82983-722a-4284-9d04-ff1e32fb477e,2021-12-06T09:26:40,BRAND5,24.53,jbgdddg@gmail.com
b368d0d9-dbff-4dab-b914-73fe70505a6a,2021-12-06T09:26:40,BRAND2,204.48,"""agkhgdf lchkfbi"" <agkhgdf@gmail.com>"
453241d0-6623-452e-8f58-9642e8f8b19f,2021-12-06T09:27:30,BRAND5,848.88,"""djcaacg ggaefhe"" <djcaacg@live.com>"
2d8ac5d7-9a98-4351-b229-1deaefa04a21,2021-12-06T09:27:30,BRAND1,987.32,"""idbgbia ichccdi"" <idbgbia@gmail.com>"
ebc2a9a7-f5ff-4d99-a675-7d65062e31d1,2021-12-06T09:28:20,BRAND5,485.59,"""kgaleag fddjjbe"" <kgaleag@appple.com>"
afe013a4-3b8b-45b6-bdd4-1e1e4de1bff8,2021-12-06T09:28:20,BRAND5,103.43,"""cfealhe bhilbei"" <cfealhe@gmail.com>"
6a657da8-3a9e-42d3-a919-a344df4fb608,2021-12-06T09:30:00,BRAND4,517.81,diahbkh@appple.com
f8f4acc6-1c8b-4e0d-a5f0-0a173029ff50,2021-12-06T09:31:40,BRAND2,492.86,fgahjej@appple.com
08f6b9e4-aa1b-4702-9b66-d6cfad530eaa,2021-12-06T09:31:40,BRAND2,221.14,hdigfdg@appple.com
3ba39d7c-d030-4031-b71a-6b2df3553af0,2021-12-06T09:34:10,BRAND5,401.66,kejlhkb@gmail.com
31fbba02-27c1-4c74-bc70-00373b76727b,2021-12-06T09:34:10,BRAND2,645.73,ibflakk@gmail.com
533ced10-15b0-4c0a-946c-ac092369c616,2021-12-06T09:35:00,BRAND5,366.45,gcfkaff@gmail.com
950687f4-02a8-437f-a967-d67e87cc7274,2021-12-06T09:35:50,BRAND5,561.38,jefiibk@appple.com
315b7714-1b2b-40a3-8683-41c41056eab1,2021-12-06T09:35:50,BRAND1,832.18,dkaabdg@gmail.com
cc509b6b-c25f-4c32-991e-eec8db77ff75,2021-12-06T09:36:40,BRAND1,850.65,alleljk@yahoo.com
8ddf63a0-63e4-4672-a962-5f5c844d2364,2021-12-06T09:36:40,BRAND2,719.21,"""eeigkbk fihacad"" <eeigkbk@live.com>"
91b38cdf-eb65-4c03-a949-903c304241ed,2021-12-06T09:38:20,BRAND2,619.72,jicaeab@appple.com
dbde1049-d45d-422d-94f9-e8d400310715,2021-12-06T09:39:10,BRAND2,441.19,"""biejlca cckeald"" <biejlca@appple.com>"
d8060b9e-f948-4c8f-997e-d9fae6d75aa7,2021-12-06T09:40:00,BRAND5,656.02,cjdlhji@hotmail.com
d73cd98c-4d76-43ec-89bf-95e1cabfd675,2021-12-06T09:41:40,BRAND2,53.45,hdleglg@appple.com
4fb74df9-bc31-47ad-81f3-2d97bd06f29c,2021-12-06T09:43:20,BRAND2,871.50,"""hiabdbj bdlgjkd"" <hiabdbj@yahoo.com>"
b9dc309b-8c10-4462-8227-21d4306892f6,2021-12-06T09:43:20,BRAND2,882.52,kfffkkl@gmail.com
3c1a0772-f671-4957-99a1-8cf053d58157,2021-12-06T09:45:00,BRAND2,443.37,halfgff@gmail.com
9c2e3d31-cd5e-492a-a4e3-4a5699089bcb,2021-12-06T09:45:00,BRAND2,500.29,gbagijj@gmail.com
51e4cf9b-9420-4372-8f7a-a6a079b4226d,2021-12-06T09:45:50,BRAND1,566.72,"""ckkchhl jafkdkk"" <ckkchhl@gmail.com>"
53af0774-fff2-49b6-9dc9-b792ddb2114a,2021-12-06T09:45:50,BRAND1,848.85,hhlhlcb@gmail.com
e516241f-5e64-4803-bc39-22a6907c472f,2021-12-06T09:46:40,BRAND5,114.42,"""ibbajbl adegdhe"" <ibbajbl@live.com>"
95cf9c44-30a5-4547-a015-e8ea89d22285,2021-12-06T09:46:40,BRAND1,60.33,"""kikkfbh alkckeb"" <kikkfbh@appple.com>"
3ea75139-9cfd-4a1b-ab4b-19c721805551,2021-12-06T09:47:30,BRAND2,874.04,efdileg@gmail.com
6347a75e-8345-4e4e-ae0a-f67eea38c625,2021-12-06T09:47:30,BRAND2,204.29,egkekgc@gmail.com
903a535a-2817-4b01-9106-015c10c9dc3b,2021-12-06T09:48:20,BRAND5,290.00,fhheagc@yahoo.com
073c0699-395f-4f79-8a72-40c056477a73,2021-12-06T09:48:20,BRAND3,488.00,lggejdb@appple.com
d748bc34-677f-4663-bc63-ffc1ad043c33,2021-12-06T09:49:10,BRAND5,310.35,eaibedi@appple.com
ed8f259b-8b2d-4e2e-b037-08a67244dcf7,2021-12-06T09:50:00,BRAND2,307.68,"""becebje ffellji"" <becebje@gmail.com>"
49f32ea4-6f6d-42f3-884f-99ec17488679,2021-12-06T09:51:40,BRAND2,373.33,laihjce@gmail.com
a4e6f676-bea5-46de-927a-c6e6a912811b,2021-12-06T09:51:40,BRAND2,483.74,"""ldigdhj gaeecel"" <ldigdhj@yahoo.com>"
c15a86f8-86d4-4a23-b839-89f0a748d646,2021-12-06T09:52:30,BRAND2,943.89,"""fajjaci kklcgda"" <fajjaci@yahoo.com>"
b1d93dce-15b6-4b53-b478-13467ff76a44,2021-12-06T09:52:30,BRAND1,584.14,ehcidgh@gmail.com
60551d20-a704-407f-9189-56ccf86f95bd,2021-12-06T09:53:20,BRAND1,730.38,"""aibhaei jheildg"" <aibhaei@gmail.com>"
444a6f51-a1b3-45ec-a032-c6edd8adabcf,2021-12-06T09:54:10,BRAND2,182.43,kkljfal@gmail.com
77619a43-0ea5-491b-9032-41940bbc074b,2021-12-06T09:55:00,BRAND2,214.17,"""dgebcib jcdgadd"" <dgebcib@gmail.com>"
32cf09cc-7b1c-443b-9336-8e6295421222,2021-12-06T09:55:50,BRAND5,388.48,"""ghiiefl hfidbla"" <ghiiefl@gmail.com>"
29cdc237-460b-4535-8fe7-cac1f0d07fd2,2021-12-06T09:55:50,BRAND1,19.34,"""aijlaek kbekleh"" <aijlaek@gmail.com>"
0750c784-ecef-4845-a4bc-12f6b7754d25,2021-12-06T09:56:40,BRAND5,141.87,"""dgbeieg fajkihe"" <dgbeieg@gmail.com>"
c5b05d68-9276-4fb9-ae2e-00e9a7eab984,2021-12-06T09:56:40,BRAND5,207.79,dcdkffc@gmail.com
e4307d36-61af-4aa4-893b-0009241f2e1f,2021-12-06T09:57:30,BRAND2,265.05,fkhcbej@gmail.com
e0fc38e7-9b52-4cb9-bded-8547511452b5,2021-12-06T09:57:30,BRAND2,251.30,iclkdie@gmail.com
7e3546e7-06bb-40fe-9c2e-bc2e278a7dab,2021-12-06T09:58:20,BRAND2,484.09,"""eabhifk iahhjda"" <eabhifk@live.com>"
434b6d78-224d-4b57-8dd2-b6d4e9f061b0,2021-12-06T09:58:20,BRAND5,393.88,"""ifledbk chgcijf"" <ifledbk@hotmail.com>"
a5898a69-2d82-4c68-9511-49ef75635766,2021-12-06T10:00:00,BRAND5,951.51,bhehcbj@yahoo.com
c3d04d03-f810-43bd-97d1-84ad15c46334,2021-12-06T10:00:00,BRAND2,260.29,"""ejhdbfl eaaaagi"" <ejhdbfl@appple.com>"
3aa04f74-1157-47ac-989f-22f50d516ea7,2021-12-06T10:00:50,BRAND4,354.20,"""jhgiedg iljckff"" <jhgiedg@gmail.com>"
43f31c78-b1ea-4249-8aa1-79cb2c1904bc,2021-12-06T10:00:50,BRAND4,267.40,"""elhbhii hilbhfj"" <elhbhii@appple.com>"
32357ab0-0d57-4010-bb7c-fd1d39de70b5,2021-12-06T10:01:40,BRAND2,56.53,ljkgljh@gmail.com
f2b58419-d774-4e34-b6a7-cc8ab375bf84,2021-12-06T10:03:20,BRAND5,683.70,"""ddfflac ijhgadh"" <ddfflac@appple.com>"
7de43fda-6812-443f-8048-6d2f36915200,2021-12-06T10:04:10,BRAND2,$508.17,"""dlijihd ijabklk"" <dlijihd@gmail.com>"
b6e3e360-66e3-469f-8b24-4fec915a0a1b,2021-12-06T10:04:10,BRAND4,326.29,lbbahea@gmail.com
05faed51-a3fe-4d75-b42e-95997cedd270,2021-12-06T10:06:40,BRAND2,911.11,"""hjiddjk ghlceid"" <hjiddjk@appple.com>"
2c21a14c-d90f-4bef-8c89-d6a306cf7145,2021-12-06T10:08:20,BRAND1,198.68,dkgclal@gmail.com
31afe82b-b1ec-4d67-bc23-0526d4852913,2021-12-06T10:09:10,BRAND2,178.46,kcggbbh@appple.com
c38af48b-f253-4f27-b656-34317dcb29db,2021-12-06T10:10:00,BRAND2,421.02,"""adijced jlhelhb"" <adijced@yahoo.com>"
093ad1fc-a448-4c78-90cd-6f4df80ea5d8,2021-12-06T10:10:00,BRAND1,970.14,egdibga@gmail.com
ea2cc630-d883-46fe-ae6b-ce3951966d0e,2021-12-06T10:10:50,BRAND2,947.41,"""ijhjegj ijfaggh"" <ijhjegj@gmail.com>"
c703ec0b-9c68-4f27-a355-7e106191a8b5,2021-12-06T10:10:50,BRAND2,622.30,"""dahddaf ajdcglc"" <dahddaf@live.com>"
5621182e-7f71-4a51-aa20-f7c0f5fb883e,2021-12-06T10:11:40,BRAND2,$989.08,cilljhk@gmail.com
cb802135-1ddd-46d6-bcae-efcaf71c49e4,2021-12-06T10:11:40,BRAND5,512.60,ggdfeac@gmail.com
50bbf5b7-800a-4fbe-aba5-f988e0fe709b,2021-12-06T10:13:20,BRAND5,348.95,"""ghlggca ajkfgel"" <ghlggca@gmail.com>"
8dad3cbb-e5fc-4f46-8ef5-81121668419f,2021-12-06T10:13:20,BRAND3,931.09,kliflid@gmail.com
825f63b8-573d-4b27-be96-9aa8559102ec,2021-12-06T10:14:10,BRAND2,763.66,jlegkde@appple.com
afbf6e0d-b289-4798-8ae7-a288a0da077d,2021-12-06T10:14:10,BRAND2,836.27,"""aleabih cbidiig"" <aleabih@gmail.com>"
716a07e5-71ca-4374-ac3c-6671b3902b16,2021-12-06T10:15:00,BRAND3,31.47,baedkdg@hotmail.com
a2aa1779-5c7c-4d05-9dab-0df32764903e,2021-12-06T10:15:50,BRAND5,405.98,aljgebe@gmail.com
515044f7-f67c-4942-9fe2-fd2e63139b4e,2021-12-06T10:15:50,BRAND5,256.58,"""cddjcjg jfikklh"" <cddjcjg@yahoo.com>"
208e4fdd-41ce-48fd-bbeb-4cf137cf0da7,2021-12-06T10:16:40,BRAND5,275.27,jgcgkch@hotmail.com
a420d70d-75db-4c3d-97d0-034eb64fa383,2021-12-06T10:17:30,BRAND1,973.36,"""adkjbic fbcbbeb"" <adkjbic@gmail.com>"
61fd80fe-dcf5-4601-80ce-5a8e847479b7,2021-12-06T10:17:30,BRAND2,692.54,lcckbkd@appple.com
8028cdd4-6029-4846-a1e1-ddf13ed2b16e,2021-12-06T10:18:20,BRAND2,517.77,clfjdeg@appple.com
6c85c78d-2825-4e14-9e18-3c9fb5471d0f,2021-12-06T10:18:20,BRAND2,221.45,gdkdgge@appple.com
f0490a86-4b7e-41ef-9446-12adce9cedb5,2021-12-06T10:20:50,BRAND1,529.02,ijbjakb@live.com
572f1c81-8ee8-44f2-8ddf-05d4dc989aa6,2021-12-06T10:22:30,BRAND2,854.69,"""dackdcg aicjdie"" <dackdcg@appple.com>"
e2cca3a0-57e3-4a34-951c-7e5d2f371fb5,2021-12-06T10:24:10,BRAND2,689.32,"""dfghejj ihbhkik"" <dfghejj@gmail.com>"
3bdaf97b-609e-4701-86c8-23493fdf90d4,2021-12-06T10:25:00,BRAND2,232.08,cdbdhbc@hotmail.com
9e2f28d5-8c15-4ce4-b370-28f0d0076e91,2021-12-06T10:25:50,BRAND2,695.10,hhahefi@appple.com
7cafb680-c5b3-4056-a40a-bd35c5134a58,2021-12-06T10:25:50,BRAND2,620.79,"""lflcbei kkechaj"" <lflcbei@live.com>"
b3a19aa6-e570-4df4-9f5e-a920a1ebac0e,2021-12-06T10:27:30,BRAND5,66.56,"""jdbcbid cilekhg"" <jdbcbid@appple.com>"
02930832-4451-4ef4-bd4b-291ba1d5a625,2021-12-06T10:28:20,BRAND5,301.92,"""fdjjlei lecdgdb"" <fdjjlei@gmail.com>"
a1f63f6f-7a30-435c-8076-ed856230b54e,2021-12-06T10:29:10,BRAND2,290.66,"""cbfkkab fbbfdhk"" <cbfkkab@gmail.com>"
de199b6b-96ae-4d37-8e43-c5eb58a75875,2021-12-06T10:29:10,BRAND2,823.48,iiclalf@live.com
d83755c7-04c5-4d86-943c-17e015499743,2021-12-06T10:30:00,BRAND2,327.35,"""habhdfg ibekicf"" <habhdfg@gmail.com>"
9cb94897-11d9-4ec1-850d-750e7d4b4da3,2021-12-06T10:30:00,BRAND1,644.88,"""jkheada jjjkllg"" <jkheada@gmail.com>"
d872fc6d-ec5b-40b7-81c1-3570eb0ea21d,2021-12-06T10:30:50,BRAND2,724.55,afaedca@hotmail.com
3fcd5743-575f-4918-b1e9-c5d0df337595,2021-12-06T10:31:40,BRAND3,500.44,hkjdeff@live.com
0a0920bc-ed4a-4966-8d93-a0d89dac959d,2021-12-06T10:35:00,BRAND2,165.97,"""lchkbch jdhiajl"" <lchkbch@appple.com>"
bf6b8355-7d07-413f-8fa3-95c9407f77fa,2021-12-06T10:37:30,BRAND2,260.27,bkcilbk@gmail.com
380acf89-b594-4419-9a7d-ad859c7a342e,2021-12-06T10:39:10,BRAND2,847.55,"""abhfigb ilecceb"" <abhfigb@live.com>"
b208c454-43a1-4cc2-940e-fffda1290569,2021-12-06T10:39:10,BRAND3,541.74,"""hhklkbg jgdgeff"" <hhklkbg@gmail.com>"
bee87cdf-a196-42bc-8623-6aff0979dcc6,2021-12-06T10:40:00,BRAND2,221.76,"""kbccldg lheeefe"" <kbccldg@gmail.com>"
d2419361-9fb6-4ff3-ad66-bbf2e6822af1,2021-12-06T10:40:50,BRAND2,291.23,lkcbkgg@appple.com
39e66ce2-c966-4313-97fc-8b81b80d328b,2021-12-06T10:42:30,BRAND2,591.15,iglicea@gmail.com
c036abb9-2b21-411d-9696-ea3f82974e89,2021-12-06T10:42:30,BRAND1,956.59,jdjedli@appple.com
b935bcc6-ac0e-43c0-b11e-c00cc0dc9c1d,2021-12-06T10:44:10,BRAND2,947.41,ldkjhdj@gmail.com
64f361b1-4b06-4e2c-a0fb-728fbabd7b22,Mon Dec  6 10:44:10 2021,BRAND2,215.41,dclcgdd@gmail.com
d0bb34ef-af88-4269-a2a8-6884b6505996,2021-12-06T10:45:50,BRAND4,588.39,jibdifi@gmail.com
91528ae3-44bd-4883-aa92-3fabbaaf0048,2021-12-06T10:45:50,BRAND2,397.17,"""lcjkkgi lhdbhgg"" <lcjkkgi@gmail.com>"
c1a3147b-09ed-4cea-a981-e03c1bf6430c,2021-12-06T10:46:40,BRAND5,792.55,"""hlcllhg iilllaa"" <hlcllhg@gmail.com>"
c0cdda24-a7ae-4287-bac3-f41ab2bed321,2021-12-06T10:46:40,BRAND5,551.00,"""aghjhjj bljjbeh"" <aghjhjj@gmail.com>"
87347c12-bde6-4518-bc7c-0368f7744657,2021-12-06T10:47:30,BRAND5,828.37,"""jlhbcfa ehfabig"" <jlhbcfa@gmail.com>"
5bab02f4-1ffb-4660-a757-114acff038e7,2021-12-06T10:48:20,BRAND5,773.77,"""jibjiel lhhaldk"" <jibjiel@appple.com>"
a3f822c8-9fdb-4e9f-9e3d-64d7612fe771,2021-12-06T10:48:20,BRAND4,20.35,dikfidj@gmail.com
dc178c13-6fc2-4033-9f16-53818e87c984,2021-12-06T10:49:10,BRAND5,713.23,"""geadaad lidjlcl"" <geadaad@gmail.com>"
10386d11-f8d5-436c-a24e-cba8c145840c,2021-12-06T10:49:10,BRAND2,532.98,"""aifiakf ggjiklf"" <aifiakf@gmail.com>"
ab148ae7-b46b-4baa-82ad-175d114511e0,2021-12-06T10:50:50,BRAND5,992.64,kjiehbc@appple.com
fda75525-4c57-42ec-bed6-6b332cb0b35a,2021-12-06T10:51:40,BRAND2,793.03,kialgla@appple.com
9a3b4e79-fbcd-4f19-abf0-a2b1efa93208,2021-12-06T10:54:10,BRAND2,18.72,"""haeifea bflgbjk"" <haeifea@gmail.com>"
684c239f-4a19-45ee-84b8-6f360d09ae83,2021-12-06T10:54:10,BRAND3,650.15,"""gkbhhhb dlaicja"" <gkbhhhb@live.com>"
d7a8d7c1-cf04-4cfb-9d41-ec746ae6dd5a,2021-12-06T10:55:00,BRAND2,68.06,eabajce@live.com
a3610b86-8162-460b-8d09-7c26028b11c1,2021-12-06T10:55:50,BRAND5,440.00,"""jdlhcbk djiefkc"" <jdlhcbk@gmail.com>"
7d89bd46-664a-433b-a146-6182773fc62a,2021-12-06T10:55:50,BRAND4,874.68,"""gifeefc idhhlkj"" <gifeefc@gmail.com>"
2fbb3458-672a-4463-848b-29fb247db9ba,2021-12-06T10:56:40,BRAND4,201.56,"""ekkcicf cekleck"" <ekkcicf@gmail.com>"
c30c0625-4ee7-4127-82a1-3c476eb3ae22,2021-12-06T10:57:30,BRAND2,103.60,jddbjhd@hotmail.com
ae01ae9c-6fff-4292-89c0-12e6828f738c,2021-12-06T10:57:30,BRAND2,818.95,bjighef@appple.com
6b12cb4d-3a82-4381-980f-b044f7f46ac1,2021-12-06T10:58:20,BRAND2,176.15,"""hblaekl keafjal"" <hblaekl@gmail.com>"
3da3f165-cd0b-4120-a705-90f8b89e60c4,2021-12-06T11:00:50,BRAND2,596.34,djkieff@gmail.com
42ca4aa1-8c16-4ab4-877f-fe496e617d40,2021-12-06T11:00:50,BRAND5,401.56,hgehjak@yahoo.com
82905409-1360-46b3-bd55-66fb2dc92e54,2021-12-06T11:01:40,BRAND2,855.07,kbbiejl@appple.com
46c2ff01-6fff-479f-86b7-cde7b38a703b,2021-12-06T11:02:30,BRAND5,515.76,"""iiheacb ehldddl"" <iiheacb@gmail.com>"
305ccf5a-788f-44ac-b1ec-a41d48b99a94,2021-12-06T11:02:30,BRAND5,882.77,"""echkgkg bafijef"" <echkgkg@appple.com>"
63a71c54-e34d-44c6-96f5-13536f803b7e,2021-12-06T11:03:20,BRAND2,991.64,"""fbcjfca icbhlbl"" <fbcjfca@appple.com>"
bf339c3c-bc04-413e-94d3-d36dad654201,2021-12-06T11:05:50,BRAND2,608.34,dlgbahi@gmail.com
1cdf806d-a665-4aed-9547-53b608bc5ac5,2021-12-06T11:05:50,BRAND3,182.18,jacdcji@gmail.com
a271fb29-406b-4598-8768-10b08403e9b6,2021-12-06T11:06:40,BRAND5,478.47,diffihf@gmail.com
df7a0c83-df18-4744-a054-23ba7d7cd505,2021-12-06T11:06:40,BRAND1,94.11,fcbfbbh@appple.com
b04c45af-5806-432f-a9be-7039ebab5f62,2021-12-06T11:07:30,BRAND1,689.57,"""gfkgaek hjhldhi"" <gfkgaek@gmail.com>"
b839212a-00b6-4e3f-b999-354513a27023,2021-12-06T11:07:30,BRAND4,791.91,kjijadi@appple.com
27706f96-5933-4e46-85b8-0c5142026649,2021-12-06T11:10:00,BRAND5,203.93,"""ajhhcll ifjalda"" <ajhhcll@gmail.com>"
ed02f952-a8a8-442e-8915-c69552060596,2021-12-06T11:10:00,BRAND5,755.07,cjfahgi@appple.com
70a1f1b1-1b3b-4b8f-8433-a0a19e3f0715,2021-12-06T11:11:40,BRAND2,781.54,"""ackjkhk akaibch"" <ackjkhk@gmail.com>"
4ef9a453-8da7-409e-89e4-73728d9f0450,2021-12-06T11:11:40,BRAND2,549.13,jhhfblg@gmail.com
8438c136-bf42-43d8-8c94-d01fc4315b5c,2021-12-06T11:12:30,BRAND5,591.10,"""jbiaiea jajlbhk"" <jbiaiea@appple.com>"
08c4a93a-f480-45f6-a048-4aeb5743d8a7,2021-12-06T11:13:20,BRAND2,32.94,lgeadbe@gmail.com
7b70043f-af44-4b26-9ebc-aceb1534574f,2021-12-06T11:14:10,BRAND5,528.19,"""ackaiab gikgehk"" <ackaiab@gmail.com>"
820e3cd1-8e29-45e5-9856-5ba2b2da5c9c,2021-12-06T11:14:10,BRAND2,247.41,kjalalb@gmail.com
b81e50d5-c331-4f6f-89ef-64c4f2b78062,2021-12-06T11:15:00,BRAND5,428.71,bggkbkh@gmail.com
5093f624-c002-4b8d-93ad-2f00581559e7,2021-12-06T11:16:40,BRAND1,850.05,"""kahkdhe chdedgh"" <kahkdhe@gmail.com>"
3120d904-f894-496a-b9ca-cd1118dd8304,2021-12-06T11:17:30,BRAND4,12.69,eicfjbh@hotmail.com
a6d10168-20aa-4159-86fa-0d7a6e0a092c,2021-12-06T11:17:30,BRAND5,955.31,ffgbbeh@appple.com
21850903-f41c-45ad-8578-5b2f67b036ea,2021-12-06T11:19:10,BRAND5,943.85,lcfbalc@appple.com
fc4ab46e-2710-4960-a1d9-d44a801d21cb,2021-12-06T11:19:10,BRAND5,201.20,lglgcei@gmail.com
bd4046d9-191d-4682-a7a7-522f899b4618,2021-12-06T11:20:00,BRAND2,265.82,jgfhfka@live.com
1dd98d39-cf18-46a5-8e76-db180ac7f9d8,2021-12-06T11:20:50,BRAND4,730.36,ddabiki@gmail.com
cf08e8e9-f4af-48ac-b46d-8d93d882e851,2021-12-06T11:21:40,BRAND4,0.85,"""lbcbfji kkcbdbg"" <lbcbfji@gmail.com>"
47273e29-ca26-4141-9cdd-579936ed4d07,2021-12-06T11:21:40,BRAND1,353.09,dadddla@gmail.com
dfc7e0b6-ed7a-4ac1-b611-d8450896ab35,2021-12-06T11:23:20,BRAND1,778.62,edkldhg@yahoo.com
d3ebc5df-c1f2-4ffb-864c-7e732289c111,2021-12-06T11:23:20,BRAND5,382.73,fbdadfh@live.com
3957a133-099d-4b48-a9a2-c85f379d1637,2021-12-06T11:24:10,BRAND5,504.56,"""ihcbcaf adaaeek"" <ihcbcaf@appple.com>"
5e3a7abc-6aca-4e58-93f2-36db8cc64662,2021-12-06T11:25:00,BRAND5,863.33,"""bkjbjcj cgigfbd"" <bkjbjcj@appple.com>"
ce2eae06-85f6-46d4-978e-50642764c801,2021-12-06T11:25:50,BRAND2,974.02,achcfag@appple.com
e7ef95e6-a517-420b-b806-166b540e7a46,2021-12-06T11:27:30,BRAND1,3.62,gdifkbe@yahoo.com
2e81a821-0192-473d-b78f-779fff4b066f,2021-12-06T11:27:30,BRAND2,302.14,fkjcced@yahoo.com
a636d806-3dd2-4683-b7c7-39d33ed7652d,2021-12-06T11:29:10,BRAND2,55.72,jhdkllk@appple.com
8540fd36-753b-4790-b855-f418235370e5,2021-12-06T11:30:00,BRAND2,477.02,bhfjbdd@appple.com
9dabe07c-d2c7-496c-a73b-db3e14282c88,2021-12-06T11:30:00,BRAND5,319.65,ckcbcle@gmail.com
fbd3913c-cf98-4d86-94e7-5576373f300c,2021-12-06T11:30:50,BRAND5,500.09,aajljjf@gmail.com
47554a1f-c110-4fa7-a687-add5f9bbb79e,2021-12-06T11:30:50,BRAND2,592.01,adkckha@gmail.com
e7f23f55-8ac6-4e83-9cc7-2317efee729d,2021-12-06T11:32:30,BRAND4,987.80,fibdeej@gmail.com
8ee09d3f-c376-4bb2-8b0b-e9574cfb5a4c,2021-12-06T11:32:30,BRAND3,7.01,fagdflj@appple.com
145c92ee-227f-4b9d-b9c1-4e7f6c0e7819,2021-12-06T11:33:20,BRAND5,391.39,"""fakdjdc egjjiih"" <fakdjdc@appple.com>"
14165fdc-4697-4ab4-83aa-70ed42781c6b,2021-12-06T11:35:00,BRAND2,234.28,"""aagkcdj jfjadic"" <aagkcdj@hotmail.com>"
a3b49eec-34e9-45cd-8948-82f8124c23ca,2021-12-06T11:35:00,BRAND5,603.03,heikcij@appple.com
5afa7d78-0f3d-4821-8c7e-2d4e6a50a118,2021-12-06T11:35:50,BRAND2,941.14,cecabae@appple.com
7a92d1a9-666d-4eb1-8984-046c86cda061,2021-12-06T11:38:20,BRAND5,575.66,jlegflk@gmail.com
dc47673f-f0d9-419b-877c-d8f77b629370,2021-12-06T11:38:20,BRAND1,360.86,laaacfl@appple.com
6b610a2f-0153-46cb-af06-9dd2f596ab15,2021-12-06T11:39:10,BRAND2,749.51,"""ejalegj kcejeij"" <ejalegj@appple.com>"
8e4a72cd-135c-4617-9200-db063540ec3d,2021-12-06T11:40:00,BRAND2,104.51,bdjbkii@gmail.com
8bb88251-b037-4a5f-b1f3-68700946324c,2021-12-06T11:40:00,BRAND2,628.37,"""jbjbged fdgckgj"" <jbjbged@gmail.com>"
c71cd3fd-1a6d-460f-85e8-b151fbe36864,2021-12-06T11:40:50,BRAND2,490.78,gfgdjdk@appple.com
6e86dc70-c5ae-4ef4-afc4-e7f30c1c42d6,2021-12-06T11:43:20,BRAND5,36.15,ibhkfcb@live.com
00e27dc1-b157-4708-9ddc-a2ddb26ab53e,2021-12-06T11:45:00,BRAND2,899.48,cehagjf@gmail.com
af30c3d5-fd54-4fdc-bece-71627d9dbe4a,2021-12-06T11:45:00,BRAND5,334.34,ekgjile@gmail.com
094aa061-2db9-459b-9a4d-e8e3d9574bcc,2021-12-06T11:47:30,BRAND2,785.03,kdhjbhk@live.com
23b057e3-8aec-4b84-8c7a-f3d52585434b,2021-12-06T11:47:30,BRAND2,297.16,"""eakkjhl fiakbhc"" <eakkjhl@appple.com>"
82606327-7edb-4a53-8b2c-b68161de65a0,2021-12-06T11:48:20,BRAND5,126.11,"""eekfabk dcjlcjc"" <eekfabk@gmail.com>"
55de0a54-757c-4f50-be69-3f1c3ffaabe2,2021-12-06T11:49:10,BRAND5,414.60,"""ldakelh idgiffj"" <ldakelh@gmail.com>"
40d5d02a-295d-4f99-a342-cd1ee1a86837,2021-12-06T11:50:00,BRAND2,70.50,"""gffbchk fjaecid"" <gffbchk@gmail.com>"
de855874-7acb-4922-a3c4-3d0f89c8aa1a,2021-12-06T11:50:00,BRAND2,871.84,hblbbke@gmail.com
f8e92ed9-68ba-4820-960f-5938e785016d,2021-12-06T11:50:50,BRAND1,798.99,"""cchcgjg kafdgee"" <cchcgjg@appple.com>"
a11c043c-19a2-4fc7-9384-aaef7060ce73,2021-12-06T11:51:40,BRAND1,663.35,"""eiccbke hghlfcg"" <eiccbke@appple.com>"
ae2663d7-086b-42a8-85d0-dd996487467d,2021-12-06T11:53:20,BRAND4,589.93,"""klleibg jjhdefb"" <klleibg@appple.com>"
80fc67a9-28ff-45a5-a5c3-04c829771c10,2021-12-06T11:53:20,BRAND3,717.88,gajeelj@yahoo.com
f5fce415-a619-4b42-a125-9c1e01f085e5,2021-12-06T11:55:00,BRAND2,557.32,bhhjjgh@appple.com
a06c9c1b-99c9-4329-b918-230573ed9d1e,2021-12-06T11:55:50,BRAND2,660.69,gieagjg@live.com
a0141e08-5ba3-4d1a-93d5-04de9d741502,2021-12-06T11:55:50,BRAND2,112.12,ebjckei@gmail.com
715a0623-fc88-4112-ae48-5af31107fc63,2021-12-06T11:57:30,BRAND2,801.65,jcddilb@gmail.com
3877db73-56f5-460a-b616-1d7cee5a1747,2021-12-06T11:58:20,BRAND2,976.52,jjeechd@yahoo.com
3c0c6778-f501-4729-8ee3-73bcc01de9f1,2021-12-06T11:58:20,BRAND4,164.34,bjaehhk@hotmail.com
663d4377-2f59-4c23-a813-597912a8cc8a,2021-12-06T12:00:00,BRAND2,596.87,"""behbhbj djejhik"" <behbhbj@appple.com>"
02949a0d-3b7b-450c-807f-5154d6039890,2021-12-06T12:00:00,BRAND5,317.51,gijbhec@gmail.com
10ec5b52-34a6-41e9-9f25-39474f946c5f,2021-12-06T12:00:50,BRAND2,495.01,ghaggcj@yahoo.com
dbb4ad7c-6d80-4a69-a158-7c7f62f004fa,2021-12-06T12:01:40,BRAND2,624.30,"""jbjeaid kgladig"" <jbjeaid@appple.com>"
1cc18635-32c0-43ff-a9d0-a6787c8d65a9,2021-12-06T12:02:30,BRAND2,195.15,"""jlgehed geicaij"" <jlgehed@yahoo.com>"
236129b6-f4d2-497c-9941-50a567e99b71,2021-12-06T12:03:20,BRAND5,977.25,"""figadfl dbicbgh"" <figadfl@yahoo.com>"
afeac997-e934-44e2-81fc-5c0af7bb9294,2021-12-06T12:04:10,BRAND2,282.68,kjehjad@gmail.com
f037c06e-458d-4b3f-bc8e-40108079b3a7,2021-12-06T12:04:10,BRAND1,854.29,aghlfca@gmail.com
fe49375d-4c82-4713-ab65-acdab11059bb,2021-12-06T12:05:50,BRAND1,782.64,ailhhki@gmail.com
e431b997-a5b4-4592-a64a-b050c13f94d0,Mon Dec  6 12:05:50 2021,BRAND1,380.21,"""ehibbgj fklcbgj"" <ehibbgj@gmail.com>"
a6263a6d-b0bc-433a-aed9-2546edca6e2d,Mon Dec  6 12:06:40 2021,BRAND1,814.96,"""hdalfdc hlheilf"" <hdalfdc@gmail.com>"
390441d7-ea81-4629-8152-d9d5e02e75e2,2021-12-06T12:06:40,BRAND2,185.35,"""gkcgijj eiddkjh"" <gkcgijj@live.com>"
c34f0638-4f78-47bf-8652-a537756c35aa,2021-12-06T12:10:00,BRAND2,563.75,ichajig@gmail.com
a345e0b7-bd6f-4b7a-bafb-1a0535762f1f,2021-12-06T12:10:50,BRAND2,739.79,hcealek@yahoo.com
023de5ae-faa3-431a-83c0-230a4d918ae6,2021-12-06T12:10:50,BRAND2,566.91,jecglka@appple.com
5ff15db5-c2d6-4073-917e-db6a5f722541,2021-12-06T12:13:20,BRAND2,$793.27,elklddj@gmail.com
b1f2bdf7-507a-4c21-99ea-6d07823b0df1,2021-12-06T12:14:10,BRAND2,54.90,hecclfl@appple.com
d601041b-1192-4752-8197-1156f0ccfd67,2021-12-06T12:15:00,BRAND2,73.21,cjjghja@appple.com
303d023a-66df-4785-9841-b5eef2bdeacb,2021-12-06T12:15:50,BRAND3,315.35,"""cgbldge jbcgadf"" <cgbldge@live.com>"
13d6896a-e039-4fa7-adf1-a2aea2d25aff,2021-12-06T12:15:50,BRAND5,731.28,"""gfleaih cbbhkli"" <gfleaih@gmail.com>"
eb204edd-3657-4d68-b6c2-0bc260be48b0,2021-12-06T12:16:40,BRAND2,194.84,"""ljdihje igcidgc"" <ljdihje@appple.com>"
b813cfb6-34c0-47f3-b66b-064d5fff5b53,2021-12-06T12:18:20,BRAND2,994.96,"""lhhflel ckjlcbc"" <lhhflel@appple.com>"
33c838ee-4a23-4430-ae22-a64dbd1367a4,2021-12-06T12:18:20,BRAND5,318.50,"""ajifgdb kbfadec"" <ajifgdb@gmail.com>"
b79dc916-aa28-4d3c-89fe-f6f30c4a82a8,2021-12-06T12:19:10,BRAND2,159.62,ihakhka@appple.com
65eb2df9-3b43-422a-b02a-8eb7b8a53d4f,2021-12-06T12:19:10,BRAND1,420.85,delcjla@hotmail.com
15fc08ce-520c-47e2-b4d5-007177230ad3,2021-12-06T12:20:00,BRAND2,282.32,"""jadhigg giblgab"" <jadhigg@gmail.com>"
f96f2390-c2b9-44bc-97c8-f8e9f4045209,2021-12-06T12:20:00,BRAND2,822.28,cecfccg@gmail.com
c6528efb-d004-44c8-8c90-cc8ef5208a6a,2021-12-06T12:20:50,BRAND2,534.27,"""eljifce bbdcked"" <eljifce@yahoo.com>"
5546a29e-640d-4de4-8612-5811bf871e08,2021-12-06T12:20:50,BRAND5,143.40,egaeaij@gmail.com
af88ca9f-209d-4134-86f9-8d4484eb767c,2021-12-06T12:21:40,BRAND2,772.16,"""ghihjjh bkhlhdd"" <ghihjjh@gmail.com>"
a33f9247-dab4-4904-a40b-79fc0a1c816d,2021-12-06T12:22:30,BRAND4,711.65,"""ckfgalh agfahek"" <ckfgalh@hotmail.com>"
43ab493e-d53a-4ed6-81c7-efa9cbc927a4,2021-12-06T12:22:30,BRAND1,763.19,"""ebgjdaj bhdeaje"" <ebgjdaj@gmail.com>"
60074310-38ab-4121-8e2a-642d36093298,2021-12-06T12:25:00,BRAND2,633.55,gijlbdd@gmail.com
2a9c9787-6fe2-4ff5-82cb-fe6499baa798,2021-12-06T12:25:50,BRAND2,162.23,"""ghbaalk laldlak"" <ghbaalk@hotmail.com>"
664370a1-9499-4487-9e36-cd329644c4e3,2021-12-06T12:25:50,BRAND1,124.74,"""acgihde kjhjfei"" <acgihde@appple.com>"
b0ed36b2-d6e0-4245-96bf-238579a8e57c,2021-12-06T12:27:30,BRAND2,848.43,gbajiih@appple.com
a171fa9d-5097-497c-b5a9-160bdb435a36,2021-12-06T12:27:30,BRAND5,721.46,gccafik@appple.com
39099619-3f1b-4ff7-bf80-c621786acca1,2021-12-06T12:28:20,BRAND1,859.41,"""bhfklia ajekkcd"" <bhfklia@live.com>"
389019c9-ca13-41db-9260-d031140d17bd,2021-12-06T12:29:10,BRAND5,223.99,"""dbdbbdh lgjgcjk"" <dbdbbdh@live.com>"
375653a0-367f-4110-a748-a84f1d83c2d1,2021-12-06T12:29:10,BRAND5,977.46,edcijbh@appple.com
e42fb7c5-9d9a-4cc5-85ca-353479a0e8e0,2021-12-06T12:30:00,BRAND2,424.89,"""jlakajl bcgifib"" <jlakajl@appple.com>"
2171a13a-9bf4-4ff2-8f2d-1231d3e4fc4d,2021-12-06T12:30:50,BRAND2,705.49,elhjbdk@appple.com
1b0d168a-7765-48e8-81dc-59049301649b,2021-12-06T12:30:50,BRAND5,564.32,jcaahle@live.com
b8a30b24-474b-412b-83ad-06f42b998493,2021-12-06T12:31:40,BRAND2,420.16,kdabkil@gmail.com
e03fac99-2397-4faa-8013-9d45d1bdf99a,2021-12-06T12:31:40,BRAND5,65.49,idbgall@live.com
c0c535e6-dd7a-4cc4-a18a-897fbba5716f,2021-12-06T12:32:30,BRAND2,350.48,dckbfdc@appple.com
405beb8b-c12e-4c22-90f7-157022c1d3e9,2021-12-06T12:32:30,BRAND5,711.43,"""filibcd hkjcdbh"" <filibcd@appple.com>"
86a3ff91-f162-4d17-86cb-ceffad2f57e9,2021-12-06T12:33:20,BRAND2,0.68,clijceg@appple.com
e9914551-980d-4307-857c-97555ffb7bd0,2021-12-06T12:33:20,BRAND2,388.10,baekhdb@gmail.com
1b3964bc-f9ad-4ac6-8c43-f5cf934c7bcc,2021-12-06T12:36:40,BRAND1,938.28,eikjcak@appple.com
60523004-5540-4334-b3aa-77fb2ec4afa7,2021-12-06T12:36:40,BRAND1,180.75,"""jigkgll igjhkac"" <jigkgll@live.com>"
488f51a1-520e-45ce-8115-f375bfdab881,2021-12-06T12:37:30,BRAND2,390.02,"""fgjjjdl kcfcegk"" <fgjjjdl@gmail.com>"
94941921-007c-4c63-ab1d-d2d5e0acd021,2021-12-06T12:37:30,BRAND1,676.03,"""keghgli gjbigci"" <keghgli@appple.com>"
46349754-e54c-4af0-99cb-bbd85a83ead0,2021-12-06T12:39:10,BRAND5,486.13,kichjih@gmail.com
90707cee-1ea1-4c55-b995-2cce043ed77c,2021-12-06T12:42:30,BRAND2,471.60,"""calefhg klcjfjk"" <calefhg@live.com>"
9d19f0e8-14cf-4e4a-ba67-c5f75f145ee5,2021-12-06T12:42:30,BRAND2,601.60,"""bccaedk iefhefi"" <bccaedk@gmail.com>"
d3cbdb54-ec1e-4b19-a4e2-de1e0432a009,2021-12-06T12:43:20,BRAND2,104.20,"""ldfdgdh haidbfe"" <ldfdgdh@gmail.com>"
89b05936-a9a6-4fda-8418-d54f7e68db9d,2021-12-06T12:44:10,BRAND3,793.77,eigkfdj@gmail.com
eb7ab544-089a-476b-bbb0-95d1bbbf9310,2021-12-06T12:44:10,BRAND1,50.79,filjfcl@appple.com
358d1c96-b65e-4e4d-abb0-9f6fded1ee1d,2021-12-06T12:45:00,BRAND2,619.55,jjcacij@appple.com
c1d00c51-8ac6-43ce-8588-b363f6808107,2021-12-06T12:45:50,BRAND2,673.58,"""jlgecag dhagdcb"" <jlgecag@appple.com>"
a858f885-af44-4fa8-81e2-56168dc9bf66,2021-12-06T12:50:50,BRAND4,138.98,"""fkaehhg dlefacc"" <fkaehhg@gmail.com>"
9961a73e-5b78-4183-95e3-49338f894522,2021-12-06T12:50:50,BRAND1,91.35,"""jifdabf ieidhfd"" <jifdabf@appple.com>"
f78f4d55-889f-46ec-b4c0-12dcff91a537,2021-12-06T12:51:40,BRAND2,408.69,ciihhii@gmail.com
724b9e9f-8d59-4acd-8535-4ed2c6e95951,2021-12-06T12:51:40,BRAND5,643.62,jacaaej@appple.com
01ede520-ac5d-4323-8660-7ce958b99f12,2021-12-06T12:53:20,BRAND5,946.47,hdlcidb@gmail.com
1748f6fb-69b2-4ef5-bdfa-b282d7bcd489,2021-12-06T12:53:20,BRAND5,875.37,igkhdaa@gmail.com
b6c8be96-b96d-4e21-a5eb-5e403e2f372f,2021-12-06T12:55:00,BRAND2,748.52,"""lggedhk jcgafec"" <lggedhk@gmail.com>"
de32555a-4755-4357-95c6-8a2d8af8b17b,2021-12-06T12:55:50,BRAND4,168.51,diaehhj@live.com
0740f635-6eab-404a-841b-71faa3df394f,2021-12-06T12:57:30,BRAND2,116.77,"""jgilkji cghejce"" <jgilkji@live.com>"
17ffecc5-68e1-45c8-a189-066eb0b8cd72,2021-12-06T12:57:30,BRAND1,623.67,kgbdblj@gmail.com
5f91308d-7c01-4aff-8a05-3d7503027f29,2021-12-06T12:58:20,BRAND5,$219.90,ibjielf@gmail.com
67195bec-7f73-4252-a354-e54b8c358b3f,2021-12-06T12:58:20,BRAND1,334.15,iedckfe@gmail.com
992671fd-1daf-45da-a6ae-50d29e3435b3,2021-12-06T12:59:10,BRAND1,298.55,gackbdd@gmail.com
d4be1c4d-568f-4eba-8222-34d7ae241d68,2021-12-06T12:59:10,BRAND5,97.57,"""iikaeff kbjcgdi"" <iikaeff@appple.com>"
7df2a56b-e177-412c-9dec-b667b3965120,2021-12-06T13:00:00,BRAND2,399.87,jiaaahc@gmail.com
8f258e1a-8683-41d9-966f-4a674fb5a729,2021-12-06T13:00:50,BRAND5,694.50,"""hekfiad klefchc"" <hekfiad@appple.com>"
81276116-c484-4327-abb4-b9d8be6a1c60,2021-12-06T13:00:50,BRAND2,853.82,"""jhjlaed khedbkk"" <jhjlaed@appple.com>"
8cc1c373-b745-4d58-a739-7f8267ca3228,2021-12-06T13:01:40,BRAND2,580.51,clkafak@gmail.com
c40a0f9a-8e19-4099-a031-f460081fae89,2021-12-06T13:01:40,BRAND2,833.36,lgfgkef@gmail.com
56b78aa1-4136-4b85-82cc-0ebd23467759,2021-12-06T13:04:10,BRAND2,781.85,hkbbifb@hotmail.com
dbb9ce85-12e8-40f9-8514-45afd5f022b2,2021-12-06T13:05:00,BRAND1,589.82,"""ieidbeb dfakiif"" <ieidbeb@gmail.com>"
f0b313e9-14a7-4b26-9dc7-d76213971bdc,2021-12-06T13:05:00,BRAND2,55.55,"""ddiefll ifdleji"" <ddiefll@gmail.com>"
e5f61651-5b8b-43b7-a1ac-b8e120160182,2021-12-06T13:06:40,BRAND5,121.12,fijehij@gmail.com
b73357e2-b423-43d9-b5f8-cc190914fbbc,2021-12-06T13:06:40,BRAND2,402.72,iaihefc@gmail.com
85ae133d-21e2-45df-9dc4-fd8054edca02,2021-12-06T13:07:30,BRAND5,$956.53,dclejdh@gmail.com
349618a8-e4f5-4d9b-b385-77b64950c0a4,2021-12-06T13:09:10,BRAND1,344.93,lakahfb@yahoo.com
af050ebf-2d95-4595-a11f-e72fb1917467,2021-12-06T13:10:50,BRAND2,192.86,"""fjelbla cckflae"" <fjelbla@appple.com>"
e313d96e-41f9-4e1c-a17b-eec5b79ab6dc,2021-12-06T13:10:50,BRAND2,958.04,bbjcadb@gmail.com
a59dcaec-0c36-4c0b-97a6-ebd2196ae338,2021-12-06T13:11:40,BRAND2,274.67,ehfchjd@appple.com
9ac6b8cc-38f2-4ef6-9d18-f0320ddc1e1a,2021-12-06T13:13:20,BRAND3,189.97,fgejkgj@live.com
b8ea3ab0-c90a-425b-b91d-eb8d814ac406,2021-12-06T13:13:20,BRAND5,834.42,hikeejh@hotmail.com
23b7200c-62e6-4e3d-93fe-8f9f6a59ef42,2021-12-06T13:15:50,BRAND2,850.30,"""cgbibjk ilacddi"" <cgbibjk@gmail.com>"
b8b94cb5-eb83-4bdb-b5b5-9cfdba4ce00a,2021-12-06T13:15:50,BRAND5,124.86,"""edegecc fkafdaj"" <edegecc@live.com>"
e168387c-330b-4eb8-a25b-09a7112d1e26,2021-12-06T13:16:40,BRAND1,88.44,"""ebkifdl hkcbggl"" <ebkifdl@gmail.com>"
a0f8d6c7-e4b6-47ed-bfe7-0fe591b58c85,2021-12-06T13:17:30,BRAND2,762.69,dlgjabi@appple.com
84d9b5b6-b9ed-4fa7-b58f-3140115fde26,2021-12-06T13:19:10,BRAND3,279.29,fklajlf@appple.com
396a0017-f0f4-41c2-a5dd-70ea115b8ce6,2021-12-06T13:19:10,BRAND5,647.09,cildlda@gmail.com
7630bee1-b3de-40cd-bc03-a259ecf344e9,2021-12-06T13:20:50,BRAND2,206.40,edchcdk@appple.com
10260a23-b467-40d6-bbaf-8a87d95d1461,2021-12-06T13:20:50,BRAND2,75.12,eecccle@gmail.com
ec925555-8b51-4875-86e5-73eaeaeef096,2021-12-06T13:21:40,BRAND5,992.06,ckkefcb@gmail.com
61d689ce-8b46-475b-8a54-5cb951dc7df6,2021-12-06T13:21:40,BRAND4,$603.04,"""ficijbl khbakcd"" <ficijbl@appple.com>"
17d5cfc4-881f-4dd1-9139-cfc7bcac1180,2021-12-06T13:22:30,BRAND1,190.44,ccfggbl@gmail.com
9683b8fa-68dd-4c66-a6ed-db86896ccb60,2021-12-06T13:23:20,BRAND5,579.14,jeleldh@live.com
acc014ab-cfd0-4280-b6c0-9f1daefba642,2021-12-06T13:23:20,BRAND2,930.18,jdcebha@gmail.com
fbba59d9-3c49-4120-99f3-df179c18807b,2021-12-06T13:24:10,BRAND5,650.86,"""hkgghih ijaaagc"" <hkgghih@live.com>"
c9512133-8bc7-482f-bd64-ed2f9b94258e,2021-12-06T13:24:10,BRAND5,454.69,jdacjhf@gmail.com
32805ea5-6407-4e29-bfbd-c35a12f2fe11,2021-12-06T13:25:50,BRAND1,28.99,"""bicccfk ablejcd"" <bicccfk@gmail.com>"
416e054e-784d-4b61-b564-051a85a0a644,2021-12-06T13:27:30,BRAND2,23.45,eabflbk@appple.com
be8601ac-50d0-4fdd-a9c2-17bc0fc8e873,2021-12-06T13:28:20,BRAND2,283.11,gahdacj@gmail.com
60a5cd8e-07e5-40d8-8908-8fba0dbf9c36,2021-12-06T13:29:10,BRAND3,746.95,"""gbbcheh cgjbdkl"" <gbbcheh@gmail.com>"
9f449f6c-329a-4258-bb61-e0c1bc61e8e7,2021-12-06T13:29:10,BRAND2,704.19,"""dekaabg egbbjdd"" <dekaabg@appple.com>"
8636f423-7516-4903-8ad4-4048dcedf40f,2021-12-06T13:30:00,BRAND2,563.63,hcaccid@gmail.com
9c33e60e-3c47-40af-b6b3-85aa375c7e06,2021-12-06T13:30:00,BRAND1,$42.73,kakiahh@yahoo.com
c68b539c-a708-4131-af6d-490adf62b5cd,2021-12-06T13:30:50,BRAND2,606.80,kicdcbd@appple.com
45f2a108-f91b-4d85-9a0a-4401052b52d4,2021-12-06T13:30:50,BRAND1,861.90,bejdgac@appple.com
b1c1a96c-820b-422d-a7ab-ed39dd959108,2021-12-06T13:31:40,BRAND2,690.43,ljfklff@live.com
0ff0dfd7-a527-49d3-bc07-4d2c225a36b4,2021-12-06T13:32:30,BRAND5,$207.32,"""ikchibh fkkkkih"" <ikchibh@gmail.com>"
e040f784-11b6-4974-92b6-aca696ac415d,2021-12-06T13:32:30,BRAND5,474.26,"""hkbhjkb ickchbb"" <hkbhjkb@gmail.com>"
d6c39c9e-2d88-4104-addc-94bb7200c52a,2021-12-06T13:33:20,BRAND2,213.47,"""iabeedc lfcljgk"" <iabeedc@gmail.com>"
15d4aa81-4802-48b7-85b9-4581082647aa,2021-12-06T13:33:20,BRAND1,958.15,ahajbld@gmail.com
71f4b87f-971d-4e7f-90c7-dfaaa066fe96,2021-12-06T13:35:50,BRAND2,668.83,"""jakdgkj adklbif"" <jakdgkj@appple.com>"
76b5349c-cf90-4c84-ba66-6a1ab80222ec,2021-12-06T13:35:50,BRAND5,689.00,icdaafj@appple.com
a21f95e9-9742-4df4-95c2-c20d17d2f3d2,2021-12-06T13:38:20,BRAND1,199.90,llkfagg@gmail.com
14d522d7-3347-4588-81e9-8ef8f5f6167a,2021-12-06T13:40:50,BRAND2,$361.03,"""bfgdhcc bgedkck"" <bfgdhcc@yahoo.com>"
2406cf6c-a496-4d50-b1c0-19d178c181f0,Mon Dec  6 13:43:20 2021,BRAND5,622.34,"""ddeejfg dejjkgh"" <ddeejfg@yahoo.com>"
c0614c4a-0ccb-42a7-bdb4-051751e5c23d,2021-12-06T13:43:20,BRAND5,318.19,lffgdch@gmail.com
9dba15f7-78a4-4e82-9ce7-d77aae5fd685,2021-12-06T13:45:00,BRAND1,170.29,gffaecb@live.com
1c18e3ea-5125-4981-bbfd-458a95eccb6c,2021-12-06T13:45:50,BRAND4,952.50,cebgffi@yahoo.com
f95170a5-7a82-49d8-bacd-4a5d5f89a61f,2021-12-06T13:45:50,BRAND2,264.50,"""gablhgh aljfkde"" <gablhgh@live.com>"
154ac612-9e09-4e84-8dae-d6cfe363b979,Mon Dec  6 13:46:40 2021,BRAND2,161.98,dbfhhjd@live.com
d5be6e2e-22da-42e6-90e5-4bef6d1ef0cc,2021-12-06T13:50:00,BRAND2,999.88,"""lilgikl jkkdkal"" <lilgikl@appple.com>"
70fa433b-ed10-4ea9-8443-e527fcc96be0,2021-12-06T13:50:00,BRAND5,320.06,kgdlbbh@gmail.com
8d6382d0-8b6f-40aa-9893-e8fb6eda34c9,2021-12-06T13:50:50,BRAND5,445.55,jaaiahc@gmail.com
379b4387-4863-45d1-84f6-7b534c59772f,2021-12-06T13:51:40,BRAND2,519.19,jelalhc@appple.com
24eb9a09-3ba2-40f2-a8d0-906c8b234eeb,2021-12-06T13:51:40,BRAND2,579.03,afhalkl@appple.com
92a08696-ba65-4e5f-ad98-4b5c107d27c5,2021-12-06T13:52:30,BRAND2,159.66,"""chlkehg cdcbgfh"" <chlkehg@gmail.com>"
ae3e3a0b-8ea4-424d-b325-80cce349f9d8,2021-12-06T13:53:20,BRAND5,$47.79,akeacll@gmail.com
a8823712-73d9-450a-b112-4d64da5fc4d0,2021-12-06T13:54:10,BRAND2,940.34,igaekfd@gmail.com
f9a16477-e804-4d4a-94fc-a6435a8a5e46,2021-12-06T13:57:30,BRAND5,895.96,"""gkelfcj alfhbil"" <gkelfcj@gmail.com>"
8a20b185-5fdf-4969-9fc7-d81a3912e1c6,2021-12-06T13:57:30,BRAND2,756.26,idbdakl@appple.com
960c8e4b-c4ee-49fc-9f99-8ef04b893ee1,2021-12-06T13:58:20,BRAND5,44.21,lklfbkk@gmail.com
c7fbf2c9-62aa-40f0-9e3f-175652f60bf0,2021-12-06T13:58:20,BRAND5,217.62,dbjkihd@gmail.com
52a7d45f-8164-435e-94db-5c1246feeadd,2021-12-06T13:59:10,BRAND1,887.26,ljickae@appple.com
9f6d2241-7e6b-4c36-891d-1f8ebbac4be0,2021-12-06T14:00:00,BRAND2,876.15,lljhibe@appple.com
a8184418-83c2-49dc-a661-e19ea92897d8,2021-12-06T14:00:50,BRAND2,287.31,"""kfajejk dkkfdig"" <kfajejk@gmail.com>"
46549f30-9796-43a5-868d-1c69465a82f1,2021-12-06T14:01:40,BRAND4,354.90,iiggfdc@gmail.com
729dbd19-1c86-468e-916e-7e1cb1a59e4d,2021-12-06T14:01:40,BRAND2,33.53,jgllcid@live.com
155dfbdc-4483-4e6c-8730-d4bac1f84f7d,2021-12-06T14:02:30,BRAND2,191.73,bbfdhea@appple.com
7aa18749-963a-4c70-bd46-2ee8d6431dfe,2021-12-06T14:02:30,BRAND5,214.52,"""jfdkagj ldfklaj"" <jfdkagj@gmail.com>"
cd6a4271-8662-4277-b12d-fe7d81bc22ec,2021-12-06T14:03:20,BRAND5,17.41,fhbhdij@appple.com
563f6135-bd86-4a60-a711-71e167e6952a,2021-12-06T14:03:20,BRAND2,619.16,eebfhga@appple.com
15f8523f-e0ad-4303-8a7d-c7caafcf2646,2021-12-06T14:04:10,BRAND1,201.61,"""agbfdkb bffkcji"" <agbfdkb@gmail.com>"
238d442d-79fa-4457-ad9f-c97923099411,2021-12-06T14:05:00,BRAND5,478.35,hkbecak@live.com
b38a80bd-5a09-4984-a645-5b28e86f46ff,2021-12-06T14:05:00,BRAND4,294.93,"""aicgabc jdfaaef"" <aicgabc@gmail.com>"
37f172d3-9c83-4c7c-bc67-6e91bc5bf4f3,Mon Dec  6 14:05:50 2021,BRAND2,425.12,"""dbflkle adldclh"" <dbflkle@gmail.com>"
f38f6cf2-96af-4785-a086-f793fd00e383,2021-12-06T14:05:50,BRAND2,518.61,hbljfai@live.com
3cbb9b43-4d1e-4fcb-a479-6ab7b5a2ed27,2021-12-06T14:06:40,BRAND1,984.53,jdhljij@gmail.com
06953d74-67d5-4fb7-bda5-6415bd66729e,2021-12-06T14:09:10,BRAND5,59.10,lfbaikl@appple.com
32838d59-3947-409d-ba9b-5b509188a89c,2021-12-06T14:10:50,BRAND2,442.62,"""idelhbl lccghcb"" <idelhbl@gmail.com>"
44f5decf-3bb0-40c9-9cf6-144cb702f5e4,2021-12-06T14:10:50,BRAND2,899.04,"""ghafdch acgleik"" <ghafdch@appple.com>"
985dca08-ca13-4b6e-93bb-d95d3734ed8e,2021-12-06T14:11:40,BRAND3,185.28,jkebcli@gmail.com
8edf393b-070b-44f8-b1da-08caa8378fa5,2021-12-06T14:12:30,BRAND2,465.42,bgklhih@gmail.com
af256eb0-2ddc-417a-ada9-1ee8dfbaef1f,2021-12-06T14:12:30,BRAND1,$215.96,jehhebk@live.com
7c880990-872e-49ca-9308-88bf0624eb05,2021-12-06T14:14:10,BRAND2,955.65,djflldl@gmail.com
84c133b7-d744-4c78-8746-90fa6d44149a,2021-12-06T14:14:10,BRAND2,69.33,ccikfik@yahoo.com
8309d23c-4140-4348-943b-f7b55b376e0a,2021-12-06T14:15:50,BRAND2,940.08,bjcefkj@yahoo.com
6cf98682-382f-4e3e-8563-8151dc771b13,2021-12-06T14:15:50,BRAND1,468.69,iddagel@gmail.com
8d571458-f45c-40c3-b9be-4957887c14f5,2021-12-06T14:18:20,BRAND2,929.91,jkgkjfa@yahoo.com
cbe61bfa-519e-4d84-80be-203088631644,2021-12-06T14:18:20,BRAND2,411.01,ldkbdil@appple.com
b46f813c-3305-4234-8d0d-09e9cba8523d,2021-12-06T14:19:10,BRAND5,611.79,kjchjhk@gmail.com
a884aa86-689d-4ef8-82df-48d6d0091750,2021-12-06T14:19:10,BRAND5,776.98,"""celejhi ikcieic"" <celejhi@appple.com>"
f4530785-b0a0-4298-bf62-8834cecfa9df,2021-12-06T14:20:50,BRAND2,551.60,bhgifdc@appple.com
5652a1fb-f3fd-4738-ba38-e8266bb189c6,2021-12-06T14:20:50,BRAND4,349.35,cddbbkl@hotmail.com
98702449-2a0d-49f9-ad0b-71cbfb3d31cf,2021-12-06T14:22:30,BRAND5,535.61,"""bekbdkc fajfeki"" <bekbdkc@appple.com>"
25b93aef-99e9-4bc5-8642-07f5ab759070,2021-12-06T14:22:30,BRAND1,805.61,fakehfg@gmail.com
a12dcd89-6d23-47ff-bacb-7f064b3079c7,2021-12-06T14:24:10,BRAND2,777.03,jjlfalj@appple.com
091af0f8-d439-431f-be2b-48ffeddd0ce9,2021-12-06T14:25:00,BRAND5,783.53,"""aadcfcf lahjece"" <aadcfcf@gmail.com>"
cf9270c1-ba9c-408b-874a-cd515dcac0d9,2021-12-06T14:25:00,BRAND2,73.61,"""edbbkgl jghebeh"" <edbbkgl@appple.com>"
21c283b4-567d-4def-b79f-613906ee94c0,2021-12-06T14:25:50,BRAND5,775.33,habhgjb@yahoo.com
0e4d6a76-aeb4-48b8-8903-32aad0643c7e,Mon Dec  6 14:25:50 2021,BRAND2,357.52,fgidcgh@gmail.com
36a9d4c6-8cce-4931-9233-35aa0111f667,2021-12-06T14:26:40,BRAND1,29.33,hdkedfh@live.com
2cf1ef4b-cedc-4c9c-af8d-9a5c2e9241bb,2021-12-06T14:26:40,BRAND2,356.35,bfgadii@gmail.com
0bbd5fd8-f9d7-494a-937b-90ec04d167f0,2021-12-06T14:27:30,BRAND5,380.47,"""kidkcfj baicfjh"" <kidkcfj@live.com>"
0b72676b-7a1f-43a0-b3bd-4e0c6e4c53ba,2021-12-06T14:27:30,BRAND2,606.19,"""lgdfach daelaed"" <lgdfach@yahoo.com>"
fac35742-3e57-416f-a957-c1964b7b6b3d,2021-12-06T14:28:20,BRAND2,617.86,"""dljcclc kidedic"" <dljcclc@gmail.com>"
a2b233ef-ef6e-46e0-b2ad-5b8ff711a886,2021-12-06T14:29:10,BRAND2,379.52,"""igealgh ibbejca"" <igealgh@appple.com>"
511c5070-93fc-4aee-a4e6-d785cf04b954,2021-12-06T14:30:50,BRAND2,273.58,"""bddiahe kdidici"" <bddiahe@gmail.com>"
cc22dd45-3966-45fe-9598-83080fea0142,2021-12-06T14:30:50,BRAND2,734.25,"""eajfkjd ilbkjkk"" <eajfkjd@gmail.com>"
a7c2d96f-da34-410a-923b-95bfbac5c69b,2021-12-06T14:33:20,BRAND2,121.69,"""bdlgbad ffhbhhc"" <bdlgbad@appple.com>"
e848beaf-dfc2-4083-b5d9-9315e7f8a3f7,2021-12-06T14:33:20,BRAND2,830.77,eiebajh@live.com
68c619a1-b15b-4a89-aaa9-849c8493bdc8,2021-12-06T14:35:00,BRAND5,996.28,eigkdid@live.com
7748659f-319c-4251-b99f-bb0eed4143db,2021-12-06T14:35:50,BRAND2,615.46,egfadba@gmail.com
c5070997-ab07-45a7-8b2d-2e89f5a4ac3e,2021-12-06T14:35:50,BRAND2,539.16,acgaajd@gmail.com
ae8f85e5-5e93-4ee0-b8ff-48014ab3d80f,2021-12-06T14:36:40,BRAND1,742.99,ldjhccj@gmail.com
dec0fd7d-6dca-4a55-a97b-eee7d19ea2f1,2021-12-06T14:36:40,BRAND2,767.95,"""iflljjg accagag"" <iflljjg@gmail.com>"
22ee643c-aada-4edc-8bf7-d06737b52bfb,2021-12-06T14:37:30,BRAND2,53.72,kcldlcb@appple.com
0035cd19-63ac-41f7-8ce8-2021804235cc,2021-12-06T14:38:20,BRAND1,102.16,kfajgfg@appple.com
9ca9c7fa-7624-46b2-9b95-bc4d03a9c48c,2021-12-06T14:38:20,BRAND2,331.52,hdiidek@gmail.com
8d3e9a9d-2593-4c29-b97f-7c47eb2229bb,2021-12-06T14:40:00,BRAND2,228.92,"""ciaacfd aigfcal"" <ciaacfd@appple.com>"
c7b20388-6a69-414f-926f-fa5ffdeed23f,2021-12-06T14:42:30,BRAND1,765.14,"""ciceeel bghdahb"" <ciceeel@gmail.com>"
ce2e9f72-9e7e-465b-97c6-ee8c41f98eac,2021-12-06T14:43:20,BRAND1,60.43,hdadjea@yahoo.com
26dfe744-601d-402c-9a86-0d33bf6c3c1f,Mon Dec  6 14:43:20 2021,BRAND1,372.54,gidhgfl@gmail.com
1eaf4778-aa49-43d5-bb50-e9f5f78a3731,2021-12-06T14:44:10,BRAND4,337.92,badfdec@gmail.com
f31555cf-d91b-416e-92dc-e8660ef6a2d4,2021-12-06T14:44:10,BRAND1,370.16,"""hiccijh ahljgil"" <hiccijh@gmail.com>"
4c56205a-5f06-486b-9d34-e597e472105f,2021-12-06T14:45:00,BRAND2,594.64,"""fkcjjei laggjcj"" <fkcjjei@hotmail.com>"
806c1055-71fc-496c-8835-eccd3960cff3,2021-12-06T14:45:00,BRAND1,492.31,ekailjl@yahoo.com
432fcf11-0eaf-494e-9ef9-ee6612e2a961,2021-12-06T14:45:50,BRAND2,304.86,"""clijdae iglbkej"" <clijdae@appple.com>"
a1c5c326-b49b-4e88-8ec5-535b03163d81,2021-12-06T14:46:40,BRAND1,465.57,fgfjkhl@yahoo.com
4ac1fbe1-6cd2-47f3-812f-24d34f32cd47,2021-12-06T14:47:30,BRAND1,735.01,ifkjaba@gmail.com
eecc51cf-99a4-42f0-a6af-fd970d4c38a4,2021-12-06T14:47:30,BRAND5,835.48,cjbgcak@gmail.com
65079b57-6a31-4b03-8575-4224caea6786,2021-12-06T14:48:20,BRAND5,895.87,fkbjcce@appple.com
90be8d9d-a2fd-4373-8788-80f0b6171151,2021-12-06T14:50:00,BRAND5,780.18,"""gbblieb dfjdjji"" <gbblieb@gmail.com>"
582d511b-3e81-43c4-8028-c81607dc51bb,2021-12-06T14:50:00,BRAND5,39.96,liahceh@appple.com
ed8557ab-6986-4d46-83b9-14b09b4cf7eb,2021-12-06T14:50:50,BRAND2,29.37,hkhhghg@appple.com
c4173fc6-6986-4244-b90e-015d2fc12e6a,2021-12-06T14:51:40,BRAND2,55.13,"""kkghjbh efjdbii"" <kkghjbh@hotmail.com>"
eb28562c-a38b-4f57-8370-c953f4b2d80c,2021-12-06T14:51:40,BRAND3,925.19,"""diihjcc glhdgdc"" <diihjcc@gmail.com>"
74c98a0e-d2d3-4a9b-b27a-d034cb3ce3e1,2021-12-06T14:53:20,BRAND5,433.64,"""ifekgcf jeldjab"" <ifekgcf@gmail.com>"
7c3fe648-2aa9-4d99-a4d1-d9c0c53bed1f,2021-12-06T14:53:20,BRAND2,824.65,bbjalil@gmail.com
810a0b6c-ee58-43a2-a649-de1cfe12617b,2021-12-06T14:54:10,BRAND2,37.01,"""cefdicg kebhejf"" <cefdicg@gmail.com>"
5b99cdb8-3815-4721-a9d9-775fdf01b766,2021-12-06T14:54:10,BRAND2,527.92,"""bfijhif lcfcfcl"" <bfijhif@yahoo.com>"
dd752002-a51d-464b-a3cf-c202ed30ddcc,2021-12-06T14:55:50,BRAND2,858.11,hcbceaa@live.com
e758305f-4dc8-477f-b44f-e82a3e440556,2021-12-06T14:55:50,BRAND5,437.89,feedbeh@gmail.com
4a408da2-b221-482c-ab65-914c3210a743,2021-12-06T14:56:40,BRAND2,892.07,fheecbj@gmail.com
eb0ac39a-9313-4d80-9cc4-fba7f974f4b0,2021-12-06T14:58:20,BRAND2,557.82,"""jhdheja djlakbe"" <jhdheja@gmail.com>"
9ae26ada-16a1-49ab-b909-f62a92626b48,2021-12-06T14:59:10,BRAND1,324.66,"""bdflhhk ajjgckl"" <bdflhhk@appple.com>"
59b9a296-9d53-46b3-8fe6-44a98c3938a0,2021-12-06T15:00:00,BRAND5,443.89,"""iidbeaa dhadbcd"" <iidbeaa@live.com>"
68b76b67-41b3-4aee-b39f-9fd95ef49284,2021-12-06T15:00:00,BRAND2,746.30,"""hdedfad hbjklgk"" <hdedfad@gmail.com>"
a620bb51-d6ad-4a24-9d49-2e6e6eff37ba,2021-12-06T15:02:30,BRAND1,469.75,gegkigl@gmail.com
bbd4492a-efb7-4b11-98e9-8d8ff3a1447e,2021-12-06T15:02:30,BRAND5,435.69,"""eajbjdl hgikjif"" <eajbjdl@live.com>"
255b9483-9b17-492b-a887-bf727b8b0ca8,2021-12-06T15:03:20,BRAND1,908.10,ekfebfe@gmail.com
f10680db-c9c2-4836-a8b1-2d0b6d7ab502,2021-12-06T15:04:10,BRAND2,224.13,"""ahahlbg dlljhjg"" <ahahlbg@gmail.com>"
4b5ef9e3-72f5-4a6e-8016-e8f938b366c9,2021-12-06T15:04:10,BRAND2,906.24,ibiahhc@appple.com
dabe28c2-c6d9-41f4-ae36-178187fe5601,2021-12-06T15:05:50,BRAND2,19.08,ehbiibk@hotmail.com
7167a124-51b7-44b6-89cd-d6acf097498a,Mon Dec  6 15:06:40 2021,BRAND2,471.77,dhigedi@appple.com
b3d54c98-ca16-40d9-b008-fc4a6903096c,2021-12-06T15:06:40,BRAND3,643.95,"""lheklel ckcjjif"" <lheklel@gmail.com>"
1d3a2671-9095-4836-a0dc-d97d4dfb39bb,2021-12-06T15:07:30,BRAND2,415.50,fbkkial@gmail.com
005a4f12-ba8e-4a45-84d7-0aee7a1460d4,2021-12-06T15:10:00,BRAND2,961.42,"""clcbbcf fijaibg"" <clcbbcf@appple.com>"
69de27c7-747c-4d96-8b8b-f2ba5bfcb336,2021-12-06T15:10:00,BRAND2,142.26,fcjdjib@appple.com
956e8975-ff99-4300-84e0-dec72660b61a,2021-12-06T15:10:50,BRAND2,67.07,"""lhclidl alebekg"" <lhclidl@yahoo.com>"
3e2b760c-33f7-4267-9981-3eeb3009acbd,2021-12-06T15:10:50,BRAND5,207.61,eejifcb@gmail.com
9316c0ff-c435-4965-871f-ddf298372f8d,2021-12-06T15:11:40,BRAND2,76.99,fgfeack@gmail.com
53f2c388-315d-41f1-b30d-3dba5ed3419d,Mon Dec  6 15:12:30 2021,BRAND4,223.49,"""acfhfdf gkjcehd"" <acfhfdf@appple.com>"
368aa905-dcf8-4f3a-a9eb-a3e14410dc19,2021-12-06T15:12:30,BRAND2,359.44,"""aaclkec fgbaelk"" <aaclkec@gmail.com>"
bd3ee3f8-1160-43c8-946b-6faf4657d73c,2021-12-06T15:13:20,BRAND5,984.19,"""gddgicl eefjddb"" <gddgicl@gmail.com>"
69a9645b-4b91-4bd0-a5ab-df4ad26d5fb9,2021-12-06T15:14:10,BRAND1,722.34,"""ecgbihj llbcfjd"" <ecgbihj@gmail.com>"
cb36b075-b03b-44f2-9826-454c18d95237,Mon Dec  6 15:15:50 2021,BRAND5,453.81,igaljaj@appple.com
c17dc1e9-424e-4a61-9633-de982e801203,2021-12-06T15:16:40,BRAND5,276.90,eehkbhf@live.com
753a937c-f5f4-4b9f-b560-d615cc8dcaa9,2021-12-06T15:16:40,BRAND2,68.35,"""kbffcjh abadalb"" <kbffcjh@appple.com>"
40292a9d-b6cb-40fc-96e5-032f8820cbbc,2021-12-06T15:17:30,BRAND4,116.53,blkacce@gmail.com
10600eb2-0881-4d43-9bca-e5bfee5131c8,2021-12-06T15:17:30,BRAND2,934.01,jdffaih@gmail.com
d4e49618-f196-4785-b848-6459c24a498f,2021-12-06T15:19:10,BRAND2,128.11,"""ghekbhb khjccca"" <ghekbhb@gmail.com>"
febd045d-1d87-4a50-b58d-6acbdf6e8002,2021-12-06T15:19:10,BRAND2,96.44,"""kkabgff kgbhlci"" <kkabgff@yahoo.com>"
7a508a3f-221c-43c3-9bb2-8423594e67f6,2021-12-06T15:20:00,BRAND4,239.22,"""fgjhkek ileggdf"" <fgjhkek@appple.com>"
e861a6ca-ab93-4bdb-9574-3db69236be1b,2021-12-06T15:20:50,BRAND5,153.09,begajfj@live.com
6feba728-c92c-4f83-b3cb-017742983eec,2021-12-06T15:21:40,BRAND2,438.11,"""gaaealc fedcieg"" <gaaealc@gmail.com>"
01b7de1e-376a-416a-a1a1-4c89c34c6a69,2021-12-06T15:21:40,BRAND5,859.22,"""cleejhc hgffeaf"" <cleejhc@gmail.com>"
2841da55-8ab7-44e2-be17-a1dca413173e,2021-12-06T15:22:30,BRAND1,38.97,"""lkdhidj adgdalh"" <lkdhidj@live.com>"
2664b8fe-6d17-4324-9154-c04c0876a553,2021-12-06T15:23:20,BRAND3,398.78,"""acichgl eifhcei"" <acichgl@gmail.com>"
f1ba409c-8f89-4f82-b9db-cb32e2844e8e,2021-12-06T15:24:10,BRAND2,555.52,"""acghhfk idafgjl"" <acghhfk@gmail.com>"
bc3d6445-e1e5-42c2-81ef-2e1c040aeb7a,2021-12-06T15:24:10,BRAND5,782.45,"""llfiilb kkjajcd"" <llfiilb@gmail.com>"
d14a88fb-8611-4feb-bc1e-bdfde90ca873,2021-12-06T15:25:50,BRAND2,172.84,"""cfjikih kfjiddl"" <cfjikih@appple.com>"
e38b7300-da65-4ed2-bffc-741649f26ef7,2021-12-06T15:26:40,BRAND2,404.93,ehfccca@gmail.com
debc6955-78c7-4ac5-9319-86ce4d764f37,2021-12-06T15:27:30,BRAND5,934.55,eikjdhi@live.com
c1dc70d9-b990-4892-a4ce-96a82b026cc7,2021-12-06T15:28:20,BRAND1,138.72,"""iafhejb ccbefhb"" <iafhejb@appple.com>"
dde17e01-6c98-4079-877f-a284d8d33c46,2021-12-06T15:28:20,BRAND2,169.68,"""baidagb cfjefgj"" <baidagb@gmail.com>"
9852d4b6-ab58-4c9a-af54-e086d9a75f00,2021-12-06T15:30:00,BRAND5,217.38,agchefb@gmail.com
288c06b8-44f4-4a86-9d0d-8f21fed6a7c8,2021-12-06T15:30:00,BRAND5,173.49,kfiadfi@live.com
4e2a8c33-a85b-4984-80c3-aa342b5d77c6,2021-12-06T15:30:50,BRAND5,753.53,aldbgdl@gmail.com
fb3fed2f-2ef2-45ff-a727-2a881685e516,2021-12-06T15:30:50,BRAND5,953.65,lelbclh@appple.com
4f49dd06-5504-44e9-86c1-e0e48aa24050,2021-12-06T15:31:40,BRAND2,699.25,"""hlfkjhj bjbbidc"" <hlfkjhj@yahoo.com>"
4b741097-93bf-4ec3-b453-f2fedfc5fb07,2021-12-06T15:33:20,BRAND2,432.06,"""hlegibj ijcdgil"" <hlegibj@appple.com>"
45b4b70f-7dd7-4dc2-9e35-383a3d7c369c,2021-12-06T15:33:20,BRAND1,558.51,ghkbfab@gmail.com
4637e637-5eef-4d97-9f7f-e03848726d60,2021-12-06T15:34:10,BRAND2,192.75,abbjkjc@live.com
b67261db-81ea-43f0-9ff3-0a34103d6859,2021-12-06T15:34:10,BRAND2,623.79,ddlhgla@appple.com
4ea2ff78-0678-4089-a018-abf37efebdd4,2021-12-06T15:35:00,BRAND2,670.53,"""kdbhjih fhajhld"" <kdbhjih@appple.com>"
b90eb4db-bead-4052-b19a-6f1479b90345,Mon Dec  6 15:35:00 2021,BRAND2,822.35,bkagkcc@gmail.com
59797994-1b26-4051-93c6-5337ab031343,2021-12-06T15:35:50,BRAND1,607.87,efjbcfh@gmail.com
ac5e1c7e-142b-44f7-9d2a-2acb32aa18ca,2021-12-06T15:36:40,BRAND2,811.44,clbcdhk@appple.com
db7c2d37-081d-4b4e-a643-d3a99528530e,2021-12-06T15:37:30,BRAND5,5.19,iiiiaeh@appple.com
6f5681f0-1772-4beb-a86b-7b34fcd177cb,2021-12-06T15:37:30,BRAND2,958.32,"""bjgcfjg dblajae"" <bjgcfjg@gmail.com>"
dffc7c69-9b9f-46e0-9c26-b822c3c21b34,2021-12-06T15:39:10,BRAND2,872.98,"""iafiaad djlaied"" <iafiaad@appple.com>"
654224ce-4230-4e03-a6cd-9d61a284e8fa,2021-12-06T15:40:00,BRAND2,460.95,dahbfbb@hotmail.com
7fe27018-aefd-467e-9e45-be1a5c29bbc3,2021-12-06T15:40:00,BRAND2,190.01,bbgegel@gmail.com
fd82a89a-1040-4c56-ac28-4a00a8d5c598,2021-12-06T15:41:40,BRAND5,591.54,"""dgffcdg kghdaek"" <dgffcdg@appple.com>"
f03771f1-11e6-43a7-9d13-597807404993,2021-12-06T15:42:30,BRAND1,588.41,"""dhgebie bkjbbfj"" <dhgebie@yahoo.com>"
97de8fe1-7649-4be9-9c4c-2a607dda06a1,2021-12-06T15:43:20,BRAND5,94.43,daebgba@gmail.com
c9aedfd6-4460-4091-b70a-133e9ec1eac8,2021-12-06T15:45:00,BRAND2,180.09,icfdfkd@yahoo.com
fdaddfc1-a417-4bd6-8ee5-b84d26521e9e,2021-12-06T15:45:50,BRAND3,896.62,ijgfgki@appple.com
96c178aa-8196-446a-9a5d-c9c160abbbe7,2021-12-06T15:46:40,BRAND1,101.74,"""cejflej kdljbcj"" <cejflej@gmail.com>"
1d407178-c92f-4173-94d2-11d8d24b15b1,2021-12-06T15:46:40,BRAND1,296.87,ekbdcgh@yahoo.com
7af40d0d-82c9-4bcb-9961-633d0eef5aba,2021-12-06T15:47:30,BRAND2,154.15,hhdjdcl@live.com
7ea38bf9-fbf4-4ee4-8b2d-879f28f49357,2021-12-06T15:48:20,BRAND5,242.93,ijigdeg@appple.com
e2422f4a-ceb7-4b39-a701-c6b823cea594,2021-12-06T15:49:10,BRAND2,540.51,lacjida@appple.com
1035b5fd-9fdc-4dd2-b47f-a6c9e0996e5e,2021-12-06T15:49:10,BRAND1,41.74,"""fjcdfac adbhbci"" <fjcdfac@appple.com>"
2bba6b31-c078-4c0d-ae82-b06646a3e50a,2021-12-06T15:50:00,BRAND5,990.20,"""kjafeck ccfcead"" <kjafeck@hotmail.com>"
ddaa85fc-2031-4ba1-91d5-0e443719c91d,2021-12-06T15:50:50,BRAND2,11.05,"""fhjjcfe cikicck"" <fhjjcfe@gmail.com>"
3f333778-dfb8-4946-a246-2504369f6c46,2021-12-06T15:51:40,BRAND2,192.06,"""lkjgkga ecffijh"" <lkjgkga@live.com>"
999a6ff0-05cb-41e1-816f-42ecb541eb43,2021-12-06T15:54:10,BRAND5,415.06,"""afiikll ejgicjh"" <afiikll@gmail.com>"
41a0cd8e-537f-4a13-95e0-8f097f2ba65a,2021-12-06T15:55:00,BRAND1,330.14,jbkific@live.com
38463952-d448-4224-9025-ab101a6c5b64,2021-12-06T15:55:00,BRAND2,272.37,jifgjlj@gmail.com
78027442-4afd-42bf-978e-1b891cb21839,2021-12-06T15:57:30,BRAND1,58.08,"""aaklcbf biehbjg"" <aaklcbf@gmail.com>"
b01e9f7c-17f2-4afc-a437-083d49e68005,2021-12-06T15:57:30,BRAND4,473.64,jhdecfa@live.com
02d2d9a8-06b2-4f3f-acf9-6cae8034262d,2021-12-06T15:59:10,BRAND5,978.46,ackelib@appple.com
d0d9aa69-673f-49c1-aa91-b300b32b1df7,2021-12-06T16:00:00,BRAND2,758.69,"""eekbiki eaegjlf"" <eekbiki@gmail.com>"
8fcbed91-3e53-4a29-bd27-248c10464b05,2021-12-06T16:00:50,BRAND4,315.42,ieabbcd@gmail.com
c0242329-885f-42d2-aa93-73e34a82f2e5,2021-12-06T16:01:40,BRAND2,730.48,hihdaie@appple.com
0774e6b5-0219-4d30-93e8-c2a0e6548c90,2021-12-06T16:01:40,BRAND2,123.61,"""fklcecj aajbdlh"" <fklcecj@live.com>"
f7206383-f981-4512-9a91-f8d7803c075e,2021-12-06T16:02:30,BRAND2,104.72,jcheelc@live.com
affbe0b8-9028-40e0-8612-427a9ca20a48,2021-12-06T16:02:30,BRAND2,152.31,"""dkdfkik hlddkfg"" <dkdfkik@gmail.com>"
e2744903-46ee-4a7c-bb48-d33be505e353,2021-12-06T16:03:20,BRAND2,991.07,ialljca@appple.com
89221d4f-6b49-4406-ad1e-08642e9f218d,2021-12-06T16:05:00,BRAND5,2.61,"""dahfihb lcefkbk"" <dahfihb@yahoo.com>"
6b66594f-621a-424f-838e-53233c23d33c,2021-12-06T16:05:00,BRAND2,791.29,iagfhfi@appple.com
e180b5e1-3823-4d33-bab4-76e11f74f80d,2021-12-06T16:05:50,BRAND2,555.72,gbgelld@appple.com
55371cb2-2bcb-4512-8ccf-00866ef042a9,2021-12-06T16:05:50,BRAND5,754.05,eicihkf@appple.com
2aea30f7-3edd-475f-be5d-a2dfc68c4501,2021-12-06T16:08:20,BRAND2,848.91,ffaecei@gmail.com
eaaeb41d-634b-4aa0-9061-eae54bcac93d,Mon Dec  6 16:08:20 2021,BRAND5,$981.52,fhaledb@appple.com
eb809bee-a7de-4f63-a3db-664ebe5451ac,2021-12-06T16:09:10,BRAND5,205.81,jbhjgfa@gmail.com
cf22f260-6893-4543-86bb-325e1a0585d5,2021-12-06T16:10:00,BRAND2,896.95,hacgbfb@gmail.com
92e71dc4-fab9-4c22-80ec-86f7de3734a6,2021-12-06T16:11:40,BRAND5,387.30,hbfiilb@gmail.com
a130a00d-7b4b-4d81-bbc4-f2e8bece54d5,2021-12-06T16:13:20,BRAND5,266.90,ebdedfl@live.com
904dae67-c025-44e2-b05e-08d6033a74b1,2021-12-06T16:14:10,BRAND5,846.07,"""dlicbjd ijlkddc"" <dlicbjd@appple.com>"
82bf06c9-330c-44fe-8d10-f7362c8b059e,2021-12-06T16:15:00,BRAND2,941.76,"""gigjjec ibjfclh"" <gigjjec@gmail.com>"
62c7e851-4f1b-4c61-a83b-607ee446a393,2021-12-06T16:17:30,BRAND2,143.73,lijebkf@appple.com
6208e116-1d83-4b44-9ba2-03cc611c9008,2021-12-06T16:17:30,BRAND2,941.46,"""gcihjah eebdaak"" <gcihjah@gmail.com>"
ebc02cc4-2b24-4d8e-b27c-1bece23ea76d,2021-12-06T16:18:20,BRAND5,125.47,"""ljgdgjk fbcjghf"" <ljgdgjk@appple.com>"
