id,date,brand_id,trans_amt,email_address
df7ffb56-ea41-4726-967f-547bc37b5f2c,2021-12-07T20:20:50,BRAND5,241.76,"""dflhlae adddkgi"" <dflhlae@appple.com>"
bfa24992-0cf8-4aab-9639-d10ff337cc75,2021-12-07T20:23:20,BRAND2,387.80,flbbdeg@gmail.com
ea47521f-0790-4239-9dd6-c222615656d8,2021-12-07T20:23:20,BRAND5,261.66,fkdhgjf@yahoo.com
5ab4a3fa-ab36-47a3-a6f0-7995898851cf,2021-12-07T20:26:40,BRAND5,245.07,adjcgeh@gmail.com
243f8988-7817-4998-a6e9-773b7c88bef3,2021-12-07T20:27:30,BRAND2,371.72,"""bbllchj hkilial"" <bbllchj@gmail.com>"
80eb13c9-af1b-43e6-ab16-6e28f4463c5b,2021-12-07T20:27:30,BRAND5,272.03,"""lhgaklh dbfjdhl"" <lhgaklh@appple.com>"
5340efd1-a20c-40e6-9dfe-b883db4b9260,2021-12-07T20:28:20,BRAND5,387.68,jclebdj@gmail.com
f5f20b36-2013-425f-8d12-05676e178eb1,2021-12-07T20:29:10,BRAND3,357.52,cchdabc@appple.com
6f8dc83c-8c31-4281-969c-71b8d7a15945,2021-12-07T20:30:00,BRAND2,715.89,"""jdbfebj kflegkh"" <jdbfebj@gmail.com>"
fd1c05b1-d853-42ad-af79-1beef399d797,2021-12-07T20:30:00,BRAND1,401.18,cfhajlb@gmail.com
c4f7e4e2-64f9-4446-b54a-55861d57e7e7,2021-12-07T20:30:50,BRAND1,757.41,"""ljibkbc jjfhihh"" <ljibkbc@gmail.com>"
4247c4fb-013f-4020-9a9d-1fae6d267085,2021-12-07T20:30:50,BRAND2,299.04,hdbdjhi@gmail.com
be5d5622-6dba-46a2-aa50-a3043462249d,2021-12-07T20:31:40,BRAND3,389.48,laagggb@gmail.com
70b2816e-1c96-49ac-823c-043549c8fbdd,2021-12-07T20:31:40,BRAND2,194.42,fdkfiak@gmail.com
fd82a89a-1040-4c56-ac28-4a00a8d5c598,2021-12-07T20:32:30,BRAND4,671.27,blclhkc@gmail.com
746400d2-079b-4d02-b983-9bb0335d9ed5,2021-12-07T20:33:20,BRAND2,394.67,"""kdihegi eehhdch"" <kdihegi@appple.com>"
e326bd88-a27e-4a22-9737-02bc7a9f4534,2021-12-07T20:33:20,BRAND2,402.83,haldlii@live.com
70cdcea0-e37f-44ef-b42a-47124093b36c,2021-12-07T20:35:00,BRAND2,559.48,"""fcdlfdb kjfgakj"" <fcdlfdb@appple.com>"
59293339-4977-4a5a-917e-9fc6fd3e623e,2021-12-07T20:36:40,BRAND2,426.01,gjbigkh@gmail.com
f858355f-8d70-4fcf-8914-7079ff37a96e,2021-12-07T20:37:30,BRAND2,604.00,kflbael@gmail.com
1ff187e9-b8f5-4961-b087-d7bc0be2e8c8,2021-12-07T20:38:20,BRAND5,556.67,geaidif@hotmail.com
9ebadb15-6757-4345-8a62-8a16d45a3124,Tue Dec  7 20:40:00 2021,BRAND4,693.67,jkbllhe@gmail.com
f4b4f8f5-6059-4710-8b68-40ad308bfcc0,2021-12-07T20:40:50,BRAND5,706.48,"""hihkhkb lieeich"" <hihkhkb@appple.com>"
54a89a38-10a1-4af1-a8af-e18af73c13ba,2021-12-07T20:42:30,BRAND1,105.98,"""aajcflg ddkahdc"" <aajcflg@gmail.com>"
03274844-e8da-4165-964e-acdc0734d685,2021-12-07T20:42:30,BRAND1,113.72,cbefjdc@gmail.com
b1594fbc-662d-4452-8d04-d11a78feedb4,2021-12-07T20:43:20,BRAND2,886.52,hacbihf@gmail.com
96b09b1d-7ffe-406d-bfe5-d244f8bc5cac,2021-12-07T20:43:20,BRAND2,33.39,ghegdkg@gmail.com
0fa1a021-240c-4951-ac09-b2605270f368,2021-12-07T20:44:10,BRAND5,225.88,haffafl@live.com
66bb0833-6107-4c10-bf3d-91d3f6a26112,2021-12-07T20:45:00,BRAND1,196.67,bkjijgj@gmail.com
8b70e6af-b338-4154-b55a-30dabd778746,2021-12-07T20:45:00,BRAND2,293.28,"""ccaeehe kflhlkg"" <ccaeehe@gmail.com>"
690300e3-eccd-453f-bc48-360dbbb10fa4,2021-12-07T20:46:40,BRAND2,852.53,hbidhde@live.com
faca3512-331e-4e54-904d-1ca5a0c9a437,2021-12-07T20:46:40,BRAND2,896.27,"""gkahbkb egebbik"" <gkahbkb@gmail.com>"
8d88045c-f8fc-4280-a643-685ebf29ec1e,2021-12-07T20:49:10,BRAND4,642.84,"""keigddk hifbbjd"" <keigddk@yahoo.com>"
2b8cf3cf-7e25-44a9-9596-cd87bfa82855,Tue Dec  7 20:49:10 2021,BRAND5,683.98,klkfeik@gmail.com
319a6de0-5514-4c3d-a3b8-d0392d0553cf,2021-12-07T20:50:00,BRAND2,55.00,"""iihgkkf fiakhdk"" <iihgkkf@gmail.com>"
ba73b28e-73e7-45af-9eda-4337f08f3a37,2021-12-07T20:50:50,BRAND2,217.58,bblchhl@gmail.com
e7d4d0d4-49b1-4fb1-8606-136fcedbfed7,2021-12-07T20:50:50,BRAND2,162.65,adhcekh@gmail.com
408dae12-1b25-45c7-8f6d-b257ccb7b117,2021-12-07T20:53:20,BRAND5,652.03,"""alijljg ehjlclj"" <alijljg@gmail.com>"
c4db3b0b-05b7-4922-8099-4ac4df29032d,2021-12-07T20:53:20,BRAND2,760.69,"""aghjgji cfjikci"" <aghjgji@appple.com>"
1b3f9a40-aea7-4069-a131-f367af7b8857,2021-12-07T20:56:40,BRAND1,548.59,"""ffcbbbe fikleal"" <ffcbbbe@gmail.com>"
18f47749-88bd-4a18-933f-45fc752c933e,2021-12-07T20:57:30,BRAND2,4.68,edleijf@yahoo.com
d670683a-99f1-4edf-936a-910fa5f43531,2021-12-07T20:57:30,BRAND3,701.44,hhhdiib@gmail.com
183b6e46-4a87-4521-82ed-d9e8d3119e61,2021-12-07T21:00:00,BRAND3,472.15,"""eafaike ddbigcd"" <eafaike@live.com>"
aeffd59f-6c46-49a9-874a-00cfe985ad47,2021-12-07T21:00:50,BRAND2,951.32,iileilc@live.com
71eafcf6-cf5a-42a1-80ad-92df04c2d4e5,2021-12-07T21:01:40,BRAND2,185.63,hjdeggf@yahoo.com
7b5a022b-4ce2-4f16-b5e4-eb4cdce13b4e,2021-12-07T21:02:30,BRAND1,179.86,aadbdfl@yahoo.com
22a8406f-78c4-432d-9b2b-f1344875e895,2021-12-07T21:02:30,BRAND5,538.20,"""jifllhf iagibbj"" <jifllhf@gmail.com>"
bc1fdfa5-4223-4d67-aaf9-b9941fc8c8ea,2021-12-07T21:03:20,BRAND2,411.48,baihkae@live.com
e92b3b0f-49dd-4629-8536-88ca7de556de,2021-12-07T21:03:20,BRAND5,138.96,cificbh@live.com
28be8aba-a8ad-438e-bbdb-b3c2e24c5bc5,2021-12-07T21:04:10,BRAND2,815.75,bjhedfd@gmail.com
fa84caf1-7f5b-404c-ad5d-dcafe3d3aefa,2021-12-07T21:05:50,BRAND2,859.96,gcekhja@gmail.com
458b573e-8ffb-421a-8663-8a0d90a7b311,2021-12-07T21:06:40,BRAND5,944.50,ehkhdac@appple.com
e084f886-4ab2-4146-a772-b5144bb20eb7,2021-12-07T21:08:20,BRAND2,53.78,hjjcchg@live.com
2ef79e3c-dd3b-40ea-a802-7030f30a3bb9,2021-12-07T21:08:20,BRAND2,255.49,adjjffd@appple.com
51dc0b51-9117-4067-afed-75c22c1445ce,2021-12-07T21:09:10,BRAND3,71.79,"""bahekhf gkafclf"" <bahekhf@gmail.com>"
cab2ed64-12d5-4f36-b52b-c8efbbe80557,2021-12-07T21:09:10,BRAND5,920.75,"""iibfdcc hallcbl"" <iibfdcc@hotmail.com>"
b9cb2dfd-49b2-4a0d-bd25-7e95d3308541,2021-12-07T21:10:00,BRAND2,843.71,ebddcdg@live.com
b43348f2-31d6-4034-a6c2-a17946010828,2021-12-07T21:10:00,BRAND2,710.26,"""hcgicha eddhjaf"" <hcgicha@appple.com>"
5e286dc3-0ac0-4c72-90cc-6cc54efd6855,2021-12-07T21:10:50,BRAND1,565.21,"""adcajdd ahkcfld"" <adcajdd@appple.com>"
fdd466bb-eae8-4f8b-b24e-938f35fc89c7,2021-12-07T21:10:50,BRAND2,516.34,"""leialik hkjfcld"" <leialik@gmail.com>"
c625e56a-fd44-4856-9f13-532946b62a31,2021-12-07T21:13:20,BRAND1,610.28,heiffcl@gmail.com
f604e528-a922-4c6d-a5fc-05bda87fa3e6,2021-12-07T21:13:20,BRAND1,469.37,"""ehhlfcl ekdiihl"" <ehhlfcl@appple.com>"
9e9f0b2b-51fd-4f54-849a-3853d69b782a,2021-12-07T21:14:10,BRAND5,338.27,"""bcbcabd eiebkbj"" <bcbcabd@gmail.com>"
c5e15a14-13d0-4f2d-8099-c19a6f3a6cd4,2021-12-07T21:15:50,BRAND1,433.70,bakcgfa@gmail.com
9459557c-6dd1-439b-a877-f35a958ca238,2021-12-07T21:16:40,BRAND1,711.76,adddafb@yahoo.com
c1416a25-87c7-4640-991e-357906483060,2021-12-07T21:16:40,BRAND4,745.11,gckefje@live.com
19dfad94-6d97-47c7-b40e-0a7c6aefa54c,2021-12-07T21:18:20,BRAND2,408.29,"""gcfhjbd bkjekcl"" <gcfhjbd@gmail.com>"
e5588da0-4c00-4c09-ba9f-1803a362cc95,2021-12-07T21:19:10,BRAND5,800.25,"""lggikfd ibhbkdk"" <lggikfd@gmail.com>"
531ae80f-15ea-4f62-8c98-cd5b7ba5e8a5,2021-12-07T21:20:50,BRAND5,334.98,kekfcjk@gmail.com
dfdabfaf-8e2f-489c-a528-8b08dce65b61,2021-12-07T21:22:30,BRAND1,131.00,"""jjafkja ldllbhj"" <jjafkja@gmail.com>"
70db81fb-46d1-4605-ac82-19d17dd7561f,2021-12-07T21:22:30,BRAND2,25.41,"""iblbklk glbdalj"" <iblbklk@appple.com>"
937b8a70-ac1e-4f0d-8ce7-67c3ee404e25,2021-12-07T21:23:20,BRAND5,977.42,gjkgcgj@live.com
03db1330-6174-4d44-812f-3a797d77615d,2021-12-07T21:23:20,BRAND2,278.11,"""gjiljlg edibeeb"" <gjiljlg@yahoo.com>"
83f0c1f7-6041-4c6e-98fa-76d6177ffa30,2021-12-07T21:24:10,BRAND5,121.59,cejbgje@gmail.com
32daab38-ef80-46e7-9a0a-1c9bc2b17ea2,Tue Dec  7 21:25:00 2021,BRAND2,587.65,"""acabkfd gkgljie"" <acabkfd@gmail.com>"
bffe6995-87cf-4f3c-85af-2a3718a543f9,2021-12-07T21:25:50,BRAND2,84.33,"""cbkjflb aahlibj"" <cbkjflb@gmail.com>"
7c6e1c5d-2fcd-4861-a825-f0103683240d,2021-12-07T21:25:50,BRAND2,107.70,"""eeggkbg abiiahb"" <eeggkbg@live.com>"
016f269e-396d-40e2-a7e8-ae93e578756c,2021-12-07T21:26:40,BRAND2,898.12,"""jbifgdd cibcghb"" <jbifgdd@hotmail.com>"
782c35ec-f972-4568-af8d-db93de0c2af7,2021-12-07T21:26:40,BRAND5,715.15,ickbjfj@gmail.com
ed10f32c-2975-4020-a959-273db0fb8e07,2021-12-07T21:27:30,BRAND2,586.90,hhlebeh@yahoo.com
24e4ace2-e9ec-437c-a1f5-330eb4dd7e98,2021-12-07T21:27:30,BRAND5,320.52,haekica@gmail.com
b88663ce-52e2-4797-9f53-2c5bd6b020a2,2021-12-07T21:28:20,BRAND2,390.22,"""leblbkj ljaajha"" <leblbkj@live.com>"
bfa46605-312b-462b-bce5-bf466b60bc33,2021-12-07T21:29:10,BRAND1,496.94,"""ilegjhk hajkafa"" <ilegjhk@appple.com>"
23eb2936-cdb6-4fd5-8ee9-87fef5ce67d8,2021-12-07T21:29:10,BRAND2,414.71,eabdhcl@gmail.com
91e6ad9a-ab7e-4fac-a3fe-1f3e078ab528,2021-12-07T21:30:50,BRAND5,784.59,"""kjjechl ljjgeii"" <kjjechl@live.com>"
ae69c644-30e2-42bd-9314-c2d35114133e,2021-12-07T21:32:30,BRAND5,49.69,"""kkdblhj icdbegf"" <kkdblhj@gmail.com>"
b0e7641b-fc97-42f8-9d88-ef1884f570a9,2021-12-07T21:32:30,BRAND2,340.82,iahdfgl@gmail.com
9a05af3f-de5b-4535-8f96-a3ec68e512e7,2021-12-07T21:33:20,BRAND5,915.93,gjdlcfe@live.com
6781d04a-b94f-4529-a420-1addae9f074c,2021-12-07T21:33:20,BRAND5,445.04,caakfah@gmail.com
528776e0-6df0-419d-b50d-9cbb24189f22,2021-12-07T21:34:10,BRAND5,562.97,"""lagfdde clgjjch"" <lagfdde@yahoo.com>"
3c6d4aab-8f15-482a-af92-dcf4813145e3,2021-12-07T21:35:00,BRAND5,936.50,aaeagkk@appple.com
374ddf5d-32ff-42bc-acac-0a4f6c23df65,2021-12-07T21:35:00,BRAND4,466.56,"""ckcjjic lfabikf"" <ckcjjic@gmail.com>"
2fca9a38-853f-48ea-a6cb-8458c97149ef,2021-12-07T21:35:50,BRAND2,507.85,"""hckgcke kagiiki"" <hckgcke@appple.com>"
7a7d91f5-8293-4478-a88c-49b6a4831076,2021-12-07T21:35:50,BRAND2,417.38,jeadfbe@gmail.com
b8dc2e07-1046-49ec-930c-5ea96158667e,2021-12-07T21:36:40,BRAND2,702.59,hfklgae@gmail.com
b1a17274-c838-4476-b2ea-f73052c310dd,2021-12-07T21:37:30,BRAND5,120.90,"""cclhiba hedbggf"" <cclhiba@gmail.com>"
8988d7eb-482a-4035-b1dd-86bbc727e78b,2021-12-07T21:39:10,BRAND5,442.70,"""dkgddbe igiellk"" <dkgddbe@gmail.com>"
58dd7e36-1acf-49b1-82b2-b3562172c53c,2021-12-07T21:40:50,BRAND5,56.40,fclajhg@yahoo.com
a91be6b9-6e19-4c9f-a207-4210d5fa28c1,2021-12-07T21:41:40,BRAND1,335.50,dffackd@gmail.com
bedef59b-a7e2-42b0-9617-3e19c4768aaf,2021-12-07T21:41:40,BRAND5,591.16,gbhlfdj@gmail.com
db1daf77-1b71-49e0-b8ba-f4fa9dc9309e,2021-12-07T21:42:30,BRAND2,173.19,geeecgj@appple.com
92f945ea-481a-47ff-b064-0ebbf3df06a5,2021-12-07T21:42:30,BRAND5,272.16,glbgkgd@gmail.com
8ecac71e-365d-4ec6-b483-e925d6c239e6,2021-12-07T21:43:20,BRAND1,217.22,iggglil@appple.com
fb05fa00-bb00-4fee-ad8a-d38d7e06e1d0,2021-12-07T21:43:20,BRAND1,404.49,icbjcbk@gmail.com
275a96d1-5f31-41fd-ad1b-c7e65fa06e20,2021-12-07T21:44:10,BRAND2,405.92,gajgclg@appple.com
a73af094-b760-4eaf-a2d9-1bc380a92dce,2021-12-07T21:47:30,BRAND2,198.06,faehlib@appple.com
298d1634-4961-4a43-b92f-4e90f00a23d0,2021-12-07T21:48:20,BRAND2,818.15,bkgiheg@live.com
e8890d41-975f-4713-95e3-82752c0a5612,2021-12-07T21:49:10,BRAND2,21.47,"""jhdjdeb eblbcjk"" <jhdjdeb@live.com>"
fa965c41-c79b-40cc-9565-ae9dbbfdead1,2021-12-07T21:49:10,BRAND4,747.63,"""cccgilg dbbdkli"" <cccgilg@appple.com>"
06c371d1-c3ee-4cf0-85f7-cbe6fed41d4d,2021-12-07T21:50:00,BRAND5,123.47,cjigljb@yahoo.com
d9d99eb0-375b-4fc9-9c2d-6bfd4b64bba0,2021-12-07T21:50:00,BRAND4,246.30,ehhbfah@appple.com
993a53d2-831d-4bf9-a72d-b4e3e42cc6c3,2021-12-07T21:51:40,BRAND3,854.72,dldcfih@hotmail.com
ec29d234-7243-4e51-a865-c82bda1faf15,2021-12-07T21:52:30,BRAND2,54.83,"""lgbchcd lgkgakh"" <lgbchcd@gmail.com>"
fa3a63c1-2edd-4959-bafd-4d8c572d4a47,2021-12-07T21:52:30,BRAND2,247.88,glhlcig@gmail.com
28a26713-0cac-480a-881e-a00b904003b7,2021-12-07T21:54:10,BRAND2,710.27,fceceea@gmail.com
9b6b1932-1405-4346-b2db-4c156d01d367,2021-12-07T21:55:00,BRAND4,293.90,eihefae@appple.com
68c00711-20b7-4592-9fef-8121914de70b,2021-12-07T21:55:00,BRAND2,534.46,daljbfd@yahoo.com
8075c04b-3e95-4a6d-8154-01d3f360c05a,2021-12-07T21:56:40,BRAND2,950.39,kgbjlff@gmail.com
601abdc9-bd72-4d76-b04d-52d3487b3376,2021-12-07T21:57:30,BRAND4,881.77,cdifeib@gmail.com
a586f8bd-a84e-4584-bf06-a8176949a819,2021-12-07T21:58:20,BRAND1,45.50,"""hbkecah edehihk"" <hbkecah@live.com>"
88935d34-ab52-4f16-91b9-b7857afbbab5,2021-12-07T21:59:10,BRAND5,267.60,bieedfb@live.com
f2888473-62f6-4d3a-8f23-7557b5f0772a,2021-12-07T22:00:00,BRAND2,980.31,"""dlgbckb ajhfchi"" <dlgbckb@appple.com>"
ccc97412-b472-48d1-9a54-d4608901cb68,2021-12-07T22:00:00,BRAND3,791.96,"""gjjhcah laccaah"" <gjjhcah@gmail.com>"
e5471a2b-2dbe-4cba-b1f3-a3f3cf5f6e00,2021-12-07T22:01:40,BRAND2,107.04,eaageeh@gmail.com
d0ed2f19-b688-446a-9446-8e130f4f48fc,2021-12-07T22:06:40,BRAND1,786.76,hdgahji@gmail.com
4e40ab88-ecde-4e1f-ab07-871b6b534554,2021-12-07T22:07:30,BRAND3,478.33,hghaedj@gmail.com
a781c692-ab77-4d4f-aa34-a0873f6cae60,2021-12-07T22:07:30,BRAND5,456.93,"""hhabjbf jajcaha"" <hhabjbf@gmail.com>"
c30385fd-2398-4ac3-821c-45931c67176e,2021-12-07T22:08:20,BRAND2,35.15,lfjcaje@appple.com
8063cb3c-af33-4584-a4ac-0bf1830d1d1b,2021-12-07T22:08:20,BRAND2,35.57,"""lgdfbia cejkekg"" <lgdfbia@gmail.com>"
45111f7c-2065-4cd5-a17f-80c22feecb1f,2021-12-07T22:10:00,BRAND2,764.56,"""dbkbgcb ejgeclj"" <dbkbgcb@yahoo.com>"
601bc36c-d27f-4bc1-a52c-1c90b2435dc0,2021-12-07T22:10:50,BRAND2,$832.58,baeagfj@gmail.com
5a975f80-f1bc-4ae2-8b8e-1bf2d6f7f1fe,2021-12-07T22:10:50,BRAND5,384.43,ledjklg@gmail.com
965711c9-fb87-41d5-b715-3beed6c70a80,2021-12-07T22:11:40,BRAND3,230.27,cjabgdh@gmail.com
318ee28f-171e-4242-89ee-ce88a076e839,2021-12-07T22:11:40,BRAND2,365.89,ebgblie@gmail.com
20e8a23a-ed49-4356-b1fe-1069eebfb5f5,2021-12-07T22:13:20,BRAND5,$693.50,cfjlacg@gmail.com
775a4710-25a1-45c7-baa5-6355f9f2879b,2021-12-07T22:14:10,BRAND1,726.28,bdbhcdj@gmail.com
998b1c42-4ac2-460e-a73d-cb293ee4739d,2021-12-07T22:14:10,BRAND1,15.18,jedechj@gmail.com
6c7ddaad-f966-40dc-8dc1-3e868dd9f606,2021-12-07T22:15:00,BRAND4,491.50,glhjljl@gmail.com
8aa8f152-1374-4eae-960c-a3de5bc1b1af,2021-12-07T22:16:40,BRAND5,57.70,"""bfebfke bifahel"" <bfebfke@appple.com>"
029e82c9-d4c2-46c6-b162-0bcf66c35e71,2021-12-07T22:16:40,BRAND1,44.72,dfegbfa@gmail.com
5e78c7ff-b5d0-4bf8-94a7-ea6927af122e,2021-12-07T22:17:30,BRAND2,525.95,"""jhegfbk djbadla"" <jhegfbk@yahoo.com>"
18624c3c-f715-46ab-a001-b4c5b02b92e2,2021-12-07T22:18:20,BRAND5,$354.88,jhfcdjh@gmail.com
bbb538aa-a1fa-4010-9226-b94ab1cd5c18,2021-12-07T22:19:10,BRAND5,547.28,fjigeai@gmail.com
b8a1ce94-98dc-4433-ba3f-b39938247bbb,2021-12-07T22:20:00,BRAND2,737.35,"""fkfciib glfjhbl"" <fkfciib@appple.com>"
a1950669-6a4e-43f6-b9a0-8f52da9c8680,2021-12-07T22:20:50,BRAND2,22.82,"""igglllg febkiaa"" <igglllg@appple.com>"
af1ece0a-7223-444c-8815-5d3d86308c5b,2021-12-07T22:20:50,BRAND2,329.31,ihjcdfc@gmail.com
88fd2856-1b9c-466a-a6f6-b353c823a6dc,2021-12-07T22:21:40,BRAND3,400.34,"""idlehei kfccilg"" <idlehei@yahoo.com>"
d261574f-2730-40b0-a945-b843daedd11e,2021-12-07T22:21:40,BRAND5,118.75,aajllhj@live.com
33d5214a-f4a7-47cf-8093-fe756e8f13c6,2021-12-07T22:22:30,BRAND5,220.32,kebgjfd@appple.com
726f1f53-0bd0-498f-8666-76049d1c0456,2021-12-07T22:23:20,BRAND2,627.19,abhlhli@appple.com
6ea97782-4e1d-4604-989d-e92331815618,2021-12-07T22:24:10,BRAND2,846.69,efcdjld@appple.com
98e7d8cb-0106-49f1-88da-22a93cac7ff1,2021-12-07T22:25:50,BRAND2,955.80,"""edgfedl ijcbbfl"" <edgfedl@gmail.com>"
56ed047f-8906-44e3-a11a-164c55a3309c,2021-12-07T22:25:50,BRAND1,311.13,ddkijac@live.com
56e3ba06-7f74-4b7f-b2df-5d08bbbf67c7,2021-12-07T22:26:40,BRAND2,345.42,jjiddle@gmail.com
7c2f5cd5-5415-437f-a330-b46491923612,2021-12-07T22:27:30,BRAND5,733.00,geblljg@gmail.com
b35359b2-dc09-47cc-88f8-52a61325d424,2021-12-07T22:28:20,BRAND5,359.91,kjhdfel@gmail.com
6cc7df57-c856-49c5-a139-b6c1d778ea7a,2021-12-07T22:29:10,BRAND2,725.01,chhbklc@appple.com
635efdb1-4b21-45a1-9a0a-34c8719e1609,2021-12-07T22:30:00,BRAND4,607.99,"""lgilahg akejiea"" <lgilahg@gmail.com>"
ea47b2de-23d1-40f7-b709-208cf840f774,2021-12-07T22:30:00,BRAND1,936.24,"""dghhhkh eagbejh"" <dghhhkh@gmail.com>"
3ba1b9c2-591e-4958-a6b0-e2d56accfb83,2021-12-07T22:30:50,BRAND5,602.40,fjccifj@gmail.com
2ff30fab-ea6d-4dc3-a25e-160fdfddf5ea,2021-12-07T22:31:40,BRAND2,900.84,fleajkk@gmail.com
a25cf71e-bbeb-4474-9b9a-c4f9f85b54fd,2021-12-07T22:32:30,BRAND5,770.84,bhcbhgi@appple.com
b748f59b-9240-47cd-8d1e-80fe37d7055d,2021-12-07T22:33:20,BRAND1,733.89,afdhlil@appple.com
eec49fed-703b-43c2-b897-6da5d8ff1572,2021-12-07T22:34:10,BRAND2,424.08,kgkhaaj@appple.com
cba07174-063e-47b1-885e-3e8dfca59f9e,2021-12-07T22:35:50,BRAND5,306.53,biaiaee@gmail.com
e4ad3e3c-564e-4f7f-b2f2-4a5666db9a9a,2021-12-07T22:35:50,BRAND5,934.78,"""ghjebhc eaekfcj"" <ghjebhc@gmail.com>"
1c7db9b0-dfa7-4ac4-b97e-7045330fd133,2021-12-07T22:38:20,BRAND5,324.22,cbckiej@gmail.com
c859a194-244e-483a-9d4f-0b9ffb6de342,2021-12-07T22:38:20,BRAND4,135.70,lghdgbd@gmail.com
dddd4abb-25e0-41c2-a6af-03b36011eef7,2021-12-07T22:39:10,BRAND3,179.14,hekdjda@gmail.com
75c5195b-1a04-4954-9b3f-89297aecf703,2021-12-07T22:40:50,BRAND2,291.43,lejdkhk@gmail.com
6885e6a1-3d94-4bfa-b368-a1df7065f53b,2021-12-07T22:41:40,BRAND4,860.87,"""clkkdja ddgghfl"" <clkkdja@gmail.com>"
3354440f-b370-4adf-904d-5f807d691c06,2021-12-07T22:41:40,BRAND2,36.57,"""fdgfbba jjchged"" <fdgfbba@gmail.com>"
60c4567a-bc55-47a2-9dd6-d855e068bc76,2021-12-07T22:42:30,BRAND2,726.80,cagcfjd@appple.com
bf04c67d-71ec-4885-b0d6-508ee54ef087,2021-12-07T22:43:20,BRAND2,398.57,"""iihijbc jcjbfgc"" <iihijbc@appple.com>"
82d7ac77-0e3b-4624-ac24-2e028a7de16a,2021-12-07T22:44:10,BRAND3,157.09,eehaela@gmail.com
ccac8807-d2bf-4d56-a950-01206836cd60,2021-12-07T22:45:00,BRAND2,453.45,"""hchhghj jghfebh"" <hchhghj@appple.com>"
9402bf51-04a9-40d5-bc45-23f9d19d1f17,2021-12-07T22:45:00,BRAND2,883.54,"""ajcfcll klhhilj"" <ajcfcll@gmail.com>"
faa875f6-7cab-4aba-931f-267569a72884,Tue Dec  7 22:45:50 2021,BRAND2,309.46,afgjfga@gmail.com
adf6b36b-8f00-46f0-bdef-31668955bea4,2021-12-07T22:47:30,BRAND3,$77.91,ablajha@appple.com
750e6c5f-3dcd-48e5-8e35-07e1ff4f1568,2021-12-07T22:48:20,BRAND3,975.20,"""ljglbbg bdkflij"" <ljglbbg@appple.com>"
f2ec135b-6948-4a02-97ca-ff46d26718b6,2021-12-07T22:50:00,BRAND2,285.21,eihlife@gmail.com
2dc699ab-9948-4f40-a7af-64c8e1b7b968,2021-12-07T22:50:00,BRAND2,249.99,hibbkfl@gmail.com
7fd3f4b4-e55d-4ff4-b84b-57b09fe86315,Tue Dec  7 22:50:50 2021,BRAND2,622.84,egihfgh@live.com
7026942c-071c-4f94-b419-648b47226bd6,2021-12-07T22:50:50,BRAND5,$257.85,"""gjbgcgg dgaffdj"" <gjbgcgg@live.com>"
b35e6a09-071d-4e1d-9422-0541a54bb88e,2021-12-07T22:51:40,BRAND1,94.55,"""ekfgjke jkijdab"" <ekfgjke@gmail.com>"
3304b3e4-0b77-4a68-9818-0a2ae8adfc85,2021-12-07T22:51:40,BRAND2,926.18,"""aglhidg iijbfkb"" <aglhidg@gmail.com>"
c3d05de8-bfe1-455c-b32e-471e2860ef90,2021-12-07T22:53:20,BRAND1,297.54,glhbjli@appple.com
e11f1114-eb5d-4e3a-bb58-3a428dd8f1d6,2021-12-07T22:54:10,BRAND2,598.69,kihceaf@appple.com
e3e015ec-8fd4-453e-9270-a6ba2f37a196,2021-12-07T22:55:50,BRAND5,419.50,elkficb@gmail.com
e96d691a-9695-4ee6-8407-2e67e8d4e842,2021-12-07T22:55:50,BRAND5,957.46,"""ijgkegg gibikhh"" <ijgkegg@gmail.com>"
551476f2-5b21-4ba5-895d-5face844ed71,2021-12-07T22:58:20,BRAND5,306.05,ifagkjk@gmail.com
ae76d75b-99c4-4610-b786-18c369fe7bdf,2021-12-07T23:00:00,BRAND4,143.86,"""jkeibkl kiaebkl"" <jkeibkl@gmail.com>"
3ec4be19-63cd-401c-8c8d-dd23b60cd01f,2021-12-07T23:02:30,BRAND5,426.91,"""klccbac fdgkjfe"" <klccbac@gmail.com>"
137d161a-1af2-4628-8c79-61dfc9505f3e,2021-12-07T23:03:20,BRAND2,484.19,"""gejcbej gacdeje"" <gejcbej@appple.com>"
77b4fc15-ec57-4881-8f90-d78450acf59e,2021-12-07T23:03:20,BRAND5,919.23,"""ikaiaaf jljhbfd"" <ikaiaaf@gmail.com>"
7888b92a-9ea1-4408-84cc-05a0e83a09f5,2021-12-07T23:04:10,BRAND2,405.22,"""aefllbe cdhlijl"" <aefllbe@gmail.com>"
993a3c90-e756-42fe-a114-5469fc38268f,2021-12-07T23:05:00,BRAND2,496.53,"""ieaddgd klakgkk"" <ieaddgd@appple.com>"
176dd759-2f8a-423f-81c0-4a50d5719451,2021-12-07T23:05:00,BRAND5,111.06,bjlcaij@gmail.com
021865ef-c7e5-43a8-aad4-609bbc921909,2021-12-07T23:06:40,BRAND2,605.19,"""lglbkhf jlfhcjf"" <lglbkhf@gmail.com>"
cee845ca-966e-4e6c-ad87-86a6e102e19d,2021-12-07T23:06:40,BRAND2,970.80,"""kckbgej jdlccjf"" <kckbgej@gmail.com>"
e3889a98-34bc-464a-ac32-fcd1a3d29084,2021-12-07T23:08:20,BRAND2,29.76,"""ahbiikl fleggee"" <ahbiikl@gmail.com>"
53833015-8f4b-4606-957a-0b3e86ba1532,2021-12-07T23:08:20,BRAND1,34.74,ifikach@yahoo.com
25674c1a-1719-46a5-9c22-df5310030f20,2021-12-07T23:10:00,BRAND4,32.22,fdcclga@appple.com
43c3aa44-d2a1-447b-92c9-9d5004961a33,2021-12-07T23:10:00,BRAND2,424.58,"""jgccdia lcjjiei"" <jgccdia@gmail.com>"
a2cd6aad-a66e-4c96-bb5f-0c0945d82ecb,2021-12-07T23:11:40,BRAND3,85.91,jcgkial@gmail.com
98fa9bbf-3100-455f-90c5-53caf632cc98,2021-12-07T23:12:30,BRAND2,231.47,dcbhlfl@yahoo.com
156cba38-ddf1-4eae-b9a4-de2e4b08b4cc,2021-12-07T23:12:30,BRAND1,$1.00,"""hjiiiab cdbfddi"" <hjiiiab@gmail.com>"
9bfc3879-e4a3-4fa9-b76a-36c16ede38f2,2021-12-07T23:18:20,BRAND2,155.77,gcadaai@appple.com
b9a0c075-ee87-4f16-809e-6c0fd1c6ff62,2021-12-07T23:20:00,BRAND2,365.71,"""dgcahde eclbcga"" <dgcahde@gmail.com>"
0ac8712c-07a4-4f84-bc4f-5fef9989eea6,2021-12-07T23:20:00,BRAND1,179.38,"""adbjkgh haicjhh"" <adbjkgh@gmail.com>"
34124b3c-df0c-4a59-a975-95afc17019ac,2021-12-07T23:20:50,BRAND2,929.50,dhjfbek@gmail.com
ef09bebd-2b21-44de-86cd-8c814332b67e,2021-12-07T23:21:40,BRAND5,255.44,bgcdadl@hotmail.com
02270219-58d8-4b4c-8f7d-4572cb7d0224,2021-12-07T23:22:30,BRAND2,251.97,edbjbfh@yahoo.com
1b5ecd57-64e5-4ea7-adf8-5f10d02f8217,2021-12-07T23:23:20,BRAND2,985.55,cjjgale@appple.com
1b3dab1c-a2d2-4e70-bc6e-68ddda7400cf,2021-12-07T23:23:20,BRAND5,104.63,ffdgdij@gmail.com
d81a6330-55f8-4ba0-8696-20cbdd923846,2021-12-07T23:24:10,BRAND1,544.97,eeacaic@yahoo.com
d3b16765-b393-48c4-8152-3b80d8022586,2021-12-07T23:25:00,BRAND5,532.78,"""bhbjgjh aebbjla"" <bhbjgjh@appple.com>"
4476722e-7b58-4e6a-92e1-8e61c8a7c23e,2021-12-07T23:25:00,BRAND5,561.92,licjgic@gmail.com
684be713-0a10-4eb2-ba4e-0bb577745254,2021-12-07T23:25:50,BRAND5,307.75,kdfflkl@gmail.com
0428ec1c-d1e9-41c3-ab3d-3b9f778dc864,2021-12-07T23:26:40,BRAND5,609.89,"""ghigikl gkikefj"" <ghigikl@gmail.com>"
d0bf3a88-6ee5-4d69-bcc5-6afbd624c091,2021-12-07T23:28:20,BRAND2,29.15,gaieakg@gmail.com
2f5d298f-1cc1-4432-964a-ef5fa41a9f77,2021-12-07T23:28:20,BRAND5,335.47,dfkkjci@appple.com
a9766bb8-44a2-4b95-969c-4ebffbff5ec6,2021-12-07T23:31:40,BRAND2,834.27,ghcdfki@yahoo.com
caba28de-5571-44ba-8246-091ef9858923,2021-12-07T23:33:20,BRAND5,78.36,ajjiicd@gmail.com
abacaa6f-6a6d-44c4-9f81-2866421e19b8,2021-12-07T23:35:00,BRAND1,789.11,"""cfckibb hddkgfl"" <cfckibb@gmail.com>"
f6ebf27d-d7e7-42a3-9398-0d166af6377e,2021-12-07T23:35:50,BRAND2,491.93,"""deiilfj bejjhbj"" <deiilfj@gmail.com>"
a1eb7e36-931f-4ccc-a7cf-ad9250ca4740,2021-12-07T23:35:50,BRAND2,21.69,jcbfbfk@live.com
606083b5-d917-470f-b9e3-6bd3bb9149cb,2021-12-07T23:36:40,BRAND5,522.82,"""figaadj ggiaglg"" <figaadj@gmail.com>"
2cd62f36-9e6a-4751-9813-75dfbfd5b610,2021-12-07T23:37:30,BRAND2,607.63,ifiglaf@gmail.com
01afa6f3-7066-4446-9499-6c7e82b26b2b,2021-12-07T23:39:10,BRAND2,881.70,leafiff@appple.com
142d7014-59f6-416c-b3b8-9b9a8e54e142,Tue Dec  7 23:39:10 2021,BRAND5,798.63,"""jkdhhki kedkdjh"" <jkdhhki@gmail.com>"
3b476374-6d4e-4f4c-ab0e-0b4f8d2f34f1,2021-12-07T23:40:00,BRAND3,391.31,keccjlk@gmail.com
162baac3-6711-4d79-a99d-77bd3c9d481d,Tue Dec  7 23:41:40 2021,BRAND2,860.37,"""gjehcaf hgjlkgl"" <gjehcaf@appple.com>"
34ae821a-8ada-4552-b1ea-b5805556aa72,2021-12-07T23:41:40,BRAND2,482.42,dlicjfj@gmail.com
4d5132ff-9f31-4963-9c2c-becb466d184b,2021-12-07T23:45:00,BRAND5,152.17,aflhhhi@appple.com
03757a1c-7ae3-425a-ac80-8534c7f40935,2021-12-07T23:45:50,BRAND4,862.10,"""lbicigc dchhgai"" <lbicigc@live.com>"
5e2fad2b-6927-418f-b0ea-7e57c8b30b3e,2021-12-07T23:47:30,BRAND1,766.69,kjbjlde@gmail.com
fde8a07e-d95c-4da1-b6dc-5aec0a82b19b,2021-12-07T23:48:20,BRAND2,873.43,hljdkel@appple.com
64edc1f7-a474-4868-ba6c-ec238c27c6fa,2021-12-07T23:49:10,BRAND2,97.53,bhjagkb@gmail.com
0f21cefd-adaa-494a-aef3-b114562ae0dc,2021-12-07T23:50:00,BRAND2,931.31,kideigg@gmail.com
90f3db01-c067-44a4-aa93-aefdfb94a580,2021-12-07T23:50:50,BRAND2,854.44,ihceaja@gmail.com
8a98143d-b913-445c-a964-e0270006b1c7,2021-12-07T23:51:40,BRAND2,202.06,"""cbgjkfk hglkddg"" <cbgjkfk@live.com>"
faa7e2a6-2cb0-4f0d-8b97-a0e53c20e0bc,2021-12-07T23:51:40,BRAND5,405.18,lfhlfck@gmail.com
5aa4c282-8fe3-4b0b-8d38-15b21404abc6,2021-12-07T23:52:30,BRAND2,171.22,"""ikjfkah elkalji"" <ikjfkah@gmail.com>"
f7cf8764-e374-4e00-9f4d-4dc7e1629153,2021-12-07T23:53:20,BRAND2,412.74,egbcbgc@appple.com
2c6509e5-6283-43ea-a6d5-b3cee4cb07f1,Tue Dec  7 23:55:50 2021,BRAND1,812.39,aifebcf@live.com
ed3f75b5-95a8-44d4-bc43-3a1f9ccaffa1,2021-12-07T23:55:50,BRAND4,529.69,hflbjcc@appple.com
d96ab888-c989-47e2-9d8f-9877697c4b37,2021-12-07T23:56:40,BRAND1,725.18,lgkjdll@appple.com
9ba62fb1-a16c-4074-ab6f-65e5824f0458,2021-12-07T23:57:30,BRAND1,427.48,"""ekebice adbciig"" <ekebice@appple.com>"
cdd37937-11fc-460b-87ac-3911182c9176,2021-12-08T00:00:00,BRAND5,282.09,"""ikhcfje dkbaldg"" <ikhcfje@yahoo.com>"
52183426-ad8a-4a99-a47a-2361103327ee,Wed Dec  8 00:00:50 2021,BRAND2,910.00,"""didkflk kgjifah"" <didkflk@appple.com>"
b397b221-e89e-4d07-8bf3-aaf34ad07892,2021-12-08T00:01:40,BRAND2,768.26,kghjcjd@live.com
53c4ce38-05f9-4952-8925-a451d9608d3a,2021-12-08T00:01:40,BRAND2,251.05,bchdjbb@gmail.com
b782fa46-09eb-4cae-ad39-a6dbd69a4750,2021-12-08T00:05:00,BRAND3,805.13,daichej@appple.com
47cade95-f6bd-4dfe-b1c5-39a0af83bfb6,2021-12-08T00:07:30,BRAND2,153.64,ggajaje@gmail.com
149730f2-3bb5-4cd7-9f77-e6393eb621e6,2021-12-08T00:07:30,BRAND2,427.65,icihcia@gmail.com
3a4096d9-accb-4988-9685-b4eda9065119,2021-12-08T00:08:20,BRAND2,637.85,fdgghla@live.com
a76e5378-f408-4940-a842-e0bb502f0b3d,2021-12-08T00:09:10,BRAND3,483.83,jlgiijj@live.com
1a5cb0f9-f274-4539-9abb-fb6e636a1f08,2021-12-08T00:10:00,BRAND5,926.39,kefkecf@gmail.com
aa12e8ea-51c3-4048-86c8-450ca260ca10,2021-12-08T00:10:50,BRAND5,740.20,"""ffeegbi lffhfdg"" <ffeegbi@appple.com>"
eef20d54-9b44-42ca-bec7-a5efdf39d2e7,2021-12-08T00:11:40,BRAND5,852.56,"""klhdaej kcdecgj"" <klhdaej@appple.com>"
fd3fa154-b8b8-48f3-9d46-9a8ce7954e7b,2021-12-08T00:11:40,BRAND2,918.51,"""efljicd ehhkjcc"" <efljicd@live.com>"
c2e67b2f-582b-4cf0-a76d-60bda8f332c2,2021-12-08T00:12:30,BRAND2,371.82,"""iajfjbl kkfblih"" <iajfjbl@gmail.com>"
b97315c0-f505-4b09-a2b0-75e0ebb71fde,2021-12-08T00:13:20,BRAND2,733.98,daeedfj@gmail.com
d8a2b490-ae04-4329-8d7d-15cf2bdc21e1,Wed Dec  8 00:15:00 2021,BRAND2,60.51,jkclibb@gmail.com
fcfadea6-fc5a-41ae-bef9-01c9afd08c86,2021-12-08T00:15:00,BRAND2,124.80,ebgcdig@gmail.com
fa64f61b-6417-4fc4-957e-5f989269ec34,2021-12-08T00:15:50,BRAND2,673.04,gjkgeed@gmail.com
a236bb54-d193-4806-84f1-100b1781222c,2021-12-08T00:15:50,BRAND1,141.83,"""gfdjhia aldhcdd"" <gfdjhia@appple.com>"
1c28cdec-d746-456c-9825-578e5bf3f846,2021-12-08T00:16:40,BRAND2,962.15,aeceijb@gmail.com
f04693a4-e99e-4549-b0e4-13a7448aea99,2021-12-08T00:18:20,BRAND2,975.69,eabfiak@gmail.com
e7ffe1f9-282c-4775-9c9c-9bd15eb5d634,2021-12-08T00:18:20,BRAND1,578.25,"""kblhfag gcdjjee"" <kblhfag@live.com>"
95a55c22-bf43-47df-86cb-9fd1ff4e7bd0,2021-12-08T00:19:10,BRAND2,230.73,blbfckb@gmail.com
8f87834d-e444-463d-ad94-7ad583f003fa,2021-12-08T00:20:00,BRAND4,311.30,efheadh@live.com
38139219-f08e-48e3-bd07-9875b4437bfa,2021-12-08T00:20:00,BRAND3,703.86,"""ifhlbci bjlbkgj"" <ifhlbci@gmail.com>"
5d0d42e9-4dd1-4695-9190-06f0d625ed07,2021-12-08T00:20:50,BRAND2,903.72,hillagb@live.com
4e876e02-6d6f-4928-8c68-d9d68b47e439,2021-12-08T00:20:50,BRAND5,870.66,labbkdk@appple.com
1860fa0b-d864-4c39-8a27-00189340a165,2021-12-08T00:22:30,BRAND2,390.20,lifhjif@gmail.com
59391599-cbe2-4a1f-9505-da04a68249fd,2021-12-08T00:22:30,BRAND2,865.39,gailaji@yahoo.com
0beba6b4-bd1b-43cd-bed0-913fe5ec8490,2021-12-08T00:23:20,BRAND5,164.91,fjjjfje@gmail.com
73c31358-36b3-44ce-a038-e9f8f494ca95,2021-12-08T00:23:20,BRAND2,$829.45,ckcfekc@gmail.com
17d0e160-bce4-4bc5-a098-8ee4ea94eab5,2021-12-08T00:24:10,BRAND1,830.66,"""gebieij glilaed"" <gebieij@gmail.com>"
4869162e-f338-4061-a60d-c024b17e5b00,2021-12-08T00:24:10,BRAND1,961.51,acbikia@gmail.com
e29d30ff-2a01-4c89-8c59-97727ca977e6,2021-12-08T00:25:50,BRAND2,526.66,"""aegecae jidejcj"" <aegecae@gmail.com>"
c8c00649-9e0a-48ff-ae45-908f5aea2e6b,2021-12-08T00:25:50,BRAND2,911.39,degkhle@gmail.com
4ec39291-5ead-463a-b408-a916eff624e5,2021-12-08T00:26:40,BRAND2,519.73,"""gkicici bjighee"" <gkicici@yahoo.com>"
f0ec5f16-47ac-4f52-a8a5-2693b925b64c,2021-12-08T00:26:40,BRAND5,33.10,"""ljhhaee abcjjie"" <ljhhaee@gmail.com>"
11934b29-94fe-4abf-a885-0891056c157e,2021-12-08T00:27:30,BRAND5,617.07,dcfigfi@gmail.com
a03ce840-c267-4a01-a3c9-9150395de71a,2021-12-08T00:27:30,BRAND2,968.51,gjebjdj@gmail.com
306ab1fe-cdb6-4ac5-840f-c2816b78f4e3,2021-12-08T00:28:20,BRAND2,936.36,"""idgcbhl hkfacbh"" <idgcbhl@gmail.com>"
322531ca-0a3a-4984-8470-3b284e0b7aaa,2021-12-08T00:28:20,BRAND5,256.82,"""hhaabgj egahbfa"" <hhaabgj@gmail.com>"
c752ab87-f64f-43f1-b9a5-d5c7db7d9c2a,2021-12-08T00:29:10,BRAND2,957.83,"""icekkbi fkbjcdl"" <icekkbi@live.com>"
3478c309-1fb0-465f-aeae-cf0184af6c77,2021-12-08T00:30:00,BRAND3,255.79,aaaaghg@appple.com
aafc711f-8279-46f9-a4c8-c224b6255875,2021-12-08T00:31:40,BRAND5,572.69,igjahah@gmail.com
8989f794-28a8-4bb5-abbe-ec26ce9aec7e,2021-12-08T00:32:30,BRAND2,108.17,"""dblkjak lflbefc"" <dblkjak@live.com>"
f1507a73-ae7f-4491-abdd-988464fddb6f,2021-12-08T00:32:30,BRAND2,708.88,afidflj@live.com
bbda3379-7345-4cdf-9573-e70d959c49e2,2021-12-08T00:34:10,BRAND5,212.96,fecddje@live.com
0f90806c-d444-4732-ad8d-7a13d8e565e3,2021-12-08T00:34:10,BRAND1,154.17,"""ckckfel akldjkd"" <ckckfel@live.com>"
8e060cb4-a4ec-4a79-a177-d7762d7426c0,2021-12-08T00:35:00,BRAND2,933.41,lcejfcf@gmail.com
20216fe7-f6e8-415b-95d4-9bfde38c61fa,2021-12-08T00:35:50,BRAND3,650.31,"""hfgjkkg aildleh"" <hfgjkkg@appple.com>"
43a286cc-a5ac-42f2-b8c8-aa17628ffbd4,2021-12-08T00:35:50,BRAND1,136.60,jbbgaic@hotmail.com
cbcc451b-78bf-4b14-a626-18c4c8306da0,2021-12-08T00:36:40,BRAND2,698.48,ecfdghi@appple.com
a63f3ace-f8b7-4443-82e4-f9df00d6b739,2021-12-08T00:36:40,BRAND2,796.18,jgjhcgi@gmail.com
dab2b94d-894f-4d5b-bfc1-6e1061d46c69,2021-12-08T00:37:30,BRAND2,196.24,lifaihk@appple.com
8a4f4366-ba60-4b14-9e9b-1cbd25f336a8,2021-12-08T00:38:20,BRAND1,18.11,dgclbgk@appple.com
17d97c88-5fd4-4343-8857-b3f61fb1d9a7,2021-12-08T00:39:10,BRAND3,812.27,glkidci@live.com
3c4d023a-8892-4dcd-aca8-e5c397a60d62,2021-12-08T00:39:10,BRAND5,165.39,"""hbdeiki iekdhel"" <hbdeiki@gmail.com>"
e2169b9c-f67f-409b-bc52-cb7156d5c3b1,2021-12-08T00:40:00,BRAND5,537.15,"""lefebjg gfeegdb"" <lefebjg@appple.com>"
3238c3ee-5705-4e86-b90a-3122fd145bb3,2021-12-08T00:40:00,BRAND2,98.86,jilabaa@gmail.com
c8acfed1-4ccf-453d-86c6-59489b0f9496,2021-12-08T00:41:40,BRAND2,651.27,dcjebah@gmail.com
46cfff6f-24f9-4f3a-98e5-f1c4fc2ae79a,2021-12-08T00:41:40,BRAND5,$564.68,"""lkbijdc ffflcdf"" <lkbijdc@gmail.com>"
debd23a7-4f22-459b-a7eb-6d4914386b61,2021-12-08T00:44:10,BRAND3,602.54,"""dabgafa gdgcjlj"" <dabgafa@gmail.com>"
2e23ab22-aaf0-49f1-9dfd-346d1f55952c,2021-12-08T00:44:10,BRAND3,326.71,aagiijj@gmail.com
652727ee-a461-4b35-b270-d094fee75f9d,2021-12-08T00:45:00,BRAND2,879.02,"""lcjhali hbeiiij"" <lcjhali@gmail.com>"
2e917ba4-c16e-40b5-86a0-51b993080737,2021-12-08T00:48:20,BRAND2,418.12,jackhah@appple.com
10c25530-4463-461b-a517-ab8a418d0512,2021-12-08T00:48:20,BRAND2,885.13,aaijhek@appple.com
9776eb00-7766-4caf-9a09-529bc670ef19,2021-12-08T00:49:10,BRAND5,754.87,"""ejicklc iddjjlh"" <ejicklc@gmail.com>"
d8dd8875-d3c1-48fc-9b78-b3c8e1313e3c,2021-12-08T00:50:50,BRAND1,697.32,deffbbj@gmail.com
3ebd02e7-7465-4ef1-a51a-1a262f62b8c6,2021-12-08T00:51:40,BRAND1,372.53,"""habgjcg ahdhhjl"" <habgjcg@gmail.com>"
3136218f-40a4-4528-a2b0-2a2884028bf4,2021-12-08T00:52:30,BRAND5,315.51,gddckga@gmail.com
1e80126a-e6b9-48ca-90a1-3099eddf9e3f,2021-12-08T00:53:20,BRAND2,806.01,"""fcbjkle blclhai"" <fcbjkle@gmail.com>"
1854fe37-e3f9-4ae5-9501-1ff2c10bd4c3,2021-12-08T00:54:10,BRAND2,961.79,bcakdgj@appple.com
96af761e-a54d-4a8a-8013-f2e462406e0f,2021-12-08T00:55:00,BRAND2,384.46,"""dkcbfjc aiigkai"" <dkcbfjc@live.com>"
9856e677-9c76-4769-87a8-8af6939b0cc3,2021-12-08T00:55:50,BRAND2,549.73,cejgdka@gmail.com
1a6d1bd5-b4b5-4cc4-bc76-9e0f8fa7f113,2021-12-08T00:55:50,BRAND2,204.44,dbhcijd@gmail.com
5004ab4d-6c23-4aef-ab91-7429f97a792e,2021-12-08T00:56:40,BRAND5,86.38,"""kfiejgd lghdgdh"" <kfiejgd@gmail.com>"
e27195b9-0a79-4556-860e-c04bc0c24100,2021-12-08T00:58:20,BRAND1,894.90,"""fcbhhde acjibfl"" <fcbhhde@gmail.com>"
5859fdb0-4364-4165-a03d-9fdda08808c6,Wed Dec  8 01:00:00 2021,BRAND2,212.19,kcjffhc@gmail.com
1c8ce935-6772-4e20-9af3-6c2a27735a8a,2021-12-08T01:00:50,BRAND5,533.76,"""jcgklhl iibcdek"" <jcgklhl@live.com>"
a1367af2-0ac1-48d8-817e-866a47eb28b9,2021-12-08T01:00:50,BRAND2,904.55,gcfdlce@gmail.com
9d392f1e-da4e-4369-a7d3-850a0d2e07ba,2021-12-08T01:03:20,BRAND2,352.75,"""aebehcd bcaggef"" <aebehcd@live.com>"
3d1a3461-f520-4f54-8040-a4171d686aaa,2021-12-08T01:05:00,BRAND2,970.14,babfdbk@gmail.com
9f7b2861-ab59-464f-a523-550aa0f9b59a,2021-12-08T01:05:50,BRAND5,382.26,ldfeegd@gmail.com
c57d1877-883c-422f-81eb-3bf42267b0f5,2021-12-08T01:05:50,BRAND5,442.13,"""dfcjalg eaiejjh"" <dfcjalg@gmail.com>"
72058926-f30f-4244-8982-228ba72148f4,2021-12-08T01:06:40,BRAND1,939.45,"""gkckgjb gffejig"" <gkckgjb@gmail.com>"
df9d706d-e2a3-4515-bad4-47246eb24e14,2021-12-08T01:06:40,BRAND1,782.36,fahkghj@appple.com
0b529e79-b680-47a8-9e46-54e875c4083b,2021-12-08T01:07:30,BRAND1,$131.38,"""khlhald ccegekl"" <khlhald@appple.com>"
466fe1d6-6911-456b-930e-86d6caf3b379,2021-12-08T01:07:30,BRAND5,792.22,"""ffdbgef fcfcjfd"" <ffdbgef@gmail.com>"
405b80a2-c9c6-4dca-a2f5-be0f4322b15c,2021-12-08T01:08:20,BRAND4,294.04,beideag@gmail.com
c46598c2-6842-4a21-adc3-45bc002cf8a3,2021-12-08T01:11:40,BRAND2,52.85,"""kdllfaa dkkdiel"" <kdllfaa@gmail.com>"
eba87eba-afe9-4e13-a474-b0beb6c61b18,2021-12-08T01:11:40,BRAND2,715.66,"""ihkjlhf fefklkd"" <ihkjlhf@gmail.com>"
7288ed81-e607-4454-868e-b64d23176355,2021-12-08T01:12:30,BRAND2,138.81,"""cfehcae dikdllc"" <cfehcae@gmail.com>"
7dc5ce70-fd0a-42da-b609-7f1e1bb347ca,2021-12-08T01:12:30,BRAND2,631.61,"""eaifggi ajahkig"" <eaifggi@appple.com>"
59d7f114-1990-4f73-ace0-dc39d4e291f7,2021-12-08T01:13:20,BRAND5,837.69,"""hjjddjh dlfklib"" <hjjddjh@gmail.com>"
27eef6a1-6789-45a2-a680-790894819c1d,2021-12-08T01:14:10,BRAND1,652.61,fijcgjj@yahoo.com
d0acbc7c-2cd3-4120-8c85-0ab2989decaf,2021-12-08T01:15:00,BRAND2,708.02,"""cdfgkee fadglfk"" <cdfgkee@appple.com>"
ed2c5ed5-0ed1-48f7-8534-7869660740f8,2021-12-08T01:15:50,BRAND2,454.41,"""hhbichh blfkafj"" <hhbichh@gmail.com>"
44be0a51-ead5-4180-a49a-f9effcbb2ccb,2021-12-08T01:15:50,BRAND2,999.57,ajifbak@gmail.com
6545a765-5eea-4f6c-b084-d51bc7135c1b,2021-12-08T01:16:40,BRAND3,490.53,"""flljeic dehgfdc"" <flljeic@gmail.com>"
69f5847c-73ec-4d13-bdeb-071f1d7d219d,2021-12-08T01:18:20,BRAND2,297.75,jllhdbl@live.com
69866bc8-c725-4d62-9317-57b7c18b8dea,2021-12-08T01:19:10,BRAND2,55.67,effhhid@gmail.com
10e11087-bb47-4cff-9d81-f8ad82887013,2021-12-08T01:20:00,BRAND4,719.07,hbljbhb@hotmail.com
8f7a2e9d-ccd6-40b1-b683-6e100e610915,2021-12-08T01:20:00,BRAND4,557.11,"""fehifke fjdbgjd"" <fehifke@gmail.com>"
b78e02fe-16f3-4fe7-9de2-808da875cd6e,2021-12-08T01:22:30,BRAND2,778.72,jibllhg@yahoo.com
a838161c-caf3-425a-bf54-b6c6c200de42,2021-12-08T01:24:10,BRAND4,489.75,kliklli@gmail.com
0a5f5b35-6f95-4844-9cd6-83a23ccb6d5d,2021-12-08T01:25:00,BRAND2,147.82,"""labhheh fiifcdi"" <labhheh@gmail.com>"
441e3bb5-82aa-4e16-9bf5-a5b78711193b,2021-12-08T01:25:00,BRAND5,295.46,"""gdkiebk bicjhbl"" <gdkiebk@appple.com>"
5a9d2a50-df1c-4301-9f65-eb560e63e7bb,2021-12-08T01:25:50,BRAND1,944.87,gkjbaee@gmail.com
d3c095f7-2b68-459f-89ee-70ec0e7f2aa9,2021-12-08T01:25:50,BRAND4,489.66,"""cbfadeg gkfjefg"" <cbfadeg@gmail.com>"
eab76408-0348-4c52-bcbd-0c6c13d560f1,2021-12-08T01:26:40,BRAND5,504.89,"""bfflbgd cbaacld"" <bfflbgd@live.com>"
3fa53ace-1971-432a-bb93-097f612794fd,2021-12-08T01:26:40,BRAND5,965.52,iilhhhi@gmail.com
455a92fd-4856-46ce-886a-d57c4e105ec7,2021-12-08T01:28:20,BRAND3,956.89,bbhlkdk@gmail.com
88e6a0d1-b324-4aee-932f-5d275753ad31,2021-12-08T01:28:20,BRAND2,517.89,jagalbd@gmail.com
99d72482-018a-44d9-8f4d-b56b7e4de5cf,2021-12-08T01:30:00,BRAND2,867.28,"""fckaecc cffdkkl"" <fckaecc@gmail.com>"
627f2481-8e5e-4613-8ef7-0475f7148b46,2021-12-08T01:30:50,BRAND2,413.72,blckafc@gmail.com
83abbc10-9785-44ab-a3b3-579c60b5db61,2021-12-08T01:31:40,BRAND5,675.23,fghblfg@gmail.com
1fef15d6-13f7-4018-8d09-4852cf1d5ac1,2021-12-08T01:32:30,BRAND2,170.91,fbbkfhi@appple.com
697f436d-ddea-4431-85fa-b3acebdc409d,2021-12-08T01:32:30,BRAND5,61.59,efbigej@gmail.com
e0d8602c-5519-4d7d-82c7-016bc00cc97f,2021-12-08T01:33:20,BRAND2,304.70,ghfibfa@gmail.com
6242f514-d56a-4fe5-b956-0165b70099da,2021-12-08T01:34:10,BRAND5,938.83,fklggca@gmail.com
61b04550-0494-4665-a767-02e23ac3f952,2021-12-08T01:34:10,BRAND1,905.28,bgcigll@gmail.com
2ced619f-fd3e-4013-b913-339bab8ad82e,Wed Dec  8 01:36:40 2021,BRAND2,821.66,"""eehgggh ielfijc"" <eehgggh@gmail.com>"
d15b3049-31de-4570-9d5b-bd2743c22820,2021-12-08T01:37:30,BRAND2,84.25,"""heideif ggkhkea"" <heideif@appple.com>"
1a580943-5c4c-4aaa-b1f3-a3daa7dbc8b1,2021-12-08T01:37:30,BRAND2,896.97,bffgiid@gmail.com
7aeadc5b-8e3b-4c77-8abc-c3e81277b494,2021-12-08T01:38:20,BRAND5,489.60,"""bjfgjaf eegekjk"" <bjfgjaf@gmail.com>"
83247938-1745-48ba-bc04-7fb07e128489,2021-12-08T01:38:20,BRAND2,371.62,ifgacdl@appple.com
5d8eaf96-c777-4306-994a-e6b760d1dfb2,2021-12-08T01:39:10,BRAND5,987.02,"""dgklbib glkifgi"" <dgklbib@gmail.com>"
10cd708f-b237-4452-8e6c-867d555fabd1,2021-12-08T01:39:10,BRAND2,781.40,bfjiacd@appple.com
d87c67c7-7cc6-42c5-bf4d-735a3a6a7119,2021-12-08T01:40:00,BRAND5,89.49,"""chgddhk adfeehj"" <chgddhk@yahoo.com>"
3c62b49e-eb79-4acf-8f26-089ef3c0bf73,2021-12-08T01:40:00,BRAND4,258.75,"""febckfe gdaiefj"" <febckfe@live.com>"
a0e48221-4100-4624-96a2-683d5918b659,2021-12-08T01:40:50,BRAND2,367.85,jgcihkj@appple.com
732bbe02-c7c6-4a22-81fb-a6c49aabe003,2021-12-08T01:41:40,BRAND3,97.04,fcblfbc@gmail.com
d11e8195-4ba1-4d0c-9a69-be076b2d9b03,2021-12-08T01:42:30,BRAND2,106.71,bhlehha@gmail.com
1b67a04a-b661-4355-8d88-7d15e42b1675,2021-12-08T01:43:20,BRAND3,889.34,lahccgi@gmail.com
48e81d34-7ccd-4342-9cfc-153d1060fc88,2021-12-08T01:44:10,BRAND2,559.48,"""agjcaii kccjekd"" <agjcaii@gmail.com>"
a8375eb6-ba1e-4aec-b47a-0eeca1249a4a,2021-12-08T01:44:10,BRAND2,256.03,ffehbbj@yahoo.com
7d3198ca-f06a-4867-a96c-27043fa9e9c9,2021-12-08T01:45:00,BRAND1,827.80,bblkkcc@gmail.com
7b88553a-3f16-4585-bc75-a662d33b6198,2021-12-08T01:46:40,BRAND1,679.76,ciifhkj@gmail.com
34b010fa-fb35-4c7b-8a10-4cc232079599,2021-12-08T01:47:30,BRAND2,457.04,"""akgebkc jkdldhc"" <akgebkc@gmail.com>"
5d62657c-2912-4bfb-881f-f0ad5b04127e,2021-12-08T01:48:20,BRAND4,671.94,efjlehl@gmail.com
308ae292-0102-43fa-a740-0883e081ab1d,2021-12-08T01:50:00,BRAND5,452.49,dchdkbh@appple.com
aed15da0-61d9-4244-a473-0d21c9b9f134,2021-12-08T01:50:50,BRAND2,155.59,"""kfaefdc hcbiakf"" <kfaefdc@hotmail.com>"
af3c7c0a-1952-430a-9d09-dce3c0a5e044,2021-12-08T01:51:40,BRAND2,974.77,"""jckagkj fkledgf"" <jckagkj@appple.com>"
a53a8f3a-67d3-4678-9379-99ad8cb82dc8,2021-12-08T01:51:40,BRAND1,966.43,icljkac@gmail.com
227c9bab-7337-4f3c-9a7c-cc2f69674e31,2021-12-08T01:52:30,BRAND1,671.67,hagijcb@live.com
9e8cc8bf-3e80-4609-bfc2-0e2fb1cdac3c,2021-12-08T01:54:10,BRAND3,105.14,ehgjhkc@gmail.com
ac309f6a-d35c-4ecf-a638-551cc4ed825d,2021-12-08T01:57:30,BRAND5,408.57,"""hebchai hlckjbb"" <hebchai@live.com>"
418a7525-7b58-4d3c-9557-f200effa225b,2021-12-08T01:59:10,BRAND1,228.62,dlihjec@appple.com
10d4b74f-efad-448f-869f-d3a531c39ae1,Wed Dec  8 02:00:00 2021,BRAND2,102.57,"""kgjgaae fgabahg"" <kgjgaae@gmail.com>"
7c288823-c032-4755-8c65-0b5ad1772e8c,2021-12-08T02:00:50,BRAND2,478.81,"""bidedif aahcbld"" <bidedif@gmail.com>"
55d5df2e-7d94-4d00-9669-24342e92d952,2021-12-08T02:00:50,BRAND2,651.33,jhkebij@gmail.com
a2f6680a-440d-4023-ab26-b3659268eaa2,2021-12-08T02:01:40,BRAND5,743.96,ddaigdj@yahoo.com
c46b3c6c-ae77-461b-8be3-ec362ac176a0,2021-12-08T02:03:20,BRAND2,122.72,"""khihdll celjica"" <khihdll@appple.com>"
c53ee60f-a6c0-4ae6-b967-798f5c7092ca,2021-12-08T02:03:20,BRAND1,579.45,"""dbjdkda jelhleg"" <dbjdkda@gmail.com>"
70d9b27b-0b7a-4925-807c-10403805931d,2021-12-08T02:04:10,BRAND2,699.75,dlhckii@appple.com
d80794e5-168f-4dee-8760-b5d04b15a82d,2021-12-08T02:04:10,BRAND2,729.75,"""kfjeeef lclhiki"" <kfjeeef@appple.com>"
6d7a13b6-0b09-47e0-a278-513dcbf041ae,2021-12-08T02:05:00,BRAND4,622.56,"""idlahbh ikhlbik"" <idlahbh@gmail.com>"
5efec7b3-2de6-4403-8195-4bd22e756c71,2021-12-08T02:05:50,BRAND2,787.72,"""bllifek lagglac"" <bllifek@gmail.com>"
b6d487a3-2408-4fda-a4f0-4949c464f84c,2021-12-08T02:05:50,BRAND5,503.41,"""fdjgdcj hbieljc"" <fdjgdcj@gmail.com>"
35e1b0fb-60eb-44d0-9b99-7cdce102f8fe,2021-12-08T02:06:40,BRAND2,$820.85,cbchigg@gmail.com
ee2067c3-3a1d-4f51-bd6c-6137bd2fab63,2021-12-08T02:06:40,BRAND2,473.13,jedbbbg@appple.com
b42a9d41-1c30-4298-9657-44a63a2d7bd9,2021-12-08T02:07:30,BRAND5,816.08,blhckjd@gmail.com
ef08aafb-4e58-42b8-bfe5-1f8bac07477d,2021-12-08T02:07:30,BRAND2,570.63,"""jleafhj fdiacdb"" <jleafhj@gmail.com>"
59725d33-c3a1-475b-b481-94cff77102f8,2021-12-08T02:08:20,BRAND3,427.34,"""hejeffi ehhccfi"" <hejeffi@gmail.com>"
c8148c2c-a431-4add-8ff4-fe700bb49ec8,2021-12-08T02:09:10,BRAND2,257.87,eejecgj@appple.com
a071507a-0f27-4954-afe9-d2189d3c75c3,2021-12-08T02:09:10,BRAND4,688.89,ckeackk@appple.com
822cdedf-be98-4750-9856-d8d9a7e33ff2,2021-12-08T02:10:50,BRAND4,200.45,"""eagdcdi jedaaii"" <eagdcdi@live.com>"
5d0dece6-2c94-4b95-b11d-065cc9b88e9a,2021-12-08T02:10:50,BRAND2,807.47,"""kkifjjk eacahje"" <kkifjjk@appple.com>"
749d2fd3-dcad-40aa-b20c-e71ee762f8a2,2021-12-08T02:11:40,BRAND2,14.20,"""ihhfaal cbgclgh"" <ihhfaal@appple.com>"
edc4fbe0-c072-4b38-a84a-e171592d1019,2021-12-08T02:11:40,BRAND2,722.27,flebalk@gmail.com
b7c205c5-b0fd-4d38-9052-a252dbcaba74,2021-12-08T02:12:30,BRAND2,13.28,"""dkaaghc aifbdck"" <dkaaghc@live.com>"
3b593848-521f-457c-ad8a-141770646e5e,2021-12-08T02:13:20,BRAND2,743.06,hjbcfda@gmail.com
80968857-9c8a-4dc7-b067-3690c1ef23e0,2021-12-08T02:15:00,BRAND2,713.60,geafbhk@gmail.com
4353492f-409a-4ea1-b713-6f0dd3f64085,2021-12-08T02:15:50,BRAND2,735.84,labdhfa@gmail.com
04a49495-d0c1-425e-ae2c-b52d055223a1,2021-12-08T02:15:50,BRAND5,508.78,"""fdcehhe hgbjglh"" <fdcehhe@gmail.com>"
8672b0a2-fefd-47dc-a1e4-9cee24eeaf4c,2021-12-08T02:17:30,BRAND5,877.00,ddehgkb@live.com
aac36827-0a84-44b7-8df6-244ad78b9843,2021-12-08T02:17:30,BRAND2,244.91,"""klcdlig cfaadgb"" <klcdlig@gmail.com>"
30a828e0-52e5-46ed-bff4-7a0594ecf9e4,2021-12-08T02:18:20,BRAND3,225.07,ibklijf@appple.com
b98f4db8-e757-4325-93aa-77295a490cfe,2021-12-08T02:18:20,BRAND5,265.43,"""fcgcahl fdbcabj"" <fcgcahl@gmail.com>"
f02b6bc1-ae49-4952-8a1c-9769f9090829,2021-12-08T02:19:10,BRAND3,95.85,"""bifhjla ibejbaa"" <bifhjla@live.com>"
c40f7ae2-a736-4a93-9c1f-5237265780b9,2021-12-08T02:19:10,BRAND2,420.84,hcbkhdl@gmail.com
31cdd0d0-57b5-4146-b924-321691eb1f8c,2021-12-08T02:20:00,BRAND3,758.09,"""ccahjhf hhebelk"" <ccahjhf@appple.com>"
aaf157e4-d401-44ba-b641-db5f1fb5cb8e,2021-12-08T02:21:40,BRAND5,959.51,lajcika@gmail.com
1d405cfb-f847-4e3e-82ad-bbca363b6e60,2021-12-08T02:21:40,BRAND2,568.89,"""ekfhdba ajhcadh"" <ekfhdba@gmail.com>"
d47e20c4-3834-4113-9a60-e6f689e9c7d6,2021-12-08T02:23:20,BRAND2,8.42,"""hikhbkh beaialk"" <hikhbkh@gmail.com>"
a16269a4-faad-4d7d-9b24-c6e61f7e56c8,2021-12-08T02:23:20,BRAND2,893.96,"""kbiicdg fibdled"" <kbiicdg@gmail.com>"
d8d87998-ed3b-4fcc-9704-5b52c5f17355,2021-12-08T02:24:10,BRAND2,832.27,"""hjaadkj kkedbcc"" <hjaadkj@appple.com>"
4ae2af71-c718-4cf8-a809-1911071cd7f7,2021-12-08T02:25:00,BRAND2,555.38,ggfahah@appple.com
275d7a42-005f-40ff-a50b-1436a4232b59,2021-12-08T02:25:00,BRAND3,911.76,cheaegg@gmail.com
e0312172-d961-4680-af58-007d20d5be95,2021-12-08T02:25:50,BRAND2,36.62,bdkljkb@gmail.com
7c1c41d7-6f9f-443d-8a91-e2b544f5a434,2021-12-08T02:26:40,BRAND1,938.69,lhebjcd@gmail.com
eb8ad465-b2cb-49db-8355-60dce9394daf,2021-12-08T02:27:30,BRAND5,385.13,khecfce@hotmail.com
64a30721-0878-449c-8034-e82ffbeb7e00,2021-12-08T02:28:20,BRAND5,472.13,fjkkfek@appple.com
9b7f7574-69fc-470d-b34f-c412e1562ae3,2021-12-08T02:28:20,BRAND2,842.71,"""efddekl dklclbk"" <efddekl@gmail.com>"
c9f5fdc7-88c0-4231-8c90-1754baa0c3af,Wed Dec  8 02:29:10 2021,BRAND2,359.66,fleafcl@gmail.com
8d67cef0-3d29-40be-8a10-ac1fe9e8538f,2021-12-08T02:30:00,BRAND3,913.15,bjbbhjl@appple.com
08272cc5-24c9-46f0-bdfe-9ef2595b4ae6,2021-12-08T02:30:00,BRAND2,178.85,ekcfkhc@appple.com
3fd79424-f8be-4e63-9111-55b3b54d76cc,2021-12-08T02:32:30,BRAND5,538.93,kdkajlj@live.com
5867d632-c74e-49d9-89fb-395d8b630304,2021-12-08T02:35:50,BRAND2,832.12,kglkfdg@appple.com
f485a901-064a-4917-91f8-52879fc09337,2021-12-08T02:36:40,BRAND2,959.55,"""ddbffgk ildgefb"" <ddbffgk@gmail.com>"
ce39a991-d0ac-4ef7-a919-d501d01b7785,2021-12-08T02:36:40,BRAND1,162.52,labglkd@appple.com
73331a10-4d2c-4b2b-92ba-361fdeb3019e,2021-12-08T02:38:20,BRAND2,543.43,"""fdbbgjj fedhibe"" <fdbbgjj@live.com>"
22686ded-9509-48d4-937d-9a0e9f84c775,2021-12-08T02:40:00,BRAND2,468.97,"""haafgal jcbdlge"" <haafgal@live.com>"
61ffb26e-eda4-46db-90c6-6b3576f5e9dd,2021-12-08T02:40:00,BRAND5,923.36,kjbgljc@gmail.com
5cb0d2d7-590a-4fa0-ae8f-9dfa2e4f6a73,2021-12-08T02:40:50,BRAND2,312.67,"""ielfbjg kcagfgc"" <ielfbjg@gmail.com>"
49bb29eb-d3d1-4966-bca5-4b17d3c599fe,2021-12-08T02:40:50,BRAND3,866.86,"""jkcigbf fkjidbj"" <jkcigbf@gmail.com>"
44532d42-0877-4616-9aa6-715a09b51afa,2021-12-08T02:41:40,BRAND1,198.37,"""jjkdabb bliiddd"" <jjkdabb@gmail.com>"
fcc49295-81de-4be8-abc7-5495c24fbbea,2021-12-08T02:41:40,BRAND2,450.08,"""dhecgla llalfig"" <dhecgla@hotmail.com>"
d69dc123-23b4-4163-b868-0057a97e59fb,2021-12-08T02:42:30,BRAND2,724.51,ciclgif@appple.com
8e1e1b18-4abb-4774-8db9-b30ed1475933,2021-12-08T02:42:30,BRAND5,138.74,ileilhi@gmail.com
d680d998-3beb-4847-bff4-fcef53d73978,2021-12-08T02:43:20,BRAND5,292.01,hifhkhi@gmail.com
1add771c-dc05-45a9-a1ff-2720e2ca0be0,2021-12-08T02:45:00,BRAND4,49.11,ekchffg@appple.com
59baa3c5-d741-49c8-b98e-c39234472314,2021-12-08T02:45:00,BRAND2,613.60,"""eiljije acdabkf"" <eiljije@appple.com>"
0eb0d8f2-dbb2-436f-8db5-1d9caa8ee9a0,2021-12-08T02:47:30,BRAND5,924.80,"""jgklfhb llklbaj"" <jgklfhb@gmail.com>"
77a9cdfe-d8bd-4a72-b0d2-276f3bb316b6,2021-12-08T02:47:30,BRAND5,470.38,achdfhl@gmail.com
e1ea98be-9d56-4d0a-a9db-0e3713b49c31,2021-12-08T02:48:20,BRAND5,878.15,"""eifffkg gblhgeg"" <eifffkg@yahoo.com>"
3abb27da-f9f0-4c4f-93cb-5f1101f83bd3,2021-12-08T02:49:10,BRAND1,946.86,bjjikgl@appple.com
e3f462de-c108-4a57-990e-dad3a65d7b2b,2021-12-08T02:49:10,BRAND1,730.19,ehbkcfh@appple.com
dcd419e9-11af-4452-a20c-d8f3adc60423,2021-12-08T02:51:40,BRAND1,994.99,aadblhb@appple.com
556ded59-ebfe-4265-b148-bd8f7552c979,2021-12-08T02:51:40,BRAND2,604.11,djhhikc@live.com
67d55bab-8291-46a7-9fff-056acad3e736,2021-12-08T02:52:30,BRAND2,873.30,kidaach@gmail.com
ad12e140-b9fa-49a1-b55f-bc92206b357e,2021-12-08T02:53:20,BRAND2,644.85,jikgjai@gmail.com
705245b4-ccab-47f9-a08a-fa8b993da92d,2021-12-08T02:53:20,BRAND5,140.28,hgdddeb@gmail.com
e1012275-5610-4718-830d-a3b15927371a,2021-12-08T02:55:00,BRAND1,441.97,"""lgkaajj fcldhbi"" <lgkaajj@appple.com>"
e55a4e5f-2249-48b2-a135-2bd277b064f7,Wed Dec  8 02:55:50 2021,BRAND2,775.21,"""daabidd hlbhfgd"" <daabidd@gmail.com>"
f867b437-945a-4615-9283-1e30bc86b06c,2021-12-08T02:55:50,BRAND2,655.55,ghdhieb@gmail.com
e2ad5ade-8a6c-4213-ab5d-999c2db71930,2021-12-08T02:56:40,BRAND2,254.27,"""gbggcbh efdedlj"" <gbggcbh@live.com>"
a7ed3541-bb1b-4113-8e3e-a675ced75822,2021-12-08T02:57:30,BRAND5,496.98,cicggli@gmail.com
563b69bb-1e3a-4c03-b131-81455c4af819,2021-12-08T02:57:30,BRAND5,868.83,"""jjkdejl jkikheh"" <jjkdejl@appple.com>"
5c625c7e-9a1e-4545-b200-ecde0c369e50,2021-12-08T02:58:20,BRAND3,686.11,"""lillghb aldaieg"" <lillghb@appple.com>"
314eec9a-6aa5-46b2-9531-22d383d125b9,2021-12-08T02:58:20,BRAND5,756.44,"""lieiekh fcddfbi"" <lieiekh@appple.com>"
5795cea2-df50-4df9-a0fd-fc2c24a240e5,2021-12-08T03:00:50,BRAND5,239.83,lfdfdei@gmail.com
8159372e-3f53-4d48-84ed-05b90f071871,2021-12-08T03:01:40,BRAND2,119.21,dlefaai@appple.com
50f2fd14-edd8-4249-84d5-e9bd0cc53f6d,2021-12-08T03:01:40,BRAND2,697.55,"""faiffja ligblkc"" <faiffja@appple.com>"
188aefc9-5853-435e-a8cf-24886d614ee8,2021-12-08T03:02:30,BRAND5,226.09,dfhgjla@gmail.com
7a2db92f-4f34-4ba2-9d92-09543ef11137,2021-12-08T03:02:30,BRAND5,124.70,jllfgeg@gmail.com
f6f8550e-2a78-4ca7-b19f-b97be0d862a5,2021-12-08T03:04:10,BRAND1,365.79,hbchdjk@appple.com
c7607194-991e-45e8-89ce-5b306879a3a5,2021-12-08T03:05:00,BRAND2,962.08,"""bjfbefh gbbifgl"" <bjfbefh@gmail.com>"
cac594de-5c89-4881-b081-ac17464853c0,2021-12-08T03:05:50,BRAND2,177.00,ihliigh@gmail.com
5c711a2e-d398-40c5-97d5-555901af9923,2021-12-08T03:05:50,BRAND2,189.02,hhakgaa@live.com
c15858e7-dd67-4fe3-9545-b11e0b57d233,2021-12-08T03:08:20,BRAND3,612.73,"""hdekafb jjagbbf"" <hdekafb@gmail.com>"
e26b2566-e5e0-4f41-8f9d-b852a9d5de6c,2021-12-08T03:09:10,BRAND2,486.59,kbljcgk@appple.com
f55d8a08-a338-4cd9-9d13-787fbb96b619,2021-12-08T03:10:50,BRAND5,178.66,ikajfdb@yahoo.com
d2b4b442-25fd-493c-ba16-bbe30ecd4596,2021-12-08T03:11:40,BRAND5,931.32,"""bljbbkl gdaegdg"" <bljbbkl@gmail.com>"
63e08f1e-0b9d-4357-ba86-e9a708080f12,2021-12-08T03:13:20,BRAND5,542.24,"""bciifec jbehlac"" <bciifec@appple.com>"
e0be8977-f4be-40f3-90f6-b13422f9a0b0,2021-12-08T03:14:10,BRAND5,201.98,cadkjlb@gmail.com
5e5e3a7f-6990-4dea-9448-abacb0b41a42,2021-12-08T03:14:10,BRAND2,448.98,kkhhddc@gmail.com
1571c054-5700-4144-a6e1-39b2d29b6f93,2021-12-08T03:15:00,BRAND2,153.61,"""ijciahc jjabjkj"" <ijciahc@gmail.com>"
23858816-ea70-42d1-a2fc-ac724fa0aa69,2021-12-08T03:16:40,BRAND4,330.88,"""lilbdkd fiidalf"" <lilbdkd@gmail.com>"
bffe7b31-ea87-4bf3-afa3-99783ac74d9d,2021-12-08T03:17:30,BRAND2,444.52,dhgfdlj@gmail.com
1a2662f7-599e-4b57-b331-9538bf3e4ce6,2021-12-08T03:17:30,BRAND2,261.96,"""ildckjd ljdhgff"" <ildckjd@appple.com>"
67c63e03-7981-4ff1-933b-1e97805387fb,2021-12-08T03:18:20,BRAND2,570.76,"""jdgigjk hheabdh"" <jdgigjk@gmail.com>"
2ae27339-73dd-471b-92ad-86b6a722dc7b,Wed Dec  8 03:18:20 2021,BRAND5,493.88,"""lalbkek kdbfkea"" <lalbkek@live.com>"
fbf055c0-b6f2-46bc-8dfa-0e6b05106160,2021-12-08T03:19:10,BRAND5,414.04,fdgjgik@live.com
a50f8f0e-95cf-47c3-ba6d-f8eb16eaebc8,2021-12-08T03:21:40,BRAND2,450.74,adeigdc@hotmail.com
6ab739ed-a80a-43a4-b53e-6fb012fafc5e,2021-12-08T03:22:30,BRAND3,153.51,iaghdhj@gmail.com
ea27ae51-67af-47d5-9b5a-bd6108b5c9a5,2021-12-08T03:23:20,BRAND1,49.22,eagldgj@gmail.com
3c00f5dd-0396-4bc4-81ad-0316fe30c980,2021-12-08T03:23:20,BRAND5,369.62,lfccjde@gmail.com
7282cd32-1d1e-4714-b696-a7e4778e7c35,2021-12-08T03:24:10,BRAND2,417.17,"""bklkldb ebeicda"" <bklkldb@appple.com>"
dd64406e-8d1f-48b8-b0c7-2f2d0ee72c13,2021-12-08T03:25:00,BRAND3,629.72,ibijjgg@live.com
15aaeca4-8538-4c87-ad0e-24ea9d8cc0ec,2021-12-08T03:25:50,BRAND2,662.11,djegehi@appple.com
2bcf043d-add0-4963-bf4d-d9246adf8b8c,2021-12-08T03:27:30,BRAND2,842.05,"""iglbdbc fijelee"" <iglbdbc@appple.com>"
0959c114-8bbf-4cc9-b4c6-28d51bee46fb,2021-12-08T03:27:30,BRAND2,528.63,aggifcj@appple.com
b71243fd-2ad0-4ba4-91d1-4af55ea2411e,2021-12-08T03:30:00,BRAND5,592.37,akegcag@gmail.com
c427cf89-a15e-491a-9def-79084025e187,2021-12-08T03:31:40,BRAND5,554.44,lccebck@gmail.com
7971ca66-498f-44ab-b394-db763d6fc419,2021-12-08T03:32:30,BRAND2,416.58,"""flfiakg dgleaff"" <flfiakg@gmail.com>"
0e86c6cd-03e0-42e7-a7da-faf9dca45d1c,2021-12-08T03:32:30,BRAND2,84.59,aaekdkb@yahoo.com
5dedf155-1c4a-4045-99f9-da70ef89cc4c,2021-12-08T03:33:20,BRAND5,$223.85,blebhch@gmail.com
022ac923-3bfa-4010-bb30-5d2f0dda855f,2021-12-08T03:35:00,BRAND2,988.87,hidbgdk@appple.com
24871a9e-a243-446e-b2bc-648788ddac84,2021-12-08T03:35:00,BRAND5,85.88,"""heefhec kfhadij"" <heefhec@appple.com>"
b9d6cda0-14ce-4c5f-9aaa-d603b0cc82a4,2021-12-08T03:35:50,BRAND2,739.56,"""kclcejl diefagc"" <kclcejl@yahoo.com>"
a18c4235-1427-4e46-9451-5df38202dd61,2021-12-08T03:35:50,BRAND5,779.46,"""gbacegj hkdadag"" <gbacegj@gmail.com>"
37c0fa4b-6139-48a7-a6ee-cbf1246ad325,2021-12-08T03:36:40,BRAND5,499.80,"""bbhghkc haeddlk"" <bbhghkc@live.com>"
410a0d79-05d9-4186-9b60-8a5ef412d1b9,2021-12-08T03:37:30,BRAND5,774.54,"""afedkag jfafaid"" <afedkag@yahoo.com>"
a4377892-3e35-41c5-901a-bc17506f92bc,2021-12-08T03:38:20,BRAND2,610.85,acehbgk@appple.com
d7130144-c3d8-4cf4-ae60-e3d5f1cd6c1d,2021-12-08T03:39:10,BRAND5,177.12,lfijbhe@gmail.com
a5e377dc-9e87-4c1f-a343-007c2d2d1847,2021-12-08T03:40:00,BRAND2,574.05,bafbeac@appple.com
a5054a02-db7c-4a8a-84eb-d36b22a9f1b2,2021-12-08T03:40:50,BRAND5,830.71,"""iafibah ehdiejg"" <iafibah@gmail.com>"
04b329dc-133d-48ad-91ec-06c947cc6de2,2021-12-08T03:41:40,BRAND2,29.20,bcgfbah@appple.com
e24ee866-40e2-4a29-9eea-4454ce8c92d3,2021-12-08T03:42:30,BRAND2,134.01,"""kilbalb elhhkkd"" <kilbalb@gmail.com>"
bbb76035-d091-4e31-b414-ac094b72ad28,2021-12-08T03:42:30,BRAND5,78.47,gkealhc@yahoo.com
77a9cdfe-d8bd-4a72-b0d2-276f3bb316b6,2021-12-08T03:43:20,BRAND2,443.97,"""ijkkleg fhaieil"" <ijkkleg@appple.com>"
2dc01a95-297c-4640-bacc-5a025896ee7c,2021-12-08T03:44:10,BRAND5,307.37,ehikcjf@live.com
ef72c49f-b4f1-4042-be12-baade80ea774,2021-12-08T03:45:00,BRAND2,886.89,iibfadk@gmail.com
437b496f-397e-4bf9-9538-6ac4658b22f9,2021-12-08T03:45:00,BRAND2,383.40,cidhdde@live.com
caa630e6-6e4d-47da-acc3-756528c5fdf8,2021-12-08T03:45:50,BRAND5,403.91,"""ggddhbd clbefeb"" <ggddhbd@gmail.com>"
0fd0f3e8-ab5f-46d1-b123-d7f4884a9cba,2021-12-08T03:45:50,BRAND2,48.96,kfcdhgl@appple.com
67d8784f-070a-4e9c-bd67-65618e249976,2021-12-08T03:46:40,BRAND2,105.48,idefajb@appple.com
3f13f32a-f76a-4044-b360-460683b04fdd,2021-12-08T03:46:40,BRAND1,332.92,"""kehlfgg bcflckl"" <kehlfgg@gmail.com>"
5a0668e2-545a-4dba-959a-bac0217f9d6a,2021-12-08T03:47:30,BRAND2,46.12,hjgddll@live.com
91c48e93-0bc6-41b1-85cb-6bbbb655af94,2021-12-08T03:47:30,BRAND2,3.61,ehdkcag@live.com
793231ef-6b17-45fb-bd22-e84fe95d01e4,2021-12-08T03:48:20,BRAND5,663.26,begjbjh@yahoo.com
311faf17-c65a-4639-b6b4-4d51eea7b8aa,2021-12-08T03:49:10,BRAND2,133.95,"""aglbjib hfaleii"" <aglbjib@live.com>"
0a6e748f-261c-4af4-9352-5526304ecb30,Wed Dec  8 03:49:10 2021,BRAND2,$444.76,"""kjidkcj kgkhagl"" <kjidkcj@gmail.com>"
11bc9904-e58e-41b3-959f-623d4f80d48a,2021-12-08T03:50:00,BRAND2,336.64,hlgblgg@gmail.com
0adbf583-743d-40ff-909b-07957fa710a5,2021-12-08T03:50:00,BRAND2,575.10,lllikag@gmail.com
95bbead6-e94e-43be-8ab8-59754a800b18,2021-12-08T03:50:50,BRAND1,121.97,bgcblld@appple.com
49ab4696-2f5e-4898-bde1-492932a9dfbe,2021-12-08T03:50:50,BRAND5,780.93,"""klhbjjf iedbiag"" <klhbjjf@gmail.com>"
f807aeac-ee86-45c6-a422-972f55329504,2021-12-08T03:53:20,BRAND4,779.96,abhecbb@live.com
1c84aead-42f8-48b3-9a26-9f7b834f2096,2021-12-08T03:53:20,BRAND1,275.98,ffhfalj@gmail.com
5f22c33c-b979-469d-ac92-dd2257c93adf,2021-12-08T03:54:10,BRAND2,154.91,eijkbik@gmail.com
0667e9c9-9873-41ce-bed0-46521b23287a,2021-12-08T03:54:10,BRAND1,49.98,ddiaaaa@gmail.com
65db249d-3616-45d5-9951-c3a07a808b6c,2021-12-08T03:55:00,BRAND2,846.83,"""jlfffdk lhglagh"" <jlfffdk@gmail.com>"
41b543ab-ebfc-460f-a50c-a690923e2a5c,2021-12-08T03:55:00,BRAND2,645.01,"""glfhggd lghkgfj"" <glfhggd@gmail.com>"
1e500c04-8346-4d3f-9f78-e128d3dd3ebf,2021-12-08T03:55:50,BRAND2,942.65,"""degcfai cccglli"" <degcfai@yahoo.com>"
9f24014e-d6f4-4422-87cb-b0421a445d66,2021-12-08T03:56:40,BRAND5,744.38,klcgkei@appple.com
6fc3d1c0-3156-4c99-83b8-33987e81da76,2021-12-08T03:57:30,BRAND5,664.02,bkcfekg@appple.com
dbb9a079-db0c-49c7-82c3-cc41c6747783,2021-12-08T03:58:20,BRAND2,296.52,"""iebdklk fihlkej"" <iebdklk@gmail.com>"
7632604f-88db-4720-b737-3305d7ebfc50,2021-12-08T03:58:20,BRAND1,448.97,gablbji@gmail.com
c03e65f6-8154-4b4a-b4ea-de7705278ac0,2021-12-08T03:59:10,BRAND2,430.59,"""ffdcafd aejfkgh"" <ffdcafd@gmail.com>"
8dd9a9c5-575f-41e4-9b6c-92e3b313dcab,2021-12-08T03:59:10,BRAND2,346.91,cccdhec@gmail.com
9f7b1268-b637-4571-8193-b2398863472a,2021-12-08T04:00:50,BRAND1,$601.77,fhkkekc@yahoo.com
4e5adecd-438f-4228-bfe9-884a7880a8ec,2021-12-08T04:01:40,BRAND2,977.05,jkbgbhh@appple.com
4ee5227b-038a-4bb7-a21d-cf0e69b5ae22,2021-12-08T04:05:00,BRAND2,766.90,dfagclj@live.com
60c2c3b4-ab78-4ae4-be87-30e42a1fbd9e,Wed Dec  8 04:05:00 2021,BRAND1,816.42,gcekjgl@appple.com
52d3251f-f71d-42d7-99a2-93b2555eed4f,2021-12-08T04:06:40,BRAND2,82.51,ddgbkeb@gmail.com
6b47272c-c5b4-4c70-90cd-bb563cdd8a2d,2021-12-08T04:06:40,BRAND5,328.55,"""lhgakdb bbkgijh"" <lhgakdb@hotmail.com>"
49f6996c-72da-41bc-a722-c8d867ff5db6,2021-12-08T04:07:30,BRAND2,973.20,igbegji@gmail.com
67660f41-6ad5-43dd-b617-15c74ba90282,2021-12-08T04:07:30,BRAND4,883.83,kdilall@gmail.com
90e918f9-cad5-455d-8ba6-cec4c1cdc80a,2021-12-08T04:08:20,BRAND5,510.06,jcjkbfc@live.com
860153e6-44ff-4f6f-9aaf-25ff5eb2c2a2,2021-12-08T04:09:10,BRAND3,235.00,fkfdafg@appple.com
c890487c-ebbc-4c9a-a46f-85714775f352,2021-12-08T04:09:10,BRAND1,559.02,deakffg@appple.com
a235c8b4-93e8-4940-9ed2-3e90bb72cf5e,2021-12-08T04:11:40,BRAND2,563.74,ccagcgl@live.com
3519d521-0509-42cb-8731-bc33bdadbc5b,2021-12-08T04:12:30,BRAND1,$275.42,jjbjeee@live.com
7c2c9090-bee6-4afa-ad74-cbbfeb63be73,2021-12-08T04:12:30,BRAND5,862.96,"""ckjlfki khakhce"" <ckjlfki@live.com>"
3bba294f-873f-410f-9a7c-58a72fcb4629,2021-12-08T04:14:10,BRAND2,367.24,fkfdhha@appple.com
85ecaa58-0e31-4ba7-a2a1-0c55e5e35107,2021-12-08T04:15:00,BRAND2,729.79,lcaeghd@live.com
e2a7a5c1-6223-4455-bf67-aec4794eb98b,2021-12-08T04:15:50,BRAND5,472.02,fcdjddg@appple.com
0f421f63-d1e1-44db-acaf-1a6c4b6b78ee,2021-12-08T04:15:50,BRAND2,$185.34,hegejgd@gmail.com
00b395bd-af62-42b0-9c81-47b157f3cd6f,2021-12-08T04:16:40,BRAND1,747.07,bddekjj@gmail.com
485ca605-7e54-43b7-afe0-ce21c1d0b517,2021-12-08T04:16:40,BRAND2,355.92,digdlia@appple.com
3bf7e492-75c2-4e63-a1f0-170c697210bf,2021-12-08T04:17:30,BRAND1,774.00,cgcflbl@gmail.com
6482c016-467a-4e0e-b34b-4acdbf351d04,2021-12-08T04:18:20,BRAND2,40.11,fkfhcjc@gmail.com
fac1c8bc-c503-4022-8a82-84eb7244cc38,2021-12-08T04:18:20,BRAND3,362.39,"""hjbceaf hebiala"" <hjbceaf@gmail.com>"
c64ab42c-5713-4e8d-906d-060305e2bef5,2021-12-08T04:19:10,BRAND5,100.40,gjiaehj@gmail.com
690cf7f3-7506-43d6-9d3b-8d14463e7b69,2021-12-08T04:19:10,BRAND4,43.87,edbella@appple.com
a072ecf5-1ad4-4b49-a1db-94132d76f4f5,2021-12-08T04:20:00,BRAND5,706.93,"""abfjdbg igcfabd"" <abfjdbg@appple.com>"
02412869-14ac-44fc-915e-25fb50b622dd,2021-12-08T04:20:00,BRAND2,451.09,khfcdke@appple.com
73e3a883-4f1d-42fa-8697-cb7d96c88234,2021-12-08T04:20:50,BRAND2,167.69,dafkifj@gmail.com
1d1de94c-c28c-41c0-b8d8-4e9328f3753b,2021-12-08T04:20:50,BRAND2,$422.17,"""ffldefi ffaafha"" <ffldefi@gmail.com>"
62bd96a0-eb09-43ea-8abf-5b70411831e0,Wed Dec  8 04:21:40 2021,BRAND2,745.49,"""djkchdf dgfkdgl"" <djkchdf@appple.com>"
8f7c8ebc-0a6b-48ca-8e79-9a53e5486731,2021-12-08T04:21:40,BRAND1,748.88,jkecejf@hotmail.com
fe8a228a-c2a6-4fc0-ac47-4d70a9d1d63d,2021-12-08T04:22:30,BRAND2,864.83,jdceeab@appple.com
d34d56b6-fe37-4520-8646-c7cd9a2bbc93,2021-12-08T04:22:30,BRAND2,476.02,"""aejifec gjbelbj"" <aejifec@gmail.com>"
29a02e55-71e5-465c-94cb-ee6a371eb2c1,2021-12-08T04:23:20,BRAND2,598.55,kcafdbg@gmail.com
1241217d-1ee5-4fa1-ac6d-72db1bdd8a2e,2021-12-08T04:23:20,BRAND2,$838.20,hdjigbk@live.com
95a5ec2a-05d2-49b4-bb47-394cdf9e2e37,2021-12-08T04:24:10,BRAND1,684.26,baeflfj@appple.com
f60b8c46-dce3-4fe0-a1fe-9c9acbd96fb5,2021-12-08T04:25:00,BRAND5,658.68,"""iljacjb ddlkbaa"" <iljacjb@gmail.com>"
33c44a43-056a-46bc-8e3e-c1898f34fad1,2021-12-08T04:25:00,BRAND5,778.10,ajkhihj@hotmail.com
657d024f-feb2-4d5f-bff3-adaff7552109,2021-12-08T04:26:40,BRAND5,129.73,gcghfib@gmail.com
cde21297-77d7-4483-949a-c035b837cfee,2021-12-08T04:30:00,BRAND2,425.89,"""lijaakc fihdacd"" <lijaakc@gmail.com>"
9b81d80e-aa37-4ff6-8dbb-e9dbf58b53c8,2021-12-08T04:30:00,BRAND4,$402.09,"""kgadckb bkchbhd"" <kgadckb@appple.com>"
2749f6be-8307-4c4a-8731-eae5594525ec,2021-12-08T04:31:40,BRAND2,946.50,chlafah@live.com
bcd4c92d-a60d-46ca-85e2-4740670887cf,2021-12-08T04:32:30,BRAND2,134.28,hileakh@gmail.com
f4b6758a-564e-4e7d-9b1d-f7d0eca91683,2021-12-08T04:32:30,BRAND1,962.34,"""kecdacb hkhbalh"" <kecdacb@gmail.com>"
bc706ec6-fc7c-4b88-b065-505183d04059,2021-12-08T04:33:20,BRAND2,$117.29,djkilkc@appple.com
d2362f2f-6d75-4f0b-87ae-c7dd21d77b72,2021-12-08T04:33:20,BRAND2,365.20,gflhjie@appple.com
96a43c8b-bb4f-409d-94a0-5122f3307b3b,2021-12-08T04:34:10,BRAND5,414.50,jiagdkh@live.com
402fac8c-79e6-40f8-8416-b0d48e2f6fc2,2021-12-08T04:34:10,BRAND2,77.14,"""djghjcg abfbaje"" <djghjcg@gmail.com>"
77509a86-a0d0-4e9b-b8b9-3a98b1703b89,2021-12-08T04:35:50,BRAND5,14.63,"""cagjceg bkkdlib"" <cagjceg@appple.com>"
8f48bce7-4359-4df5-a3a9-ccc98f734fe0,2021-12-08T04:35:50,BRAND2,612.07,hajchgk@appple.com
ceab49c6-5cc1-463e-9277-7000e1629498,2021-12-08T04:36:40,BRAND1,387.46,"""iallbfd akdbeai"" <iallbfd@appple.com>"
cac783ae-84b7-441b-ab32-0b73ff5a6ac4,2021-12-08T04:37:30,BRAND5,226.10,lejgkka@live.com
d818b110-f25d-4263-99c8-02ef32847069,2021-12-08T04:37:30,BRAND2,802.85,lbjjbdj@gmail.com
7f0a2725-96df-4396-ba88-df34ec8b381e,2021-12-08T04:38:20,BRAND1,691.63,dfcdgja@gmail.com
4ff98660-3e51-4add-a70a-1f5a45b8683e,2021-12-08T04:39:10,BRAND2,115.81,"""fbbibek cbalddl"" <fbbibek@appple.com>"
c628e168-596e-4e4c-bb83-6ee9e979452a,2021-12-08T04:39:10,BRAND5,987.81,jgfljei@appple.com
454d106c-c0f0-4035-bfdf-74bf4ff7afb2,2021-12-08T04:40:00,BRAND2,596.46,"""alighkl ddbjfhl"" <alighkl@gmail.com>"
2dc3787a-9af7-4749-ab46-fd0ce443a6c2,2021-12-08T04:40:50,BRAND3,806.99,bblbhcc@hotmail.com
bf709c66-f9e9-4e21-8534-2576aaeabdeb,2021-12-08T04:42:30,BRAND2,10.14,"""habjfag eelhkhc"" <habjfag@yahoo.com>"
9396f91e-f7cf-4ab4-a303-c1c3884b2001,2021-12-08T04:43:20,BRAND5,187.06,"""hbcdgkg alaaidg"" <hbcdgkg@appple.com>"
f900e6e3-e539-4bb0-8017-2d7b0bbaaf8f,2021-12-08T04:43:20,BRAND5,805.74,"""ickjjaf bbeaaja"" <ickjjaf@gmail.com>"
b4da7555-34a4-4f34-ad3f-be63d0abdcda,2021-12-08T04:45:00,BRAND4,574.35,"""dbbdehg lkfaljb"" <dbbdehg@gmail.com>"
b4b18b1c-b951-422f-80ee-6f7f999fd65d,2021-12-08T04:45:00,BRAND2,900.29,jkhlbhd@appple.com
ad8e942c-52cd-442f-b300-0be5d489dcb2,2021-12-08T04:45:50,BRAND4,348.06,"""fdbgjdc kgdleic"" <fdbgjdc@gmail.com>"
20a95476-cd1c-4dd9-978d-4e318fa08ed9,2021-12-08T04:46:40,BRAND2,674.89,aifhafh@appple.com
f3052abf-771d-4faa-be80-b28551a94103,2021-12-08T04:47:30,BRAND2,153.94,gdbfckb@live.com
901df9d7-0e7c-4668-b2a8-e0163dd3b0a8,2021-12-08T04:48:20,BRAND1,58.64,gekhfhk@appple.com
cf742c71-460d-4985-b6d1-84fddd45b6d7,2021-12-08T04:50:00,BRAND2,543.90,"""hbfbijj ajecllk"" <hbfbijj@appple.com>"
e9ff147d-dbbd-40c6-b252-f7674e13d5be,2021-12-08T04:50:00,BRAND2,728.06,fbbdfdh@appple.com
3664c0b9-ed04-49a6-bc61-13956eac9028,2021-12-08T04:50:50,BRAND3,648.34,lchacie@appple.com
1929d5d1-31c7-4de1-8e2b-f6734081260f,2021-12-08T04:50:50,BRAND1,165.21,"""chjbedc egflieb"" <chjbedc@gmail.com>"
0e49d39a-82a3-42ac-90d8-08ed2aef7f62,2021-12-08T04:51:40,BRAND2,415.72,"""gjedhbe dligfek"" <gjedhbe@appple.com>"
072817f9-7c5d-4e12-8506-cc56003d8f4f,2021-12-08T04:51:40,BRAND5,942.31,hikdhba@appple.com
241385e8-e525-4db6-a3bf-29e48ec4ce94,2021-12-08T04:52:30,BRAND2,832.37,"""acjbhfj ffcihdc"" <acjbhfj@gmail.com>"
966c979c-ffbb-4982-ac1d-46e537f97265,2021-12-08T04:54:10,BRAND5,473.97,dgbaedi@hotmail.com
98db1e5f-482f-4685-b67b-f12593fbf5d4,2021-12-08T04:55:50,BRAND2,360.58,"""jdhheia iadheee"" <jdhheia@gmail.com>"
044e9be2-d207-4040-9e2f-2161b3fe243e,2021-12-08T04:55:50,BRAND2,589.89,gdkeacb@gmail.com
b6177a2f-d5f4-476b-88b3-84a025b95714,2021-12-08T04:57:30,BRAND2,675.22,idackkb@gmail.com
1c5e9a33-fd97-40b5-957e-097bbe4d3bc8,2021-12-08T04:57:30,BRAND2,289.24,"""iacbllj eflblfi"" <iacbllj@appple.com>"
39d17ad6-c01e-4b30-a641-d45628111bb6,2021-12-08T04:58:20,BRAND5,336.97,edcfdji@gmail.com
35d0fa49-15fc-44dd-85a8-2130d2633882,2021-12-08T04:58:20,BRAND5,541.22,fbcifbb@appple.com
7f883cbb-8e9d-49ea-93b2-74fa48d33ea0,2021-12-08T04:59:10,BRAND5,479.20,cdbkifg@gmail.com
9b649292-1ae3-4924-a8e1-7c0d36b19463,2021-12-08T05:00:50,BRAND2,739.50,"""cleegef ihhgghb"" <cleegef@gmail.com>"
661ed4ef-0462-4634-8e81-b63e92158660,Wed Dec  8 05:00:50 2021,BRAND2,959.85,ickabbl@gmail.com
dd6833d5-7fe9-4a8d-be0f-7ba5762a8987,2021-12-08T05:01:40,BRAND2,60.04,celdfia@live.com
0cc27ef1-9386-4dfc-aba1-672e3fa2618b,2021-12-08T05:02:30,BRAND5,252.48,chdlche@yahoo.com
1da9dfda-57d5-4345-a085-98a6380c926c,2021-12-08T05:03:20,BRAND3,989.71,"""lbdfaab flcffdc"" <lbdfaab@gmail.com>"
4d7e3646-f4e1-402e-87dd-a8d2d0d5b08e,2021-12-08T05:04:10,BRAND3,957.51,iccbici@gmail.com
85eca1d7-9b06-43f6-be75-da694c4e6061,Wed Dec  8 05:05:00 2021,BRAND2,324.80,jadegih@appple.com
29c9d34a-1a70-4907-9cd2-d22dd3bd8344,2021-12-08T05:05:00,BRAND1,775.95,hgegadb@gmail.com
fc201c60-caa9-41c9-8fd8-5a741770a07e,2021-12-08T05:05:50,BRAND2,598.35,"""jfiejdi clhcieg"" <jfiejdi@yahoo.com>"
02d4d40e-d0df-460a-a9ec-def0696f2500,2021-12-08T05:06:40,BRAND2,315.57,"""dhildlf dilkedh"" <dhildlf@gmail.com>"
152ae769-710e-451a-ad02-6d46dd133500,2021-12-08T05:06:40,BRAND2,126.82,ihcibee@gmail.com
ecd0cf74-4136-4c85-8aea-685e508e506a,2021-12-08T05:08:20,BRAND2,87.38,hfhfllk@yahoo.com
38fd0bac-fb03-4df4-9a14-9a98e819094d,2021-12-08T05:09:10,BRAND3,890.28,"""icgfded lgjelbc"" <icgfded@yahoo.com>"
29a632b9-599d-419f-b323-b285828068dd,Wed Dec  8 05:09:10 2021,BRAND5,963.60,dllkaaf@appple.com
954ea03c-386a-4a0f-ac3b-5d0347203c96,2021-12-08T05:10:00,BRAND2,753.38,abcggcd@appple.com
559c5e75-9ec8-43b0-843d-01048707acb4,2021-12-08T05:10:00,BRAND5,989.64,"""eakghbc kfebfge"" <eakghbc@hotmail.com>"
045c00b7-f976-4493-83b4-5897df2db164,2021-12-08T05:10:50,BRAND2,797.92,cddaked@gmail.com
069dc77c-d52f-41a4-aacd-8ff5dcea6a9e,2021-12-08T05:10:50,BRAND2,928.59,jidllfi@gmail.com
aa6a933c-0128-4310-878b-3e9bc18a73b6,2021-12-08T05:11:40,BRAND5,210.75,gbedcgd@gmail.com
a2ed3ccf-36eb-4c8e-8c6d-54ecbffb8654,2021-12-08T05:11:40,BRAND2,259.44,"""aigjgic bicihfd"" <aigjgic@appple.com>"
3299bfb1-6e85-458b-9acd-63e6c19216b5,2021-12-08T05:13:20,BRAND5,303.86,akkahjj@appple.com
5a73f30c-e9c8-43a5-ad90-8c8cd928f60d,2021-12-08T05:15:00,BRAND4,476.79,dcfikgc@hotmail.com
b12cf063-37fe-4299-8ef9-8c2e6fe9adc2,2021-12-08T05:15:00,BRAND5,699.60,kkchlkl@yahoo.com
99e28789-7442-4ded-90f0-d3a593e8c272,2021-12-08T05:15:50,BRAND5,515.28,cjjdbcf@appple.com
03a42704-a0fe-42f3-bc62-c420017be434,2021-12-08T05:18:20,BRAND1,909.25,"""hdeajce igcfhia"" <hdeajce@gmail.com>"
f826531a-0a2a-498d-94fe-a8cc82c4a47c,2021-12-08T05:20:00,BRAND2,98.70,"""gjladlc ckcjadd"" <gjladlc@gmail.com>"
488e60b4-b56d-4c22-b70d-43034f1e98a7,2021-12-08T05:20:00,BRAND2,466.63,eghjbkg@appple.com
33a10301-b06e-4b9b-b479-052f7574669c,2021-12-08T05:21:40,BRAND2,838.48,jhbeijk@gmail.com
f805e130-5500-4b5e-b2b1-a6eedcd773d2,2021-12-08T05:21:40,BRAND5,893.12,"""bhkedic kaiijlb"" <bhkedic@gmail.com>"
e9397454-6f32-4c6b-9e16-09f11c0a2b66,2021-12-08T05:23:20,BRAND2,442.97,"""ihhcblk cjgkkff"" <ihhcblk@appple.com>"
5ebeb365-bfd1-409c-853b-fa23edbe2dd2,2021-12-08T05:23:20,BRAND5,747.17,"""icihagc elhjkfl"" <icihagc@gmail.com>"
e04ba704-3c16-4e52-a74e-c6c5a57477da,2021-12-08T05:24:10,BRAND5,8.50,fchhkld@appple.com
5e209f26-6983-4847-90c1-7099277081bc,Wed Dec  8 05:25:50 2021,BRAND2,989.06,"""aiebicf edkdaci"" <aiebicf@appple.com>"
b165825b-005e-4476-8ab7-8de3c76ade03,2021-12-08T05:25:50,BRAND2,351.47,glcegif@gmail.com
04b0a194-b837-4ad9-9347-dfb36bbae9eb,2021-12-08T05:28:20,BRAND3,385.75,iglhjkd@appple.com
d5040437-0eb8-40f8-8ef1-9267aefd63e8,2021-12-08T05:30:00,BRAND3,734.21,hagjlih@gmail.com
9c4dd3e0-c9df-42a8-8a5d-2fba3f215fbb,2021-12-08T05:31:40,BRAND5,66.45,"""cfdahkk akgahgg"" <cfdahkk@gmail.com>"
7e0a484e-2f0e-4599-b1ac-04e884218421,2021-12-08T05:31:40,BRAND1,595.62,iakgiib@gmail.com
a7bb4dd9-8ad8-4f35-ba55-9341d2f38f3d,2021-12-08T05:33:20,BRAND2,28.76,lehfbdf@appple.com
4c410cc2-0539-49ce-a339-da8783394567,2021-12-08T05:35:50,BRAND2,914.77,hjieflh@live.com
1b6226aa-4378-458b-835d-d2e35be0a7f9,2021-12-08T05:37:30,BRAND2,660.96,"""khkafjf ikfdgck"" <khkafjf@gmail.com>"
bb494eea-47e4-4aec-be3e-9bb1bd202e67,2021-12-08T05:37:30,BRAND2,361.64,fkhaebi@appple.com
aa7bae4b-2526-42fe-8219-c4fd65835fe0,2021-12-08T05:38:20,BRAND2,500.27,"""chhedil jckjbdj"" <chhedil@gmail.com>"
3fa74454-e16b-49f0-87ce-df581c749aa8,2021-12-08T05:38:20,BRAND5,142.06,edhefie@gmail.com
03b6187e-e9cf-4daa-acc5-5a890b9f9a73,2021-12-08T05:39:10,BRAND1,308.12,ekjgbgf@gmail.com
c0c9ac6b-e2ff-401c-98f2-8f78f6e0fca4,2021-12-08T05:40:50,BRAND2,621.33,"""cfbheaf flcdbck"" <cfbheaf@appple.com>"
818974a5-1d05-44f0-9dc1-da970e040266,2021-12-08T05:42:30,BRAND2,148.75,jfigkhf@gmail.com
4ba864d9-6608-44a8-b611-fd506084406b,2021-12-08T05:42:30,BRAND2,144.44,gifhaec@appple.com
6b305784-348b-48ee-9d6a-6d8b34304539,2021-12-08T05:44:10,BRAND5,81.36,"""cfbeeje alflkce"" <cfbeeje@appple.com>"
c3e45e14-a56f-4905-85a6-581c33a5af27,2021-12-08T05:44:10,BRAND4,314.17,edihfgd@hotmail.com
44b53a44-4dc2-4bf8-b21a-51873cf203e1,2021-12-08T05:45:00,BRAND2,14.90,aiifhgb@gmail.com
0ed57e60-7c7a-429c-948d-207ed425b521,2021-12-08T05:46:40,BRAND2,823.48,"""glaefbh afgghid"" <glaefbh@gmail.com>"
24703f1c-17d4-46ce-8ec8-59f55f79f0cd,2021-12-08T05:46:40,BRAND2,963.35,fhjllcf@appple.com
74db2640-8740-440a-992b-2f01eb163838,2021-12-08T05:48:20,BRAND1,773.80,"""kajjcdf ekbebdg"" <kajjcdf@gmail.com>"
d2fd0cb3-dd69-4323-ae1c-492918bf9d93,2021-12-08T05:48:20,BRAND2,900.45,"""gcgdibf kffkcjh"" <gcgdibf@appple.com>"
17fbfd3f-84fc-4481-b7c4-cf5cc6a0da0b,2021-12-08T05:49:10,BRAND1,362.62,afdddec@gmail.com
e7212105-9acf-44f3-9502-7aa2aefdcf51,2021-12-08T05:49:10,BRAND4,100.01,"""fiedfhj gbgbdjl"" <fiedfhj@gmail.com>"
8f83e756-9ac9-42d2-9cda-e804881440b5,2021-12-08T05:50:00,BRAND3,537.71,cilbeag@gmail.com
fe532a7d-c486-4ce4-a40e-030e509c5671,2021-12-08T05:50:00,BRAND5,873.79,bbliggc@appple.com
c6dc8fbf-d62b-468a-8638-28b7dd6c57fd,2021-12-08T05:50:50,BRAND2,72.23,jgkajkg@gmail.com
edf775de-e877-416b-a1b2-435f4b239dfb,2021-12-08T05:50:50,BRAND2,598.30,feaclke@gmail.com
a07c3c66-804c-4f09-a1a8-b7049b36608a,2021-12-08T05:54:10,BRAND2,741.54,jbgfkcd@appple.com
014bc401-a20c-47e7-a479-d4f2c5e70b53,2021-12-08T05:54:10,BRAND5,363.35,kedbbik@gmail.com
81bd150f-0d6d-40a1-85e1-6bbca5a9bfb4,2021-12-08T05:55:00,BRAND2,440.56,kjkglee@gmail.com
c8fcea43-723f-400f-b220-04b2c56e4476,2021-12-08T05:55:50,BRAND2,912.30,jibfled@gmail.com
8b43b738-c0f1-44a4-934e-04ad9cfcfa86,2021-12-08T05:56:40,BRAND2,65.53,"""kkggcee jgchfdd"" <kkggcee@gmail.com>"
abc8ae84-91b2-40c8-bd56-f17d2b5b5bae,2021-12-08T05:56:40,BRAND1,897.59,liajeib@appple.com
be60cacf-ea00-440b-ad98-5abe687daf28,2021-12-08T05:58:20,BRAND5,895.42,hcbgakc@gmail.com
a2933d5d-5584-4c64-b4ad-d1e87cc5f8b4,2021-12-08T06:00:00,BRAND4,928.18,jkaibld@appple.com
d3c5bc9f-cda3-44a6-8fba-47c221d5e89f,2021-12-08T06:00:50,BRAND1,204.59,"""dlilbkk lgegadf"" <dlilbkk@gmail.com>"
6ae83c50-eb4b-436f-97c2-72454809e9de,2021-12-08T06:01:40,BRAND2,16.22,blcgdgb@gmail.com
dcfb2c08-c504-4042-a212-c46d9308b9c7,2021-12-08T06:02:30,BRAND2,910.70,hlcbhde@live.com
9ba28288-7f41-4f85-bdba-709d27534b31,2021-12-08T06:02:30,BRAND2,754.16,lehabkk@live.com
c4818e59-0843-4437-8afe-ac537e037706,2021-12-08T06:05:00,BRAND2,24.65,"""ggacggk kbbaggk"" <ggacggk@gmail.com>"
8235654a-46e8-42e7-aaef-f574da3e0c47,2021-12-08T06:06:40,BRAND5,268.49,jakklfh@gmail.com
92af54de-66de-47cd-8029-4769fc353158,2021-12-08T06:06:40,BRAND4,99.19,"""liidakb hdldace"" <liidakb@gmail.com>"
652e304a-88b2-4a93-aca4-c3c4fa4832c6,2021-12-08T06:09:10,BRAND5,532.24,jcgldka@appple.com
2d522faf-bcfe-4f07-9cca-16599d7b7d02,2021-12-08T06:09:10,BRAND2,783.65,aflggai@gmail.com
dba23b49-6aef-4a73-b654-4031fec9609c,2021-12-08T06:10:00,BRAND4,513.57,"""blkdfha djjbhjg"" <blkdfha@appple.com>"
5821df74-ce4a-4b18-8759-6228e602bd64,2021-12-08T06:10:50,BRAND2,285.90,dcehkab@gmail.com
5298264f-73b0-457e-9e69-030bb588d6de,2021-12-08T06:11:40,BRAND5,199.45,ggejebj@gmail.com
32782d4a-0950-402e-b22d-2892b64022ab,2021-12-08T06:11:40,BRAND1,808.77,ebbiblc@gmail.com
174f89e9-a72a-4c81-bfd4-389485767d62,2021-12-08T06:14:10,BRAND2,675.60,hcagbbe@appple.com
0ac279a1-ce46-479d-8231-0bdda599bcb8,2021-12-08T06:14:10,BRAND2,637.08,"""ilkjdfe hjbiicc"" <ilkjdfe@live.com>"
e1d33c8a-2e04-4436-a287-2a012e0d382c,2021-12-08T06:15:00,BRAND5,296.99,"""aebecad egljhhl"" <aebecad@gmail.com>"
8438eeaf-edcc-49df-863f-75f3a092598a,2021-12-08T06:15:50,BRAND1,449.32,"""ifgabaa fchhiaj"" <ifgabaa@gmail.com>"
3e573bcb-a909-4f8e-84aa-1ef7e8443ece,2021-12-08T06:15:50,BRAND4,612.14,fkhjekj@appple.com
6b62fa83-41df-4bdd-a0d7-a2904d24855f,2021-12-08T06:16:40,BRAND4,678.73,"""haefdhc geecidd"" <haefdhc@appple.com>"
7d78c10c-5577-44cf-be60-7a585a2a3f18,2021-12-08T06:16:40,BRAND1,494.05,eiaekib@hotmail.com
41b471d5-10bd-4c14-a2a7-a9968f76bd98,2021-12-08T06:17:30,BRAND4,965.65,"""didckki jgcaffi"" <didckki@live.com>"
ca8499e1-b793-478b-802e-962de29e1d51,2021-12-08T06:17:30,BRAND4,823.17,"""kebbjae iiaddda"" <kebbjae@gmail.com>"
29d62ed6-3b8d-4f61-905b-dc9b4fa01bc2,2021-12-08T06:18:20,BRAND2,745.52,fgkkfjd@hotmail.com
5a7d5305-a036-41b3-b093-ff6801d5ce86,2021-12-08T06:19:10,BRAND2,808.77,"""laiibil bjdjljh"" <laiibil@gmail.com>"
7d49914e-dd55-4418-9241-418b87c1e355,2021-12-08T06:19:10,BRAND2,8.79,"""ldcabbk ahdhcif"" <ldcabbk@yahoo.com>"
26601c82-3df7-4c42-b2ed-1a46bbfee776,2021-12-08T06:20:00,BRAND2,603.02,hheehhe@gmail.com
0e0a4657-4a36-42ea-9468-89d67fa08f92,2021-12-08T06:22:30,BRAND2,606.16,hgijgij@appple.com
6c97e872-3ddd-40ce-b65e-294809bf9c22,2021-12-08T06:23:20,BRAND2,517.24,dibbkle@gmail.com
ea51824c-3046-4bc4-98ff-b1631e7743e4,2021-12-08T06:26:40,BRAND5,219.62,"""ckbjfdg feilbgj"" <ckbjfdg@appple.com>"
fee6700c-ac21-45b8-8ac0-fbbad12b1f8c,2021-12-08T06:26:40,BRAND2,294.18,"""ifehjhi kliiehi"" <ifehjhi@gmail.com>"
0f34caf3-2c58-49f4-8a36-84bf805d5044,2021-12-08T06:28:20,BRAND2,735.62,"""lbahkfg lifhakc"" <lbahkfg@gmail.com>"
9c889cbf-fa88-41be-bc75-9216970c6523,2021-12-08T06:29:10,BRAND2,999.67,"""gfkddib jcibjeg"" <gfkddib@appple.com>"
cb843941-3f7a-4fff-abf4-024e76bba52c,2021-12-08T06:29:10,BRAND1,614.84,hfifgib@appple.com
c3193fa2-b608-4606-bbe5-b3bb7ec413eb,2021-12-08T06:30:00,BRAND2,277.30,gfcchcd@gmail.com
a2ae6576-16e6-47cf-800b-fa2538f4604a,2021-12-08T06:30:50,BRAND2,983.97,ebiekdd@gmail.com
290b7ff8-021f-4b6c-bd72-6ba7f2bd8740,2021-12-08T06:30:50,BRAND2,654.46,ahffcfe@appple.com
de3adac4-c53b-424c-a8de-f273b3832b45,2021-12-08T06:31:40,BRAND2,262.04,bielfib@yahoo.com
9f38ca4b-4d93-4556-b147-288ef5f9e0b4,2021-12-08T06:31:40,BRAND2,866.34,jjfcdac@appple.com
4033903b-799d-4a7c-9b21-2ced19c82ea1,2021-12-08T06:32:30,BRAND2,299.56,"""djjldji ecchihb"" <djjldji@appple.com>"
0b5f70a4-03a2-4bb6-a473-536576bb5d1a,2021-12-08T06:35:00,BRAND5,$692.67,ggiakfg@live.com
03609fb6-ab5e-4891-b326-b47ababb1ba9,2021-12-08T06:35:00,BRAND2,740.46,"""ilkhafj caflgib"" <ilkhafj@live.com>"
cbb77190-2705-4e94-b9fe-6c33e5c01362,2021-12-08T06:36:40,BRAND2,692.21,bkddidl@live.com
6ed6c1d1-8abe-4c95-b8a4-65eec3aa3871,2021-12-08T06:37:30,BRAND5,865.00,kdkbkgj@gmail.com
4eb1ca71-ddd2-417e-bbaf-17cf9dda24f3,2021-12-08T06:37:30,BRAND1,351.32,"""ljfehld fkidcgc"" <ljfehld@appple.com>"
67f8e1b6-87e2-4d18-bee4-da08c56d7d0a,2021-12-08T06:38:20,BRAND5,897.53,"""gjffilg hdjabdc"" <gjffilg@appple.com>"
b192561b-d631-4742-a077-3a80719756b5,2021-12-08T06:40:00,BRAND5,450.47,"""difhkkf hdfghdg"" <difhkkf@gmail.com>"
bc265211-9dc7-4d34-88be-52d17f81f89e,2021-12-08T06:41:40,BRAND2,126.60,"""ijbhldg cfflkch"" <ijbhldg@appple.com>"
60da9ee0-f998-4884-9c67-afc4d98e0337,2021-12-08T06:42:30,BRAND2,243.40,abbglkf@live.com
52801555-bb7b-4990-8260-33d31c871f01,2021-12-08T06:42:30,BRAND5,273.00,"""acdciab ghkhaae"" <acdciab@gmail.com>"
108af299-a18c-496e-a466-48fa34e6f26e,2021-12-08T06:43:20,BRAND2,384.11,ghgidkf@gmail.com
d6be61ee-85e4-4ba7-a9b5-70884ee8c2fa,2021-12-08T06:43:20,BRAND2,898.73,iaiibje@live.com
574e9ea9-aeda-4683-8d16-e7561b5ce9d6,2021-12-08T06:44:10,BRAND5,851.27,jiakcjd@gmail.com
f51b5636-7ead-43fb-a586-96a8f262a881,2021-12-08T06:44:10,BRAND5,554.72,fjhafkd@gmail.com
485b4b01-7f51-4edd-bb03-7b337c8884f9,2021-12-08T06:45:50,BRAND5,157.48,blfiagd@gmail.com
85c3be58-822a-450c-995b-35e006bfdb2a,2021-12-08T06:46:40,BRAND2,493.25,efahgfj@appple.com
d8fc6366-37d4-4346-9cfd-6ef4584529cd,2021-12-08T06:46:40,BRAND5,156.04,fbbifia@appple.com
4b594211-b8b9-4347-9f35-9d0cac65ab37,2021-12-08T06:47:30,BRAND3,341.50,bkhegfi@gmail.com
d89c5f7d-c755-4a73-8926-97ab4b234e07,2021-12-08T06:47:30,BRAND2,692.71,"""kaeakbj fdbhkek"" <kaeakbj@gmail.com>"
7c8cbacc-3163-4402-9e9f-24d472b365c0,2021-12-08T06:49:10,BRAND2,220.81,bhdkfli@appple.com
5868bca6-38cb-47e0-bda9-a33b72a7274e,2021-12-08T06:50:00,BRAND2,768.07,ggahjif@live.com
2df9b5d1-48f0-4120-84f1-48f7f2dab522,2021-12-08T06:50:50,BRAND2,413.79,bdhkgdb@appple.com
bcb8c869-ac80-436b-b8bf-ccb8c95eaaea,2021-12-08T06:51:40,BRAND2,958.73,kljfjlb@hotmail.com
18d54c16-64d1-4455-abd0-580dcb063cde,2021-12-08T06:51:40,BRAND2,23.82,bkfjfkk@gmail.com
baa1f761-1007-487b-abb9-e549045c2360,2021-12-08T06:52:30,BRAND1,294.28,ijfkbaj@live.com
e82265d7-364f-4cb3-bf13-6b008cee92e3,2021-12-08T06:52:30,BRAND2,336.16,halgkcj@gmail.com
0a288cf4-1d7a-4ed6-a28d-207267cfd0f8,2021-12-08T06:53:20,BRAND2,415.55,"""bdfbagb bjaaahd"" <bdfbagb@live.com>"
85750828-ef26-4e0f-9d04-4903370cc306,2021-12-08T06:53:20,BRAND5,707.96,chdjidb@gmail.com
be1ed95c-5219-49bb-8e6a-4371360f1de9,2021-12-08T06:54:10,BRAND2,407.42,fejkcfk@gmail.com
e4d953c7-1775-4a22-bb34-0456ff805a42,2021-12-08T06:54:10,BRAND5,754.44,"""jckhkeh cjdafhc"" <jckhkeh@appple.com>"
bdd7dacb-117f-4b6f-949d-0bf53aba89db,2021-12-08T06:55:50,BRAND3,474.36,hjffdbi@live.com
8292e3b5-299a-437c-ba15-08676f8179ef,2021-12-08T06:57:30,BRAND2,263.41,chbajlh@appple.com
0159049e-a6bc-4771-a593-5fcbcf5267e1,2021-12-08T06:57:30,BRAND1,171.60,fffhljd@gmail.com
2acfab46-f16f-4e8f-9164-fe77e1766874,2021-12-08T06:58:20,BRAND2,31.37,jgaclch@yahoo.com
914731bb-c27d-46cd-b4ab-4d4c95a12249,2021-12-08T06:58:20,BRAND2,308.66,alckdee@gmail.com
81b23fe7-eb09-4274-85cb-714bab1c675f,2021-12-08T07:00:50,BRAND2,743.90,gagikbc@gmail.com
9dd58a37-62cf-4595-aca4-4728a1528cd8,2021-12-08T07:00:50,BRAND1,661.92,"""cekbfbf jibllaj"" <cekbfbf@gmail.com>"
371c901d-9431-4983-9a9a-166d8b1624a1,2021-12-08T07:02:30,BRAND5,$937.47,"""fgdhdja iiikjih"" <fgdhdja@gmail.com>"
25e17614-0095-4d9c-b914-c0346df66d4d,2021-12-08T07:03:20,BRAND5,905.41,"""iiaehdf bledabd"" <iiaehdf@live.com>"
bbcb133d-23bc-44a9-af3b-91074b9139b0,2021-12-08T07:03:20,BRAND2,881.69,ekfllcl@appple.com
41e619e9-727b-47bd-9f07-ee6321fd432b,2021-12-08T07:04:10,BRAND2,107.80,"""dafgbcg hifegcg"" <dafgbcg@gmail.com>"
9e73e2d6-9683-4ae0-a1bd-ad8e26d9e1c7,2021-12-08T07:05:00,BRAND2,35.97,"""ajijbhl hcedkec"" <ajijbhl@appple.com>"
3e8a4b62-c272-41ec-8f1e-e74e9e184ddc,2021-12-08T07:05:00,BRAND2,859.61,hfjjbjl@hotmail.com
1c0eec1b-13f2-433f-a3d6-a94c682db912,2021-12-08T07:07:30,BRAND2,107.88,"""gihbkik ahaglge"" <gihbkik@live.com>"
13be9e7f-c25e-42cd-bf54-4c253249270a,2021-12-08T07:07:30,BRAND2,382.70,ceiadfj@appple.com
b5e3423c-32d3-4685-90f3-ef27d19f87fb,2021-12-08T07:08:20,BRAND2,965.90,gjecjki@gmail.com
7cce3852-3f42-43f6-bff3-abe9593c49c3,2021-12-08T07:10:00,BRAND2,638.76,illldkc@gmail.com
3b82786c-595c-4c56-8977-fca4618114d3,2021-12-08T07:10:50,BRAND2,152.58,ifcifak@gmail.com
162b3e31-00db-4982-aaab-0b83c7aba20f,2021-12-08T07:10:50,BRAND5,802.58,"""jijfill cghajdd"" <jijfill@gmail.com>"
e1745452-48d6-44ba-a6c1-a6ac718f906a,2021-12-08T07:12:30,BRAND5,326.71,eagklgi@live.com
ced69ec9-8e3c-4311-bf7c-c3ec5a457a24,2021-12-08T07:15:00,BRAND2,42.63,"""flklkfh dalkdbd"" <flklkfh@gmail.com>"
626e7be5-3823-4e7c-ada2-944035e215a9,2021-12-08T07:16:40,BRAND2,579.96,djchfil@live.com
5617696e-9a82-44ef-9058-1857f2c548c1,2021-12-08T07:18:20,BRAND2,129.45,agjllad@gmail.com
be204488-9dc6-453b-be1d-0da36c38f4a4,2021-12-08T07:18:20,BRAND5,605.15,"""kddabbl jffkldg"" <kddabbl@gmail.com>"
88b9df86-a0a5-40ec-8926-bf5f8f325a83,2021-12-08T07:19:10,BRAND2,661.99,ldahjke@live.com
43926b79-5384-4622-8bed-ffb19fe8bfa8,2021-12-08T07:19:10,BRAND4,423.37,"""acheflg aedkbfd"" <acheflg@gmail.com>"
6b50e265-28f2-4732-b23f-fce11d455044,2021-12-08T07:20:00,BRAND2,257.25,"""dfakhcb gejhaed"" <dfakhcb@gmail.com>"
2ea33503-58e6-4a54-abd1-10253b10452f,2021-12-08T07:20:00,BRAND1,43.36,iekjkig@gmail.com
964b84cc-da97-49a2-b9a6-f97cc31292f4,2021-12-08T07:20:50,BRAND3,594.87,"""kigiafd ddbalfc"" <kigiafd@gmail.com>"
789070a6-31f6-421d-b103-6b8bf426ce06,2021-12-08T07:20:50,BRAND4,$242.69,kjccjcl@gmail.com
9c384403-4956-4f9a-8e82-0c0f7799c30f,2021-12-08T07:21:40,BRAND5,863.56,edbdhca@gmail.com
205bfa0c-3338-4613-b444-a50104aa7d88,2021-12-08T07:21:40,BRAND3,689.88,ihhkgka@live.com
fa7e8ad7-6b4a-4b4b-90f3-30cfa0875259,2021-12-08T07:23:20,BRAND2,261.97,jegkgfe@gmail.com
eb946851-fdc0-4bb7-9cdc-e217c6c3cb79,2021-12-08T07:24:10,BRAND2,520.51,"""cdgcdji ckclihi"" <cdgcdji@gmail.com>"
a7d0cac6-339f-4ae8-9a52-279a1464f41d,2021-12-08T07:24:10,BRAND4,208.14,kifgeic@gmail.com
33666949-4986-41b4-89d7-70b79935bdb3,2021-12-08T07:25:00,BRAND5,779.15,"""dffeahc ddicbkd"" <dffeahc@gmail.com>"
cc16e2f1-1b54-4c3b-a159-0e041973949b,2021-12-08T07:25:00,BRAND5,759.15,adglcbb@gmail.com
f929e2f6-865b-4f02-8f75-0e38c22e50d3,2021-12-08T07:25:50,BRAND2,986.25,kcdblif@gmail.com
c8b44c4f-c6da-42e8-b1ea-d7f520005dd1,2021-12-08T07:25:50,BRAND1,265.27,cahlddb@appple.com
5172d24d-fc52-449f-8a58-e0507c7a1f46,2021-12-08T07:28:20,BRAND2,767.94,"""dljaidh bhilchf"" <dljaidh@gmail.com>"
25263013-18fc-4f1d-909e-51c97d1b82d1,2021-12-08T07:29:10,BRAND5,651.39,"""dabekbf bdfkhhh"" <dabekbf@appple.com>"
3e472507-cad6-4d08-bc54-35da5411f1e7,2021-12-08T07:29:10,BRAND2,619.83,ddefhgg@appple.com
fae077fc-7a16-47b7-9ad2-dd66c8b3cde3,2021-12-08T07:30:00,BRAND2,346.62,"""ibgbldf khhbhlj"" <ibgbldf@appple.com>"
ab22580a-1159-45fe-acd1-4acf36808d7b,2021-12-08T07:30:50,BRAND5,823.55,"""lhfjidg ighccjj"" <lhfjidg@appple.com>"
05ca64e1-ae36-4ed7-b0b6-5e8b3f48b27f,2021-12-08T07:30:50,BRAND2,768.97,"""adhjlbd kagecll"" <adhjlbd@gmail.com>"
1f81eab8-f916-4f4f-b025-13f15582f5de,2021-12-08T07:31:40,BRAND2,47.31,bdhdagf@appple.com
568b4250-a97c-400a-a3d7-068c69b7f5ec,2021-12-08T07:31:40,BRAND2,567.52,kieblbf@gmail.com
4a77ecd4-ea0e-4b46-b65d-d06e2c357537,2021-12-08T07:32:30,BRAND1,576.05,ifgaafj@appple.com
e2bec934-986d-4024-a6e7-096f8f25f491,2021-12-08T07:34:10,BRAND2,25.32,khgeclg@appple.com
5d8ead80-8075-41c9-bc54-3b2230eaa313,2021-12-08T07:35:00,BRAND2,389.89,ikikfdf@gmail.com
1953296b-59cc-48cf-9915-27296e2216aa,2021-12-08T07:36:40,BRAND2,199.86,"""fdjkllc jbdajgk"" <fdjkllc@yahoo.com>"
b0cc5224-857c-4037-a349-0aebfb48fdef,2021-12-08T07:36:40,BRAND4,782.01,"""ffechhe gedkdbf"" <ffechhe@gmail.com>"
840f0128-b652-4bc3-b6bb-597605a5efe2,2021-12-08T07:38:20,BRAND2,900.84,"""jfchcbc flbechb"" <jfchcbc@gmail.com>"
8c3a52a4-8e3e-43c3-9ce4-87e27d605aa2,2021-12-08T07:38:20,BRAND5,568.96,"""kdghjdk acfcegf"" <kdghjdk@gmail.com>"
a19daedd-21db-4e4c-99a5-ed0ec639013c,2021-12-08T07:39:10,BRAND2,438.17,kahgail@gmail.com
c32ed931-584d-4a68-937b-c21e5acd17f1,2021-12-08T07:40:00,BRAND2,342.66,"""kekchia gbkadlc"" <kekchia@gmail.com>"
5484af7c-8748-4348-99b8-656d98a6a9e8,2021-12-08T07:40:00,BRAND1,75.86,agbjcee@gmail.com
57371768-0c0f-4411-914d-84b53ddde7e0,2021-12-08T07:40:50,BRAND1,221.34,kilkjha@gmail.com
d5fed0fc-a273-432c-8a53-e27660ac3659,Wed Dec  8 07:42:30 2021,BRAND1,805.41,kjljijb@appple.com
9c6622bc-c2f6-4aee-8415-725d216aeeb8,2021-12-08T07:42:30,BRAND2,596.44,jgabgkk@gmail.com
84cb622d-44c1-4b7a-a5df-6932cf81d15e,2021-12-08T07:43:20,BRAND2,312.58,"""ljijbgj laaijgj"" <ljijbgj@appple.com>"
ee6e93bc-b12e-445c-8ce1-a1475b9aa03f,2021-12-08T07:43:20,BRAND5,805.02,akjkfde@appple.com
29568ff0-67d9-4d1c-a237-788191062965,2021-12-08T07:44:10,BRAND2,705.45,"""lflialc iiafefk"" <lflialc@gmail.com>"
27bef1e4-e722-4946-aaf6-66711e18b52a,2021-12-08T07:45:50,BRAND5,883.08,alaakef@gmail.com
3b2ca669-3427-4759-b425-f294c73a83d3,2021-12-08T07:46:40,BRAND5,660.81,ihhajhe@appple.com
d0c31b57-f401-4b57-b69f-ec98d3f8ce65,2021-12-08T07:46:40,BRAND2,716.54,"""lfdaagl lkjabbf"" <lfdaagl@live.com>"
782de45b-721f-453b-99ea-1fd386a87624,2021-12-08T07:47:30,BRAND2,326.24,fljkiig@gmail.com
190a669b-6c12-4c3f-9550-e4ddc8bb19a7,2021-12-08T07:48:20,BRAND2,553.51,"""heceedg elhggdb"" <heceedg@gmail.com>"
444f9557-aa21-4bbf-90ed-90583bc8c040,2021-12-08T07:48:20,BRAND5,704.74,"""kjjgafi iejcchj"" <kjjgafi@gmail.com>"
b20dcbf6-65cf-4b0e-ab98-dcd976035ea6,2021-12-08T07:50:00,BRAND2,213.68,fiileil@appple.com
9940f9e2-c0f7-4779-b969-5a49101dd0c1,2021-12-08T07:53:20,BRAND2,990.69,bcgacbd@gmail.com
58de9d54-a95e-40f0-9f11-acea9163a87f,2021-12-08T07:54:10,BRAND1,976.17,"""ehdfafa hbhaagh"" <ehdfafa@appple.com>"
972749c3-25c0-4f1e-b20a-9e19a3e5b98c,2021-12-08T07:55:00,BRAND1,$521.45,"""blfkcfg jkggich"" <blfkcfg@appple.com>"
5f9765c7-0d59-42e7-9b01-8654997b0075,2021-12-08T07:55:50,BRAND2,827.56,jdahhhl@gmail.com
4c3b20ea-4985-4988-a2e6-553fd6ddb089,2021-12-08T07:57:30,BRAND2,835.26,eacekjd@yahoo.com
236b624a-635e-4fa2-b7b5-33fb709e12bb,2021-12-08T07:58:20,BRAND3,908.68,"""abhadik cldjddg"" <abhadik@gmail.com>"
6d8bbd37-7386-4651-9fe8-2beab7e23af2,2021-12-08T07:59:10,BRAND5,520.71,dbgdidd@appple.com
98fd7600-75d0-4f1b-a7e5-6d3530c2fe7d,2021-12-08T07:59:10,BRAND2,497.92,"""kckfjgk gbbajjg"" <kckfjgk@gmail.com>"
e9497816-e7a2-42dc-b201-5f2074a535ec,2021-12-08T08:00:00,BRAND2,503.57,helgdaf@gmail.com
51599eed-4fe8-4eec-916d-d9ab1b8b7027,2021-12-08T08:00:50,BRAND4,191.56,"""gfldkcc aaldbaa"" <gfldkcc@gmail.com>"
54581e26-cae7-4e6a-92df-b9cc3eaea5b9,2021-12-08T08:02:30,BRAND1,647.48,ajadldi@yahoo.com
a78caf01-7fac-496a-b8e1-abeb4034d885,2021-12-08T08:02:30,BRAND2,99.43,iggaiil@live.com
0bbf28d8-6ae2-4b6d-bb22-5f26ed986fe4,2021-12-08T08:03:20,BRAND1,588.92,jcdaigj@gmail.com
1d0ec87f-57e7-471a-9fd4-2d05ff214745,2021-12-08T08:04:10,BRAND5,732.38,gehjfie@gmail.com
04d4e5d4-cf49-4a77-97d1-9dafe16d54a3,2021-12-08T08:04:10,BRAND2,69.35,"""baljdkd lkiejbe"" <baljdkd@hotmail.com>"
60f2d833-972f-42e1-b9d9-b5bd68fea8e4,2021-12-08T08:05:50,BRAND1,685.45,ejhaale@appple.com
019301f9-e4b6-426f-8b13-78e182e6bc91,2021-12-08T08:05:50,BRAND5,245.29,aiabgid@gmail.com
9f055b21-5f70-4bff-8c5c-e02a8e07479c,2021-12-08T08:07:30,BRAND2,640.51,"""galfkfj dbjehha"" <galfkfj@appple.com>"
ae11cc0a-6587-40dd-ab48-2f47ccfa02a9,2021-12-08T08:08:20,BRAND1,258.99,"""laehlck ilhccdg"" <laehlck@gmail.com>"
c7c95a17-141c-405a-af01-f7e39af23f9f,2021-12-08T08:08:20,BRAND2,111.79,gacifdl@gmail.com
6b57853a-1e99-4e76-b5b8-39ce754d5f01,2021-12-08T08:10:00,BRAND2,657.38,"""gdkhfih fkkaldd"" <gdkhfih@gmail.com>"
90b3a5f7-8b9e-4b5f-93f6-c28312872a7d,2021-12-08T08:10:00,BRAND2,728.54,bljkkib@appple.com
d52d8e5c-148c-416e-9f9e-9efaa571e179,2021-12-08T08:11:40,BRAND2,291.93,"""agabjgf dhkajcb"" <agabjgf@gmail.com>"
95dda004-f4ff-454d-b1e1-ab3f07ab70d7,2021-12-08T08:11:40,BRAND2,861.38,gldjcff@appple.com
f4c3642e-4bcd-404f-bb32-f1e7e2b8107a,2021-12-08T08:12:30,BRAND2,990.24,gcaccca@gmail.com
e54e0739-5e29-4158-8c06-dc03c50f3775,2021-12-08T08:13:20,BRAND3,312.42,hcbccib@gmail.com
dba8da19-0455-4500-9e5f-0d4484c2e3b2,2021-12-08T08:13:20,BRAND2,801.86,dkkcahj@gmail.com
7bec7f1f-adb7-4508-b5cf-616cfa40a2c2,2021-12-08T08:14:10,BRAND2,508.36,glhfagj@gmail.com
d7573107-af6f-4fb8-a72a-531cb3ee2775,2021-12-08T08:14:10,BRAND2,723.34,"""idlkjcg hadbiej"" <idlkjcg@appple.com>"
20c2113e-d06e-441f-a4b4-2b815d81cf89,2021-12-08T08:18:20,BRAND2,721.04,ijleceb@appple.com
21c694e1-f04c-4dd2-ad35-2cffee6f93b1,2021-12-08T08:18:20,BRAND2,225.04,"""lchjccj ehccehf"" <lchjccj@live.com>"
64c0acc0-c1ba-44e2-9197-c56471744bb0,2021-12-08T08:19:10,BRAND5,5.01,ljidkik@gmail.com
8fe916ce-e656-4620-bdaf-47e257cfe0d0,2021-12-08T08:21:40,BRAND2,670.72,"""bfkhgje kjajalj"" <bfkhgje@appple.com>"
5b5570d0-9375-4d02-a534-d844a28495fe,2021-12-08T08:22:30,BRAND2,960.24,iajadhk@gmail.com
e5f33a4e-4d3e-47e1-a517-27194103780d,2021-12-08T08:24:10,BRAND5,266.30,habeeej@gmail.com
71f3636b-c318-46e6-a8e1-d9d48ffeff22,2021-12-08T08:24:10,BRAND2,397.82,"""befalei cdgjdaf"" <befalei@appple.com>"
df0c6ae3-7ced-4451-bcf5-84d689c17bc7,2021-12-08T08:25:00,BRAND5,505.85,"""ijfcidj aehljjf"" <ijfcidj@gmail.com>"
b809abb7-6f2f-462e-b07f-e1eefe21a6eb,2021-12-08T08:25:00,BRAND5,407.05,ajdgkcg@appple.com
7bccaad9-1251-4f87-98b7-dac26c514a1c,2021-12-08T08:26:40,BRAND2,90.25,"""hfalkbd klhdjcl"" <hfalkbd@gmail.com>"
35cd7227-91b4-4594-9290-0ad4dc549b19,2021-12-08T08:27:30,BRAND1,677.26,bdffcic@gmail.com
ab011ecd-1592-4f3d-8f61-7a4a214b330c,Wed Dec  8 08:28:20 2021,BRAND5,76.09,kjdhekc@hotmail.com
8bcb8198-e1a6-4d6b-b604-134d85523293,2021-12-08T08:28:20,BRAND2,372.02,iikhhdi@appple.com
4c1c1b33-34ee-4606-a3d8-47d71b10174e,2021-12-08T08:30:50,BRAND2,565.63,fcahkci@gmail.com
1ae62ec7-cad9-44ef-bc22-a10b17b151b3,2021-12-08T08:30:50,BRAND2,907.72,aeaicjk@gmail.com
960c2f4c-d904-44f5-84ea-8a955df4924e,2021-12-08T08:32:30,BRAND2,657.66,"""bbghljh igfahcg"" <bbghljh@yahoo.com>"
6c829eba-42b7-4022-a7d9-4b32977eedab,2021-12-08T08:32:30,BRAND5,362.25,hbaglbk@appple.com
82bfac60-6b6e-4e5d-ab7d-36caca59b074,2021-12-08T08:35:00,BRAND2,500.81,gklhjih@yahoo.com
738ee072-6772-4ef3-8b95-f603205d5f34,2021-12-08T08:35:00,BRAND2,991.86,bglgkek@gmail.com
8713bc53-4aaa-4997-b416-42df313d5bb6,2021-12-08T08:36:40,BRAND3,272.68,gkalahb@live.com
ac30b6c6-cd3d-4bb1-a52c-0494e0603aed,2021-12-08T08:36:40,BRAND2,499.32,"""ffdlhid cbljddd"" <ffdlhid@gmail.com>"
bf94a5b0-0695-45ea-8258-58f05b7f4720,2021-12-08T08:37:30,BRAND2,801.56,"""hbcgilg jjbegkf"" <hbcgilg@gmail.com>"
6dffb69b-62ad-409d-81b2-340e01058887,2021-12-08T08:39:10,BRAND5,193.12,"""jjacbck fhbcgdh"" <jjacbck@gmail.com>"
4311c9f7-6393-498c-a871-c4964cf8c058,Wed Dec  8 08:40:50 2021,BRAND1,665.18,"""dehjgif dljeaji"" <dehjgif@gmail.com>"
80727649-d6f3-489c-aa21-88d85fbac38e,2021-12-08T08:40:50,BRAND2,790.25,"""cgfdfah hkhhdge"" <cgfdfah@gmail.com>"
094356d4-0545-47e0-b7db-e350f9c4f7b9,2021-12-08T08:42:30,BRAND5,71.64,ldigkji@gmail.com
8204e971-5218-4872-a021-00ab6bbf6f24,2021-12-08T08:42:30,BRAND2,69.78,"""bbegdhc dkfffgk"" <bbegdhc@appple.com>"
b31f947b-5448-4cb7-a24b-b335bf58f132,2021-12-08T08:43:20,BRAND2,436.73,fadabgj@gmail.com
f01c7dad-eebb-4064-bdd0-f40e39432c93,2021-12-08T08:45:00,BRAND2,367.22,iiciece@gmail.com
89907034-0f3f-4fba-a517-0efb536804c7,2021-12-08T08:45:50,BRAND5,769.49,iiabgdc@hotmail.com
feb14ebd-f235-484b-b794-93d5e9f88311,2021-12-08T08:46:40,BRAND2,942.88,kfcigci@gmail.com
4b65d20c-e953-4d5d-afa9-805e6ab561ad,2021-12-08T08:47:30,BRAND2,403.47,"""cfiecgf eeejcbf"" <cfiecgf@gmail.com>"
f24768aa-1d9e-4f01-8e94-69d15349825a,2021-12-08T08:47:30,BRAND5,494.39,dihhgik@gmail.com
2e3c91ed-0d1e-42f9-a157-6bf38012e575,2021-12-08T08:48:20,BRAND5,354.84,"""fbeljaa jehiifg"" <fbeljaa@appple.com>"
90baae95-d235-4190-8386-dda597186f7a,2021-12-08T08:49:10,BRAND4,587.01,dcbbflf@appple.com
134fb64a-1cba-4618-b169-c618e7691b47,2021-12-08T08:51:40,BRAND2,991.64,gfkfjhd@appple.com
c82e992d-00be-43a7-9f66-417613087e92,2021-12-08T08:51:40,BRAND2,$676.11,cgljfjg@gmail.com
725af489-d642-4433-8224-ffc1bd0c723c,2021-12-08T08:53:20,BRAND4,5.96,"""kbkhhab dcdcfhc"" <kbkhhab@gmail.com>"
b869a0f9-ee2e-4685-8846-d611ce3ca26b,2021-12-08T08:54:10,BRAND2,629.41,bkilcci@appple.com
285aaa4b-9cbd-434d-b5bc-15707462e33d,2021-12-08T08:55:00,BRAND2,817.25,aliffkj@gmail.com
76962785-ab1e-4e62-9957-a8e8f3c5e73d,2021-12-08T08:55:00,BRAND4,561.17,cciieef@gmail.com
a8934300-37a3-49a3-9377-e0be2a93c8f1,2021-12-08T08:55:50,BRAND4,630.15,lldiefl@appple.com
1293e98c-4177-49df-9174-95e719b8a617,2021-12-08T08:56:40,BRAND2,628.35,acclbii@live.com
47d04bf4-6ecd-431f-b2be-d8c810d628bd,Wed Dec  8 08:56:40 2021,BRAND2,902.93,"""ihkdigb kjgbjhh"" <ihkdigb@appple.com>"
f1956af1-ff81-49bc-b644-34a0ee580c34,2021-12-08T08:58:20,BRAND4,242.47,"""dkllckb lleegih"" <dkllckb@gmail.com>"
ec742929-26f5-4ffb-a7f5-2141b617ebd5,2021-12-08T08:59:10,BRAND3,14.37,"""gaaghfe hjhhllf"" <gaaghfe@gmail.com>"
cee116b0-959e-4fc2-b333-eb31193fd66f,2021-12-08T09:00:00,BRAND2,377.01,ifldekd@gmail.com
60d2fad7-2741-42a2-aeb6-63e0ed297817,2021-12-08T09:00:00,BRAND2,915.29,cjdaele@gmail.com
610d800c-3418-4fb6-beca-dfd9101fb81d,2021-12-08T09:01:40,BRAND2,$466.46,fkkblll@gmail.com
86bbf742-afa6-4081-bd16-918f74d5b116,2021-12-08T09:02:30,BRAND1,290.25,khelleb@gmail.com
50a86608-b7d1-4cd9-ab41-b5d29081a1a6,Wed Dec  8 09:05:00 2021,BRAND2,631.82,"""jdgefle ljljeha"" <jdgefle@live.com>"
de91ba4c-328a-471f-b53c-91081f595fa0,2021-12-08T09:05:50,BRAND2,899.04,"""eakjfbj ihkicag"" <eakjfbj@appple.com>"
a8a5842d-dc4c-4507-9a8f-00b7de0c9dc1,2021-12-08T09:05:50,BRAND5,233.44,gebadde@hotmail.com
0ad493d4-ee93-4ab3-876e-c2b13ccdba1c,2021-12-08T09:06:40,BRAND2,685.21,khejhdc@gmail.com
79ccfcf1-a9bf-4b27-b691-db4959d7984f,2021-12-08T09:07:30,BRAND2,633.11,"""jcgjkkd hfjkkhl"" <jcgjkkd@appple.com>"
037d73e9-0e92-4a1b-adf0-3bb1fab91e56,2021-12-08T09:07:30,BRAND2,180.93,lcgkkke@gmail.com
118a7c3e-ba7b-48ec-b8f9-ada28bf13c37,2021-12-08T09:10:00,BRAND4,79.30,ddkeggd@live.com
5e5104c8-adbb-417d-9a4c-41c8fb27a937,2021-12-08T09:10:00,BRAND2,119.15,ieclgee@gmail.com
36af805c-fe28-4541-82fe-6ce6c81e5101,2021-12-08T09:10:50,BRAND2,111.42,"""dgcgkbd djckcel"" <dgcgkbd@live.com>"
68e8044b-ebea-4e3a-b169-c72b44812f5c,2021-12-08T09:11:40,BRAND3,267.33,"""iillcjk beagfaa"" <iillcjk@appple.com>"
2b5f1b94-d716-4667-95a6-e7bfbc8df512,2021-12-08T09:11:40,BRAND2,846.97,"""eafihhg agakgde"" <eafihhg@gmail.com>"
f3e9589a-c986-4788-82f0-13c93e2153f4,2021-12-08T09:12:30,BRAND2,987.20,akljkbj@appple.com
402ee6e0-11c4-4e14-8867-8b4cc4b0519c,2021-12-08T09:12:30,BRAND2,184.17,"""gifjeij bibalje"" <gifjeij@appple.com>"
3c6c1b9d-67a4-432b-8831-250714886108,2021-12-08T09:13:20,BRAND5,81.94,aleaigc@gmail.com
1b36fbf9-d40a-4af7-9337-102abf1bc0fb,2021-12-08T09:13:20,BRAND1,12.05,"""aifiaad bhhjgfd"" <aifiaad@appple.com>"
1de29580-0271-43aa-b507-f5ff846cbd3c,2021-12-08T09:14:10,BRAND5,999.20,faibdaj@gmail.com
8292e3b5-299a-437c-ba15-08676f8179ef,2021-12-08T09:14:10,BRAND2,295.65,biakabd@appple.com
6bf6321f-45e5-437b-a67d-87f25a40c900,2021-12-08T09:15:50,BRAND5,555.00,"""clbighg ddibbie"" <clbighg@gmail.com>"
c9d3820d-18d1-4afa-9195-1ac94f7a7fbf,2021-12-08T09:16:40,BRAND1,102.87,"""gbjfkej efafgga"" <gbjfkej@gmail.com>"
cd70e685-190b-4313-b4d4-191a62065751,2021-12-08T09:16:40,BRAND1,406.15,ieljlih@gmail.com
9451375d-5fd1-4cd6-b0d7-d3f495b40f0b,2021-12-08T09:20:00,BRAND5,484.45,lliljbi@appple.com
68201023-4b81-456a-b397-304ec5c19c24,2021-12-08T09:22:30,BRAND1,763.62,"""addkbbi fljaeai"" <addkbbi@appple.com>"
9258d304-d8fd-45cc-97ad-7d72d9f91747,2021-12-08T09:23:20,BRAND4,771.35,"""kfejadh gaccadi"" <kfejadh@appple.com>"
a1c475a1-41f6-40f5-aff2-fffe1a0a5798,2021-12-08T09:23:20,BRAND2,936.94,eikiked@yahoo.com
66ebd359-87d5-4bf0-83b7-78fb33eca93b,2021-12-08T09:24:10,BRAND2,489.64,"""khigibe igdlkck"" <khigibe@gmail.com>"
10b877a0-5a8f-49a9-9d63-8fe24fbc2c55,2021-12-08T09:24:10,BRAND2,166.87,cibigfk@appple.com
3f31b2db-98eb-4ad3-87c5-61bd7e8c6e31,2021-12-08T09:25:00,BRAND5,386.16,ckjgebf@appple.com
63adfc79-ab03-4e14-afa2-30670388817f,2021-12-08T09:25:50,BRAND1,484.86,iijklcf@appple.com
c9ad1bad-ba2a-4bea-a455-5a04954330bf,Wed Dec  8 09:26:40 2021,BRAND5,397.88,adjaibl@gmail.com
90ba6c61-726c-49e0-96c0-dd159802bb6f,2021-12-08T09:27:30,BRAND2,60.49,"""jbdhicd djcgadh"" <jbdhicd@gmail.com>"
f15e6444-b541-416c-882f-44cab0e90332,2021-12-08T09:27:30,BRAND4,875.41,"""efghcbf cgciaea"" <efghcbf@gmail.com>"
3edc5c31-2122-49d4-8b65-5f76e26e55fd,2021-12-08T09:28:20,BRAND2,466.30,"""heeilaf cbegbch"" <heeilaf@yahoo.com>"
661265dc-e6d7-484f-9a7e-48c47b7e01be,2021-12-08T09:28:20,BRAND2,798.78,"""ilgcalj akeefij"" <ilgcalj@gmail.com>"
d123d462-5f46-4d18-9827-b4a49ab5a725,2021-12-08T09:29:10,BRAND5,$59.93,"""clcdbie ljhakdk"" <clcdbie@live.com>"
e3af828c-ffbc-40f7-98b8-fcb66e9c8059,2021-12-08T09:30:00,BRAND1,325.44,"""bejhdlj djjkhgh"" <bejhdlj@gmail.com>"
321aff09-fc98-484b-a54e-98be2941a13b,2021-12-08T09:30:00,BRAND5,184.70,fbabceg@appple.com
78f1951f-c03a-4608-95d4-3b9e7ca32787,2021-12-08T09:30:50,BRAND2,916.40,"""aicbglg khbcgkj"" <aicbglg@hotmail.com>"
767493dc-4dab-4793-a05d-187b3fb863a4,2021-12-08T09:30:50,BRAND2,632.12,lacldck@gmail.com
fe88e67c-8d41-44cd-b373-2c2d62a4c658,2021-12-08T09:31:40,BRAND2,837.86,digkglb@gmail.com
06b914f5-69cb-469d-8810-523c33420e48,2021-12-08T09:32:30,BRAND5,130.54,iglcidd@hotmail.com
ae464da1-0820-4ad8-b84e-b8b81f73833f,2021-12-08T09:32:30,BRAND1,528.93,haagcee@gmail.com
15c3325c-5e35-4af9-b7e0-7f4abf8eaac3,2021-12-08T09:35:00,BRAND2,205.93,lhiegej@live.com
5e1f479e-da5b-4212-9aca-8e2abf740b57,2021-12-08T09:35:00,BRAND2,989.89,"""hkgcbaf clbfkak"" <hkgcbaf@appple.com>"
3582dee5-2ed8-4f45-9a2e-5914036bc0e5,2021-12-08T09:35:50,BRAND5,832.29,"""jkhdeak ghakjgl"" <jkhdeak@gmail.com>"
5ec7bb81-6478-486d-9d63-05737582f434,2021-12-08T09:35:50,BRAND2,660.59,ghafgid@gmail.com
8eeb0b47-6b16-4ecc-9232-a0fd77e3e753,2021-12-08T09:36:40,BRAND2,518.12,gdedgke@gmail.com
d6b53782-cfe6-48a1-836f-e15fb95187cc,2021-12-08T09:36:40,BRAND2,342.99,"""ccgfgdc kcahgej"" <ccgfgdc@gmail.com>"
0d5420ef-06b7-4e22-b542-a5cd72116575,2021-12-08T09:37:30,BRAND1,553.90,"""bfifeii dbedcdd"" <bfifeii@gmail.com>"
8548bd9c-c292-47d9-a0c5-0e2981c68a6a,2021-12-08T09:37:30,BRAND1,169.99,baakkfc@live.com
88220269-d9ab-4a6a-a6d0-2f6077331223,2021-12-08T09:39:10,BRAND2,736.31,bijfbdl@gmail.com
a09911fe-bfb2-4308-9c22-3434ef07174a,2021-12-08T09:39:10,BRAND2,296.21,gkbalkl@live.com
52711b5d-1b38-4b0f-aad1-0575c58f3906,2021-12-08T09:40:00,BRAND2,623.24,djihldg@appple.com
9ca2b45a-3099-498d-bee0-ea3aa0c5db0f,2021-12-08T09:40:00,BRAND5,786.47,idfajll@gmail.com
3de709ba-b812-4c22-842b-60a3a5c4ff75,2021-12-08T09:40:50,BRAND2,913.40,fdedfek@gmail.com
8da25bfd-ff72-4b2d-9d31-f229fc7f3a2f,2021-12-08T09:40:50,BRAND5,873.80,cldcbed@appple.com
e9143eb7-ffb4-40e5-84de-41aaec276416,2021-12-08T09:41:40,BRAND2,948.65,hieddgd@gmail.com
ff8e9fcb-c3d7-493c-bdea-0bff9001f4ba,2021-12-08T09:42:30,BRAND1,904.08,fdlldkg@gmail.com
7a6c6b1e-311f-4121-860a-ce9fd0f76c06,2021-12-08T09:43:20,BRAND1,255.67,"""cdfdkke hdbgbai"" <cdfdkke@gmail.com>"
c9922ef0-f164-4b3c-9fe6-67222ec6820d,2021-12-08T09:45:00,BRAND3,269.09,"""alaficg bfghigk"" <alaficg@live.com>"
5b494494-e542-46f1-b30f-f778a8aaf902,2021-12-08T09:45:00,BRAND2,668.37,"""ehgfbff egikfjh"" <ehgfbff@gmail.com>"
1578e5d3-69b4-4e4f-819e-755e92bca57d,2021-12-08T09:45:50,BRAND5,764.59,dcahkjh@appple.com
87186352-6e65-4248-814d-b639963e27ec,2021-12-08T09:45:50,BRAND1,629.33,ddjcflg@appple.com
f849c6f9-e53d-4df1-b84a-c4dc6b81ae86,2021-12-08T09:48:20,BRAND2,17.73,albikcf@gmail.com
7fe8ec21-10e7-4745-ace7-7533cac97735,2021-12-08T09:50:50,BRAND2,863.38,kfckgfb@appple.com
5206379e-30df-443e-ae80-c43e446e122e,2021-12-08T09:50:50,BRAND5,439.90,"""faelkak gedaddf"" <faelkak@appple.com>"
d29ecec5-5a6c-41e2-aaf1-698d823adc80,2021-12-08T09:51:40,BRAND5,30.27,aabcddc@yahoo.com
f5f731d5-9806-4a01-8c2f-dae8fecced41,2021-12-08T09:51:40,BRAND1,428.69,"""fcgekeg djbecga"" <fcgekeg@gmail.com>"
b3abff95-8e49-41ec-bfde-bdfe718ba085,2021-12-08T09:53:20,BRAND2,261.99,eeehbjc@gmail.com
41fe2a2a-5991-4dfb-8607-3000a5cf4a8d,2021-12-08T09:53:20,BRAND2,2.64,"""hhabkec igaidld"" <hhabkec@appple.com>"
73d53b44-c1ee-461d-9c69-1186b31a17a7,2021-12-08T09:54:10,BRAND1,266.26,gaklagc@appple.com
71c4d661-6cb3-4aba-b06c-bab5640f19d2,2021-12-08T09:55:00,BRAND2,677.73,djgkbdd@appple.com
