id,date,brand_id,trans_amt,email_address
c3ca6382-48ba-4f05-a682-4f1fb482a0ea,2021-12-17T00:44:10,BRAND2,780.22,"""ckjeegl eeakgll"" <ckjeegl@live.com>"
eb8af899-1051-428e-8986-c6abffa63cda,2021-12-17T00:45:00,BRAND2,316.09,"""hifdidg eifeijk"" <hifdidg@gmail.com>"
8aed0575-ffa5-48c0-87b6-d7f9d8278076,2021-12-17T00:45:00,BRAND2,988.14,ghdcikd@gmail.com
8a31cc71-ffdd-4989-9eb0-7289d6dac20a,2021-12-17T00:46:40,BRAND2,986.31,kcjkbff@gmail.com
899e07da-fc4c-44b9-9b50-1ad59ca28efc,2021-12-17T00:47:30,BRAND2,426.07,bfjhbha@live.com
4184f400-c5aa-4c2f-b8fd-b7c0a5e63d31,2021-12-17T00:47:30,BRAND5,20.33,gieefcj@live.com
f8b1f9e1-be0c-4309-afe8-82d1fe370593,2021-12-17T00:49:10,BRAND5,392.16,jiglhki@gmail.com
918b9b87-dc8b-487c-ae60-7c909de488a6,2021-12-17T00:50:00,BRAND2,969.80,"""ecgbcak glibkfi"" <ecgbcak@gmail.com>"
996e90db-015a-4685-9e3d-b8b04a952c5b,2021-12-17T00:50:50,BRAND2,578.08,cdbcjhf@gmail.com
5269ec2d-2ba1-4116-bd06-560a1e8f868c,2021-12-17T00:50:50,BRAND5,101.83,gcibkje@gmail.com
6a0ed22f-b1a8-46ac-aa3e-e0403f28519d,2021-12-17T00:51:40,BRAND2,90.68,fcijfdg@gmail.com
afea2652-27b9-4536-9c67-5f055c08e4b4,2021-12-17T00:52:30,BRAND5,70.78,gkeebjj@hotmail.com
ca72fbed-0420-46ec-a5d1-d7363a409784,2021-12-17T00:52:30,BRAND3,365.31,dkdklha@gmail.com
7fdd3c58-fba6-4d93-bb30-25a0ca02bd77,2021-12-17T00:53:20,BRAND2,553.75,ccefibe@yahoo.com
b04b1449-58e3-453f-9c29-060e9b12648c,2021-12-17T00:53:20,BRAND5,908.82,kkjeegd@appple.com
3165b908-6a2f-4173-a843-fbd5ec7ca9ce,2021-12-17T00:54:10,BRAND2,455.07,"""hbhiifd ijjiggd"" <hbhiifd@gmail.com>"
446dbac0-6873-4c0b-adff-a7c08f4c46b9,2021-12-17T00:55:50,BRAND5,269.06,kcgfkfi@gmail.com
a7b538b1-4295-4d9c-a26f-0800b5f78666,2021-12-17T00:58:20,BRAND2,151.81,"""khijegj dkahgcg"" <khijegj@appple.com>"
0eb71f1d-20a1-401c-bbb5-5876035e38a8,2021-12-17T01:00:00,BRAND5,994.04,"""ibajiei fedlabj"" <ibajiei@gmail.com>"
8a01e2ce-0b87-4910-bb18-ff52a0483875,2021-12-17T01:00:50,BRAND5,993.64,dfljjhb@yahoo.com
eb776958-dbd9-4fe1-a479-a7b579990c0e,2021-12-17T01:01:40,BRAND5,853.94,"""khdikji ddigcdd"" <khdikji@live.com>"
4f95a750-4001-4568-a42f-fa653327233d,2021-12-17T01:01:40,BRAND5,754.43,"""ialblkj lebjhje"" <ialblkj@appple.com>"
a01ebb15-ddde-4372-a669-7553afe362ba,2021-12-17T01:02:30,BRAND5,340.84,jfaikkc@appple.com
39a7dedc-34bb-428b-9b88-df4f1f9071fd,2021-12-17T01:02:30,BRAND1,70.61,efeggfd@appple.com
aaab4755-f2dd-4902-9759-5210e05d7fa8,2021-12-17T01:03:20,BRAND2,8.38,deddbdj@appple.com
3333f66a-2259-4a65-ae22-b61f0f47b216,2021-12-17T01:04:10,BRAND5,755.08,bhedkbj@appple.com
95d1864f-716b-489e-8147-f1fe2b892722,2021-12-17T01:04:10,BRAND2,650.15,"""gfacalj flhkfje"" <gfacalj@live.com>"
e0af38d1-1aa3-43fc-90cd-7754b354d798,2021-12-17T01:06:40,BRAND5,847.19,"""bhgehbd bchkbdb"" <bhgehbd@gmail.com>"
27ba6a8a-d032-4ed4-9eb0-471bc4ec2a28,2021-12-17T01:07:30,BRAND5,580.24,"""flgdfac iddgbhf"" <flgdfac@yahoo.com>"
710b7919-f7da-466d-bf3d-8888527f6d7f,2021-12-17T01:10:00,BRAND5,885.84,llblgca@gmail.com
17d97c88-5fd4-4343-8857-b3f61fb1d9a7,2021-12-17T01:10:00,BRAND2,486.57,fldghhl@gmail.com
6ddca5de-0815-4758-8555-a4edfd42ff8e,2021-12-17T01:10:50,BRAND5,748.52,"""cabeiei cikjkkg"" <cabeiei@gmail.com>"
13f07a47-4a83-4010-af78-6f120f86a22a,2021-12-17T01:12:30,BRAND2,353.70,idledkl@gmail.com
7e2b5e10-ca06-4e35-a49b-a1f9f12e2f85,2021-12-17T01:12:30,BRAND5,569.59,fjabgbf@yahoo.com
e80f67e0-ff89-40e6-b88b-50a3ce3f3355,2021-12-17T01:13:20,BRAND2,823.71,ehdikgi@yahoo.com
513ca335-05f6-4dd9-8f81-222f34a82930,2021-12-17T01:13:20,BRAND2,210.22,hhbilgg@yahoo.com
19b57af3-e03b-4978-a804-337a26f4f597,2021-12-17T01:14:10,BRAND5,969.29,bjclbll@live.com
d9074c97-fad5-4fa8-ab95-fa13169ba0f6,2021-12-17T01:14:10,BRAND2,584.24,"""dakkgdf elbdcja"" <dakkgdf@appple.com>"
f9c67052-6f5a-42db-8fbd-162405aa00d9,2021-12-17T01:15:00,BRAND2,921.21,dfggddb@appple.com
cf3965fa-35c2-4e08-9f36-f91ccf508248,2021-12-17T01:15:00,BRAND5,449.85,"""agkjiaf kdiihfa"" <agkjiaf@gmail.com>"
dabbae18-50b0-430d-9b0b-38ced3a9298a,2021-12-17T01:15:50,BRAND1,985.16,hcggbhi@gmail.com
5d7a5bcf-1ee1-4993-9527-051e965bda31,2021-12-17T01:16:40,BRAND2,606.20,jadfbeb@gmail.com
1777f950-f78c-4961-b3de-2e469cb1fded,2021-12-17T01:16:40,BRAND2,410.69,ccchfgj@appple.com
aac38b0c-3292-4a09-896f-d7b7fb12dcb8,2021-12-17T01:17:30,BRAND4,815.09,hlejckf@appple.com
ceec7a66-1e63-4032-97e2-03e636760979,2021-12-17T01:17:30,BRAND2,575.48,gialkij@gmail.com
cff92428-4c70-441c-a873-e31719a1b5af,2021-12-17T01:18:20,BRAND5,533.92,"""ggjgdcg edjicke"" <ggjgdcg@gmail.com>"
e71e849d-099c-467a-9a0a-d816a4f85b80,2021-12-17T01:18:20,BRAND1,147.94,ikdkjfg@live.com
4a6a372f-4b12-4f05-84ac-c607491a4338,2021-12-17T01:20:00,BRAND2,807.99,gbeabac@gmail.com
c6e2aed9-dadb-4ee0-9f86-226d66f102da,2021-12-17T01:22:30,BRAND5,$884.58,"""jhbfhif leigelg"" <jhbfhif@live.com>"
e12cb8b4-f379-4383-8436-cf988437077d,2021-12-17T01:22:30,BRAND1,889.45,ciefgil@gmail.com
f39fecc9-de63-4517-91ce-3915514560fd,2021-12-17T01:23:20,BRAND2,748.35,hifeclf@live.com
13e87cc4-4a59-42a6-a8cb-bbb42c1110e1,2021-12-17T01:25:50,BRAND5,599.67,"""ddlbfca ichbgjh"" <ddlbfca@gmail.com>"
22dcc134-7b74-4a03-9ea0-cb7f02e84c9a,2021-12-17T01:26:40,BRAND1,339.28,"""kjkcefi jkicgbd"" <kjkcefi@yahoo.com>"
2e81e1a6-04e5-4e1f-bec9-b321d5caede5,2021-12-17T01:27:30,BRAND4,512.55,eiagflb@gmail.com
2150c495-62ec-477a-bd65-df95f62abe43,2021-12-17T01:27:30,BRAND5,144.74,khfcgch@live.com
3b92bd51-1ab6-4556-afd3-553b4892844a,2021-12-17T01:28:20,BRAND1,380.96,"""hijlcbk jldgjej"" <hijlcbk@gmail.com>"
d077d734-aacd-44c8-bde1-563afaf3bd51,2021-12-17T01:29:10,BRAND5,289.99,lijfjbi@live.com
761bfa84-8f6c-4b74-a01e-cadc29e4b44c,2021-12-17T01:31:40,BRAND2,60.59,"""dfddgld dbjhklb"" <dfddgld@gmail.com>"
84785bef-31f2-4b6c-93b7-209c64c9246a,2021-12-17T01:31:40,BRAND2,720.55,gaefefg@gmail.com
d06735e7-2882-42b5-83f0-68652c3806c8,2021-12-17T01:32:30,BRAND2,175.51,laihjea@gmail.com
9e4b747d-1606-46c8-85fc-f44a7a7d941a,2021-12-17T01:32:30,BRAND5,478.51,hlchijf@gmail.com
0db095a8-75a8-4b9c-9965-eed46b9927c2,2021-12-17T01:35:50,BRAND2,973.97,fafkaak@appple.com
7099e80e-9210-47c4-a109-b667b72d1005,2021-12-17T01:35:50,BRAND3,46.82,ijghhfc@gmail.com
771f1c8c-2016-4295-9833-4089d412a0b9,2021-12-17T01:36:40,BRAND5,456.76,fkjkebj@live.com
b7119736-d667-4fac-9a8b-d1692cc7b58b,2021-12-17T01:36:40,BRAND5,884.21,bccdkdi@gmail.com
59bfbc2b-4fdc-484c-aa72-25eba73b3d0b,2021-12-17T01:37:30,BRAND2,276.35,kgkhecj@live.com
a9f36d6b-e182-4fee-81df-78ed433c698c,2021-12-17T01:37:30,BRAND5,164.72,fidaggk@appple.com
f2e2b1e2-8c7a-43e6-8834-65a7c455604a,2021-12-17T01:39:10,BRAND2,168.00,aedfjll@gmail.com
308f81df-565f-4bef-8f72-bd451494e3f8,2021-12-17T01:40:00,BRAND5,628.34,bdfebci@appple.com
4c4be242-d37e-4ba3-9afd-0aa993187a85,2021-12-17T01:41:40,BRAND1,992.90,cckjbcb@gmail.com
a49c7fee-0a78-46a8-9837-81571bf13f47,2021-12-17T01:43:20,BRAND5,758.44,"""hkejcab fgcgddh"" <hkejcab@gmail.com>"
61fed2d2-0b56-4fec-97af-2a7adcae7ac0,2021-12-17T01:43:20,BRAND4,304.67,adhhdgd@appple.com
f081accc-f7a8-44ad-91a0-f90fb703b0e5,2021-12-17T01:44:10,BRAND4,407.44,hhhjece@gmail.com
8ba045f1-84a4-4fe6-90ff-154966b1481d,2021-12-17T01:44:10,BRAND1,749.94,hlcklhb@gmail.com
6de0c210-96ef-4fc6-87c2-a812c8594478,2021-12-17T01:45:00,BRAND2,392.82,"""hdaelih dbbfhbc"" <hdaelih@gmail.com>"
f69a6650-205a-4351-9659-44b8807a9ef8,2021-12-17T01:45:50,BRAND2,120.85,dcefiea@gmail.com
a3dd30ac-6331-41d5-99bc-72aa4b71b881,2021-12-17T01:47:30,BRAND4,49.77,ddhdkhk@gmail.com
63f8d0ae-6cac-4c61-9334-bb430519a60f,2021-12-17T01:49:10,BRAND5,247.09,ajcggfi@appple.com
dc21ca66-6fe7-4661-850b-60557a53cbbf,2021-12-17T01:50:00,BRAND5,251.15,"""hdgjdjd illljjj"" <hdgjdjd@gmail.com>"
6b811f61-e947-415b-b19e-69534df024ec,2021-12-17T01:50:00,BRAND2,702.17,bdigibb@gmail.com
61bd13ad-8b39-46c3-a475-d123376731d1,2021-12-17T01:50:50,BRAND2,847.33,lbbedii@gmail.com
80ba5828-3a40-4c85-a6d2-74e483e27d56,2021-12-17T01:51:40,BRAND1,409.41,dkafcdk@appple.com
eef2dded-c9ff-4da4-a493-827b65f9eebd,2021-12-17T01:51:40,BRAND2,846.53,ahakjak@appple.com
a25ae6ab-a769-4f18-ac19-02deba8f559b,2021-12-17T01:52:30,BRAND3,248.28,"""kkifffk dclgejf"" <kkifffk@appple.com>"
f3e6d16c-8470-4578-872d-d1ecb262256f,2021-12-17T01:53:20,BRAND4,921.42,dcbhfhl@gmail.com
e321ecc2-44dd-4ede-bd35-07c1c6ca8a13,2021-12-17T01:54:10,BRAND5,560.69,"""abhkgal bfhlaji"" <abhkgal@appple.com>"
f0579548-185a-4002-91d7-948d08e6e5fc,2021-12-17T01:55:50,BRAND4,13.41,alfijij@gmail.com
2a51ebcf-fafb-41d2-9fd0-7d9fc4a13f33,2021-12-17T01:55:50,BRAND1,693.63,"""ecdlkjf bkfjlfk"" <ecdlkjf@appple.com>"
6adf2039-41af-410d-9735-51da2765bf23,2021-12-17T01:56:40,BRAND2,563.26,"""aiikihj lilflkg"" <aiikihj@appple.com>"
05f0149f-d5fb-458a-98ee-06cc3abef221,2021-12-17T01:57:30,BRAND2,211.17,babccbd@live.com
4425d9b8-5913-4957-b750-6ec8fb72ff4e,2021-12-17T01:57:30,BRAND3,15.61,gcgedlc@yahoo.com
79bb18b2-0ffa-47fc-8bb9-a2038523f37e,2021-12-17T01:58:20,BRAND5,917.92,fggaicc@gmail.com
7757aa90-54de-4d23-aaa9-85cc225b6ca3,2021-12-17T02:00:00,BRAND5,337.44,jfckabh@live.com
74180a90-4a5a-4be1-b8ce-aa96b3f1880c,2021-12-17T02:00:00,BRAND2,352.51,fkalakc@appple.com
e622be9c-b98f-4415-818f-6d2e238b1e06,2021-12-17T02:00:50,BRAND1,463.00,flggdde@appple.com
8faf7d02-c80f-465c-8f18-a42d2dedfb46,2021-12-17T02:01:40,BRAND2,253.44,efibjhf@appple.com
fcb4d0ab-3d4d-4de6-bde5-5cbbdc5024de,2021-12-17T02:01:40,BRAND2,904.45,"""kkblfla fffhjac"" <kkblfla@hotmail.com>"
eb2528d1-b729-4771-98b2-b317f83d865c,2021-12-17T02:02:30,BRAND2,582.78,khbicca@gmail.com
2c06961f-bfb0-427e-b3ca-c48255171e09,2021-12-17T02:02:30,BRAND1,583.31,aghjbkd@gmail.com
e5d9a365-3a3e-47a8-9b63-aad9f12374cc,2021-12-17T02:03:20,BRAND5,473.15,efkfdal@gmail.com
535738ed-65de-4c87-8971-eb7d034f2831,Fri Dec 17 02:04:10 2021,BRAND2,692.65,jhalfeb@gmail.com
cf37b5e2-fd40-4c63-a1f8-3169d1b9a7ad,2021-12-17T02:04:10,BRAND5,883.64,"""fgcchke eflkaad"" <fgcchke@gmail.com>"
90f98edd-cc83-48f0-81b2-3cc27bc41a63,2021-12-17T02:05:00,BRAND5,968.84,bejfclb@appple.com
8bf6bfbf-9a97-4d5e-ab20-314ea9d9e1d6,2021-12-17T02:06:40,BRAND2,949.36,efbdeaf@gmail.com
2af4c0c6-0b4c-4a83-ac56-d34b2b0958bd,2021-12-17T02:08:20,BRAND2,932.21,"""ggfdhhh ckcaghe"" <ggfdhhh@gmail.com>"
de16b898-576f-4542-abeb-0195fc50146a,2021-12-17T02:08:20,BRAND2,231.41,"""khlakca laibeki"" <khlakca@gmail.com>"
7880e42f-2a8b-4ac6-8e09-a4dc182802bd,2021-12-17T02:09:10,BRAND2,580.72,gdejgdh@appple.com
d218fc30-fcea-4dcf-9458-824fff608f0c,2021-12-17T02:10:00,BRAND2,481.04,"""iibejbb gacihle"" <iibejbb@gmail.com>"
af3cd810-5f9b-422a-8a9c-c9b34a1c1a89,2021-12-17T02:10:50,BRAND2,9.46,gljjlfe@live.com
7688c745-6b8c-4b97-acaa-a5676af1355a,2021-12-17T02:11:40,BRAND5,169.97,dfehbed@gmail.com
e1caca55-12b7-4fe6-abe3-04b8f1ef9c39,2021-12-17T02:12:30,BRAND2,314.62,lfbfkkd@gmail.com
c7798f7b-e9d2-441b-b0dd-213ad0371e07,Fri Dec 17 02:12:30 2021,BRAND1,907.61,"""bfgeigc jakikla"" <bfgeigc@live.com>"
d8152227-3495-4061-b133-dc4e76330e21,2021-12-17T02:14:10,BRAND2,723.97,kcfdcbd@gmail.com
c5405fc2-0858-49c2-8522-51dfe87c44eb,2021-12-17T02:14:10,BRAND1,812.54,"""bailahi fbllabi"" <bailahi@appple.com>"
5d3fa9cb-b453-4c17-bb7d-fe7c5416caba,2021-12-17T02:15:00,BRAND2,727.25,"""ahclkhc fjdadlk"" <ahclkhc@appple.com>"
7fc694b3-f315-4309-b891-44b8eccfd1b3,2021-12-17T02:15:00,BRAND2,591.16,ichefdk@appple.com
7ae5e0b9-0781-460b-83ca-a2f614ac6069,Fri Dec 17 02:15:50 2021,BRAND5,799.34,ghggbab@gmail.com
05e9be4a-4f72-4b6c-894e-e6d25bfc6b19,2021-12-17T02:15:50,BRAND5,286.04,kkcfdaf@yahoo.com
7fd208bf-e73d-427c-8339-3dde5e189110,2021-12-17T02:16:40,BRAND5,770.88,dfijdfl@gmail.com
9f33e730-5137-40d6-9c15-7f8bda4bddb1,2021-12-17T02:17:30,BRAND1,627.15,gagkfii@appple.com
10c26967-2fb8-4540-8efb-b2728e541433,2021-12-17T02:17:30,BRAND2,617.05,dfgdiig@gmail.com
af06643d-d35c-41ab-a6ad-af9b30d28d31,2021-12-17T02:18:20,BRAND2,988.01,"""achaajj ckkeaij"" <achaajj@gmail.com>"
8e7ef993-4233-4d54-afc3-7f63f0510c8a,2021-12-17T02:19:10,BRAND1,76.39,"""cidgael gaceigl"" <cidgael@appple.com>"
53ed8dff-0795-4abf-b5c0-4e120579e1d9,2021-12-17T02:19:10,BRAND2,311.95,ajakicg@appple.com
d67194a7-4ae9-418a-a10e-79911b9da1a5,2021-12-17T02:21:40,BRAND2,395.63,"""kilfjii difdcii"" <kilfjii@yahoo.com>"
36c87eb4-309c-426d-b0fb-3d429f4e5a07,2021-12-17T02:21:40,BRAND2,793.53,giakjgf@gmail.com
53add713-eba8-4a2d-a5f5-cb780ccc1941,Fri Dec 17 02:22:30 2021,BRAND1,935.33,ecdblai@gmail.com
b654320e-691f-43f2-8d9f-386d248a9cf0,2021-12-17T02:22:30,BRAND2,739.82,khaelec@appple.com
181a2e94-7f5c-4606-a289-f29ce6187e9a,2021-12-17T02:25:00,BRAND2,666.78,"""gchikdh fifjfce"" <gchikdh@gmail.com>"
460fdbe2-5e56-4c2c-b7eb-65c8030350ce,2021-12-17T02:25:00,BRAND2,784.91,adiaibj@appple.com
7043e648-c872-4772-a5b1-494c510afcd6,2021-12-17T02:25:50,BRAND5,186.17,jjiehhd@appple.com
b09c6709-7cf0-45b8-934d-3204b82ffa17,2021-12-17T02:25:50,BRAND4,169.27,hjbgaaj@gmail.com
019a2d31-30b4-4c8e-bf6e-f8d78d9a4c82,2021-12-17T02:26:40,BRAND1,941.25,bibifle@gmail.com
8e42f0ee-5001-4e59-b677-0b1a606376d9,2021-12-17T02:28:20,BRAND2,859.85,"""lhijehe igdehjb"" <lhijehe@live.com>"
665cb2f3-beb5-46e4-990d-e0ef64097c1c,2021-12-17T02:28:20,BRAND2,782.96,"""feiafjl cbclghc"" <feiafjl@gmail.com>"
90a881bd-7e26-470d-9cd9-7136beaa666c,2021-12-17T02:30:00,BRAND5,500.51,jbecefh@gmail.com
e68b8c54-ad0a-4808-bc7b-60b03a3bdaa7,2021-12-17T02:30:00,BRAND5,618.28,"""akebkck aahjdfa"" <akebkck@appple.com>"
d4fa057c-61f3-4048-b72e-143ad4fe254a,2021-12-17T02:31:40,BRAND5,623.41,djaafhj@gmail.com
96dbaf86-3b89-48ea-a0f2-0dac7a0afdd6,2021-12-17T02:32:30,BRAND2,593.57,jglajcg@live.com
48a33cbc-d5b4-4c27-8a03-0ea26e2bfb40,2021-12-17T02:33:20,BRAND2,91.66,edablka@gmail.com
4a3f9c3a-b7cd-4680-b23f-3e23b9ff1873,2021-12-17T02:33:20,BRAND5,$775.08,aglcfhl@live.com
d9180425-bc39-4ed6-8618-c682000a10b7,2021-12-17T02:34:10,BRAND1,83.27,"""cfafffg kelllej"" <cfafffg@gmail.com>"
2cc4f30e-3fe8-4caa-92e0-b80d9833c3a0,2021-12-17T02:35:00,BRAND2,1.76,bhkhbil@appple.com
af0293ea-bc03-460a-ac4b-c51b0b84fadc,2021-12-17T02:35:00,BRAND2,22.19,bfhffbl@appple.com
d6750c5a-4446-47fa-be30-ce5ff277ab8b,2021-12-17T02:35:50,BRAND2,639.99,"""ejbhigf lfegacb"" <ejbhigf@appple.com>"
b7bf2bc4-55f3-485a-b50f-cddf4ab1191c,2021-12-17T02:37:30,BRAND2,698.40,jclgcjb@appple.com
8768638a-27ae-4f27-86a7-9c649ec20a30,2021-12-17T02:40:00,BRAND2,521.82,ekbhjdk@appple.com
13a643b8-5ea9-48ad-85d7-b9d2080508ba,2021-12-17T02:40:50,BRAND2,418.85,kldgjgh@live.com
384b02c5-0d96-44ac-8d77-35f67a29f3ad,2021-12-17T02:40:50,BRAND2,674.11,ackkgjb@appple.com
39765383-874a-4cb4-9cee-d14962a5f0cd,2021-12-17T02:42:30,BRAND4,52.59,"""kigiffi icbhkfl"" <kigiffi@live.com>"
6bdc4318-1151-4db8-9a31-f56d57773848,2021-12-17T02:43:20,BRAND2,439.11,hlibdgd@gmail.com
dc06fdbc-968e-4d78-b518-06da1313c1f0,2021-12-17T02:43:20,BRAND2,746.37,dkdfhje@gmail.com
9048555c-a21d-4357-bfe3-045ef6969bd0,2021-12-17T02:45:00,BRAND5,$760.98,"""hcbehee lihckge"" <hcbehee@appple.com>"
bd260893-8b1c-4903-be63-961a8aff1748,2021-12-17T02:45:50,BRAND5,839.39,lhelfcb@gmail.com
f9dd844a-9c11-4ade-a441-50f89a1ad4bd,2021-12-17T02:45:50,BRAND4,360.44,fhblike@live.com
25cc20b6-47b6-46c2-853d-b1dcf7452ef8,2021-12-17T02:46:40,BRAND2,0.68,cdgcbal@gmail.com
a9817809-a36c-47b8-be7d-763a27c82fe4,2021-12-17T02:47:30,BRAND5,170.27,aiadbgl@appple.com
25c861eb-b662-44b9-9b05-5a8e78b15e81,2021-12-17T02:47:30,BRAND1,181.73,"""fahgbfh cedfcge"" <fahgbfh@live.com>"
810787cc-038b-41fd-ba99-5c7143a07f82,2021-12-17T02:50:00,BRAND5,246.30,"""leaidig jccdlej"" <leaidig@appple.com>"
e32f6a85-979b-4730-9c86-577bbf691b26,Fri Dec 17 02:50:50 2021,BRAND2,386.84,lffgbbd@appple.com
e8a4c080-0023-4154-8621-13531c0dce5c,2021-12-17T02:50:50,BRAND2,739.09,flhblci@gmail.com
e8b0ab60-bcd1-46df-97f0-2a4af27e8b48,2021-12-17T02:53:20,BRAND1,358.40,kfefkgl@gmail.com
79e2716b-d883-48c7-95a5-df0d623fd8ae,2021-12-17T02:54:10,BRAND2,214.54,"""giacbag ildgcad"" <giacbag@appple.com>"
b15a4d1d-29ba-4ad5-a5c7-aa90dbb901db,2021-12-17T02:54:10,BRAND2,579.10,"""blffdlf llfbgci"" <blffdlf@appple.com>"
827bb39e-7940-4437-9780-4c30068c78fd,2021-12-17T02:56:40,BRAND3,412.80,eakhedj@yahoo.com
aa44d4ba-8df9-4597-a437-7bd47a894038,2021-12-17T02:57:30,BRAND1,247.04,"""eeecdab dhidelk"" <eeecdab@appple.com>"
0a92c67e-35a1-453c-8438-51da23c89d72,2021-12-17T02:58:20,BRAND5,982.48,aakcafi@live.com
fc69fe91-0b1c-40e1-bda6-045ef8790777,2021-12-17T02:58:20,BRAND2,572.63,"""ahaghkf lkedlgb"" <ahaghkf@appple.com>"
519f1024-b19f-42fc-a3cd-bad00b38e23d,2021-12-17T02:59:10,BRAND2,189.05,ejgekjc@appple.com
b99f3e90-522a-4eb8-8e77-b3269edfca76,2021-12-17T03:03:20,BRAND4,762.21,idbchif@appple.com
9e933cc3-5ac6-4fbd-8b77-40f19ea1409e,2021-12-17T03:03:20,BRAND5,431.45,"""jbgfflc hljflhk"" <jbgfflc@live.com>"
d3a0e365-efe1-4be0-8264-f8bdc6e888a3,2021-12-17T03:05:00,BRAND1,118.35,"""ekjclaa gkhljgc"" <ekjclaa@gmail.com>"
2979f423-ef0e-4637-8cc3-e80cb10d68a6,2021-12-17T03:05:50,BRAND2,27.53,"""gabajik fkdecil"" <gabajik@appple.com>"
fc528668-dde1-40ae-b399-0904971dd250,2021-12-17T03:05:50,BRAND5,566.06,"""bljcklh jaebjcc"" <bljcklh@appple.com>"
7014babd-3f41-410b-a59f-1aa593c7b072,2021-12-17T03:07:30,BRAND5,3.57,fdkbeba@appple.com
4df0b13f-648a-42e5-afb1-4832caebb636,2021-12-17T03:07:30,BRAND2,726.27,hkffghi@hotmail.com
39c4393d-c2f2-496c-b443-c8a9c73806e5,2021-12-17T03:10:50,BRAND2,$663.86,"""lhhlbbi fhhgdle"" <lhhlbbi@live.com>"
4ede44e9-99a8-4f7f-b711-d0d6f45c3bb1,2021-12-17T03:11:40,BRAND5,64.47,"""fbfekab fjglagj"" <fbfekab@appple.com>"
d7a2e3cb-72ae-44aa-88d2-2e437d7d8199,2021-12-17T03:11:40,BRAND5,630.75,jgkhhlf@gmail.com
fc5b8a42-049e-4a7d-8fe6-e65bb1dfef8f,2021-12-17T03:13:20,BRAND2,362.47,"""ejfhlgd blblahj"" <ejfhlgd@appple.com>"
69ce46e6-c71a-439a-aa1d-9e41769dbdfa,2021-12-17T03:14:10,BRAND2,607.65,"""fkfadbh bhhfgla"" <fkfadbh@gmail.com>"
a7c94f00-cd18-4319-b716-f55d5865e93d,2021-12-17T03:14:10,BRAND1,774.26,"""hbfbkjh bheafli"" <hbfbkjh@gmail.com>"
ee8bd6f0-73ae-43b4-9575-b4c805e13f7e,2021-12-17T03:15:00,BRAND2,164.00,"""jkhjldl ckkdcka"" <jkhjldl@gmail.com>"
b39f9f4f-b520-485a-97cf-5fd824157cd4,Fri Dec 17 03:16:40 2021,BRAND2,991.64,"""heclaal hfgibje"" <heclaal@appple.com>"
bc969b5d-2008-4a95-8926-ed5492cf9401,2021-12-17T03:17:30,BRAND2,801.98,jiadkbj@gmail.com
29a193cc-cc55-47c5-b4a6-b92f31116f17,2021-12-17T03:17:30,BRAND2,76.19,fiaifcc@gmail.com
86ab105a-7230-4c77-b798-4e79011b10ba,2021-12-17T03:19:10,BRAND2,649.46,heifigl@live.com
68883b59-7d56-47de-bbc3-adbefa6dc420,2021-12-17T03:20:50,BRAND1,510.83,dejdbfj@gmail.com
d3580789-6ebf-4072-bbbb-7227a0edb723,Fri Dec 17 03:20:50 2021,BRAND2,388.14,fhhljhe@appple.com
ec10dc63-1c9a-4558-a5b6-1b500ee02779,2021-12-17T03:22:30,BRAND5,637.72,"""cfjlhdi kikikhc"" <cfjlhdi@gmail.com>"
e6a2966b-c048-4d58-b2a4-462915b78ada,2021-12-17T03:23:20,BRAND5,601.59,deiigha@gmail.com
37f0dac1-af6a-427b-a2bc-7ce3b72ddd57,2021-12-17T03:23:20,BRAND4,350.14,aakkceb@gmail.com
37fe0c40-33c2-45b7-8a1e-a5faf1d791a1,2021-12-17T03:24:10,BRAND5,805.78,gacdgff@live.com
d6e6c5ac-05d8-465f-94c8-bfbcf56ec7c0,2021-12-17T03:25:00,BRAND2,381.70,ggdgbfg@appple.com
fc05e438-66a7-4e72-8395-c0eb26e12fb3,2021-12-17T03:26:40,BRAND2,364.89,bfdijhk@appple.com
b83d837b-a5f2-41d2-b40c-033bd155d0cd,2021-12-17T03:27:30,BRAND2,841.32,icbfcca@live.com
a1631259-598f-4ae1-a0e6-2e6ba1f9d126,2021-12-17T03:28:20,BRAND2,104.57,bdieadl@gmail.com
40ec3550-4343-469e-bfbf-67017df293c9,2021-12-17T03:28:20,BRAND2,315.94,"""ehdghkk aabiidg"" <ehdghkk@appple.com>"
dccfc04c-1386-4770-8f9f-5e5f897aef29,2021-12-17T03:29:10,BRAND5,175.13,"""kkcigjb flldcci"" <kkcigjb@gmail.com>"
f6629a2f-4b96-4709-8a10-eeb2a0941dc8,2021-12-17T03:30:50,BRAND2,670.46,gikcija@gmail.com
2df52aab-339e-4565-826e-5cafa136a5af,2021-12-17T03:31:40,BRAND5,261.97,bdcibdb@live.com
15b285bb-4ebb-4e6e-a3ac-f9d0a9647463,2021-12-17T03:32:30,BRAND2,736.14,"""ffbjjil klklbke"" <ffbjjil@gmail.com>"
19d68d42-d8d8-44c2-87c2-5dfa822c2142,2021-12-17T03:33:20,BRAND5,334.81,ggllkag@gmail.com
d30df5db-e8a8-4d56-9467-925f20e096ba,2021-12-17T03:33:20,BRAND5,241.28,gjgdggh@live.com
40386e78-dd00-456c-a78c-60787ea60b1b,2021-12-17T03:34:10,BRAND2,391.90,bkicbfk@gmail.com
ff42a202-909d-49c6-bbb5-d6c308c8ca0d,2021-12-17T03:34:10,BRAND2,457.28,"""kkffkjb bfihlkg"" <kkffkjb@appple.com>"
887f2439-6cc5-469d-9815-ec36d828280f,2021-12-17T03:35:00,BRAND2,502.41,gjfgjdd@appple.com
8bbaba31-9039-403c-a875-b5b0038338ea,2021-12-17T03:40:50,BRAND1,500.77,lbgbfki@gmail.com
62b2af79-3e91-4804-8e41-5ad482b6ea9a,2021-12-17T03:41:40,BRAND2,44.78,adcciha@gmail.com
445b465f-2143-43d1-80a6-1384b9179be8,2021-12-17T03:42:30,BRAND2,570.19,hklilhj@appple.com
45d652fe-ef54-40c7-a665-3b72305d3efd,Fri Dec 17 03:43:20 2021,BRAND5,115.15,jcldike@gmail.com
9cde910e-3ba6-42a2-b640-4834fb68b54d,Fri Dec 17 03:44:10 2021,BRAND4,189.01,aaaidbe@gmail.com
342324c2-f6e4-47e9-b8ee-716fe1e2f46c,2021-12-17T03:44:10,BRAND2,547.92,"""bhacikh ihefjha"" <bhacikh@live.com>"
3491819d-a2ee-435e-b1b7-5ab17bc7131a,2021-12-17T03:45:50,BRAND2,46.97,ggblbad@live.com
f34b0f0c-c9b4-499a-a004-5e2880ec9892,2021-12-17T03:46:40,BRAND2,86.14,"""hjfhhkj bdajcca"" <hjfhhkj@live.com>"
af020c34-417c-4f9e-afcc-8a9978a389d0,2021-12-17T03:46:40,BRAND3,88.43,bgiffea@gmail.com
f780c365-919a-4f2b-ba8d-9d06e5c0d65a,2021-12-17T03:48:20,BRAND1,327.51,djehbdk@appple.com
591494d9-faed-4a48-b1d9-8d64d77362b0,2021-12-17T03:50:00,BRAND2,646.21,kldjhde@yahoo.com
70d54163-187f-4545-829d-6ba51c9e151c,2021-12-17T03:50:00,BRAND2,282.00,ecefcbd@appple.com
720547ef-3e5c-4847-92fc-64f3aa19c737,2021-12-17T03:50:50,BRAND2,431.76,"""fgicjdb jfgeleg"" <fgicjdb@appple.com>"
1c2ec762-00ce-4c10-a285-3b59bd24521f,2021-12-17T03:51:40,BRAND1,126.53,"""jbkflie jhjggad"" <jbkflie@gmail.com>"
ee0c916b-b634-4c31-9f67-2551fc3551cf,2021-12-17T03:51:40,BRAND2,636.00,"""jgbdeci hcalcah"" <jgbdeci@gmail.com>"
aaaf1c98-4668-46de-b6b2-7f7ab202dffa,2021-12-17T03:52:30,BRAND2,654.54,gfdjbkh@gmail.com
8cb3cbc2-4ee2-4a41-ab6a-bb9c1b3408cb,2021-12-17T03:52:30,BRAND1,88.64,ejhlejb@appple.com
100dc74c-96b9-4c51-906f-4d30eec699f4,2021-12-17T03:54:10,BRAND2,197.78,kejcjcf@appple.com
2c97f3da-2cc3-461b-9668-f1dcdbf90863,2021-12-17T03:55:00,BRAND2,995.06,"""dlfkdke cdiibkf"" <dlfkdke@appple.com>"
575e7e62-d1a8-4bc7-98a7-85f5be9c7e6b,2021-12-17T03:55:50,BRAND2,82.48,"""clbjkfe jefgbkj"" <clbjkfe@appple.com>"
e418fe25-3bae-46c2-9e3b-54a44b81074b,2021-12-17T03:58:20,BRAND5,512.44,lcdjgff@gmail.com
61f82acd-f58a-4e30-81c2-ff1b54e2532d,2021-12-17T03:58:20,BRAND3,796.36,ahkkckd@yahoo.com
11c082db-97da-4ff8-b3b4-6da530fcba44,2021-12-17T03:59:10,BRAND5,917.88,"""lecfbdd aahaelf"" <lecfbdd@gmail.com>"
601a0b2c-0fba-49f5-9575-62e187da265d,2021-12-17T04:00:00,BRAND2,58.74,hbehlch@yahoo.com
a7b01dc5-e82c-40ed-af7a-9f2dd79384c1,2021-12-17T04:00:00,BRAND2,116.14,"""bbbfgjf ikcldee"" <bbbfgjf@gmail.com>"
c3f082d7-3813-43e3-bc12-dd9ee6564715,2021-12-17T04:00:50,BRAND2,343.54,djcgeda@gmail.com
78fc8466-bb5f-4dfc-b1a0-05c7c208c152,2021-12-17T04:00:50,BRAND2,785.17,"""biaklek lcldkfl"" <biaklek@appple.com>"
12bd9671-b949-44ca-8cb1-5a1fe3401650,2021-12-17T04:02:30,BRAND5,212.39,fbejbae@yahoo.com
c47aea53-2a74-4814-a3f5-a345eed82933,2021-12-17T04:02:30,BRAND5,756.33,"""jddgelj cikfdfd"" <jddgelj@gmail.com>"
dd5aa24d-58f1-480a-b1ad-b13b9caa3046,2021-12-17T04:03:20,BRAND5,325.11,"""aiafgfg flfjahh"" <aiafgfg@appple.com>"
27eec296-52ca-4a6a-8aec-d14cc35f16bc,2021-12-17T04:03:20,BRAND5,819.86,eciidec@appple.com
311fcc66-4b1d-4611-bcbd-fdcbbd5a2512,2021-12-17T04:04:10,BRAND2,996.73,gjdaicl@live.com
08a856ec-39fa-4210-b1df-c4eb3fce57aa,2021-12-17T04:04:10,BRAND2,686.36,ejhicah@appple.com
40098644-5d39-47cb-93d1-3fcc5d3be8f7,2021-12-17T04:05:00,BRAND2,215.51,lhcegci@gmail.com
ca83d4ab-1b4f-48fa-8f60-58ce15ab8806,2021-12-17T04:06:40,BRAND1,315.26,hjkacdi@hotmail.com
58a60f0e-6148-41e7-ad6b-20699110816f,2021-12-17T04:07:30,BRAND2,51.75,jblajfc@gmail.com
6e3d4e82-00b9-4080-a9ac-dbdbb1537842,2021-12-17T04:07:30,BRAND1,51.58,cfjcggk@appple.com
581285f9-4aff-4d2b-8afa-1b646dbc0d21,2021-12-17T04:08:20,BRAND2,101.86,"""ifegklf jlbdkle"" <ifegklf@yahoo.com>"
6df11c9c-3e27-49a4-b793-b6836cc28dfb,2021-12-17T04:08:20,BRAND2,528.80,hjgkkbh@yahoo.com
dd12cdb6-84d8-464f-858c-bd351dd6d4ee,2021-12-17T04:10:50,BRAND5,826.49,ciilcjg@gmail.com
14f6106c-6323-4e67-a198-302f0c46ee9c,2021-12-17T04:11:40,BRAND2,687.53,"""cdlhlcg bkkhehk"" <cdlhlcg@appple.com>"
250415ac-e62a-4468-8f70-2eb43585f547,2021-12-17T04:12:30,BRAND2,857.37,abaebkc@gmail.com
3b06af51-ad36-44f3-bd8b-75b57ef5dc09,2021-12-17T04:15:00,BRAND2,312.78,"""jdcjheb chfkaac"" <jdcjheb@appple.com>"
df7fa13a-462f-4c4d-91b7-c63ceef6447b,2021-12-17T04:15:50,BRAND1,180.41,"""gacldkf fhjdaag"" <gacldkf@appple.com>"
90d031bc-7d58-48a1-9f53-9058930834e6,2021-12-17T04:16:40,BRAND2,852.16,jbhhdlh@live.com
bb8494cb-0e8e-417d-9fd2-76170a6984ff,2021-12-17T04:17:30,BRAND5,928.20,lekllff@gmail.com
69c70f5b-5aee-4024-a214-41360b2b2647,2021-12-17T04:17:30,BRAND3,661.01,gfdlkdd@appple.com
f127c243-19f3-449a-896d-7ce0cb7e4c8c,2021-12-17T04:19:10,BRAND3,740.84,llhehli@gmail.com
430d2034-665a-4fb2-9cd9-2221a096ad67,2021-12-17T04:21:40,BRAND1,587.70,"""ebhhdcc ijciijd"" <ebhhdcc@appple.com>"
456a1ef6-ad4a-45c6-9cd2-3be241fa0950,2021-12-17T04:21:40,BRAND5,173.78,"""dbkacdl flagbcf"" <dbkacdl@gmail.com>"
c76bd9b7-dd34-4dcf-aa20-c39081c26dcb,2021-12-17T04:22:30,BRAND5,155.25,"""feebgef ekkjkji"" <feebgef@appple.com>"
cab8f44e-8183-4068-9694-9e2116a0324b,2021-12-17T04:23:20,BRAND5,794.26,"""lkaajak lfaaggd"" <lkaajak@gmail.com>"
99754af1-9a32-45ce-8312-9cf25f657812,2021-12-17T04:23:20,BRAND5,772.63,"""ebalkfc aefkgad"" <ebalkfc@gmail.com>"
3fea77fb-f817-40db-9ff3-372eff2fd481,2021-12-17T04:25:00,BRAND2,663.99,"""kcekcjh delkebd"" <kcekcjh@yahoo.com>"
ffeb70a2-f4ba-4f62-969e-1d735fb1cbca,2021-12-17T04:25:50,BRAND5,909.76,ekdaiaf@gmail.com
23655748-c141-4ae9-833a-e6a5200198cb,2021-12-17T04:26:40,BRAND5,960.58,"""hdebgjl gkladae"" <hdebgjl@appple.com>"
560350ee-396e-4682-bfdc-82986f9f34e0,2021-12-17T04:27:30,BRAND2,642.51,"""gkaafil khbgefj"" <gkaafil@gmail.com>"
be7b3f4c-1f39-4a60-b999-88090e7db934,2021-12-17T04:28:20,BRAND5,24.72,"""kajcbdg kidaeei"" <kajcbdg@gmail.com>"
1ae76deb-65b1-4d99-9a99-655a5dd44ef2,2021-12-17T04:29:10,BRAND2,984.80,"""bbhljgg fjigcgk"" <bbhljgg@gmail.com>"
2bae1010-a82d-4a24-a298-7e1da2736725,2021-12-17T04:29:10,BRAND2,196.78,jiilfbe@gmail.com
b282c01b-b4c9-4acf-9e21-a5d281f6b699,2021-12-17T04:30:50,BRAND1,688.02,ghacfec@appple.com
55bd9e83-c9e4-4bad-8186-1682ca8f8e48,2021-12-17T04:30:50,BRAND2,208.88,edjeabh@hotmail.com
2c854201-d4fa-4521-8b65-392af67f87f7,2021-12-17T04:33:20,BRAND2,399.84,"""djfjhag egacggk"" <djfjhag@appple.com>"
be240099-cbb9-4cd6-8e10-1182487e9ce5,2021-12-17T04:35:00,BRAND2,305.51,ggbflgb@appple.com
9dc17fe3-5375-47cb-9919-75529fa14de1,2021-12-17T04:36:40,BRAND5,922.76,eklfbjg@hotmail.com
581703ec-e58f-4738-b175-da2ccfdc4a73,2021-12-17T04:36:40,BRAND2,160.57,kjlhbfl@appple.com
8cdfd0f3-cea2-44a5-9ea9-2d4ea53d04ef,2021-12-17T04:37:30,BRAND2,367.03,ceacgdj@appple.com
2b1fc03a-5991-4db4-91f5-7e147572e1c7,2021-12-17T04:39:10,BRAND2,603.26,edebcie@gmail.com
8bdc2b58-93f5-459c-b761-465c1e398175,2021-12-17T04:40:00,BRAND2,585.63,dfjfjbe@gmail.com
01e79df6-42f7-4bda-aaa5-ee2512980a46,Fri Dec 17 04:40:00 2021,BRAND5,646.23,"""baaakbg jbadbfe"" <baaakbg@gmail.com>"
1cfc9084-c866-4c81-acc4-206f92246bc1,2021-12-17T04:40:50,BRAND1,820.11,ilchfha@appple.com
feafbca6-1761-4b52-b5a0-16e417328c2f,2021-12-17T04:40:50,BRAND5,371.32,"""cgdbaae ealkdek"" <cgdbaae@appple.com>"
cc3f21c3-23d7-42c1-85d0-5817c556c754,2021-12-17T04:42:30,BRAND4,446.39,iaadlck@gmail.com
cc0eb6e6-5281-4657-b315-b3d66cc3a532,2021-12-17T04:44:10,BRAND5,709.55,jfejiik@yahoo.com
f1bdf6e8-81e3-4302-ba45-d8d1a3e523e9,2021-12-17T04:45:00,BRAND2,678.72,ehgcefg@appple.com
7fc8f496-05f4-4742-85d4-984906421e3d,2021-12-17T04:45:00,BRAND5,502.25,"""hkfalla fggekcd"" <hkfalla@hotmail.com>"
53babcf6-7c9a-4e7a-80bf-2209470520b4,2021-12-17T04:46:40,BRAND2,205.92,"""ekafbgi jkeidcj"" <ekafbgi@gmail.com>"
82fcbaab-bf8e-4d69-9feb-0b6ae7c64115,2021-12-17T04:46:40,BRAND2,59.96,"""fafiilb akafcel"" <fafiilb@gmail.com>"
69c21621-e347-4ea4-ab3a-d4a1d76681e0,2021-12-17T04:48:20,BRAND2,977.43,"""fbajjkk hcljkgk"" <fbajjkk@appple.com>"
e798536d-7736-466e-b725-40b97464759c,2021-12-17T04:48:20,BRAND2,179.81,hhdfbli@yahoo.com
1c423a1c-9ff2-4d0a-a791-87899368f756,Fri Dec 17 04:50:00 2021,BRAND5,431.02,chegfel@live.com
540a2ade-8c5e-4909-8133-475598a4e76a,2021-12-17T04:50:00,BRAND2,648.37,"""jigigbc agldcid"" <jigigbc@gmail.com>"
d257b243-0545-4be9-8380-3ca7a8785539,2021-12-17T04:50:50,BRAND2,630.19,cbekifg@yahoo.com
47ac376f-a692-4b47-9699-535d802051f6,2021-12-17T04:53:20,BRAND2,474.70,ckhkcjg@live.com
172f2d3f-f636-47fc-9528-29f978f3b608,2021-12-17T04:53:20,BRAND5,600.55,"""ddiegai eefhlfd"" <ddiegai@gmail.com>"
b025898e-811c-44d2-b52e-42f6f5c02bbb,2021-12-17T04:54:10,BRAND5,887.56,lhlhfjg@live.com
723ddc02-8772-4223-86de-2cf17bd8c23a,2021-12-17T04:54:10,BRAND5,247.63,hddjfib@gmail.com
393819c9-c06e-40d6-8174-9efa4bffb923,2021-12-17T04:55:00,BRAND2,440.65,"""ddhklel jkbgafk"" <ddhklel@gmail.com>"
fa4a40d2-44e3-40ce-bec3-ef2ba5677730,2021-12-17T04:55:00,BRAND2,716.25,iabicjl@gmail.com
10a323db-6544-4c8d-9d72-e04b3b85c114,2021-12-17T04:55:50,BRAND2,412.10,"""fjddkhh adcldba"" <fjddkhh@appple.com>"
029c5642-68f1-49d5-afa9-faa754df1769,2021-12-17T04:55:50,BRAND5,612.21,hfhkfgi@appple.com
5505e917-13f7-46ca-86a6-5b598c005b02,2021-12-17T04:57:30,BRAND2,688.89,kgldiia@gmail.com
b010bc0d-95e3-4602-8849-77bbe237d810,2021-12-17T04:57:30,BRAND1,316.37,lddaleg@hotmail.com
8c796f18-1948-417e-95cb-dd259190f943,2021-12-17T04:59:10,BRAND2,410.03,"""fefkkjk kfaaiig"" <fefkkjk@gmail.com>"
a881808a-5452-4c68-afce-7a6a8ac34f69,2021-12-17T04:59:10,BRAND2,812.98,bcifkbb@gmail.com
db2470f0-e9df-4754-b3b3-1b57d293fba1,Fri Dec 17 05:00:00 2021,BRAND5,645.50,"""jhflall ekgaecf"" <jhflall@gmail.com>"
7edd3c4d-d684-4320-bc13-57a7650f5718,2021-12-17T05:00:00,BRAND4,475.89,jdiaekd@gmail.com
ddbed9f2-5db3-4418-b015-e29a1603cbd5,2021-12-17T05:00:50,BRAND1,236.29,eigjcjk@live.com
5c5feb04-7d36-462f-a9a3-1ab3b195c011,2021-12-17T05:00:50,BRAND5,314.91,gddkajg@appple.com
4d9c1463-c449-4566-bce2-8cc77f47793e,2021-12-17T05:02:30,BRAND2,344.30,heifjkf@gmail.com
bff47ef3-4514-4663-bd87-a5a10b0fc9c3,2021-12-17T05:02:30,BRAND5,793.26,"""llickab hddcbbg"" <llickab@hotmail.com>"
afcc35cb-e5c9-4535-bac0-0d43f7fc1983,2021-12-17T05:03:20,BRAND2,49.95,fghifab@appple.com
d7e4704e-3245-47b6-8792-eab3db31ca33,2021-12-17T05:05:00,BRAND2,44.36,"""alejihi fjgkaae"" <alejihi@appple.com>"
f5d96ed3-a9e9-437c-b87a-3bb3812f47c0,2021-12-17T05:05:50,BRAND2,297.23,efjghia@appple.com
c12e64b9-5901-48db-8c50-64f1bec59bca,2021-12-17T05:05:50,BRAND3,943.67,"""kdiegbd fihfifi"" <kdiegbd@appple.com>"
a76759ae-a95c-4c09-ae66-ee9db04c71b3,2021-12-17T05:06:40,BRAND3,910.37,"""icilhle lkhdcfg"" <icilhle@appple.com>"
e3754b6c-0948-43d6-be78-e4ffdf660219,2021-12-17T05:07:30,BRAND5,776.38,kaaceba@appple.com
32c8760e-8780-4475-b509-0255ba13e646,2021-12-17T05:08:20,BRAND1,297.12,djiacci@yahoo.com
b0a795ea-0f35-47da-bd21-1c42c118e5a7,2021-12-17T05:09:10,BRAND3,727.67,"""cigfceg lcdkeeb"" <cigfceg@gmail.com>"
21c8c8bf-9ef1-4af7-afa6-a15e4a344c7e,2021-12-17T05:09:10,BRAND2,731.37,"""ekjlbii hldjbhi"" <ekjlbii@appple.com>"
4c3a3ef1-4847-45a2-a7a0-8814ce57e9f6,2021-12-17T05:10:00,BRAND2,843.29,bjhldlb@gmail.com
64234355-48c1-496e-a18a-bde66ad2c02a,2021-12-17T05:10:50,BRAND1,818.33,"""cbcgfjf agkajli"" <cbcgfjf@gmail.com>"
46cd14d1-b906-4916-b881-07a4ce6a6388,2021-12-17T05:11:40,BRAND1,794.20,"""jjlfgjg abhgbef"" <jjlfgjg@gmail.com>"
1ba7d2b4-03e7-4e8b-bde3-0605852be22b,2021-12-17T05:11:40,BRAND5,186.85,"""gagjcjj hgdihik"" <gagjcjj@yahoo.com>"
89a62a50-68b3-43f0-bdca-9838c1a725cf,2021-12-17T05:12:30,BRAND2,492.70,ilgeiaf@gmail.com
b0f3680b-d9c8-4850-b2b0-1bb151efa33c,2021-12-17T05:14:10,BRAND1,448.65,"""jacbhdf kjeaiie"" <jacbhdf@live.com>"
766d89df-82aa-4d67-9341-bd7cb220d0dc,2021-12-17T05:15:00,BRAND1,144.58,likllgl@gmail.com
2432bd4d-4e56-479b-b7b8-3a99d9050585,2021-12-17T05:15:00,BRAND1,622.66,hheehce@gmail.com
d878a1bd-44a2-498f-83a7-8443dc4c6116,2021-12-17T05:16:40,BRAND5,82.21,cfaeebk@live.com
54b7a620-7c75-4ef1-8424-11c80671ac67,2021-12-17T05:19:10,BRAND2,278.36,hgfhkig@gmail.com
2e8ad44a-9174-418a-ac63-b4ca711f5da1,2021-12-17T05:19:10,BRAND2,597.67,icjgggk@live.com
18253668-3bb2-4d46-b7e7-20e6848552eb,2021-12-17T05:21:40,BRAND2,615.51,lhkkfeh@appple.com
27296feb-cd60-4091-bcf1-be7069aaa069,Fri Dec 17 05:22:30 2021,BRAND2,231.43,jkcebai@gmail.com
0ef12299-61a6-423a-b562-f161331ab437,2021-12-17T05:22:30,BRAND5,308.58,lldikkh@appple.com
1b46ed70-9a82-4c2c-9b7d-76bbdb8d55a6,2021-12-17T05:23:20,BRAND4,847.21,kcebjkc@gmail.com
2f3e77aa-1da9-488f-9c2c-5da7de25edff,2021-12-17T05:25:00,BRAND2,700.84,"""dkkgakj gehjlke"" <dkkgakj@live.com>"
a6e94923-165d-4742-ab30-91d0c9af6d6d,2021-12-17T05:25:50,BRAND2,40.55,"""ahikeif baaiglb"" <ahikeif@appple.com>"
2567a4bd-ddcd-4992-87e7-3514ab7bd808,2021-12-17T05:25:50,BRAND2,590.45,"""hjfgjdi bicbica"" <hjfgjdi@appple.com>"
da096b91-34e0-4d24-a2b9-93e269fe4fef,2021-12-17T05:26:40,BRAND2,856.19,cbhihbc@appple.com
a12dcd89-6d23-47ff-bacb-7f064b3079c7,2021-12-17T05:27:30,BRAND2,607.46,"""cjjaika jlbhglh"" <cjjaika@appple.com>"
2dc703d8-c535-4bda-b7e2-70c24ac49c83,2021-12-17T05:29:10,BRAND2,110.63,"""hhbieeb jadglea"" <hhbieeb@gmail.com>"
9efc3d17-9c60-48f4-9726-66b31220bee8,2021-12-17T05:29:10,BRAND2,19.77,ikflkif@yahoo.com
86e78cdc-062a-437a-87b9-803520b5f47c,Fri Dec 17 05:30:00 2021,BRAND2,562.96,"""jhlklej dheehhe"" <jhlklej@live.com>"
2a30e24d-aae8-420e-a6d3-781bd441a341,2021-12-17T05:30:00,BRAND1,190.57,gbakkfl@gmail.com
d973ff44-3430-4eff-b63c-7f3f1789e178,2021-12-17T05:30:50,BRAND1,868.60,digajbg@gmail.com
7c21e6cf-c5fd-41be-b26f-55177eb7d034,2021-12-17T05:35:50,BRAND5,885.70,"""gilbbfg klcdfil"" <gilbbfg@live.com>"
90b0bff2-6135-44e6-98fa-8f917a42168e,2021-12-17T05:36:40,BRAND5,606.28,abelgjc@yahoo.com
d2b02d21-b3bd-4b8a-ba8d-316188245b5e,2021-12-17T05:36:40,BRAND5,438.83,jckaiae@gmail.com
a61dce59-c4bc-4a7c-9917-e1a14f088314,2021-12-17T05:37:30,BRAND5,588.21,"""agehkkl kihdefd"" <agehkkl@live.com>"
fabfcfaf-5312-4ab4-a734-b93abcb0a7d4,2021-12-17T05:37:30,BRAND2,830.47,llgdelj@live.com
80509c6e-354a-42a1-8504-044a74115e9e,2021-12-17T05:38:20,BRAND2,994.85,ikfdjdi@yahoo.com
78bbdc51-5df4-455c-88bb-6cb72112cf0d,2021-12-17T05:40:50,BRAND5,777.61,"""difflbf lgkhajd"" <difflbf@gmail.com>"
c3ca2c05-dd59-4044-8748-c1a7efbb8373,2021-12-17T05:40:50,BRAND2,485.78,"""hbckabl aihgbba"" <hbckabl@gmail.com>"
b16a9403-f114-412d-b280-614c166e2e18,2021-12-17T05:41:40,BRAND2,431.71,aghljfj@gmail.com
1982e8aa-8446-4c66-b0e8-031a1c1083bf,2021-12-17T05:41:40,BRAND2,321.47,"""jlglcej jlfkhfc"" <jlglcej@live.com>"
ee81d955-005b-4f59-bc65-d935a8b8a4f6,2021-12-17T05:43:20,BRAND2,731.76,bcgahbd@yahoo.com
419ae621-120d-4d6a-b287-fa04fa1cf2bf,2021-12-17T05:44:10,BRAND4,872.01,geifjdg@gmail.com
2c4919ea-26ea-4b82-b0c1-76615b3bcf89,2021-12-17T05:45:50,BRAND2,638.23,akbbija@gmail.com
0126591a-f0f4-4e1f-af0e-88150d643c7a,2021-12-17T05:46:40,BRAND1,887.87,bcfkcgk@gmail.com
cad2e7bf-b980-473f-9480-afb8e3237039,2021-12-17T05:47:30,BRAND2,913.74,"""jcehbci bgdiaei"" <jcehbci@gmail.com>"
63e88262-4269-4f48-8d5c-bbefa20ed353,2021-12-17T05:47:30,BRAND2,123.59,kdidkee@gmail.com
78de74e0-5b4f-40d2-a508-fe262484b627,2021-12-17T05:50:00,BRAND2,674.59,"""gghcgce cdkgaic"" <gghcgce@appple.com>"
67d2e2de-2403-4aab-b552-cbcde3415a75,2021-12-17T05:50:00,BRAND5,562.84,kclfhfb@yahoo.com
077173c0-c1fe-42ca-8739-2209b15d16df,2021-12-17T05:50:50,BRAND2,727.53,"""iellaeb icldckb"" <iellaeb@hotmail.com>"
bc7aaa16-634b-4a82-a2f9-89474dd37fe1,2021-12-17T05:50:50,BRAND5,441.67,heejkbf@gmail.com
c3515e3e-13fd-4868-84fe-e738992517c7,2021-12-17T05:53:20,BRAND5,81.47,kkiaeab@gmail.com
408f3b3e-7f54-48cf-97b4-f375ed53bed7,2021-12-17T05:54:10,BRAND2,948.30,"""caacbce fkicbkk"" <caacbce@gmail.com>"
d9a7f292-2c36-48c6-8477-5046a0efd1bc,2021-12-17T05:54:10,BRAND2,669.31,blgdabb@yahoo.com
7f689c47-dcef-4c7d-bb11-baa4dfb48883,2021-12-17T05:55:00,BRAND5,444.26,"""egkcfjj lecacbj"" <egkcfjj@appple.com>"
917e18ee-3335-4c87-95e7-274d69ba090f,2021-12-17T05:55:00,BRAND2,848.21,eifkele@live.com
d7617377-7bd5-4c5f-b2bc-f36210131a7a,2021-12-17T05:55:50,BRAND2,786.47,"""bfffile ffkjifl"" <bfffile@appple.com>"
00e78330-067e-45ab-84be-4f6be1f57f39,2021-12-17T05:57:30,BRAND2,27.12,kgdeekl@appple.com
51e7d200-6b60-4d4f-9b8b-2053e80bd12e,2021-12-17T05:57:30,BRAND1,110.87,"""allcbie ifebidi"" <allcbie@gmail.com>"
4b28860e-addd-4181-8a0b-418a871c6533,2021-12-17T05:58:20,BRAND2,544.41,ggjjcig@gmail.com
58a9b416-4bb2-4610-8272-d011ecfc784c,2021-12-17T05:58:20,BRAND2,230.38,akekhfh@appple.com
d62fe929-e802-4dd8-af76-9d91a6ecf9e7,2021-12-17T06:02:30,BRAND2,235.28,"""dddckhh bcabihf"" <dddckhh@gmail.com>"
4d054a74-b7ef-4060-8d81-8ae645ad9ef3,2021-12-17T06:04:10,BRAND2,390.06,"""ggakkbk gajcjlf"" <ggakkbk@gmail.com>"
07f4a036-ae22-4761-9c1b-779acc741aa2,2021-12-17T06:04:10,BRAND2,812.53,"""bkfjbjf ickibef"" <bkfjbjf@gmail.com>"
baa5eeb4-ebf0-44e9-a2d7-cfd7f3fae9df,2021-12-17T06:05:00,BRAND5,811.26,ejhgdge@appple.com
4bf2240e-6804-4f83-a309-393334bda5df,2021-12-17T06:05:50,BRAND2,485.89,jkcckad@yahoo.com
8fb8394f-fdbb-4576-a8df-05d8f9351853,2021-12-17T06:06:40,BRAND2,790.23,fdjhfhc@appple.com
544e8e53-fdc8-45dc-a1fc-ed6ac1469056,2021-12-17T06:08:20,BRAND1,708.88,abacdlc@gmail.com
345ac7f7-5571-4775-9dbe-efaa9849e649,2021-12-17T06:08:20,BRAND2,306.09,"""jfdbjji gjaijfk"" <jfdbjji@gmail.com>"
f6463d7d-bdb5-4651-b089-2c100ab923a7,2021-12-17T06:09:10,BRAND5,764.37,fkfhgab@appple.com
bbbd1714-d4cb-4730-86d1-f2c0770f757f,2021-12-17T06:09:10,BRAND2,490.49,gjelgcc@live.com
08f7cb8a-5273-41f0-a836-de11670d82b4,2021-12-17T06:10:50,BRAND5,36.70,alfcbfe@gmail.com
252c98a3-840c-441f-822f-0b65817ec167,2021-12-17T06:10:50,BRAND2,102.48,bdbleff@appple.com
9a2078f4-137a-4d76-b1b0-82a8dbd4be9b,2021-12-17T06:11:40,BRAND2,38.07,gedagbc@gmail.com
a7a0f230-963e-4137-b253-3df290241a82,Fri Dec 17 06:12:30 2021,BRAND5,938.47,gdjfklb@gmail.com
a3ad8d57-4fd2-47ea-8558-4500f24d9472,2021-12-17T06:13:20,BRAND5,140.62,hcecgkc@appple.com
2709c52d-f8c4-4bf4-80f5-6bf20a657932,2021-12-17T06:13:20,BRAND2,456.55,efddbbl@appple.com
58ce748e-eef7-4cb0-857d-534ba5c376b9,2021-12-17T06:14:10,BRAND2,595.96,"""ebchgfd ajjhikh"" <ebchgfd@gmail.com>"
eabaf87a-a5bd-4b37-a367-d668c6481019,2021-12-17T06:14:10,BRAND2,2.21,ebidaed@live.com
1b17fe31-6c15-447c-b072-85792a30f2fc,2021-12-17T06:15:50,BRAND2,632.29,"""fkggedj bkjdlee"" <fkggedj@appple.com>"
4293086d-9d6f-48e6-8ea8-643aeb01306e,2021-12-17T06:15:50,BRAND2,387.53,"""dagcglj legcbef"" <dagcglj@appple.com>"
653c299c-4113-40d9-a883-4dc17222f824,2021-12-17T06:16:40,BRAND5,987.18,"""lkihhbk dfiiefb"" <lkihhbk@gmail.com>"
0ae7a429-c70d-4950-bdc3-70926f044c18,2021-12-17T06:17:30,BRAND2,256.71,aeihcih@gmail.com
fa5cafd0-1b63-4f25-b516-545a8a809dad,2021-12-17T06:17:30,BRAND1,808.54,"""igaelia gebhiba"" <igaelia@gmail.com>"
896ed7fa-78e3-4810-a9c3-e579e840aeef,2021-12-17T06:18:20,BRAND5,940.68,kkgakbj@appple.com
d9e0330e-016c-4b44-be0b-375f6d694b15,2021-12-17T06:18:20,BRAND1,436.88,"""bljjlga bcfiedb"" <bljjlga@live.com>"
f27815b2-88c1-4b42-8c09-b30bd5699afc,2021-12-17T06:19:10,BRAND2,393.03,"""fjjciih jcdhgjl"" <fjjciih@gmail.com>"
76743fe5-feb2-4272-b625-00990cbaccdd,2021-12-17T06:19:10,BRAND1,710.58,"""bkjieea akkgcgk"" <bkjieea@gmail.com>"
be314ace-aa71-436a-ad6c-18bfc1e6bff2,2021-12-17T06:20:00,BRAND3,295.91,agaafgb@appple.com
6f226e69-b7ce-4103-99a9-343f466cf852,2021-12-17T06:23:20,BRAND2,816.37,"""kdekcgb hghceig"" <kdekcgb@live.com>"
654697e4-7786-4abb-ba30-71875ad223a4,2021-12-17T06:24:10,BRAND4,133.63,kjlklfg@gmail.com
5a581fa0-cadd-4c21-a393-a50ca96f3031,2021-12-17T06:24:10,BRAND2,911.02,"""lkciiih alkefcj"" <lkciiih@gmail.com>"
51e327c4-50be-40f2-b736-da4b03bb47a4,2021-12-17T06:25:00,BRAND2,6.36,fgjfeea@yahoo.com
1d8855e7-4f2c-4d7a-97ed-f25673dc4015,2021-12-17T06:25:50,BRAND2,249.54,icjcdcg@gmail.com
98808908-a22e-4982-91b3-5d1c8ef3b08d,2021-12-17T06:25:50,BRAND2,794.42,"""hgjceca kgfffel"" <hgjceca@gmail.com>"
7468a3a9-f72c-4811-a252-b9255410a94b,2021-12-17T06:26:40,BRAND5,726.19,aglkfdf@appple.com
04f14476-242b-4794-bbf0-3e83448eafe6,2021-12-17T06:26:40,BRAND5,35.13,adedlil@gmail.com
8c217877-11ee-426a-9bf6-85d0376f85f8,2021-12-17T06:28:20,BRAND2,529.21,ddeclla@gmail.com
8ed8c1a1-a4d6-453a-91b8-5094a3eaa99d,2021-12-17T06:28:20,BRAND2,807.09,fdceefg@gmail.com
f0c47af8-9580-4754-b94b-685c9b8e00c6,2021-12-17T06:30:00,BRAND1,660.83,eblabcg@gmail.com
887ac224-bc3a-43b1-8daf-2da01c3592ba,2021-12-17T06:30:50,BRAND2,895.62,"""lchebie clclbla"" <lchebie@appple.com>"
102e28d5-32df-4001-a3b1-734e43539e9e,2021-12-17T06:31:40,BRAND2,967.02,ladgibg@gmail.com
d72fb042-af80-4206-bb75-13d6b5660631,2021-12-17T06:32:30,BRAND3,175.04,elaldfk@live.com
339e1191-0b15-4ea7-bf87-59d915031fc3,2021-12-17T06:32:30,BRAND1,895.13,"""adhhehh ffhacdb"" <adhhehh@live.com>"
e6df1567-7662-45e4-abed-db1071ffa86d,2021-12-17T06:34:10,BRAND5,91.53,gfdgldk@gmail.com
51477690-51ad-48c2-b003-a2fba165ba94,2021-12-17T06:34:10,BRAND2,957.44,aiadlcb@gmail.com
5fba168f-5f29-4a67-b0cf-36b9e5195d8b,2021-12-17T06:35:50,BRAND2,182.22,"""cfhlccj ldbgide"" <cfhlccj@gmail.com>"
f084ff8e-6f48-437f-b932-e7d639be7af9,2021-12-17T06:40:00,BRAND5,700.65,fekckcg@gmail.com
46a8e23e-a5da-4bc3-9938-7859496da694,2021-12-17T06:40:00,BRAND2,393.91,"""haekief ejelbcc"" <haekief@gmail.com>"
35f11209-aeb9-47d9-aa85-e00819443406,2021-12-17T06:41:40,BRAND2,506.92,"""egbbljk ldlbibe"" <egbbljk@appple.com>"
4beee9e0-299f-443b-8c77-09cecb1643cf,2021-12-17T06:43:20,BRAND1,381.87,lkidchb@gmail.com
273a5563-7e1a-4f8d-96eb-8a7c221dbff2,2021-12-17T06:45:00,BRAND5,840.99,jbljdlh@hotmail.com
6f3b6280-e2d9-4357-a85e-08dd1b1e5ec5,2021-12-17T06:45:00,BRAND3,72.65,dhdhecc@yahoo.com
146b0f87-08b2-4538-af0d-c66b374073a5,2021-12-17T06:45:50,BRAND1,993.37,heiihfd@appple.com
766aa2fa-93a7-499a-98f8-5ef9bf4b19fe,2021-12-17T06:46:40,BRAND1,84.84,"""beacfbf ebifflb"" <beacfbf@gmail.com>"
a992a8fc-4900-4eae-ba15-ea626edcc1db,Fri Dec 17 06:47:30 2021,BRAND5,147.94,"""kcfdidc bbkcceg"" <kcfdidc@gmail.com>"
34dc3fa4-6668-45e4-93bd-2b93628ff756,2021-12-17T06:47:30,BRAND2,679.53,"""dladhcj khfbegb"" <dladhcj@gmail.com>"
82808778-0cb6-4d7c-9fdd-cf6f32c21bbc,2021-12-17T06:48:20,BRAND5,910.72,eejjdbh@gmail.com
185df3af-e18b-4060-9c66-2ea1eeb6fcba,2021-12-17T06:48:20,BRAND5,$799.12,gfjdkjc@gmail.com
06a0c8a5-a671-4feb-9649-4ee8a9c345f8,2021-12-17T06:50:50,BRAND2,847.99,jkbljhj@gmail.com
e0a1a4d5-98ec-45d7-a374-4cd4d10b7039,2021-12-17T06:50:50,BRAND2,393.16,flealcb@gmail.com
07ba87d7-b83f-42c5-a8b8-2679c4726cb0,2021-12-17T06:51:40,BRAND2,928.15,jdedhkk@appple.com
067b73c3-bb5b-42cb-b565-3c7ae0046f09,2021-12-17T06:53:20,BRAND4,809.51,gbglldb@yahoo.com
b40a40b6-df86-4db9-a65b-cd5f8ed67aac,2021-12-17T06:53:20,BRAND2,500.11,daihege@live.com
bd5051d8-e79d-4514-bfc1-f9133108f2f2,2021-12-17T06:54:10,BRAND5,319.75,"""lecjkkf gibjcba"" <lecjkkf@appple.com>"
effdea8a-f1bf-4fbd-b90f-265458eb986b,2021-12-17T06:55:00,BRAND1,582.57,jbijled@gmail.com
1de4755b-eac4-4e45-92c7-32d8c43824f3,2021-12-17T06:55:00,BRAND4,43.05,fdgehah@gmail.com
379b4387-4863-45d1-84f6-7b534c59772f,2021-12-17T06:55:50,BRAND3,97.85,cldcccf@gmail.com
184ffb88-b6c7-4461-9ed5-a5ad26f8ed3c,2021-12-17T06:55:50,BRAND1,775.01,"""akjlabg dkhffkg"" <akjlabg@appple.com>"
804f6ecb-07ff-4217-9e0b-22b36c7be2c7,2021-12-17T06:56:40,BRAND2,322.00,aibdjcb@appple.com
89c1e53b-3736-41a8-88b4-b928c39909d0,2021-12-17T06:56:40,BRAND2,331.98,"""dihgbhb acijacb"" <dihgbhb@gmail.com>"
2df68332-b399-4d36-9fce-713d621205b1,2021-12-17T06:57:30,BRAND2,553.20,aaehkal@live.com
55e7aa14-4eda-43b7-90c0-078ddfab4b42,Fri Dec 17 06:58:20 2021,BRAND2,842.20,agllhgi@appple.com
90e73200-0331-4435-ab59-8ad5ac374396,2021-12-17T06:59:10,BRAND2,392.13,hdbcckc@yahoo.com
a95cad2e-918d-4498-83b6-eab7dfaa1687,2021-12-17T07:00:50,BRAND1,430.27,cjkfdkf@gmail.com
62c927cd-e25e-4bd6-aa16-a78f01a96bc2,2021-12-17T07:02:30,BRAND2,760.01,ejgafba@gmail.com
ae5b6276-6230-4d02-9b36-cd35f58a5576,2021-12-17T07:02:30,BRAND2,151.64,aighfka@gmail.com
13fc3525-9639-446d-a932-c0de07dcd72d,2021-12-17T07:04:10,BRAND2,154.56,"""deidelc jgahald"" <deidelc@gmail.com>"
5dfd9bdd-f5c6-4833-85f7-71fb41ea8f92,2021-12-17T07:05:50,BRAND5,727.48,lllffhj@live.com
fec0ae11-81f0-4e7e-9f85-e0abac5623bb,2021-12-17T07:06:40,BRAND2,794.50,"""ihgiajg cldidfe"" <ihgiajg@gmail.com>"
9b94c701-9c68-48b9-93bc-e98aaf0ce667,2021-12-17T07:08:20,BRAND5,641.79,liahghc@yahoo.com
7f4fbabd-21e7-42b4-a6b8-d358445ff35f,2021-12-17T07:09:10,BRAND5,571.24,"""ljbkdcc fihgcaj"" <ljbkdcc@yahoo.com>"
8ac25e11-52dd-4653-9dde-ca8643b11283,2021-12-17T07:10:00,BRAND2,605.31,dkkhldk@live.com
a753cc6b-0bf2-4ecc-a548-c1932d6894e1,2021-12-17T07:11:40,BRAND2,761.99,"""icebejd gebdfic"" <icebejd@gmail.com>"
408cfaeb-efac-4622-81e2-edd1ca935688,2021-12-17T07:11:40,BRAND4,14.98,eljdjce@live.com
11179db0-5b49-4a2e-88be-a5787cea65ce,2021-12-17T07:13:20,BRAND3,243.30,"""galjgbk efehejl"" <galjgbk@gmail.com>"
931229ac-5062-4361-a2f6-3b94bf9f6e4e,2021-12-17T07:13:20,BRAND2,929.16,"""kdglhha eaigfal"" <kdglhha@gmail.com>"
3f2c0353-1e33-49ec-a2a4-935a0bff8147,2021-12-17T07:14:10,BRAND5,49.02,giekaad@gmail.com
a19b26ee-d556-4591-97f7-001eabfa772b,2021-12-17T07:15:00,BRAND4,650.85,bcbedlb@yahoo.com
92c9c5ba-d210-4c99-b53e-b9ba32f481b7,2021-12-17T07:15:50,BRAND1,845.47,"""ahakiak gaaaefk"" <ahakiak@appple.com>"
3c7252fa-cc3a-490f-8cf4-14dcfbebffda,2021-12-17T07:16:40,BRAND4,953.23,"""fgajdag galikgd"" <fgajdag@gmail.com>"
eef97632-d669-4c46-91a6-06da1b516d5f,2021-12-17T07:20:00,BRAND4,499.06,kdgfjch@appple.com
3c548bf7-df7b-49a5-b536-74aeb87c6bb9,2021-12-17T07:20:00,BRAND2,291.97,bdhdlak@appple.com
5e0fc0e8-9d63-4529-8b06-817757b2f447,2021-12-17T07:20:50,BRAND5,845.00,kleafba@gmail.com
7e2ed0a1-afa3-44e4-90ff-6c02ba5d26f0,2021-12-17T07:21:40,BRAND2,609.96,jcaighj@gmail.com
77823218-372d-4be7-b418-8e6646ff5933,2021-12-17T07:21:40,BRAND5,359.80,agihddk@appple.com
70b51496-5fbf-4325-ad42-b2e83a3ef25f,2021-12-17T07:24:10,BRAND5,230.98,kelfhif@live.com
0d6cfe32-ac5a-40e6-b173-06b1a4a75610,2021-12-17T07:24:10,BRAND5,732.14,"""beiieej cegcbjb"" <beiieej@gmail.com>"
1eaac2f0-0878-4cf7-ad6b-25f34d4fad89,2021-12-17T07:25:00,BRAND1,463.75,"""lcjciek dfigcbc"" <lcjciek@gmail.com>"
c612dad9-819e-4014-a10e-28684d757b38,2021-12-17T07:25:00,BRAND2,611.38,gbigked@live.com
60fa4791-b765-4ada-a075-40671bc76847,2021-12-17T07:26:40,BRAND5,307.29,ahdldeb@gmail.com
ef446a75-7854-4343-aff1-8062db7f5f30,2021-12-17T07:26:40,BRAND5,969.32,"""gjhgfhf fadhkdk"" <gjhgfhf@live.com>"
dd4bd921-26e5-495b-aed4-d6770178592b,2021-12-17T07:27:30,BRAND2,524.35,fgkahkd@gmail.com
a4524627-4feb-4b18-abbe-283588d116b2,2021-12-17T07:30:00,BRAND1,46.42,"""ekdbdhg aidebgk"" <ekdbdhg@yahoo.com>"
43d62b40-4589-4f73-bd68-b60694a2e4c2,2021-12-17T07:30:00,BRAND2,620.39,eilhkkh@yahoo.com
b63cfc30-975a-4ec9-83e0-17a91f3f55be,2021-12-17T07:30:50,BRAND5,122.18,"""lldfaal gccfgel"" <lldfaal@gmail.com>"
f62900d1-b70a-45e1-8665-347ffa3993ea,2021-12-17T07:33:20,BRAND2,488.55,"""ceidebl hfghihf"" <ceidebl@gmail.com>"
346b8893-43fd-461c-ac7e-c2c35175451f,2021-12-17T07:33:20,BRAND5,280.17,gjfdkel@gmail.com
d0c916e2-522b-42e3-b445-5bcd62a921db,2021-12-17T07:35:00,BRAND5,319.22,bdbheaf@gmail.com
745b1697-3005-43f2-8e1b-0c40018d4afa,2021-12-17T07:35:50,BRAND1,817.68,eehfdhc@gmail.com
32083b56-1540-45db-b77a-bcdc6105d752,2021-12-17T07:36:40,BRAND1,170.45,aekfedi@live.com
f4d1fdcb-925e-4028-bf9a-2d177388ff86,2021-12-17T07:37:30,BRAND5,402.19,jgdgadd@gmail.com
8572a466-ae89-4b02-8678-06c47682b863,2021-12-17T07:38:20,BRAND2,447.25,"""ehlgaga igekjak"" <ehlgaga@gmail.com>"
6bfc00f8-bfa2-4ddd-9b47-3fa9b9f9312a,2021-12-17T07:38:20,BRAND1,436.27,"""cdklelc hkcffjf"" <cdklelc@gmail.com>"
df206cab-39ae-4137-8ba3-b01da0bb7900,2021-12-17T07:39:10,BRAND5,179.82,"""gkgejck ffdlebl"" <gkgejck@gmail.com>"
53a2a9e8-6ebb-47f7-8b70-97b3a3b6b8ad,2021-12-17T07:39:10,BRAND2,548.85,cbdhlkl@gmail.com
d9ffc47c-e2df-42cc-8ff9-9acaca9366db,2021-12-17T07:40:00,BRAND2,445.38,hhekjeg@yahoo.com
b7364709-9ca5-44ed-8734-d70f54864b9d,2021-12-17T07:40:50,BRAND2,981.37,hgehgjf@gmail.com
37afb428-03fc-46b3-a36d-988594983cec,2021-12-17T07:40:50,BRAND5,76.38,elaggji@gmail.com
2ccc5003-f0ee-4c93-bd44-0de3d2591969,2021-12-17T07:41:40,BRAND5,502.88,"""bjakfaf kgjheif"" <bjakfaf@yahoo.com>"
c0896c85-c2d4-4003-86db-74d83aaa9e93,2021-12-17T07:41:40,BRAND2,448.31,afjbfai@gmail.com
ebed01cb-0c05-4a99-9f50-251a1d7f2d5b,2021-12-17T07:43:20,BRAND5,$894.58,jckdhcf@gmail.com
3551427c-6959-4fe2-8e1b-7aa63011cec5,2021-12-17T07:45:00,BRAND3,424.30,hheffhk@gmail.com
f22c6d2c-d5b3-4475-a5b1-6338468fd368,2021-12-17T07:45:50,BRAND5,387.77,idfdhih@gmail.com
af2ba6dc-21eb-4a4e-8a65-ebbe4f36fc56,2021-12-17T07:45:50,BRAND1,$608.32,kdkabfe@yahoo.com
a07bbacf-fbc0-4ff6-bd5d-17f5b22c2c45,2021-12-17T07:46:40,BRAND2,348.68,eddfihj@gmail.com
086adbfe-163f-41a3-be41-e2a4c6ffbd6e,2021-12-17T07:48:20,BRAND5,270.56,"""aafbhcb ibjfhll"" <aafbhcb@appple.com>"
6b6a505c-4ca1-40e3-aada-0ded3fd49893,2021-12-17T07:48:20,BRAND4,74.22,"""acfgjfa behjhbj"" <acfgjfa@live.com>"
5f233ac6-8856-48e7-bb02-15b62a09714b,2021-12-17T07:49:10,BRAND5,968.78,kfccdce@yahoo.com
7f67e263-eb80-4fca-aeb0-f166ea6befaf,2021-12-17T07:49:10,BRAND2,901.75,"""aijeiab ajhffeh"" <aijeiab@gmail.com>"
23b8ae9b-efad-4192-9733-614e752a66de,2021-12-17T07:50:00,BRAND1,342.46,ikdjbfi@live.com
64ae4b16-ca2f-4c53-b8d6-f8ca0e019658,2021-12-17T07:52:30,BRAND2,620.22,"""balgidh ebedjgi"" <balgidh@appple.com>"
00344713-e501-4ba4-8cdc-e519e5216e5c,2021-12-17T07:52:30,BRAND2,964.42,bciecab@gmail.com
7db7d25a-d04c-4b51-bdca-9bed103c93e9,2021-12-17T07:53:20,BRAND3,114.39,jjjdjle@gmail.com
e51d2ee3-2989-4715-b261-471c21758536,2021-12-17T07:54:10,BRAND5,439.98,geelcdk@hotmail.com
740f2f95-9e3a-45ad-8e5d-7249cb6246f6,2021-12-17T07:54:10,BRAND2,222.69,hkbllaj@gmail.com
b97e3e49-c0b4-4545-b564-7c8740b33ec6,2021-12-17T07:55:50,BRAND2,538.46,"""dkiggef bjifedk"" <dkiggef@yahoo.com>"
782fdecb-bacf-4aa5-b296-adb8f07fe72b,2021-12-17T07:55:50,BRAND5,899.02,"""jkdcfij caihekj"" <jkdcfij@appple.com>"
df138e7e-7f02-456b-aa4b-625c78ebf94c,2021-12-17T07:56:40,BRAND1,334.85,"""kkdihib haedlck"" <kkdihib@live.com>"
3efa849c-000c-4bcb-921e-4bdfe522006f,2021-12-17T07:58:20,BRAND5,626.94,befliab@gmail.com
2012a405-aa98-42fd-b160-3505cfa954b8,2021-12-17T07:58:20,BRAND2,$601.75,"""cacbkdg idikadf"" <cacbkdg@gmail.com>"
2c98644c-481c-4b2f-89ad-b11121fadaf2,2021-12-17T07:59:10,BRAND2,591.80,"""djicfha aflcjge"" <djicfha@live.com>"
985864cc-2b52-4f78-9898-38dc12b0a6a2,2021-12-17T07:59:10,BRAND3,351.14,"""idghfbc kgddllh"" <idghfbc@appple.com>"
fdf66134-ec04-4a4c-bc10-1bcfe2c1a54c,2021-12-17T08:00:00,BRAND5,751.37,"""hjhcgeb bilbiah"" <hjhcgeb@appple.com>"
e4299495-a8e2-42c8-8cfa-7cbbc7342b58,2021-12-17T08:00:50,BRAND5,290.14,"""jhegjkg bidbdei"" <jhegjkg@gmail.com>"
19349cf4-1992-4388-bd7e-71450458bf43,2021-12-17T08:01:40,BRAND5,871.19,"""lgkfhee glggbgl"" <lgkfhee@gmail.com>"
d73dc36d-725f-4d7b-844e-cea16ad89933,2021-12-17T08:02:30,BRAND2,90.22,"""fkbjede ghiehcf"" <fkbjede@live.com>"
61b41d85-633f-4144-bd0a-b878bdf6739c,2021-12-17T08:04:10,BRAND2,982.36,"""keagldc lklfcef"" <keagldc@gmail.com>"
7afbab2e-93db-4bce-856e-ef04d0b07be4,2021-12-17T08:05:00,BRAND5,58.87,"""ghcaegk blaelel"" <ghcaegk@appple.com>"
b32392bb-9766-43ec-87ab-3ae64528be64,2021-12-17T08:05:50,BRAND5,419.57,"""eafjiik ihehejh"" <eafjiik@gmail.com>"
53a479ff-318b-49ec-896b-e830c8416569,2021-12-17T08:05:50,BRAND1,363.34,"""gchffeh akflcba"" <gchffeh@gmail.com>"
1460403e-c0ba-4e28-ad7e-95f46e411bcb,2021-12-17T08:07:30,BRAND5,424.51,"""cgiihfd efhhhcf"" <cgiihfd@gmail.com>"
bf467e2c-44e6-4256-9ede-1ef5b21e266b,2021-12-17T08:07:30,BRAND2,510.19,eelikfc@gmail.com
1606e605-9622-47d1-affe-7ffb39812e18,2021-12-17T08:08:20,BRAND2,790.58,ggdlbfe@live.com
7284f535-9d8b-4e84-9da6-f7b0d4eaea42,2021-12-17T08:08:20,BRAND2,528.04,"""eacgjab aiiaijj"" <eacgjab@gmail.com>"
7ccdf3f2-afc9-4ee4-95ea-64a60dd5a247,2021-12-17T08:10:00,BRAND2,307.59,lkekjch@appple.com
95d95ffb-1a16-4e09-b0b6-c711614f1feb,2021-12-17T08:10:00,BRAND2,845.85,"""lhklcik blgeflj"" <lhklcik@gmail.com>"
2e453cbf-7e5a-47c3-a6f0-27f038e83d83,2021-12-17T08:10:50,BRAND2,402.92,gijgkaf@yahoo.com
ac7ec13e-9eca-4ccc-89ef-e3681db8693f,2021-12-17T08:10:50,BRAND2,842.99,"""aliaakh ecacedf"" <aliaakh@appple.com>"
22a0da2e-5839-4bb8-87ab-bee6ac9626c6,2021-12-17T08:11:40,BRAND5,553.54,"""akehlek kgadajj"" <akehlek@gmail.com>"
9e359af6-5315-42af-960b-ee35c18cff03,2021-12-17T08:12:30,BRAND2,45.02,"""ecjbfil kibjlkj"" <ecjbfil@gmail.com>"
b18ec7ef-9ec8-4777-82ce-e8afff21e4f8,2021-12-17T08:12:30,BRAND1,705.21,"""eghdkia gghffhc"" <eghdkia@gmail.com>"
cba9ec83-b039-4f27-b581-8f5b76bbdc7a,2021-12-17T08:14:10,BRAND1,129.11,icggfld@yahoo.com
248e5c5a-9de7-4fd5-968b-14e2cc63b38f,2021-12-17T08:14:10,BRAND2,875.99,"""ggbjhba jblfbab"" <ggbjhba@gmail.com>"
ec3c9777-3241-4a55-b5b2-877942aec2d0,2021-12-17T08:15:00,BRAND2,995.23,"""ligcbji cdfakfb"" <ligcbji@hotmail.com>"
c0f0069b-c1cb-4196-96ce-35ab5bceab8f,2021-12-17T08:15:00,BRAND4,874.14,"""fhlfhfa ehfhjbc"" <fhlfhfa@gmail.com>"
4e102389-afeb-466b-90ec-f13eef57bf00,2021-12-17T08:15:50,BRAND1,$25.50,"""lbhdlfb ficfghh"" <lbhdlfb@gmail.com>"
c3d90d1d-e9a3-43bf-8321-202f5967eceb,2021-12-17T08:18:20,BRAND1,96.12,cicdefc@gmail.com
6cd923b6-6c8b-46af-b9cc-d7e4276ebddd,2021-12-17T08:20:00,BRAND4,595.92,bfjdccb@yahoo.com
7fbe1b4a-2673-4eb7-b847-2525245d9070,2021-12-17T08:20:00,BRAND2,919.01,"""hicdeeb kigljfd"" <hicdeeb@gmail.com>"
811c8406-46f8-48ea-abb5-235626d35fa5,2021-12-17T08:20:50,BRAND4,147.85,"""fcihfad bheejkk"" <fcihfad@gmail.com>"
d70effb8-24df-4677-84f0-4e25ed1aa987,2021-12-17T08:20:50,BRAND2,368.44,gkddagc@gmail.com
aa11b43e-9b2f-4af0-a543-2b8e3596199e,2021-12-17T08:21:40,BRAND5,107.83,fgfihjl@live.com
24d69844-c700-4837-a9f8-32ece9c3342f,2021-12-17T08:22:30,BRAND1,791.37,llggckg@gmail.com
e25be65c-c983-404a-9ff5-d66786b58136,2021-12-17T08:23:20,BRAND2,499.50,"""aakchif djbfdab"" <aakchif@appple.com>"
5a3a5b8c-6396-46d6-ace0-6b1045488ed0,2021-12-17T08:25:00,BRAND3,975.68,"""jbgijlb lejfehb"" <jbgijlb@yahoo.com>"
6586bf36-50d8-469b-8c8f-2cd5b3d81f0f,2021-12-17T08:25:00,BRAND2,371.56,egceclg@appple.com
745c3c87-e7b6-4142-88c3-bb0da5abcab1,2021-12-17T08:26:40,BRAND5,613.35,jaeeidf@gmail.com
17c5834a-7af4-40f2-8f70-0389b01242c6,2021-12-17T08:28:20,BRAND2,46.14,"""aaeglkf lhaadcg"" <aaeglkf@live.com>"
4f03ef3a-8e8b-4e80-a004-3d9b658b0fa8,2021-12-17T08:29:10,BRAND5,329.48,"""cfgjfla fibkclc"" <cfgjfla@gmail.com>"
90806191-1c43-450c-b68e-2c8f48d251e7,2021-12-17T08:29:10,BRAND2,419.23,kbjfbge@yahoo.com
6f5fd958-9a44-49f6-90f4-c892f978aa21,2021-12-17T08:30:00,BRAND2,842.02,gkjfhjh@yahoo.com
3aa14a59-75e9-4bf4-a1d6-064c17689ee7,2021-12-17T08:30:50,BRAND3,593.05,lfiilje@appple.com
8bca0319-8ad6-431b-a045-68b6413b6c0b,2021-12-17T08:30:50,BRAND2,250.40,dajheld@appple.com
4f72646f-7335-4b51-8c7c-03d820c27855,2021-12-17T08:31:40,BRAND4,781.50,"""jleedlk ggjkgjk"" <jleedlk@gmail.com>"
23d3a7fc-dbbc-438e-9444-2897c2de5950,2021-12-17T08:32:30,BRAND2,374.08,eadajkc@yahoo.com
85ecb7e7-082c-4e3a-a7f4-dce9dce8e44f,2021-12-17T08:32:30,BRAND2,90.18,"""agjkgfg ghgldjk"" <agjkgfg@live.com>"
5ac2284d-e0a8-49b0-a4b8-ee9f59b0a1e0,2021-12-17T08:33:20,BRAND5,445.26,fghfade@gmail.com
14ff7828-b10a-4652-bd69-776df201b839,2021-12-17T08:33:20,BRAND5,881.20,hjdejbh@appple.com
f9ee82f5-43fc-4436-a8ee-81e42dc192bc,2021-12-17T08:35:00,BRAND2,985.81,digfala@appple.com
aef3c25f-ab98-4761-a83b-bda3298ff194,2021-12-17T08:37:30,BRAND5,100.08,cheghhh@gmail.com
4d9a9d58-ef6d-4c9b-b96c-8eb4036496de,2021-12-17T08:37:30,BRAND1,579.94,"""hadaahl fkchgic"" <hadaahl@gmail.com>"
17b2e667-e6f8-47a9-aafc-d008ff30d4b8,2021-12-17T08:38:20,BRAND2,263.39,"""lijgbah kkiekcg"" <lijgbah@live.com>"
1c4d878a-0835-4ae7-9f0b-b03cacf8aeec,2021-12-17T08:39:10,BRAND2,481.58,ejleigj@gmail.com
9e5890b9-b3c3-460d-8cba-0e6b0f460a54,Fri Dec 17 08:40:00 2021,BRAND5,6.23,hiealle@appple.com
fb32e178-5e4a-4bf1-90b7-fd80f29cf567,2021-12-17T08:40:50,BRAND5,839.70,ghjidgf@appple.com
a1c30857-1f6e-4da9-8e38-5c841aa53f64,2021-12-17T08:41:40,BRAND5,219.35,"""hgafcef hachdac"" <hgafcef@gmail.com>"
e8128b2f-5711-4d5c-83e2-887ed25340ec,2021-12-17T08:41:40,BRAND2,551.07,"""gkdlcfa hbbekeg"" <gkdlcfa@gmail.com>"
0aea4b86-2039-418d-95bf-fa0935639571,2021-12-17T08:42:30,BRAND5,31.84,bbbbfbe@appple.com
e8c4db01-4eb8-406c-893e-c8271d1bb601,2021-12-17T08:43:20,BRAND4,530.56,dcbldgk@gmail.com
ca456dcb-4d83-4706-acc8-e6de56e0d03a,2021-12-17T08:44:10,BRAND2,265.59,ghajgdf@live.com
03819fa3-4e59-481e-a0ad-18a9c641689a,2021-12-17T08:44:10,BRAND5,144.07,agclghl@gmail.com
6d5f05f0-ffd9-4e49-94bc-4ce5522ec3c3,2021-12-17T08:46:40,BRAND2,581.89,"""gdcllkd bcjkcjd"" <gdcllkd@gmail.com>"
85b08b56-ee1a-4d8d-a9d2-ecdb0b043152,2021-12-17T08:47:30,BRAND2,410.27,"""chhdbch jbbbijj"" <chhdbch@live.com>"
05cb556b-afde-408d-aa5d-d179e613a592,2021-12-17T08:48:20,BRAND2,480.86,"""dcdjaih igjgdhe"" <dcdjaih@gmail.com>"
63d12a2d-684a-4eda-822d-e2214cbc753b,2021-12-17T08:49:10,BRAND2,219.61,"""ikjffdk jeclebi"" <ikjffdk@gmail.com>"
ae65620c-4289-4880-bc3c-2d0c1ceda6c1,2021-12-17T08:49:10,BRAND5,460.07,jcigfeg@appple.com
eb83a61d-5f0b-47ba-a193-673423612a82,2021-12-17T08:50:00,BRAND2,622.89,gfbiahf@appple.com
62f90e41-e977-4a69-b6db-6a7c59dd10b8,2021-12-17T08:51:40,BRAND2,118.50,"""gjkjiab ellecab"" <gjkjiab@gmail.com>"
84e40a07-c6ed-41da-9cbc-2a2a6c95da83,2021-12-17T08:54:10,BRAND2,793.17,kicjjdc@gmail.com
c82e992d-00be-43a7-9f66-417613087e92,2021-12-17T08:55:00,BRAND2,925.38,kjahfdg@live.com
917ecb91-8315-46c3-bfbd-b32971c79027,2021-12-17T08:55:00,BRAND2,135.98,agiabhg@yahoo.com
9550311c-a3d6-4130-8a0e-2d560b98194a,2021-12-17T08:56:40,BRAND2,242.72,"""gfllcid fdkdjkc"" <gfllcid@appple.com>"
74e07e14-127c-4e20-a15f-95a5b0017d53,2021-12-17T08:58:20,BRAND2,419.17,blabeck@gmail.com
797d5c2f-6351-4123-86ad-38f9eccc600c,2021-12-17T08:59:10,BRAND4,458.26,"""lekakkg bihkbef"" <lekakkg@appple.com>"
4cfe4696-448a-46db-9e19-0046ed564015,2021-12-17T08:59:10,BRAND2,260.75,cfiaddi@gmail.com
a77a065d-0d74-4a7b-85c6-37d7a08c6873,2021-12-17T09:00:00,BRAND2,457.23,dleclfe@live.com
b70c34ae-5157-4000-8dfd-f9f056bf46c5,2021-12-17T09:01:40,BRAND2,655.34,"""jfhfgdl djbklaj"" <jfhfgdl@appple.com>"
b505fac7-db4c-4d73-bdbf-7d6c885d10c6,2021-12-17T09:03:20,BRAND1,594.65,"""lbahlib leledlb"" <lbahlib@gmail.com>"
8d1ecf18-ceff-499a-815e-54774f2e1a26,2021-12-17T09:04:10,BRAND5,926.91,gekcdge@gmail.com
c2a6b074-cad0-4419-b727-e6d87239bf4b,2021-12-17T09:04:10,BRAND2,196.79,"""cfbjgab llhfgie"" <cfbjgab@gmail.com>"
b58343d3-8228-4abe-931b-e55e0879fc4c,2021-12-17T09:05:00,BRAND2,$515.58,jeclgkg@appple.com
67075001-f149-4fd8-92ca-4c8f21af2f2a,2021-12-17T09:05:50,BRAND2,667.95,"""ikibhed efkjhcg"" <ikibhed@appple.com>"
50ff7564-e970-416e-933a-aed80351cb68,2021-12-17T09:05:50,BRAND5,703.02,dgfjhhk@gmail.com
86e52386-ba1e-4274-9508-e2211ae52156,2021-12-17T09:07:30,BRAND2,361.59,"""ehcbcbl ieegbgd"" <ehcbcbl@live.com>"
de4e1d97-2e43-438a-b9a8-8f33a4056d3b,2021-12-17T09:08:20,BRAND1,995.72,leilffd@gmail.com
8020f493-ac71-4a12-9eae-e062a8282e33,2021-12-17T09:10:00,BRAND1,688.56,"""lfjabhf kbchjdf"" <lfjabhf@hotmail.com>"
e61b8b23-f79d-48bb-8567-4d914e83d638,2021-12-17T09:10:00,BRAND2,509.95,"""kfiiada badcibl"" <kfiiada@hotmail.com>"
ee39be93-7fc9-474b-97e5-980dccc32d71,2021-12-17T09:10:50,BRAND5,543.49,jbgfdkb@gmail.com
1f5337ec-f81b-4fcd-9ef6-0a5db1d7959d,2021-12-17T09:11:40,BRAND3,383.52,aeakiij@gmail.com
43e825cf-6284-49de-ad73-643038d0d65c,2021-12-17T09:11:40,BRAND2,147.29,bdeabfe@gmail.com
abeae41f-19bc-4393-a156-4c40315c46c8,2021-12-17T09:12:30,BRAND2,670.38,"""cjabced aijhckc"" <cjabced@gmail.com>"
c17b9b21-a7a2-4b2e-8482-d0d7b7c27302,Fri Dec 17 09:14:10 2021,BRAND2,409.45,dfjkdce@gmail.com
f8c44cad-7cea-4804-abb2-a91ae0268278,2021-12-17T09:14:10,BRAND1,81.36,lcgkadj@gmail.com
32d920c3-0689-4348-bca2-8aacd7cc05e5,Fri Dec 17 09:15:50 2021,BRAND2,951.22,"""edkkifa ahgckab"" <edkkifa@gmail.com>"
36b4d80c-6e20-4b23-b8f0-1b4daba565f1,2021-12-17T09:16:40,BRAND2,662.51,"""agiadll lkjfhli"" <agiadll@gmail.com>"
a9afa0de-1e73-48a4-8664-aa567bccae91,2021-12-17T09:20:50,BRAND2,857.24,kfekfgf@appple.com
17d92794-ae36-4242-be94-4ffb4db94115,2021-12-17T09:22:30,BRAND2,85.46,lcfhbjb@live.com
cbc8b883-2b27-42fb-93eb-c9abc1196dfb,2021-12-17T09:22:30,BRAND2,377.40,gcjglgg@gmail.com
6d460cfe-87cc-44d9-a693-f77ddd885f2b,2021-12-17T09:24:10,BRAND2,945.24,"""feflkhk kcaadda"" <feflkhk@live.com>"
c16ab207-e7aa-4f14-b7b8-fb722a5df70d,2021-12-17T09:24:10,BRAND1,664.62,"""jejcagi kjkbeel"" <jejcagi@gmail.com>"
112a5671-e615-42b2-84e1-dfc3e193af86,2021-12-17T09:28:20,BRAND2,521.84,"""bkagfif ehhgcah"" <bkagfif@appple.com>"
b1f5b059-057e-4fa5-89f8-22f33f14cfe5,2021-12-17T09:28:20,BRAND5,635.70,"""gbhikci djjjddi"" <gbhikci@appple.com>"
0b15cb3b-6d46-490c-b636-a1039e768122,2021-12-17T09:30:00,BRAND2,330.42,eaifkca@appple.com
8e01ed40-7d0f-459d-930b-59572cf9658f,2021-12-17T09:30:00,BRAND2,137.51,"""kklifhi dlllehi"" <kklifhi@hotmail.com>"
b8abaaa1-dfa2-4c55-a382-628a9fcab7b6,Fri Dec 17 09:30:50 2021,BRAND5,806.16,gbgbgjk@gmail.com
8c96762e-4b56-4a17-8d6a-fa820d047969,2021-12-17T09:30:50,BRAND5,676.02,"""gbdeidk efkccjg"" <gbdeidk@gmail.com>"
f5e8e903-37ae-4407-b54a-7c95a9c5952e,2021-12-17T09:31:40,BRAND1,151.63,lbidjgj@live.com
973a1158-b64c-4605-936a-11f39120520e,2021-12-17T09:31:40,BRAND5,964.01,ldeadbf@gmail.com
6bd0d22a-5b98-4a1d-85a5-c7f5deaaf7f0,2021-12-17T09:32:30,BRAND1,801.41,fbccila@live.com
883a8a78-6052-4bb7-bef9-b38943f36268,2021-12-17T09:32:30,BRAND1,423.61,"""ddeljdc hckhcdg"" <ddeljdc@appple.com>"
b87bed0f-8973-48b8-ae64-af1fd9c8f35d,2021-12-17T09:33:20,BRAND4,861.21,adehcih@gmail.com
32b16ff4-283a-43d4-bbab-3b5da6ac56b2,2021-12-17T09:34:10,BRAND4,888.47,"""felgjha ifdjjba"" <felgjha@gmail.com>"
3a4a8aff-2614-4a4c-9ad3-f0d9e961e502,2021-12-17T09:35:50,BRAND5,615.77,kfeglkk@gmail.com
513ec5e9-fbc6-470c-a4ce-dad98d35aa5d,2021-12-17T09:35:50,BRAND2,975.14,dieehed@live.com
8d9c8441-dd5f-4e33-9b27-2ffa8d9bc62c,2021-12-17T09:37:30,BRAND2,572.79,bbhljcb@gmail.com
724a4842-3b1a-4741-a262-3d0438f0cabc,2021-12-17T09:37:30,BRAND5,975.92,ahiijjh@gmail.com
33c94b0c-69e4-4715-8d8c-0e0be707473d,2021-12-17T09:40:00,BRAND1,694.11,"""aihlfad jbjdabf"" <aihlfad@appple.com>"
51be1475-3222-47f4-8ae0-05ffff2828d6,2021-12-17T09:40:00,BRAND3,944.07,elifeai@gmail.com
72784e39-2b99-4723-a3f6-d554082ae28a,2021-12-17T09:42:30,BRAND2,154.89,aikkhfb@gmail.com
d14cd254-b7c5-450f-be07-642b4d699c19,2021-12-17T09:42:30,BRAND5,168.83,dikjhce@appple.com
8c70e648-25cf-42e2-9f29-b7f80e3e0e5a,2021-12-17T09:43:20,BRAND5,969.09,iechkcb@gmail.com
d94041b0-9c01-4435-832b-e5f11ce91155,2021-12-17T09:44:10,BRAND2,845.75,"""ajdlhjk fkihbeh"" <ajdlhjk@appple.com>"
bf1355fe-4e3f-4cd6-806d-47a15e567cb2,2021-12-17T09:45:00,BRAND2,744.78,"""ehbeige ejabdcj"" <ehbeige@appple.com>"
a83b8ced-152b-428a-b5e1-724f449d606e,2021-12-17T09:45:50,BRAND5,639.31,blgldkk@appple.com
cf1773e5-7dda-4ce9-9ef4-5709d61e3375,2021-12-17T09:46:40,BRAND5,372.19,"""kdifeal ciheald"" <kdifeal@hotmail.com>"
e1905fa3-6df9-40da-9e0f-84b8be68bfee,2021-12-17T09:46:40,BRAND2,699.04,"""lcgkegj ghgjage"" <lcgkegj@gmail.com>"
93317e2c-b09a-47d2-a144-182e04d556e8,2021-12-17T09:47:30,BRAND5,964.81,"""jeijeeg beifbkh"" <jeijeeg@gmail.com>"
bfa96cb8-4ea3-47c4-8039-86237330d103,2021-12-17T09:47:30,BRAND2,740.57,"""lljhhdf jglbdcb"" <lljhhdf@gmail.com>"
b6a945e0-9de0-46d1-bc03-953a264f802e,2021-12-17T09:49:10,BRAND2,776.99,eiciekd@appple.com
3796c5f2-ed7b-48c5-be69-fe37033c7da3,2021-12-17T09:49:10,BRAND2,712.94,"""ajblbhf ifiijai"" <ajblbhf@gmail.com>"
f93b46a1-c648-4cf8-9b67-38bf63f70f9f,2021-12-17T09:50:00,BRAND2,358.50,"""cbjhhlj bckhjek"" <cbjhhlj@gmail.com>"
93c2c1bf-c66e-4c57-b735-77591e899522,2021-12-17T09:50:00,BRAND1,506.42,"""beiiigb blehhff"" <beiiigb@live.com>"
01bddfcc-23bf-4dc3-8bd0-fd501b96e4f0,2021-12-17T09:50:50,BRAND1,729.28,"""kkdefhk igalchh"" <kkdefhk@gmail.com>"
58b9bba0-00a2-467b-a36d-dddbe0fabe7e,2021-12-17T09:51:40,BRAND1,679.22,lacgblk@appple.com
045dcda7-e659-4bf5-bccc-2d42e10f59bb,2021-12-17T09:51:40,BRAND5,357.95,hdikfeb@live.com
cfdc8036-d48c-404d-9fec-fed5d565a4d9,Fri Dec 17 09:53:20 2021,BRAND3,585.80,fhlfjjf@gmail.com
53025c11-6451-4874-920a-2f30f430bf6b,2021-12-17T09:53:20,BRAND2,634.93,"""beekfbb eciejgf"" <beekfbb@gmail.com>"
c86fc5c0-ac2c-4dde-b165-c4040f4f3348,2021-12-17T09:54:10,BRAND2,60.58,"""jdebcbg ehkecig"" <jdebcbg@gmail.com>"
e21080a1-5e0f-4675-8252-c0a7baa16a22,2021-12-17T09:55:50,BRAND2,249.06,"""dhblihe kfekghb"" <dhblihe@gmail.com>"
57929dc6-3e3f-499d-98dc-6d45adfd8512,2021-12-17T09:56:40,BRAND5,520.56,jchiial@gmail.com
4ed4d0ea-4d87-4a98-88e1-bc09fb31782f,2021-12-17T09:56:40,BRAND1,577.65,jfdfbbf@yahoo.com
a9e8af89-fc1d-4ee7-b853-509d9d759ffb,2021-12-17T09:57:30,BRAND2,203.22,"""ielfgai lkfalll"" <ielfgai@appple.com>"
69bf11fa-532a-415e-9260-f369e1a6ed13,2021-12-17T09:57:30,BRAND2,949.24,bfcbiie@gmail.com
50320c82-c74c-4649-a5f6-e8e8a89ad548,2021-12-17T09:58:20,BRAND2,246.14,hbaefeh@gmail.com
d1c2731b-fa39-4df0-a88a-5430178f55ef,2021-12-17T09:59:10,BRAND2,211.34,"""ajfkgig llhbicc"" <ajfkgig@live.com>"
f892281d-4362-48cd-b8cd-04c14de0d733,2021-12-17T10:00:50,BRAND3,785.73,fjlgejk@gmail.com
62d938e2-fe02-40db-9a5d-d3900cd4aa43,2021-12-17T10:00:50,BRAND3,535.74,"""jfgfahg iabcibh"" <jfgfahg@gmail.com>"
55d519ba-7637-49a7-9ae5-5ec6a1817190,2021-12-17T10:01:40,BRAND2,482.35,dakbjgd@gmail.com
bccaf74e-b53e-4500-a824-e761e4075de4,2021-12-17T10:02:30,BRAND5,730.99,kiklcba@gmail.com
034006e7-e9dd-4f84-8f15-c00d6db50e3c,2021-12-17T10:02:30,BRAND2,635.67,bdgjida@live.com
cf5456e3-a15d-4940-a3e4-beb5ac8abd49,2021-12-17T10:03:20,BRAND2,839.25,"""djaiecc bclkekb"" <djaiecc@gmail.com>"
6f19e48c-2601-46c9-9de8-bbb7b4c85497,2021-12-17T10:03:20,BRAND2,525.98,ekkdihf@gmail.com
0cba20a9-3ea4-46e2-b83e-a80b192cc0b2,2021-12-17T10:05:00,BRAND2,669.17,hkhbfkl@gmail.com
89ae0200-55ba-4493-b182-16f3455f4284,2021-12-17T10:05:50,BRAND2,381.25,"""lafidga iiejchh"" <lafidga@gmail.com>"
6afd1eac-90a0-4fb0-8b85-4988b05ad1c0,2021-12-17T10:05:50,BRAND5,928.58,"""fdabhgi bdaljig"" <fdabhgi@gmail.com>"
a450a0fe-4d42-42b0-b6bf-ae43e59e2ae7,2021-12-17T10:06:40,BRAND5,918.86,"""gchgbjg fcigagj"" <gchgbjg@appple.com>"
93ad9df4-08eb-46aa-abb3-75c0492a2a89,2021-12-17T10:07:30,BRAND5,803.93,aebfhcb@yahoo.com
2703e857-a24c-45c0-abdd-245b17ddbcfd,2021-12-17T10:10:00,BRAND2,980.26,fdeiedb@appple.com
9ab38e1b-3fc8-4f75-bb30-7ef083106bb7,2021-12-17T10:10:00,BRAND4,163.80,ajhkfhd@gmail.com
bc0a8634-eed4-4983-a533-e87c92341ee9,2021-12-17T10:11:40,BRAND5,53.59,ikbgjbb@live.com
a64fb73c-b87e-4a3e-bf59-2b31bcfda860,2021-12-17T10:12:30,BRAND2,315.38,bifjaij@gmail.com
945dc117-8fcc-4d0a-9bd7-102751b14db7,2021-12-17T10:14:10,BRAND5,283.81,"""lfhgced lckeldg"" <lfhgced@live.com>"
c2500bfb-9821-436e-bf64-2177fda8c147,2021-12-17T10:15:00,BRAND2,422.71,"""iaeechl biibaek"" <iaeechl@gmail.com>"
05af0c4b-f445-4606-ac1b-adb2d0529fc9,2021-12-17T10:15:00,BRAND5,170.71,lljhada@gmail.com
16a60949-0b2f-4dac-9fbd-0554d0fbb7f1,2021-12-17T10:15:50,BRAND2,29.10,ekcigjb@appple.com
795376fa-c79f-47c5-9e58-0e1fc89be485,2021-12-17T10:15:50,BRAND2,500.80,ieekghg@appple.com
d182fed0-7fb3-4d5b-a26a-b8073552e351,2021-12-17T10:16:40,BRAND2,998.96,"""lkgefcd fikhcec"" <lkgefcd@appple.com>"
e03e712c-32a5-4b3f-8448-d2662ebacd10,2021-12-17T10:17:30,BRAND2,913.73,edkfafk@gmail.com
6c27f5f3-d3ed-423e-9c3f-5821f6dffceb,2021-12-17T10:19:10,BRAND2,864.20,"""lebldka kjaiahd"" <lebldka@live.com>"
91f568be-36fb-48e7-bbce-0e0e785f7e55,2021-12-17T10:19:10,BRAND2,379.00,"""gbffdfk liakfeb"" <gbffdfk@gmail.com>"
ad3e06f9-6fb8-4462-811d-ef379a0b7815,2021-12-17T10:20:00,BRAND2,114.83,iifgjcl@live.com
78ff3774-7ec6-4fa7-ac71-a10564992364,2021-12-17T10:20:50,BRAND2,784.46,lkgdabe@gmail.com
41e0ef04-7fe9-4f6a-a18e-4c632b95841d,2021-12-17T10:21:40,BRAND2,26.41,eaadjde@gmail.com
dc610ccd-ba89-4624-aefe-347f5ee6b9ed,2021-12-17T10:22:30,BRAND1,473.35,"""gaieflk gfikkeb"" <gaieflk@appple.com>"
ea828c34-b610-4cb7-b81a-fb3c1392ab3a,2021-12-17T10:22:30,BRAND2,220.77,"""fagehcf ccihjdh"" <fagehcf@hotmail.com>"
8408af0d-f4bd-416b-912e-8cc0d7d6aa40,Fri Dec 17 10:23:20 2021,BRAND5,217.34,hdhbegd@gmail.com
2f3612d8-c1b1-4665-b5f9-8953eadfe793,2021-12-17T10:23:20,BRAND2,386.41,"""jhaeckk kbgejhc"" <jhaeckk@appple.com>"
ed470504-2c85-434b-a80b-2088b594dd9c,2021-12-17T10:25:00,BRAND2,719.73,egcgahe@gmail.com
a7739c3b-1402-45a5-982c-51ad84ffc004,2021-12-17T10:25:00,BRAND2,132.15,hiehgai@appple.com
c4f7e4e2-64f9-4446-b54a-55861d57e7e7,2021-12-17T10:25:50,BRAND4,$358.83,"""kglakfl habhabd"" <kglakfl@gmail.com>"
6f0f32ba-5df0-4388-a0fb-90286927ab48,2021-12-17T10:25:50,BRAND3,484.44,fjfblld@appple.com
23f2b8e2-3626-43e7-bb38-0119292dec0c,2021-12-17T10:26:40,BRAND1,996.87,aiballg@gmail.com
71744830-eb36-4985-93ed-a55d7f5e8691,2021-12-17T10:26:40,BRAND4,960.93,"""kcdbglg aageldf"" <kcdbglg@yahoo.com>"
a0a7c4b2-a942-49fb-a969-8e06902a2216,2021-12-17T10:31:40,BRAND5,704.04,leafhdb@appple.com
dcec3b2a-c78c-4909-9b7a-5384e52583d4,2021-12-17T10:31:40,BRAND3,479.43,kgdjleg@live.com
8c7896aa-6de4-4470-831b-1db830293695,2021-12-17T10:32:30,BRAND1,949.99,gclfblf@hotmail.com
40ce1300-b4ad-4f81-8d91-8379ca52e1eb,2021-12-17T10:33:20,BRAND2,208.92,ffikejh@appple.com
81d78309-ca0f-4370-a1fb-217ad0686f87,2021-12-17T10:35:00,BRAND4,844.56,elafhdd@gmail.com
e7dc3280-6c27-449c-9199-01c422461932,2021-12-17T10:35:00,BRAND1,100.27,"""iafeahk jhjiifk"" <iafeahk@appple.com>"
00e9ecd5-38b1-43b9-b75e-fc815fca0275,2021-12-17T10:35:50,BRAND1,621.90,cbldchk@appple.com
23255d18-a1a7-4a8c-849e-08ea388861e0,2021-12-17T10:36:40,BRAND5,875.21,caldefe@appple.com
4a92f90f-78e5-4502-a648-e0bdc1626479,2021-12-17T10:36:40,BRAND3,733.69,addecai@appple.com
726414ac-1988-4ae2-bdb6-b7d97ecac7e7,2021-12-17T10:38:20,BRAND2,246.75,dcjjlle@gmail.com
269c62a3-567e-4947-ab41-e5bfd347c41c,2021-12-17T10:39:10,BRAND5,214.68,ffkkajf@appple.com
3e939eb3-a448-4448-8b1a-338c21b75a25,2021-12-17T10:39:10,BRAND2,429.63,hekhclf@gmail.com
53ae199f-7a4e-4f6e-84d9-6b8d0e392cb9,2021-12-17T10:40:00,BRAND1,883.92,dfcelfi@gmail.com
74fcd965-fe46-45bf-9cd4-0a69af1df162,2021-12-17T10:40:00,BRAND5,284.53,"""cfgdiie kibckkd"" <cfgdiie@appple.com>"
0bd936f2-cd78-443b-bd38-b88703eb3629,2021-12-17T10:40:50,BRAND5,638.77,"""ilbfafc iecbhaa"" <ilbfafc@gmail.com>"
3d9cd58e-313d-41de-9ce3-1582b3d5f458,2021-12-17T10:40:50,BRAND2,210.12,ijlbchb@gmail.com
2f311f9b-760b-4fb1-969e-b777224c31ec,2021-12-17T10:42:30,BRAND2,661.02,bklbidj@gmail.com
10b26685-fcd5-4bdf-b069-db2e816b65cc,2021-12-17T10:42:30,BRAND2,949.78,dijcaeb@live.com
98306d45-937c-4542-9196-02a1a88e7c73,2021-12-17T10:43:20,BRAND4,780.73,"""fhgjibh allgjaa"" <fhgjibh@appple.com>"
258e69a7-829a-4c82-95bb-dc8dde820a30,2021-12-17T10:44:10,BRAND2,146.32,hjddkdh@appple.com
755f1331-9beb-469e-9d6f-830dfef378be,2021-12-17T10:45:50,BRAND3,854.04,jbcciji@appple.com
9b7975e9-f37f-45f3-b92c-48b5c53adfa6,2021-12-17T10:46:40,BRAND5,277.98,"""ckgeldk blaagcg"" <ckgeldk@gmail.com>"
8c39830b-13f4-49b6-869d-4a4eabf9a94f,2021-12-17T10:46:40,BRAND1,698.21,adcfghe@hotmail.com
e031e5df-7aed-446d-90bd-7307551bfcc8,2021-12-17T10:47:30,BRAND5,554.39,hhgkhhc@yahoo.com
7ef8f082-80d6-4af3-b8ac-8eecf90c378f,2021-12-17T10:47:30,BRAND2,766.54,ikjaija@appple.com
ec8df9bc-30ac-4c22-a4ae-eac9eee2b218,2021-12-17T10:48:20,BRAND2,430.96,dhbdffd@gmail.com
a9ad35c4-2663-4d49-8a32-db8857e63444,2021-12-17T10:50:00,BRAND5,789.82,"""kgklkkh gjgacge"" <kgklkkh@live.com>"
ef960040-68e1-4339-9d6c-e60006d7214d,2021-12-17T10:51:40,BRAND2,480.63,alhffhc@gmail.com
e2b95176-521f-4875-a864-acf76f2ddf79,2021-12-17T10:51:40,BRAND2,249.08,ljhclkl@appple.com
1ec1407b-865e-4cf3-adda-38728fc81c0d,2021-12-17T10:52:30,BRAND2,673.34,cjcfalb@gmail.com
ff934b5c-ac96-441d-a2a2-5cd5e4473635,2021-12-17T10:52:30,BRAND2,643.44,"""gbgldhg kejlfab"" <gbgldhg@gmail.com>"
31f163ea-9591-427b-bb3a-fdc3705819e8,2021-12-17T10:53:20,BRAND5,851.37,"""igjfidk gccibll"" <igjfidk@gmail.com>"
63cbf36e-d629-4f45-a2ce-bf1e65618f46,2021-12-17T10:53:20,BRAND2,950.22,liaadij@appple.com
8709fb8d-9dfe-44f6-9ab8-7436e0df5230,2021-12-17T10:55:00,BRAND2,249.56,aedjiid@gmail.com
c5c4da71-63b9-4c39-ad2c-c554462b40ad,2021-12-17T10:56:40,BRAND5,184.25,ggkjcji@live.com
32480434-3ba7-494e-ac04-d34945e8ed29,2021-12-17T10:57:30,BRAND2,169.70,"""lajjbll lcfhefd"" <lajjbll@appple.com>"
3bf76012-b6bb-4a56-b675-3647407df9b1,2021-12-17T10:57:30,BRAND2,$665.49,lbkkfdl@live.com
2f140e31-f78a-4594-b841-c7e4e0cc3423,2021-12-17T10:58:20,BRAND5,668.62,"""jhbbdeg cefdchi"" <jhbbdeg@gmail.com>"
1a110360-5f72-4ce9-98eb-40d1fee5e582,2021-12-17T10:58:20,BRAND5,235.18,hhcacja@gmail.com
c92dd3a9-0118-44bc-b7bb-89598d7107a2,2021-12-17T10:59:10,BRAND5,851.87,lhhcacj@live.com
83ee6415-ac63-46f4-be2f-15966d204502,2021-12-17T10:59:10,BRAND2,10.91,"""fegelli daedeli"" <fegelli@gmail.com>"
2b1887a9-9a13-4e87-ad38-217ce936dc3b,2021-12-17T11:00:00,BRAND5,39.07,"""lgjijci becikbe"" <lgjijci@gmail.com>"
0b41f8ec-6eaf-47a9-bdea-83f1c541456c,2021-12-17T11:00:00,BRAND1,879.08,ahhagil@live.com
abb2f0fe-07fb-4f45-9ae6-902fc99aa4cb,2021-12-17T11:00:50,BRAND2,194.01,afcjcgh@yahoo.com
8b1ee746-e31e-4f41-857d-9c9983ba8c29,2021-12-17T11:00:50,BRAND5,301.49,lfekfkf@gmail.com
0ae6aab9-bce3-4c38-8463-e7b364b8ee7e,2021-12-17T11:01:40,BRAND2,719.78,cchgdlj@gmail.com
47227471-a023-40e3-b0a7-3d502d0e95fa,2021-12-17T11:02:30,BRAND1,42.60,gcjjbae@gmail.com
bb1bec8e-616d-4eac-8189-48c52845e1d9,2021-12-17T11:02:30,BRAND5,850.83,dfhefih@gmail.com
8cffab65-5772-4d17-b728-1ff85bf2af59,2021-12-17T11:04:10,BRAND2,699.21,"""hjaefja idcddjj"" <hjaefja@gmail.com>"
12b3e5d0-92d5-4b2f-b626-6b06dd4d3b28,2021-12-17T11:05:00,BRAND5,585.64,"""ijhbgdg iibgiga"" <ijhbgdg@appple.com>"
7039279b-bde9-451e-a476-a9507dae109b,2021-12-17T11:06:40,BRAND1,174.37,"""cglagel igcjhbg"" <cglagel@gmail.com>"
0065568c-b65c-443c-bd45-0601a40a6a8f,2021-12-17T11:09:10,BRAND4,481.58,"""jallbhe kjkbajk"" <jallbhe@appple.com>"
3ff77679-ef8b-47f0-b68f-5946d84ab00e,2021-12-17T11:10:00,BRAND1,20.13,"""abdhkdi jbdaagh"" <abdhkdi@gmail.com>"
9003cb50-9d59-4d26-9e63-43dd2ee13dd9,2021-12-17T11:10:00,BRAND2,988.00,heeifel@appple.com
501f5410-722f-4843-bf44-98194030623d,2021-12-17T11:10:50,BRAND5,921.02,kieblbk@gmail.com
78c090c6-4d75-4475-b0ed-6ea63bc08310,2021-12-17T11:10:50,BRAND2,21.79,cfdcdkj@gmail.com
a186a7e3-30e5-4c9f-9cc5-017cf06e77f2,2021-12-17T11:11:40,BRAND2,610.59,cdelbei@appple.com
8f84f0da-2c0c-476f-8724-0f40c85af6e3,2021-12-17T11:11:40,BRAND2,331.34,gaihjkg@gmail.com
e0be50fb-7870-4893-b975-25f06806b7b8,2021-12-17T11:12:30,BRAND2,331.02,fdgfbfl@gmail.com
afa74599-5ddd-4065-b0e5-227660c22b0f,2021-12-17T11:13:20,BRAND1,219.68,ijldgcb@gmail.com
757013ca-d671-44ac-bdea-bbbc452ff68b,2021-12-17T11:14:10,BRAND5,529.47,gcaecge@gmail.com
5711ea5f-bce8-44fb-8e15-44f1fbc72ffa,2021-12-17T11:14:10,BRAND5,818.78,"""likidhg ibkccff"" <likidhg@live.com>"
5d560156-66fa-4568-aca5-2a2f5d009d33,2021-12-17T11:15:50,BRAND4,467.35,kejjaii@hotmail.com
0e87213b-d86e-4d13-be0d-125de1f03a32,2021-12-17T11:16:40,BRAND1,144.21,flckihe@live.com
9cef0005-cf8f-4f02-b6d2-93e45f1de141,2021-12-17T11:16:40,BRAND5,734.16,fkadjbi@gmail.com
29a06d91-eac6-412b-a14c-03e635be6366,2021-12-17T11:17:30,BRAND5,581.27,iacihhl@gmail.com
ecb78748-0348-4416-a475-d37731a1251a,2021-12-17T11:20:00,BRAND2,133.22,"""ahaeaca chgidjd"" <ahaeaca@yahoo.com>"
9bc26371-c1cd-4cdf-9992-5a193f849f00,2021-12-17T11:20:50,BRAND1,477.04,ifhdaai@gmail.com
8dc392dd-c23a-451d-8719-c15701efe516,2021-12-17T11:20:50,BRAND2,608.59,cgkagdk@gmail.com
97c529b9-f957-48c1-80a5-f8456a4bd112,2021-12-17T11:22:30,BRAND5,629.37,"""hafhigl cegdbkh"" <hafhigl@gmail.com>"
d0909dd8-9d77-49cd-b852-5f1ab7378d2f,2021-12-17T11:23:20,BRAND2,482.96,fjiicjk@gmail.com
4872f177-2798-4a64-8bfa-cbcf80179349,2021-12-17T11:23:20,BRAND2,871.29,alfgdke@gmail.com
489085b0-6100-4b97-9e8f-73f52d6084df,2021-12-17T11:24:10,BRAND2,632.80,iggegda@hotmail.com
c1b06c4d-4993-49dc-80f3-ebc461ae4813,2021-12-17T11:24:10,BRAND5,247.95,cccgfcj@gmail.com
b45c6eb4-e745-4aa8-bb9b-9be2080b9bb5,2021-12-17T11:25:50,BRAND2,508.84,clkjlbc@yahoo.com
4cb23125-4696-4780-b726-a12ee1b4c059,2021-12-17T11:27:30,BRAND2,311.82,"""aikfcgd ecegfic"" <aikfcgd@gmail.com>"
1f582563-e9c6-423c-bbd4-6d9c6fd1681c,2021-12-17T11:29:10,BRAND1,870.18,lfjdaii@appple.com
ba6b3f4b-5be8-4d81-972b-bcd957c81852,2021-12-17T11:29:10,BRAND5,873.67,higaccb@appple.com
f8dd3365-7549-462d-8a50-bcbc7b594375,2021-12-17T11:30:00,BRAND3,705.03,ailflkj@gmail.com
d2d4eb9d-538d-475c-a80e-a469e339cf70,2021-12-17T11:30:50,BRAND2,732.24,"""egdkdcb liecccl"" <egdkdcb@appple.com>"
1d768ae6-a124-4ce0-9cb4-47f1ce8d1827,2021-12-17T11:31:40,BRAND5,11.70,"""keldeec ldgjgca"" <keldeec@gmail.com>"
e25bd81c-a7ba-4b02-96d9-2365c4f81ef0,2021-12-17T11:33:20,BRAND4,870.22,"""lhgbcje ldefade"" <lhgbcje@live.com>"
a2756fec-311b-4c58-9920-78d7872e20cf,2021-12-17T11:34:10,BRAND5,214.16,"""eleeagg gaajlij"" <eleeagg@gmail.com>"
31321529-e076-4233-a9a2-c57e41e9d4a2,2021-12-17T11:34:10,BRAND2,450.18,"""ikihckd ciijcdi"" <ikihckd@gmail.com>"
b9302a54-061d-479a-b6e6-2a7ff37dde1d,2021-12-17T11:35:00,BRAND5,147.57,"""fcggejb daibhka"" <fcggejb@appple.com>"
a90b80ad-c6ac-4993-b92b-a4dad8e972bc,2021-12-17T11:35:50,BRAND1,846.83,afdkacg@appple.com
54b2a156-fd1d-4554-b0a8-13c313f92ded,2021-12-17T11:35:50,BRAND4,447.37,"""hcdlcgi bgldhic"" <hcdlcgi@gmail.com>"
69ff853e-7182-41f0-9858-94f51d15eb49,2021-12-17T11:36:40,BRAND2,842.85,"""idgajhh clcacfg"" <idgajhh@gmail.com>"
adaf23fe-df03-400b-9f19-0d9f5dbf6d64,2021-12-17T11:37:30,BRAND2,591.12,bcafgil@gmail.com
8c927b5c-ef05-4f07-80e0-d2fab74b6bbe,2021-12-17T11:37:30,BRAND2,157.42,cchfdfg@appple.com
0a70a3a9-d939-46e0-819f-987da84e8391,2021-12-17T11:38:20,BRAND3,11.55,"""bdcfcbd elebkif"" <bdcfcbd@gmail.com>"
48a8bcf5-ef43-41b3-8e79-41dcf18e9070,2021-12-17T11:38:20,BRAND4,638.79,"""hdleblg gjkflhj"" <hdleblg@yahoo.com>"
011a0619-d663-48b0-9e50-3f32c1ddd124,2021-12-17T11:40:00,BRAND2,2.05,afjlfej@appple.com
8bdba867-0c98-4227-935c-f54342f0bf2f,2021-12-17T11:40:00,BRAND5,346.39,aleejfe@appple.com
de7d95e7-67ec-4048-a530-7bdd2305ae22,2021-12-17T11:42:30,BRAND2,541.12,chlkeag@gmail.com
404965fd-1f40-43d2-9099-8a4bff301d98,2021-12-17T11:43:20,BRAND2,276.17,fgcjdil@gmail.com
49a21871-5857-471b-af15-7b69cbf4029e,2021-12-17T11:43:20,BRAND2,757.35,ackhakb@gmail.com
aa870457-1fc5-4566-9685-bf41e0342e86,2021-12-17T11:44:10,BRAND3,202.81,bdfedhl@appple.com
2fa2b324-4050-4612-8dea-19a928777403,2021-12-17T11:44:10,BRAND2,86.01,celihhf@appple.com
2b5f1b94-d716-4667-95a6-e7bfbc8df512,2021-12-17T11:45:50,BRAND5,203.51,bbalifb@gmail.com
9b2f2234-4337-44a3-9415-e79ce850dc09,2021-12-17T11:46:40,BRAND1,715.12,lhcgbbh@yahoo.com
5599fcb7-aeac-4e07-b682-d286e74c5f93,2021-12-17T11:47:30,BRAND2,281.90,ejfjefc@appple.com
1edf99b6-f048-471f-b07c-47d199686016,2021-12-17T11:47:30,BRAND2,674.29,cglhjag@gmail.com
d8d92aa5-2e21-4c73-8ead-5ea027418c18,2021-12-17T11:48:20,BRAND2,394.69,"""hckhbad eilajkh"" <hckhbad@gmail.com>"
e363dc69-1216-4782-8ca5-d26e31c68513,2021-12-17T11:48:20,BRAND2,621.31,jgcbhig@gmail.com
9b26687f-2be8-468e-894e-e860b63d8fa5,2021-12-17T11:49:10,BRAND2,427.40,cihhjgi@gmail.com
0df53a82-0537-4036-a0db-17e977ace17a,2021-12-17T11:50:50,BRAND5,843.91,"""fahejcj bheeijl"" <fahejcj@gmail.com>"
245a0bdc-2cac-4fd1-a38b-b161ec42a84a,2021-12-17T11:51:40,BRAND2,960.38,jebgchf@live.com
a59336a7-3348-4271-84a5-6fd5eae9b2c7,2021-12-17T11:51:40,BRAND2,192.77,fhhleff@appple.com
b813cfb6-34c0-47f3-b66b-064d5fff5b53,2021-12-17T11:52:30,BRAND4,524.07,"""ieglebc acjajec"" <ieglebc@live.com>"
07351975-0ed2-4a94-aaa0-4e677955c373,2021-12-17T11:52:30,BRAND2,430.01,"""klikkec ehjbdda"" <klikkec@live.com>"
b6b1271d-c29d-46fd-ab19-0e7a7b093804,2021-12-17T11:53:20,BRAND2,702.75,"""hjjiiaj ihfidge"" <hjjiiaj@gmail.com>"
4b796361-c448-4452-b32c-8fb7377c7ea7,2021-12-17T11:55:00,BRAND2,940.31,iajghke@gmail.com
00920e58-3024-478b-96ef-456cb47c9d96,2021-12-17T11:55:50,BRAND5,767.44,afljldl@appple.com
d7130325-da1d-4b4c-8fda-80f8fa52af51,Fri Dec 17 11:56:40 2021,BRAND5,251.07,jhifcac@appple.com
f39de51a-2f4a-47e8-a58a-26179e4a4942,2021-12-17T11:56:40,BRAND5,460.10,"""abkfihf lgahbcg"" <abkfihf@live.com>"
3aa5e3a3-aaa8-4136-b116-b12279988ed1,2021-12-17T11:57:30,BRAND5,38.74,gljbbdh@gmail.com
1680fb58-5bdb-4288-ba82-2d8b9caecbe5,2021-12-17T11:57:30,BRAND1,792.09,hkghfeb@gmail.com
7c0c234a-cba2-4d3d-bda4-2b39ed3210b4,2021-12-17T11:58:20,BRAND5,617.71,gccfgga@yahoo.com
a9c7a324-24bd-42cd-8aaa-9928a02e4517,2021-12-17T11:59:10,BRAND2,739.21,jdjdjch@gmail.com
237406d0-5d09-472d-9e16-3fcd04913e40,2021-12-17T11:59:10,BRAND2,959.61,lbcaajh@gmail.com
875aba8e-2860-419b-99f3-800e90a7ec62,2021-12-17T12:00:00,BRAND3,241.61,"""beecacc cahdjdc"" <beecacc@yahoo.com>"
d96c7585-4b9d-461d-9d49-b9569f9fa6c0,2021-12-17T12:00:00,BRAND2,608.52,chgkihl@appple.com
3aa2c4cf-c6ef-414a-80d7-a3413b073f68,2021-12-17T12:00:50,BRAND5,440.59,"""hhidcal gehccfc"" <hhidcal@gmail.com>"
7a9e68fb-7bfd-41ff-97db-6da3fca5103a,2021-12-17T12:00:50,BRAND5,242.19,fblkdfa@gmail.com
883fc772-7e56-4b49-bb0b-0c77b9d3347a,2021-12-17T12:02:30,BRAND1,447.65,cibijdb@appple.com
db44df13-dfb4-4c0d-a694-ddd712a29f23,2021-12-17T12:02:30,BRAND1,403.57,ecbcafa@hotmail.com
2102ae19-f836-44ee-8429-7dc1c9759823,Fri Dec 17 12:03:20 2021,BRAND1,456.49,bhlcbgc@appple.com
c9728c6d-9b12-4efa-9a66-96e35fbd5663,2021-12-17T12:03:20,BRAND5,4.37,"""ikhahfj ijijcff"" <ikhahfj@gmail.com>"
f0b5dbba-08de-4476-a282-faa30d3f6dd4,2021-12-17T12:04:10,BRAND2,171.15,eijaaih@appple.com
5ed50ede-3c23-4fe5-974c-928b2b20a3a0,2021-12-17T12:04:10,BRAND2,288.29,kjfagch@live.com
92071e00-b9e2-451b-8b42-6af08ff9fd7a,2021-12-17T12:05:50,BRAND1,425.26,"""gfglahe celecbb"" <gfglahe@gmail.com>"
c4514edb-5920-4a28-8039-186d55e2fea1,2021-12-17T12:06:40,BRAND5,921.26,dhhlkff@appple.com
128c8902-4f3b-4747-ac0e-254e5d1da271,2021-12-17T12:06:40,BRAND2,212.14,"""lfalfei kablbfj"" <lfalfei@gmail.com>"
7ae20213-3cf1-4633-affd-5ca79977d70c,2021-12-17T12:07:30,BRAND5,80.45,elbkfgg@appple.com
3eb26946-cd34-429a-bb8b-9edec2f04a0b,2021-12-17T12:11:40,BRAND2,908.11,fgecjaa@gmail.com
286bbafe-a7b9-4bd8-bd26-99e2c01ab537,2021-12-17T12:12:30,BRAND3,902.05,"""ieikdjk facecdd"" <ieikdjk@gmail.com>"
643fdd57-a7c8-4238-a5a2-94beac5ecbfd,2021-12-17T12:12:30,BRAND1,627.72,klehhjl@appple.com
88c7e44a-07e1-44b7-b5b4-daa442cc6fc3,2021-12-17T12:13:20,BRAND5,8.97,jidkcee@gmail.com
efdf5788-a0d4-48cc-99d8-c22d6f44f568,2021-12-17T12:13:20,BRAND2,738.57,lcllbde@appple.com
9549b16a-e42c-4eb5-95d6-cf714b4097cc,2021-12-17T12:15:00,BRAND5,505.92,glfkdba@gmail.com
b601066a-f447-4494-8846-aec35f628652,2021-12-17T12:15:00,BRAND2,597.47,eeiadbf@gmail.com
4485cb51-29f8-42ed-b1a1-efaaca34fbd7,2021-12-17T12:16:40,BRAND5,172.75,ggbdglf@yahoo.com
d5d542b7-74f6-4b90-8d5b-26f54632403d,2021-12-17T12:16:40,BRAND2,101.82,kjkdgia@gmail.com
f47341bf-a27e-44a7-a0af-5d9a5e9fc133,2021-12-17T12:17:30,BRAND2,114.63,blfijfa@appple.com
46a9f63b-3e46-4d66-98cc-6bf28812d533,2021-12-17T12:18:20,BRAND2,264.64,jbkjdbe@gmail.com
1bf976a6-8913-47dd-9b53-ec1430e6008e,2021-12-17T12:18:20,BRAND4,45.99,akfhbla@gmail.com
97b17256-8194-4628-be0e-5eaf5a168d35,2021-12-17T12:19:10,BRAND2,3.75,jbjeekk@appple.com
c6803b5d-b7ff-4198-96ed-d77a5f8dfe2d,2021-12-17T12:19:10,BRAND3,424.51,"""ikahlha afjkgkj"" <ikahlha@appple.com>"
98069970-6f21-46dc-82ab-2583e7d9afe4,2021-12-17T12:20:00,BRAND2,206.37,"""fflkacb cikjfkh"" <fflkacb@yahoo.com>"
d2ead741-90ff-46da-862a-a98c135bbc9c,2021-12-17T12:21:40,BRAND5,90.36,fidegcl@gmail.com
224955c4-a946-4efd-b982-8ef4630b318d,2021-12-17T12:22:30,BRAND2,405.67,ekblbhc@yahoo.com
162af085-3cb1-4ebf-b38f-9895ee2426bf,Fri Dec 17 12:23:20 2021,BRAND2,218.41,"""ekgeghg gfeagic"" <ekgeghg@appple.com>"
a9eee4e5-2d3b-489c-815f-9b80ad91fde4,2021-12-17T12:24:10,BRAND4,507.47,jcjhgcf@gmail.com
23735565-3b8c-49a8-abbf-74ecc5880d45,2021-12-17T12:25:00,BRAND5,983.78,"""blidegf fakeafl"" <blidegf@yahoo.com>"
aef13ea5-1411-4388-a17d-6bc234da80be,2021-12-17T12:25:50,BRAND3,678.19,kcceilb@yahoo.com
66ad0887-5f1b-488f-9aa9-ecae2ef92b46,2021-12-17T12:26:40,BRAND2,0.74,fgcabkc@yahoo.com
22bf8d3b-8234-4d19-8fe7-28708dc1a6d7,2021-12-17T12:28:20,BRAND2,89.03,icgbacc@gmail.com
97e8dadc-3b1f-47e1-bd82-a27a0a364a9d,2021-12-17T12:28:20,BRAND4,620.25,acfddde@live.com
9c7260b4-8ade-4eb6-b6fe-f2ded2f7339b,2021-12-17T12:30:50,BRAND5,558.13,abdkdcb@gmail.com
c5c4bf17-ff18-4207-98b3-d42bacdd80ff,2021-12-17T12:30:50,BRAND2,57.19,fjjkeka@gmail.com
6412ff54-b546-485a-a5f3-63371d2e5ab2,2021-12-17T12:32:30,BRAND5,131.93,"""ddjehii beckchi"" <ddjehii@yahoo.com>"
311e1105-ed7b-4a39-b0e0-6f716947e084,2021-12-17T12:33:20,BRAND1,22.72,"""dehklcg lgkebhg"" <dehklcg@appple.com>"
ffb16fdc-021a-4c3a-bf6a-086903d737ad,2021-12-17T12:36:40,BRAND2,729.73,ajkhkcf@gmail.com
b5713faf-1a77-4fc8-aa51-ab0900733d8d,2021-12-17T12:36:40,BRAND5,137.36,cchdhhj@appple.com
5845ab2f-76c3-43ac-93b1-d24a714dc7a3,2021-12-17T12:38:20,BRAND2,785.10,dagkldc@gmail.com
4563a5ba-dbea-4586-9876-443d6d8afe35,2021-12-17T12:39:10,BRAND5,859.88,"""hdkhghb beiekef"" <hdkhghb@yahoo.com>"
f1209b7d-87a0-4e42-888c-bf27ba3f45c6,2021-12-17T12:39:10,BRAND2,791.47,ghgefak@live.com
9f7f4fa2-c8b3-4ee0-80e0-25d5436449ce,2021-12-17T12:40:00,BRAND5,717.61,"""lgclhjf lblcjih"" <lgclhjf@yahoo.com>"
20315e17-cd14-46c8-a5c4-4ae60e490add,2021-12-17T12:40:50,BRAND5,562.55,hkdlhab@yahoo.com
0e1fddaf-d96b-4e9d-82d3-5f9ab2bbc895,2021-12-17T12:40:50,BRAND1,436.81,"""djaflef gcddlkh"" <djaflef@gmail.com>"
a7dd6e59-c87b-4946-aae5-6affde367755,2021-12-17T12:42:30,BRAND2,169.29,aaefjke@gmail.com
471a7916-e004-4648-976c-f65f7f5ce9e1,2021-12-17T12:44:10,BRAND2,105.60,ehbfjle@appple.com
b1728a2f-6c4f-47b2-87b9-61553aa03fbf,2021-12-17T12:45:00,BRAND5,584.21,ecbijfi@gmail.com
f72f3d0f-9067-4b4d-b727-baf6b4ae7273,2021-12-17T12:46:40,BRAND5,810.73,"""ajjjaef ieckajf"" <ajjjaef@appple.com>"
f60a6c41-3ae4-45a7-babf-78aa83caf282,2021-12-17T12:48:20,BRAND1,769.15,"""aajkigl ieleaek"" <aajkigl@yahoo.com>"
8e5ecb0c-53af-43b5-9cc8-c902696fc271,2021-12-17T12:48:20,BRAND5,710.56,"""abegcjl heghdeb"" <abegcjl@yahoo.com>"
0ed1df9a-e4ac-4e7f-aa45-61f728457304,2021-12-17T12:49:10,BRAND5,752.14,gclfahf@gmail.com
d9fe01ef-9daf-4800-b816-b4d78a75404b,2021-12-17T12:49:10,BRAND2,948.95,"""kfgjjca alecbgl"" <kfgjjca@gmail.com>"
e0295b6b-a801-46db-b237-e1b8a61b31ad,2021-12-17T12:50:50,BRAND2,756.21,jjjbhhb@appple.com
fa7802c0-3761-4d95-9bbb-e5a2b2785a3f,2021-12-17T12:50:50,BRAND1,870.90,jiilehk@appple.com
5bb6b000-8b09-4d3a-a827-4d301b1824cb,2021-12-17T12:51:40,BRAND1,565.88,bifdcah@gmail.com
d075e517-6ea6-4b9a-a46f-6d490ebbeff6,2021-12-17T12:51:40,BRAND5,591.80,lgllgid@gmail.com
38aa9358-4674-4f7f-a374-ca4414b7d4a4,2021-12-17T12:52:30,BRAND5,988.90,"""kjgdeka cbjfjci"" <kjgdeka@live.com>"
4c461a9a-9a2c-4fe0-bff3-61aaf1263272,2021-12-17T12:53:20,BRAND2,633.05,"""fgejjfb bggbebb"" <fgejjfb@appple.com>"
39e6948e-e0ed-48fe-b167-776561cc28be,2021-12-17T12:54:10,BRAND1,671.25,fhjjcij@gmail.com
a7b50b02-9300-4795-867f-9b1c63fd7b63,2021-12-17T12:54:10,BRAND5,416.74,kihjeeb@live.com
c1a3cf5f-60b8-48d5-a6d0-02ec9f85b2f3,2021-12-17T12:55:50,BRAND5,490.47,acbjhll@hotmail.com
e4e32450-ce04-4b8e-acd1-592fe33a2ac7,2021-12-17T12:56:40,BRAND1,592.02,lghiafi@gmail.com
20ff3b47-a347-4d1c-a061-08fe3f21d8af,2021-12-17T12:56:40,BRAND2,456.16,"""eheahhh jkjibfg"" <eheahhh@yahoo.com>"
d6a68379-ed5b-496c-8d8e-b0f6071305af,2021-12-17T12:58:20,BRAND2,139.34,algbclf@appple.com
5fbf9d25-600c-4006-b0b1-876273aeb760,2021-12-17T12:59:10,BRAND5,260.14,"""kclijjl ljiflkk"" <kclijjl@appple.com>"
4a3825ae-2d14-4b2e-a4cc-d7f6383be697,2021-12-17T12:59:10,BRAND2,503.37,efbbahb@appple.com
ea97ea8c-75c2-4d1f-90e0-15eea8b6e0ee,2021-12-17T13:00:50,BRAND2,392.97,"""ifdfgae ikjeffk"" <ifdfgae@gmail.com>"
540fd4cb-9ed7-4208-92e6-3517bc8aa626,2021-12-17T13:02:30,BRAND4,408.81,"""kkdekbl dikadgb"" <kkdekbl@live.com>"
600f5b3d-fef8-427f-91ed-9d9795d33c28,2021-12-17T13:02:30,BRAND5,605.43,jkdjjlg@appple.com
ffdbe26c-de2d-400a-92f3-7ba4f083994b,Fri Dec 17 13:03:20 2021,BRAND5,368.32,ehieala@gmail.com
0fdd5724-96a0-4b2e-97d5-53661be41b5f,2021-12-17T13:04:10,BRAND2,419.28,kekjagd@appple.com
014e4ac6-e70a-4b2a-b578-8a54f9fd73ff,2021-12-17T13:04:10,BRAND2,665.82,"""cflchlh lejfchi"" <cflchlh@gmail.com>"
aae2c974-cec2-44b8-a0f1-9ccc37e3416f,2021-12-17T13:05:00,BRAND2,553.48,ecaeekf@yahoo.com
ad906d24-aa96-4796-9893-0fb48c33793d,2021-12-17T13:05:50,BRAND1,467.70,"""iffjcde cggggli"" <iffjcde@appple.com>"
28158924-eab9-4b5c-940f-d6023a59b6bf,2021-12-17T13:05:50,BRAND5,37.83,jdgcegj@gmail.com
57df44db-0b30-4e0e-abf4-63073f8f32f9,2021-12-17T13:06:40,BRAND5,763.07,"""ddcelhk ddlhjba"" <ddcelhk@gmail.com>"
bd4fbff7-0c7c-4380-b4ee-036ba9d1495f,2021-12-17T13:06:40,BRAND5,599.65,edldggd@yahoo.com
0d429b49-a5b6-4009-9ff2-540568391524,2021-12-17T13:07:30,BRAND5,394.40,hjcggfh@gmail.com
8e8bced1-3328-4d44-852d-0fc0aba54992,2021-12-17T13:07:30,BRAND5,393.28,ljedakh@appple.com
2548e6e6-75de-4c33-b68e-0997914ac46d,2021-12-17T13:08:20,BRAND1,832.84,"""jieageb ghjhckk"" <jieageb@gmail.com>"
71b76ed8-0721-427e-b71a-88bef44d16f4,2021-12-17T13:12:30,BRAND5,671.75,"""efgecja iahhhlc"" <efgecja@appple.com>"
15580ec5-9d14-4b32-8cc2-59312603b869,2021-12-17T13:13:20,BRAND5,596.86,lbdkhlb@live.com
03e384b5-ccd5-49b9-80a0-1663216dab8e,2021-12-17T13:14:10,BRAND2,219.15,"""eckjieh flialea"" <eckjieh@appple.com>"
7fed7301-9601-44d3-8d18-7b2ae3e2ba29,2021-12-17T13:16:40,BRAND3,962.18,kiklelj@gmail.com
bc32ac4a-bcdd-4f4d-88a6-555a95440b6a,2021-12-17T13:17:30,BRAND2,349.42,hdagkad@gmail.com
8ae636ed-7453-49bc-9564-8f82d299a367,2021-12-17T13:17:30,BRAND4,618.86,lklffcj@gmail.com
3d709cfb-79ac-49dd-b44e-141578982f98,2021-12-17T13:18:20,BRAND2,665.01,"""cgjjgid agchllb"" <cgjjgid@gmail.com>"
4781cf0d-7194-4d94-a05a-a51c3d6a813c,2021-12-17T13:18:20,BRAND1,339.50,behbibh@appple.com
037115a9-2602-42ca-b485-aa98222da064,2021-12-17T13:19:10,BRAND5,922.26,hbadfad@gmail.com
afafcaa0-4ab7-4513-82a3-399b30650816,2021-12-17T13:20:50,BRAND2,949.55,ailieba@gmail.com
7710c52c-e5f5-41ec-bb19-5fc3b329476c,2021-12-17T13:20:50,BRAND2,535.15,gabblhj@yahoo.com
05457e69-fe40-420a-97e3-411886395000,2021-12-17T13:21:40,BRAND2,964.89,ahaehkj@gmail.com
4354d3ca-e3ba-4e37-9b9b-a191a701442b,2021-12-17T13:22:30,BRAND2,209.84,keaadbd@gmail.com
a1d5a8b2-b64a-4982-8c43-6eff4a7c7582,2021-12-17T13:23:20,BRAND2,$571.25,"""dehbjle gbcliig"" <dehbjle@appple.com>"
8bfb639c-a5c3-4d5b-9f3c-439be61201b0,2021-12-17T13:25:00,BRAND2,860.04,iaaecaj@live.com
0060c370-85ef-4c9d-96e7-9a0199b51bd2,Fri Dec 17 13:25:00 2021,BRAND5,15.05,"""gchigcd hcfdddg"" <gchigcd@appple.com>"
81721f42-f26f-4bc4-9890-1992e4ff04bb,2021-12-17T13:26:40,BRAND2,681.34,aaldcak@gmail.com
8504eb40-d0cb-49bf-b69f-feaa11ccdfda,2021-12-17T13:29:10,BRAND2,618.64,lbffkkh@appple.com
4c599e0a-738e-411a-b34b-c8d9bd8c3bfe,2021-12-17T13:29:10,BRAND5,777.27,"""hjfilaf hkblkcl"" <hjfilaf@gmail.com>"
1e7a6578-2d91-48fe-a930-4a97ef1a2235,2021-12-17T13:30:00,BRAND2,350.04,"""akaacjh ckfabje"" <akaacjh@gmail.com>"
4c9f8a54-895e-4439-9d8a-c63f32a8f39c,2021-12-17T13:30:00,BRAND2,43.80,"""kccclei gleccdc"" <kccclei@appple.com>"
591aa822-82e1-4202-9ead-291a6be2ebe1,2021-12-17T13:30:50,BRAND1,823.45,"""jghlfja aaigdld"" <jghlfja@appple.com>"
a1281d0c-e21f-4bf4-b8cb-5950c6255895,2021-12-17T13:34:10,BRAND5,498.60,jabkgdb@appple.com
2e38f69a-c08a-497f-85ac-2834d5a2e54d,2021-12-17T13:35:00,BRAND2,$280.44,dilbdcd@appple.com
66e0cce5-eb44-4bed-beee-008302fc07b3,2021-12-17T13:35:50,BRAND5,705.92,ckidbie@appple.com
48ce3901-28ed-4e4e-ba4d-70f10916422b,2021-12-17T13:36:40,BRAND1,686.92,bhdeaca@gmail.com
469c7ffe-5d98-4f6f-a2d9-ad17cb40f5d6,2021-12-17T13:37:30,BRAND2,815.75,aihhihc@yahoo.com
8ff2a2e6-2f03-4984-9ca0-fae4d0eef137,2021-12-17T13:39:10,BRAND2,171.93,"""fjefdce elkkgff"" <fjefdce@gmail.com>"
eab522c6-03a6-4f45-a07c-ca728ea82c08,2021-12-17T13:40:00,BRAND2,587.07,"""jejkhja eafbkac"" <jejkhja@gmail.com>"
8a897d88-d219-47bf-ac25-028508546f27,2021-12-17T13:40:50,BRAND2,116.94,afkjhkl@appple.com
2163aa83-e4b0-4bbe-bf48-574174619275,2021-12-17T13:40:50,BRAND2,15.34,hheklkj@appple.com
2082763a-f5cb-4848-a447-d75223fe8783,2021-12-17T13:42:30,BRAND2,426.38,"""kifaldl decgaca"" <kifaldl@gmail.com>"
0648ce72-86b7-45b6-933c-7e9d4d3a3987,2021-12-17T13:43:20,BRAND2,411.31,"""ekhldkh edflbig"" <ekhldkh@gmail.com>"
c676dd1a-2c15-4033-b29b-97f639008ae4,2021-12-17T13:43:20,BRAND1,690.02,"""achlhbf ggdgajg"" <achlhbf@gmail.com>"
4425204e-de7a-41e9-915e-2acef32a13c5,2021-12-17T13:44:10,BRAND2,400.14,"""ihbblha bgfkfaf"" <ihbblha@gmail.com>"
17e34966-d5c6-4af0-95ab-d4337ffa8a0d,2021-12-17T13:44:10,BRAND2,316.09,dkfdfae@gmail.com
d24374fe-3f2d-481c-af7c-bf74cf7a32af,2021-12-17T13:50:00,BRAND2,994.02,"""effgbli hjdjfee"" <effgbli@yahoo.com>"
3737d7d1-629e-4347-a188-6523b7f4020b,2021-12-17T13:50:00,BRAND5,352.09,jbekedb@gmail.com
619a21dd-7004-47d1-94b7-39b0f45aa2ec,Fri Dec 17 13:50:50 2021,BRAND1,398.40,fchceki@gmail.com
861318b3-c824-466b-bfe8-dd8c947e7c4e,2021-12-17T13:51:40,BRAND1,190.99,ccfieaj@gmail.com
d2e0948f-165e-45f9-b09d-1fc96ecefedf,2021-12-17T13:51:40,BRAND2,600.79,"""lcjkgdj hidajah"" <lcjkgdj@live.com>"
27601d88-4afe-45fd-bacb-768653cd54fd,2021-12-17T13:57:30,BRAND2,745.19,abdjbii@appple.com
10ab4bba-d93f-45d0-92bd-ee788bfad892,2021-12-17T13:58:20,BRAND2,134.16,"""hiadcbb ibfeebb"" <hiadcbb@live.com>"
b687e64f-8474-45da-8238-70a35ae39b25,2021-12-17T14:01:40,BRAND5,860.76,acehkae@yahoo.com
8ccdeeed-0d31-4c1f-83ca-c71c3d8060b9,2021-12-17T14:04:10,BRAND1,632.03,kkhdhbd@yahoo.com
498b254d-5efd-4481-8846-fe8033536729,2021-12-17T14:04:10,BRAND2,596.28,gihgaei@gmail.com
77d5e2c0-63f3-4af9-a801-7355fcfffe90,2021-12-17T14:05:00,BRAND2,889.66,cdbhdkc@yahoo.com
06501d5a-32ea-4f0e-9b5d-c293d328f12d,2021-12-17T14:06:40,BRAND2,826.10,"""edebaah kghjbde"" <edebaah@gmail.com>"
c430de60-3a30-4431-b371-c0c700dfde8a,2021-12-17T14:08:20,BRAND2,538.43,"""dalcfkg afkbgjb"" <dalcfkg@appple.com>"
36098ee3-b7b4-42a2-ad71-1225de244d79,2021-12-17T14:09:10,BRAND5,885.76,kfgkcik@gmail.com
fe9ed181-267e-4c13-84f3-686196bfdf44,2021-12-17T14:09:10,BRAND3,508.43,dddklfa@gmail.com
ab945eb7-ee95-4a50-a65d-06a6a06c896e,2021-12-17T14:10:00,BRAND1,695.32,"""befeijg lchjjhe"" <befeijg@gmail.com>"
0c258a5d-e9ea-409c-a24a-1ce16e0c68ff,Fri Dec 17 14:10:00 2021,BRAND2,770.10,jjhdfih@gmail.com
77845105-0138-48af-92a4-1deae84e10d3,2021-12-17T14:10:50,BRAND2,832.17,"""ekhlbhc dfgleee"" <ekhlbhc@gmail.com>"
927cbab3-b735-4b8e-b60a-84c577652efa,2021-12-17T14:10:50,BRAND3,77.92,"""ehdihfc kkehkbe"" <ehdihfc@gmail.com>"
b50b2b18-5139-44b9-8a25-81e69a9cff28,Fri Dec 17 14:11:40 2021,BRAND2,71.51,jejlicg@gmail.com
f16dba9a-a2ec-4936-8480-790d35f83f54,2021-12-17T14:11:40,BRAND2,773.49,digcila@yahoo.com
e606ae95-a550-4250-bf8e-5b96a1ab49ef,2021-12-17T14:12:30,BRAND2,766.35,cllcejb@hotmail.com
c41e71af-5e37-49e9-b87b-6cdaed85ca3c,2021-12-17T14:13:20,BRAND2,550.18,gjfhijd@gmail.com
e76ab018-69fd-4acb-acd8-c06db803cb2b,2021-12-17T14:14:10,BRAND2,664.26,kjihbfg@appple.com
642b5aad-0519-4de8-bd4d-b95ca0441296,2021-12-17T14:14:10,BRAND1,896.76,"""kbeggcj hcahbcb"" <kbeggcj@gmail.com>"
46ff100c-bfe0-434a-acc4-8aa77dc3e394,2021-12-17T14:15:00,BRAND5,588.98,"""dlcdikg bljabca"" <dlcdikg@appple.com>"
e7640391-1fbc-4f99-99e1-f17bd8cdd420,2021-12-17T14:15:50,BRAND4,797.59,hccflhc@appple.com
e441381f-2d03-40a0-b12c-b4e998340999,Fri Dec 17 14:15:50 2021,BRAND1,660.28,hifkchd@appple.com
a7738b7e-dc34-4ddd-8725-c442b9717f81,2021-12-17T14:16:40,BRAND1,930.95,"""kkillil fjlabgi"" <kkillil@gmail.com>"
e31fc29c-cd78-4f18-9836-9309c7f0fa75,2021-12-17T14:17:30,BRAND4,202.24,lajkdbc@gmail.com
399799e8-814d-4009-a213-c814d32fd07b,2021-12-17T14:18:20,BRAND5,776.93,galbaeh@live.com
05210928-f5d7-4805-954b-89157a186ec8,2021-12-17T14:18:20,BRAND1,411.14,aeiiijc@gmail.com
b824f8cf-5b11-431f-8422-45a3c2cb0dd1,2021-12-17T14:19:10,BRAND3,709.51,ibcchhb@appple.com
64c599e9-669a-4206-a323-b6d5cb46d870,2021-12-17T14:19:10,BRAND2,520.11,bkdibji@gmail.com
c9f06e0e-d26f-43bc-a397-4c3b04dd2f63,2021-12-17T14:21:40,BRAND2,9.97,"""ceekkce idiifac"" <ceekkce@appple.com>"
8835b13c-7cd5-4c03-939c-3fd68e5a91ad,2021-12-17T14:22:30,BRAND2,503.81,gekiick@gmail.com
501514ea-b398-498e-a7eb-711647b50fe8,2021-12-17T14:22:30,BRAND2,513.18,ecbffdj@live.com
1e139651-a79a-4a14-a72d-42d20c61e811,2021-12-17T14:23:20,BRAND5,382.67,"""acjkdfg fceafie"" <acjkdfg@gmail.com>"
d90bb744-c64c-454f-b9c3-09c19a5c95cd,2021-12-17T14:23:20,BRAND1,234.39,"""ehkheha gaaaeah"" <ehkheha@gmail.com>"
cfe9bf1b-3b4b-4da4-8986-75b4c1e3b8e0,2021-12-17T14:24:10,BRAND2,510.68,"""dbaccfk ggglejl"" <dbaccfk@live.com>"
d132dc0b-7e8a-466a-9b7e-2417abf406f9,2021-12-17T14:24:10,BRAND2,513.67,aeehbgf@gmail.com
57d3863f-aff4-40c9-aac7-5ce3ed3cf139,2021-12-17T14:26:40,BRAND1,300.40,"""kbijbgh jbcdeac"" <kbijbgh@gmail.com>"
2fab6a0e-8a7d-4635-a9dd-e2c5f80adaf5,2021-12-17T14:27:30,BRAND2,624.78,jfiajkh@live.com
89422181-d915-4717-9b25-61d00d96523d,2021-12-17T14:30:00,BRAND5,497.34,"""gakckja gghaeil"" <gakckja@gmail.com>"
e7456a38-bd75-4de1-8fae-3f62ab70f1ef,2021-12-17T14:30:50,BRAND1,945.25,fdifbkc@yahoo.com
476c545a-4f45-47b1-b528-98777d8e16f0,2021-12-17T14:32:30,BRAND5,598.19,"""bijfdik hdhhjeg"" <bijfdik@gmail.com>"
ca814073-ef04-4d11-9c7c-cb2055573202,2021-12-17T14:34:10,BRAND5,210.39,jflflai@live.com
49ab5cd1-394f-4ea2-b26d-26a5851daf4d,2021-12-17T14:36:40,BRAND2,540.86,"""ajhbgkk cglbjek"" <ajhbgkk@appple.com>"
1a279c35-4df1-4934-8763-e607c63d3d71,2021-12-17T14:36:40,BRAND5,729.26,dkcieac@appple.com
8d326e2e-7677-429b-ad59-e0bbdd32cc6b,2021-12-17T14:39:10,BRAND1,112.33,liahhke@live.com
ac04e9f7-cea6-4b2d-96bb-a8f0968281d3,2021-12-17T14:39:10,BRAND2,141.38,"""kagacai bfilggd"" <kagacai@gmail.com>"
0cf94ce1-9751-43a2-9972-6cc6b2e1e7b7,2021-12-17T14:40:00,BRAND2,534.09,jaaeajf@yahoo.com
cc376306-1fab-4bca-934a-1f8457a7959b,2021-12-17T14:40:50,BRAND2,559.82,lfhbkic@appple.com
46a6b9de-badf-4a5b-8fe6-7a55b5d57d63,2021-12-17T14:40:50,BRAND2,274.70,bbeidlc@gmail.com
72f14282-f5fe-4567-a74c-3254d0aaf128,2021-12-17T14:41:40,BRAND2,410.99,fjcaibk@gmail.com
3be6ba8a-3472-4956-8c24-6ab761276abb,2021-12-17T14:41:40,BRAND2,224.94,bdhbkjh@live.com
e92bfac8-d0cc-4734-a6b8-e6d63816bb7a,2021-12-17T14:42:30,BRAND2,104.90,"""glljhch likacch"" <glljhch@gmail.com>"
1a4f2281-230c-45c8-8021-85206c0f5677,2021-12-17T14:42:30,BRAND5,436.34,"""bileaec idjedkg"" <bileaec@gmail.com>"
948c3358-6c3f-40cc-b997-eaaaa9ba0e17,2021-12-17T14:44:10,BRAND5,533.74,"""ejhehhk ijjcgik"" <ejhehhk@gmail.com>"
9ebd3b7b-5f09-477c-ac55-bd235d9cbc4c,2021-12-17T14:45:00,BRAND2,280.33,gbabjeb@gmail.com
31a83f1d-6fb8-4705-9aaa-e1908c80f60f,2021-12-17T14:45:50,BRAND2,589.46,"""kijhldk abheell"" <kijhldk@live.com>"
fda42159-af37-415b-884f-f130a5a3d1f8,2021-12-17T14:45:50,BRAND1,350.56,kddklch@appple.com
