id,date,brand_id,trans_amt,email_address
edd12899-66d1-4777-82b9-32551b8aaf1f,2021-12-15T06:35:50,BRAND2,554.16,"""cdjhdge dchbjad"" <cdjhdge@gmail.com>"
12c7ca8c-b20a-4dd4-9520-b424f126d6b7,2021-12-15T06:35:50,BRAND4,666.15,eliilbg@appple.com
1982cd46-7dba-4a2b-8de2-52537046240f,2021-12-15T06:36:40,BRAND1,999.62,killili@gmail.com
8b6d36e6-1f13-4bbd-be17-f94fbab50d42,2021-12-15T06:36:40,BRAND1,29.86,"""fdkahac ckljhaj"" <fdkahac@appple.com>"
4f051b19-61c9-404b-bdfb-9beeb213e389,2021-12-15T06:37:30,BRAND2,121.98,laeedgc@appple.com
17b9dd6c-b77d-4909-bcdd-e63f274bebe1,2021-12-15T06:38:20,BRAND1,79.79,bgajcjg@gmail.com
d99fb6b4-6768-4fbd-9fc7-ddd8c4bc2ed5,2021-12-15T06:38:20,BRAND2,25.93,"""kbhkldd iklbdee"" <kbhkldd@gmail.com>"
c21ca6ee-e65d-4867-88e3-399dfbd42cd7,2021-12-15T06:40:00,BRAND5,248.71,"""kiiabfd ihldbbl"" <kiiabfd@gmail.com>"
a9b09b53-85ef-4881-994f-8caf8093ce59,2021-12-15T06:40:50,BRAND1,251.89,fgfekgj@appple.com
66f399b6-d337-44cf-bd72-2d48bec89043,2021-12-15T06:40:50,BRAND3,626.02,bgjklkj@gmail.com
d720dbed-2a2e-4b09-bc1a-1543e341c53e,2021-12-15T06:44:10,BRAND2,654.37,"""jljbjil kdljgfi"" <jljbjil@live.com>"
ad984ac6-eb0d-42f3-aefe-366d23a366e0,2021-12-15T06:44:10,BRAND2,87.35,"""kakcajk dccebhc"" <kakcajk@gmail.com>"
dda02205-f506-4e1c-8e39-3326c74f91ca,2021-12-15T06:47:30,BRAND1,888.20,aeglbcg@gmail.com
3ba95f27-9307-4036-bd5e-bab68f557802,2021-12-15T06:47:30,BRAND3,614.85,"""gaeaikl cfaejgh"" <gaeaikl@gmail.com>"
f9071c73-1717-4684-a2da-c7782157bfe0,2021-12-15T06:49:10,BRAND2,440.04,jfagbfe@appple.com
a022f0d2-b200-4247-a74e-b494ef00010a,2021-12-15T06:50:00,BRAND2,162.80,"""icedghj clkfkae"" <icedghj@live.com>"
9074712b-3a32-452a-b077-e6a020a1fa49,2021-12-15T06:50:00,BRAND2,688.73,hekilia@gmail.com
5f1d9203-ac98-41d1-8c41-4e534ebae534,2021-12-15T06:50:50,BRAND5,984.28,"""ibliebc ahjgcah"" <ibliebc@live.com>"
8041bc85-5e9f-49e2-8bf2-4222b98772ae,2021-12-15T06:53:20,BRAND3,870.29,clhhhcb@appple.com
6237f82a-bcb0-4a2c-b6fd-c4c77dee93fd,2021-12-15T06:54:10,BRAND1,670.53,"""aaljjbb gjahagb"" <aaljjbb@gmail.com>"
df1e486e-b127-4412-a2c3-1d22cf439d33,2021-12-15T06:54:10,BRAND2,331.68,"""ihcdieg iaekdek"" <ihcdieg@gmail.com>"
99d64b84-fd4d-43b9-a924-527f3dc0e4ad,2021-12-15T06:55:00,BRAND2,743.05,ccbhbeh@appple.com
36a559a2-54fc-4981-8da7-e3e8d58d4e61,2021-12-15T06:55:00,BRAND5,766.39,"""iajifbg fhjaicg"" <iajifbg@live.com>"
832e06d6-5531-4344-8fc6-7b0b867ab107,2021-12-15T06:55:50,BRAND5,466.15,"""ekladhc kghdalf"" <ekladhc@gmail.com>"
f1ddd713-c21a-45d8-90d0-18f9bbb97051,2021-12-15T06:55:50,BRAND2,861.09,jjdfcai@gmail.com
784cba47-f24a-40f5-b64f-a9c0a63f93d9,2021-12-15T06:57:30,BRAND5,295.55,iikcbcf@gmail.com
7b3fea84-d881-444b-bdd3-67f2a99f1c74,2021-12-15T06:57:30,BRAND2,280.12,"""jfllghd egffdcg"" <jfllghd@gmail.com>"
d18bcaca-43cc-471f-a6dc-c0e643896320,2021-12-15T06:58:20,BRAND4,345.88,afbjjbc@appple.com
db43d6ae-bb3c-4a8a-8a50-3a6263b179a3,2021-12-15T06:58:20,BRAND1,236.19,ejdgcbg@gmail.com
3455ecb2-770e-4cef-829c-21fc5ca19335,2021-12-15T06:59:10,BRAND2,575.01,lkhcabe@live.com
bb621989-9ac6-42ad-bcdb-6acac4de53e1,2021-12-15T07:00:00,BRAND5,707.52,jfjfhgk@live.com
bd40d80a-cd21-4698-9f93-20073a197948,2021-12-15T07:00:00,BRAND2,140.03,elcghai@live.com
a9548f23-3433-4906-adcb-8f34ff3e553e,2021-12-15T07:01:40,BRAND1,872.68,agbbibk@gmail.com
a3da8af2-5276-4cb2-9dd6-b5038271d660,2021-12-15T07:01:40,BRAND5,314.73,cejegkb@gmail.com
5bd21ffe-3ac8-4909-90ef-482e4805145e,2021-12-15T07:03:20,BRAND4,726.66,ijkldil@gmail.com
b05e9313-af3a-42f8-8e01-624abe4b9a64,2021-12-15T07:03:20,BRAND2,361.29,ahbdfdb@gmail.com
68be5373-5d82-46b2-8dd2-551868f90741,2021-12-15T07:04:10,BRAND2,380.60,"""ilhlldi bbjdjeh"" <ilhlldi@gmail.com>"
f1057464-d7ee-49b7-b068-c38473acd743,2021-12-15T07:05:50,BRAND2,7.37,fcbclee@gmail.com
44919783-6f0d-4251-8cd7-2a5eb10f8954,2021-12-15T07:06:40,BRAND3,763.74,kiaefij@gmail.com
27baf072-1d52-4fc3-a9b8-43ab6527405e,2021-12-15T07:07:30,BRAND4,430.04,lfialic@appple.com
19e5740b-f5d1-4a0f-90b6-e8c9d5600847,2021-12-15T07:08:20,BRAND5,958.27,djkjibj@gmail.com
61a0abbc-41bb-44d1-a7a8-0ba8833815a3,2021-12-15T07:09:10,BRAND1,429.06,"""ahiebdf jbcifcb"" <ahiebdf@gmail.com>"
c3895b76-20ef-48b9-a600-b5f9ba12b954,2021-12-15T07:09:10,BRAND2,836.23,"""lfcjhlg ihgbckd"" <lfcjhlg@gmail.com>"
59917466-f348-4a3b-ad66-7d6002c68bb8,2021-12-15T07:10:00,BRAND2,718.57,"""kddbeal ibcfkee"" <kddbeal@gmail.com>"
417c8e5b-54ce-4282-8dd6-5d648066e8c7,2021-12-15T07:10:50,BRAND2,372.68,jjjelkj@gmail.com
c48b1c77-27fe-4164-882f-c244cfe1b568,2021-12-15T07:11:40,BRAND2,147.89,fbfdjac@live.com
58277e53-71ca-43d1-aa2e-de768241b5ff,2021-12-15T07:11:40,BRAND2,213.95,"""ebllhac ffafgil"" <ebllhac@appple.com>"
ad09cdd7-8a31-4752-82e6-8db5db711c6a,2021-12-15T07:15:00,BRAND2,985.27,cbbbiil@yahoo.com
6ae53668-4c2a-4daf-b4a1-94f793b4f1ca,2021-12-15T07:15:00,BRAND2,343.11,jhdagaj@gmail.com
15c319fa-4a60-4053-84bb-e2ee4f7818a1,2021-12-15T07:15:50,BRAND2,328.43,"""adjllai alfajbi"" <adjllai@gmail.com>"
2749f6be-8307-4c4a-8731-eae5594525ec,2021-12-15T07:15:50,BRAND2,977.54,edfgbbc@gmail.com
ac0b7783-821a-4ce3-8dc1-749ecd300911,Wed Dec 15 07:16:40 2021,BRAND5,997.19,"""cdilkia lgghafk"" <cdilkia@gmail.com>"
ede0a877-2549-493c-a548-cf32c98202e8,2021-12-15T07:17:30,BRAND5,606.48,fbflicd@gmail.com
e1610cb6-ab96-4b0e-967a-c54d9e7a29f4,2021-12-15T07:17:30,BRAND4,843.38,khkcffc@gmail.com
559e74e0-c595-4242-9891-635d0ea30eba,Wed Dec 15 07:18:20 2021,BRAND5,391.58,lfgejka@gmail.com
108354a4-3652-4cbc-b59b-b2db349b0d5e,2021-12-15T07:20:00,BRAND2,983.49,lkfdbij@gmail.com
9e359bf3-177d-497f-bb73-1d6b76f5475a,2021-12-15T07:20:50,BRAND5,849.89,"""flkhdeb ebhadch"" <flkhdeb@gmail.com>"
f70494e1-5245-4d10-97e6-58d8a1b7ac28,2021-12-15T07:24:10,BRAND2,$835.34,bdhekhl@gmail.com
26ef3d94-898a-4320-a87c-1862a08314b1,2021-12-15T07:25:00,BRAND2,240.19,dbhcgjb@appple.com
d790ab73-708e-4dd8-8deb-23115ea85eb9,2021-12-15T07:25:50,BRAND2,884.42,ilhgclh@gmail.com
3449e7b8-3413-44f8-af37-a557d6684301,2021-12-15T07:25:50,BRAND1,5.88,afgehgg@yahoo.com
08d80464-af9a-4072-a5ff-a869fd9510f7,2021-12-15T07:27:30,BRAND2,539.96,"""lhfjjed haeicfb"" <lhfjjed@yahoo.com>"
4be98f63-5a16-43a7-8da1-8513e5418137,2021-12-15T07:28:20,BRAND5,100.01,blkaagd@yahoo.com
1041b39e-0263-4e00-a51d-cf4511d30e9c,Wed Dec 15 07:29:10 2021,BRAND2,716.81,"""elalbgk dgjfhdg"" <elalbgk@gmail.com>"
d96b9fcb-a101-4041-a68a-818614dc546c,2021-12-15T07:31:40,BRAND2,$18.18,abbfljh@gmail.com
6824fe28-baa4-472a-ae36-acf2d851246b,2021-12-15T07:32:30,BRAND5,574.07,afcfbka@appple.com
708805cc-8942-441f-8e05-755327cf6444,2021-12-15T07:35:00,BRAND2,547.43,"""lhalkkb ccafieb"" <lhalkkb@gmail.com>"
f98daa56-d16e-48be-8404-80eb2c54d146,2021-12-15T07:35:00,BRAND2,683.08,igkilhk@gmail.com
0a3b710b-94bd-44e7-9243-1908692afefb,2021-12-15T07:36:40,BRAND5,805.83,"""hhfkcec akgjcgb"" <hhfkcec@live.com>"
255676d9-05e3-4a0f-a089-35cef707ae1b,Wed Dec 15 07:36:40 2021,BRAND1,354.08,"""ajhehea eaidjdj"" <ajhehea@gmail.com>"
a579a9a7-2bc6-42b2-aa93-7f93f89de861,2021-12-15T07:37:30,BRAND5,727.02,blhcabb@appple.com
0179d26b-1965-488e-a288-60c1347724f4,2021-12-15T07:40:00,BRAND2,253.52,bbddjgi@appple.com
c20b0bdf-216b-4092-afa6-7b5b016eed20,2021-12-15T07:40:50,BRAND1,503.92,dicddbf@appple.com
eed34c5f-c13f-4db3-ac8f-9b880f148aa8,2021-12-15T07:40:50,BRAND5,185.66,iagekec@gmail.com
f599f478-84c8-43e4-8e58-cb1705cb885f,2021-12-15T07:41:40,BRAND2,758.12,efechdl@appple.com
ccaecfd7-34b1-44e4-874e-951654e16e47,2021-12-15T07:43:20,BRAND5,73.16,haeiclh@gmail.com
8203fab7-5192-4cb5-b748-3651ae3d6f8e,2021-12-15T07:44:10,BRAND2,631.95,"""cihlgjb fkldfja"" <cihlgjb@live.com>"
136c7c0a-12ef-4ea3-a940-7b419ab2f7eb,2021-12-15T07:44:10,BRAND5,721.02,"""blilfgg lgccgdf"" <blilfgg@appple.com>"
ad062216-4e9f-4c22-bc0d-9183afc3040c,2021-12-15T07:45:00,BRAND2,83.71,gjedekl@yahoo.com
2ae6c59d-41ee-4a0f-8657-c7e1435065a5,2021-12-15T07:46:40,BRAND2,261.92,fedkehe@gmail.com
c134c065-5d02-4dd0-97ce-3a34a77b443c,2021-12-15T07:47:30,BRAND2,551.83,khjjgll@gmail.com
a0019e98-429a-4917-bd24-c7f5d855d301,2021-12-15T07:49:10,BRAND1,521.13,"""cffcgik fajdlcj"" <cffcgik@gmail.com>"
2870cc6e-e23d-4291-9d4d-85944508827d,2021-12-15T07:50:00,BRAND2,771.93,ekchgfe@gmail.com
a1719621-7d79-4bcd-99a8-3d48c0171eac,2021-12-15T07:50:50,BRAND4,966.41,iggcabk@appple.com
5be2fe48-791c-4206-8203-8a40bf788890,2021-12-15T07:50:50,BRAND1,628.20,"""ldcbbfc cajgdbh"" <ldcbbfc@hotmail.com>"
106cd46c-77e8-4bba-8c8d-8861a3604f6b,2021-12-15T07:51:40,BRAND2,710.27,cfbifja@live.com
44258f97-538f-4d7a-975d-bcf13fb6c70c,2021-12-15T07:52:30,BRAND5,309.72,"""ibdlcad fifbcji"" <ibdlcad@gmail.com>"
e6d1387f-c341-4eca-8f81-d6f10f168f4f,2021-12-15T07:53:20,BRAND2,742.39,gjchagd@gmail.com
24b22323-021a-48f5-8c67-b63ac84a6a2c,2021-12-15T07:54:10,BRAND2,502.64,cbbcfil@gmail.com
8b37708b-2c72-4fca-ae0b-b90245ca67e5,Wed Dec 15 07:55:00 2021,BRAND5,93.77,"""hbaghhh ajajlgi"" <hbaghhh@gmail.com>"
5c540f08-5e83-45b5-801a-9790178e36d1,2021-12-15T07:55:00,BRAND2,314.62,jelgjdd@gmail.com
ebefaa3f-c103-4a86-a9a3-f3cbcef90f42,2021-12-15T07:55:50,BRAND2,507.86,"""hlabehb cijfija"" <hlabehb@gmail.com>"
82b244bf-c547-4b65-8243-aad141af9a33,2021-12-15T07:55:50,BRAND1,666.81,bckfabh@gmail.com
2b7bf5e0-5d38-4bec-b31f-042695e73dfe,2021-12-15T07:56:40,BRAND2,926.27,lficjaa@appple.com
5943645d-317c-4a30-9453-4f002a05efdf,2021-12-15T07:56:40,BRAND5,305.67,"""ejehglf bcdaicj"" <ejehglf@gmail.com>"
1a053dd2-5704-4096-8987-bd429ff64c5e,2021-12-15T07:59:10,BRAND1,647.06,cdjkibc@gmail.com
27c8d2ab-6a1b-4454-8489-26c159941e23,2021-12-15T08:00:00,BRAND2,163.23,aidaiae@gmail.com
3249e848-039a-487d-9266-ac938edde25f,2021-12-15T08:00:50,BRAND2,40.68,"""lbcfaij dgegaaj"" <lbcfaij@appple.com>"
f58c1c44-36cb-4790-9a55-b8f55fc8d61e,2021-12-15T08:01:40,BRAND5,569.02,gfgelkh@gmail.com
aed11147-9e46-4bbb-89f5-7027930a39ab,Wed Dec 15 08:02:30 2021,BRAND1,777.01,agdelgh@gmail.com
c18a5776-ef64-4f3b-936a-17d6263d2c39,2021-12-15T08:02:30,BRAND2,$426.52,ibbgkcd@gmail.com
320cad6c-bec4-40a1-8c16-ed6b38973f0c,2021-12-15T08:03:20,BRAND5,$172.38,"""kibeeck hbkiiif"" <kibeeck@yahoo.com>"
00c5357d-b0ba-41a5-8840-bc3ac2298ee1,2021-12-15T08:03:20,BRAND2,292.68,ikddhjj@gmail.com
83efff00-7690-4878-9b9a-ea5d94acf9ee,2021-12-15T08:04:10,BRAND1,29.65,"""ggaddgl gdbbbce"" <ggaddgl@gmail.com>"
d9596f4b-a27f-4d02-87ae-5edd7a01cfb0,2021-12-15T08:04:10,BRAND2,873.45,"""lccfddi cbfiage"" <lccfddi@live.com>"
17d7e679-8206-4495-ba98-8f57b02c86a7,2021-12-15T08:05:50,BRAND2,47.70,hkbegka@yahoo.com
2385337c-bc9d-4438-bb5f-70015e5f1af7,2021-12-15T08:05:50,BRAND5,163.48,djegjlh@appple.com
2ba62cde-af71-4f62-ad2c-d540a2932fbf,2021-12-15T08:07:30,BRAND2,397.85,"""hijehgc hkhhkae"" <hijehgc@appple.com>"
80b29d5e-374f-46c5-92c4-ac599d458dde,2021-12-15T08:08:20,BRAND2,406.58,lbbdcfa@hotmail.com
21393327-33ac-4db0-858c-2fd893caa385,2021-12-15T08:08:20,BRAND5,530.49,"""lfcifdc fdigaek"" <lfcifdc@hotmail.com>"
c1ec0c0e-f551-402e-b0a8-966461624e9b,2021-12-15T08:10:00,BRAND2,228.75,fjjalgf@gmail.com
6203f0d7-3520-4ce5-a709-4c44da9d3cf7,2021-12-15T08:10:00,BRAND5,564.27,"""kjelfjl ghickdf"" <kjelfjl@gmail.com>"
b06c879d-4f03-4052-a374-47b07293d5fb,2021-12-15T08:11:40,BRAND2,268.48,"""keladhi hglkjjd"" <keladhi@yahoo.com>"
5dc68b01-4d34-4f33-9ce3-923691bd8d5e,2021-12-15T08:11:40,BRAND2,257.34,ilgidif@hotmail.com
683cdd65-62b3-4485-a9e4-d476dbc07cc3,2021-12-15T08:12:30,BRAND1,420.84,"""ekhihbl jihekhl"" <ekhihbl@appple.com>"
e5e9d9cb-5da6-40fb-9835-68db6910f073,2021-12-15T08:12:30,BRAND2,326.30,albibgj@gmail.com
8c19d113-6cea-4563-9f28-506cf4000dde,2021-12-15T08:13:20,BRAND1,312.17,kklabah@appple.com
e803890b-d41b-4f17-972e-f400c02c3ae9,2021-12-15T08:14:10,BRAND3,0.37,"""kiilkad akffhhh"" <kiilkad@gmail.com>"
69c088fb-8aee-4614-93d0-edc718b0712a,Wed Dec 15 08:14:10 2021,BRAND2,564.88,jkikgij@gmail.com
a0130ddc-1e30-46ba-adef-799413b4724f,2021-12-15T08:15:00,BRAND1,810.63,gefieeh@gmail.com
b189b6ee-a727-4f74-99c5-85ba243adc40,2021-12-15T08:17:30,BRAND4,267.86,"""ajfcfha kacdhje"" <ajfcfha@gmail.com>"
54f2a20e-f2e4-4be0-a627-a1b82de65466,2021-12-15T08:17:30,BRAND1,665.95,abkhhag@appple.com
96303698-cdb8-4483-94aa-e9e366dfda2c,2021-12-15T08:20:00,BRAND2,91.53,eabfhha@appple.com
c68d251e-0fde-422e-b074-60a741214c73,2021-12-15T08:21:40,BRAND2,860.95,fhejech@appple.com
5fc87234-8f9b-4f7d-a53d-43172a5b02df,2021-12-15T08:21:40,BRAND1,794.76,bebddjj@gmail.com
d0bc5875-8dc0-4b88-a3ca-72037a9f6952,2021-12-15T08:22:30,BRAND5,603.20,hghjhda@appple.com
741d2c46-fbf2-4775-9127-02783fbf2fe2,2021-12-15T08:22:30,BRAND2,154.15,dbkbida@live.com
4ed9c3c5-3949-4c22-b715-26624fa634d4,2021-12-15T08:23:20,BRAND2,933.40,"""jcfaifj bkbgkff"" <jcfaifj@live.com>"
c7c3dbf9-2d6a-4926-aa4c-5f0d2abf4105,2021-12-15T08:24:10,BRAND2,161.65,"""gbdikab fddldch"" <gbdikab@gmail.com>"
d098d399-6990-4d00-aa13-dabee9ab8b0a,2021-12-15T08:24:10,BRAND2,13.58,jdkclij@gmail.com
81b615da-dfde-47d9-b38c-487f7109aa1e,2021-12-15T08:25:00,BRAND2,681.53,ggbhfgi@appple.com
e66a9a23-1cbd-4e90-bc6a-e0c8e919eacd,2021-12-15T08:25:00,BRAND2,430.50,"""fggaiif acbddia"" <fggaiif@gmail.com>"
0414b8d6-af53-475e-a76b-2aacbed3882a,2021-12-15T08:26:40,BRAND1,617.88,"""bkjflbe egbcbfi"" <bkjflbe@appple.com>"
81119a04-a6a4-4d96-ac44-a4dcaf9a210f,2021-12-15T08:26:40,BRAND2,290.41,chddhee@gmail.com
7c47148a-462f-42ca-a324-b13870e39ac1,2021-12-15T08:28:20,BRAND2,492.81,"""lbbiljc jldahce"" <lbbiljc@appple.com>"
bb0281f5-6860-49f4-a24f-b6945a13cfb6,2021-12-15T08:28:20,BRAND2,$779.17,agggljb@gmail.com
0bacb7cb-6125-4128-9512-76d5f1091a5d,2021-12-15T08:29:10,BRAND1,$578.61,ehbgdaf@live.com
7093d94e-4f2f-4b6c-a5db-8726abd7367b,2021-12-15T08:29:10,BRAND5,750.57,"""jciejgf hhieilb"" <jciejgf@gmail.com>"
e81c3087-ac91-4097-81b9-8233ae8da70c,2021-12-15T08:30:00,BRAND2,624.48,"""cadcage abbbaih"" <cadcage@gmail.com>"
a4a0b233-f633-42df-98d4-b4995920f0f3,Wed Dec 15 08:30:50 2021,BRAND2,651.83,"""jhhkhfj ihiaifh"" <jhhkhfj@gmail.com>"
4b8dbb34-579e-4e1d-b346-e6ac06a99f96,2021-12-15T08:30:50,BRAND5,429.58,"""iibbkhg bjgieif"" <iibbkhg@hotmail.com>"
392e0a69-6ea9-47b2-b2c7-58f4898c22d6,2021-12-15T08:31:40,BRAND2,231.17,hgdelle@gmail.com
54cd5bfa-a42c-44eb-a3e0-2bb7481bcdd8,2021-12-15T08:31:40,BRAND1,270.76,blligfg@gmail.com
f8bf2b6e-1024-41aa-a193-fe4aadee3d72,2021-12-15T08:32:30,BRAND2,680.33,kkkddki@gmail.com
2f084811-9778-4ea5-b900-713aba38b866,2021-12-15T08:32:30,BRAND2,460.68,fhjglkl@appple.com
7c719c75-046f-4470-9749-0b85b57e2347,2021-12-15T08:33:20,BRAND2,496.30,hllccbj@appple.com
a0a4cd48-61ef-4dd7-b28f-0773aa51a0cb,2021-12-15T08:33:20,BRAND2,965.63,"""iibjhka dgldgdh"" <iibjhka@yahoo.com>"
f9c497bf-11e8-450c-a912-b5a058536dd0,2021-12-15T08:34:10,BRAND1,632.60,"""idlhbgg iblfhjg"" <idlhbgg@gmail.com>"
1bf14d1d-09b3-4e72-b544-516557c23f87,2021-12-15T08:37:30,BRAND2,606.84,"""clbgbck hgebglb"" <clbgbck@live.com>"
4409ee25-bb13-4b5f-824f-f883754bd914,2021-12-15T08:38:20,BRAND2,964.44,algajca@live.com
d3c9038e-a32a-43d8-9e6d-d13c630dafd7,2021-12-15T08:40:00,BRAND2,206.76,keljfef@appple.com
f60ddc1a-2f6f-4fbf-b429-66d5e8058c31,2021-12-15T08:40:00,BRAND5,666.27,lkafkjg@hotmail.com
8aac8496-242e-4f7f-9343-3282dd362c1e,2021-12-15T08:40:50,BRAND2,149.16,jbdgidl@gmail.com
5a8ee8db-089a-4363-b663-0d77dcb0c35c,2021-12-15T08:40:50,BRAND1,431.88,dckedgg@gmail.com
c7acda61-89cd-4b19-af53-6ac4497c5ec3,2021-12-15T08:41:40,BRAND5,455.31,hgcfhdd@yahoo.com
f09aaa10-c434-4d98-9267-65699c91dd41,2021-12-15T08:41:40,BRAND2,547.54,"""afdckie kcfdjei"" <afdckie@gmail.com>"
bc2dbca6-7c75-4963-8c83-3b4cfed1bca2,2021-12-15T08:42:30,BRAND2,72.75,"""ljdhhhj jkedbbg"" <ljdhhhj@gmail.com>"
777e1b7b-607b-4ea6-a5fe-39682f841ad4,2021-12-15T08:43:20,BRAND5,429.00,hahalkh@gmail.com
fde49043-973a-4fb2-826e-a850b6c68e80,2021-12-15T08:43:20,BRAND2,388.56,lgbjdea@gmail.com
44e80e49-76c5-45f1-b7dc-286734ca7d67,2021-12-15T08:44:10,BRAND5,735.29,ejkklel@gmail.com
79c23267-bd87-4c04-8497-1362cc5c306e,2021-12-15T08:46:40,BRAND2,100.42,dlbihef@gmail.com
121dc200-d34c-4060-8bad-763fcb48128c,2021-12-15T08:46:40,BRAND5,346.09,"""hhidhac clijdab"" <hhidhac@live.com>"
394722d9-0303-44e8-80b0-746ca8509b8d,Wed Dec 15 08:47:30 2021,BRAND2,936.21,"""ghegdbd klkekga"" <ghegdbd@gmail.com>"
146ae535-3a71-4a9b-a428-f1d1384d7f4f,2021-12-15T08:49:10,BRAND4,330.15,"""hlgfjig idbbdfj"" <hlgfjig@gmail.com>"
428ca979-a193-4e7d-b6cc-7a4d9a543f37,2021-12-15T08:50:00,BRAND5,986.56,hbhagef@gmail.com
5cd295bb-8cd9-4f36-a92f-e05a7ec50b28,2021-12-15T08:50:00,BRAND2,401.32,"""cjfkeic adhgbci"" <cjfkeic@gmail.com>"
00ae0080-debe-4101-8330-a7c6ad1b7a3a,2021-12-15T08:52:30,BRAND1,390.12,"""kfhcjae dhgbehl"" <kfhcjae@live.com>"
07db0921-2d1b-4664-a78b-d229709de2d0,2021-12-15T08:53:20,BRAND2,57.31,akdkajg@appple.com
b4a69c7d-b274-4a67-9ec6-dfa1f957316f,2021-12-15T08:53:20,BRAND5,641.52,"""hfkdbkd jabklkh"" <hfkdbkd@appple.com>"
ba18b8c6-cdd0-43e9-83bf-03936639584f,2021-12-15T08:55:50,BRAND2,991.78,"""akgbdeh lkebhbi"" <akgbdeh@appple.com>"
c143371e-3091-41b3-94d0-5d573fa36a6e,2021-12-15T08:55:50,BRAND2,643.24,gcfieah@gmail.com
ba68052e-7b85-45f6-9867-bc9fd3e307a2,2021-12-15T08:56:40,BRAND2,470.51,jbicdff@gmail.com
760a884b-341b-49e5-a7a3-2e863d47bc2c,2021-12-15T08:58:20,BRAND2,53.49,"""ilcdgak cckbfjb"" <ilcdgak@gmail.com>"
7a92263b-867d-42cf-ac68-db94b900be09,2021-12-15T08:58:20,BRAND2,730.10,"""ejafcle lhkbeca"" <ejafcle@gmail.com>"
e4cff1e6-4676-4b20-b0c9-1f5f84435f14,2021-12-15T09:01:40,BRAND2,813.37,kkhhcjb@gmail.com
d273c56e-3531-4834-bfd9-f8c2d73fd7c1,2021-12-15T09:01:40,BRAND5,109.53,"""idlgjee ckbgbid"" <idlgjee@gmail.com>"
a79cff35-d2d0-4b4b-8c28-8a409b63babd,2021-12-15T09:02:30,BRAND3,370.64,llcafkc@gmail.com
6a38ab16-b94e-4f58-8a53-d10f5eda37c8,2021-12-15T09:04:10,BRAND5,997.24,gciklij@yahoo.com
a35b810d-f775-4aa5-b1c9-aa0411da7369,2021-12-15T09:05:50,BRAND2,163.89,"""jeibebk bhagkec"" <jeibebk@gmail.com>"
fb3343a0-2254-48de-b285-6d92c2c1df94,2021-12-15T09:07:30,BRAND2,132.41,hkicgki@appple.com
5903a2e1-09b7-4c3d-ab81-54d6c3598489,2021-12-15T09:08:20,BRAND5,356.73,aidcbdd@appple.com
2660664e-0b84-4492-b742-8897cd278554,2021-12-15T09:08:20,BRAND2,901.29,"""fbkacge ecebfih"" <fbkacge@appple.com>"
35ae12c6-bd1a-49e6-a92a-2b9949033236,2021-12-15T09:10:50,BRAND5,338.13,diibblk@gmail.com
6cbe5353-a639-4fee-b2f2-2658b27fcab0,2021-12-15T09:11:40,BRAND5,697.45,"""deibejh dkabhbc"" <deibejh@hotmail.com>"
5c3f45c6-2b14-4ba0-a5d4-b2fa61d29293,2021-12-15T09:11:40,BRAND5,547.80,aeclcjh@gmail.com
66b0256c-e2b0-4022-824f-479a48a12692,2021-12-15T09:12:30,BRAND2,393.84,"""ehideel dlebfce"" <ehideel@yahoo.com>"
7bebb05f-e258-491e-9ef1-d1efc0f84914,2021-12-15T09:14:10,BRAND4,503.06,chgilkf@gmail.com
b0c712b9-697a-4281-9d7b-05f6c2e4c3e2,2021-12-15T09:14:10,BRAND5,301.11,"""kklblcf dacdljg"" <kklblcf@gmail.com>"
e5dfa4f8-dccc-4c79-9e14-50f717d39f42,Wed Dec 15 09:15:00 2021,BRAND2,382.05,celcagj@gmail.com
b90fbbe7-c4ab-4940-967e-1b470d8f7901,2021-12-15T09:15:50,BRAND5,623.37,dfeahfd@gmail.com
64d66292-a26b-4f15-926f-ed2675c7637d,2021-12-15T09:17:30,BRAND2,996.95,laljcdi@gmail.com
a0db48bb-4895-45d7-bc63-f5e4a445b076,2021-12-15T09:18:20,BRAND5,922.51,hfjcahi@live.com
fe9b2523-f43b-4dc9-bf87-4f8376a335ed,2021-12-15T09:19:10,BRAND5,808.20,kkdgfde@gmail.com
cb644243-00a3-48a5-8294-615fe4cbed2d,2021-12-15T09:20:50,BRAND5,781.97,"""dhkkhbh aafibbf"" <dhkkhbh@appple.com>"
0ec6073f-d277-4a28-9eaa-d42e67151322,2021-12-15T09:21:40,BRAND1,807.97,"""gljgfaj jffclcl"" <gljgfaj@gmail.com>"
37b0cb4c-9cda-44d7-b7ce-e37562af991a,2021-12-15T09:21:40,BRAND5,174.48,leijibl@gmail.com
23daa207-3195-41c2-be4e-956c10049b19,2021-12-15T09:24:10,BRAND2,610.51,"""ifgjgec ddiahka"" <ifgjgec@appple.com>"
6165b0fa-0edd-47b7-9acd-0c51748e7c6a,2021-12-15T09:24:10,BRAND4,756.08,"""kbhjjhj adglajl"" <kbhjjhj@gmail.com>"
a7a06f4c-5a6b-4d72-91d9-af8c8d5a3d9e,2021-12-15T09:25:50,BRAND5,69.26,"""befbida gkjlchc"" <befbida@gmail.com>"
20f25cdb-af46-40e6-b59b-123324301631,2021-12-15T09:25:50,BRAND2,896.68,fcdadhb@hotmail.com
30caa38c-eaa7-4a83-b07d-9877b418edb2,2021-12-15T09:27:30,BRAND2,$454.59,dkagccg@gmail.com
421ef1a8-8dd8-409b-9bba-4214fae1ff95,2021-12-15T09:27:30,BRAND5,455.29,ijcjadk@appple.com
b7fd379b-a3a1-48ef-8b53-db092214fc11,2021-12-15T09:28:20,BRAND2,821.00,chcfdab@appple.com
d93c8c13-f918-45d3-93c9-eedd11dbe522,2021-12-15T09:29:10,BRAND5,83.43,hkcgfja@yahoo.com
1bbc9b29-ee29-4a38-a6cf-2f6539042a6d,2021-12-15T09:30:50,BRAND5,801.47,idgfjhd@yahoo.com
8211ba3c-2e08-40e5-98db-854316e79f59,2021-12-15T09:30:50,BRAND2,727.92,eidbhcj@live.com
783ae5d5-8bfd-4a3b-8dfb-459ab8d73285,2021-12-15T09:31:40,BRAND5,582.44,kbjifhk@yahoo.com
1331da2d-5563-4fa9-b91d-b78d373b68db,Wed Dec 15 09:31:40 2021,BRAND2,843.74,iaghhkj@appple.com
f9042be6-a9f5-4dc3-971b-1e3b091c6c1b,2021-12-15T09:33:20,BRAND5,99.32,"""cgdhfal badlefa"" <cgdhfal@gmail.com>"
2b745645-f8eb-40c7-8e11-791a22d23c19,2021-12-15T09:35:00,BRAND2,991.28,gddgfca@gmail.com
e39bee75-6b3e-4acb-ac5e-b7fb481d6ff0,2021-12-15T09:35:00,BRAND2,257.41,dlhbcga@live.com
1ff646a9-f544-4d54-9039-9e72fdc5f8db,2021-12-15T09:36:40,BRAND2,591.53,bfjabhb@appple.com
90968199-ac5b-45eb-9af8-9aef58159541,2021-12-15T09:37:30,BRAND5,640.86,"""aahlddj jkhiall"" <aahlddj@live.com>"
4a9b98f2-c456-46a5-b04a-5e09d5258187,2021-12-15T09:39:10,BRAND2,89.79,ahbdgae@appple.com
18bcf796-eeb2-41ea-89f0-6ae815f81dc9,2021-12-15T09:39:10,BRAND2,967.66,"""ifbhcbb dfakhkk"" <ifbhcbb@gmail.com>"
704b2b67-12f6-4eb2-8291-4bd6318cefcf,2021-12-15T09:40:50,BRAND2,771.98,"""ehbgfid lflijgh"" <ehbgfid@appple.com>"
159e6b87-7a27-42bb-9db6-a020c34efe74,2021-12-15T09:40:50,BRAND2,71.07,ljafafi@gmail.com
6dba4c05-eb07-4d4a-ac3a-432d7c5f22fe,2021-12-15T09:41:40,BRAND5,693.08,ekflfec@gmail.com
55146088-cd43-46ec-b530-b172283d415f,2021-12-15T09:42:30,BRAND2,575.54,"""bchkkla fkffakk"" <bchkkla@gmail.com>"
c4c5806e-c519-4ad0-b6ce-474815dface3,2021-12-15T09:43:20,BRAND5,297.82,fjcbecl@gmail.com
5f6fede0-8218-4822-873c-5aa07d7b9468,2021-12-15T09:43:20,BRAND2,21.29,"""lhihjgg lbdcicf"" <lhihjgg@gmail.com>"
2ab969a9-849a-491b-8382-1239dc7d07c6,2021-12-15T09:44:10,BRAND5,515.19,"""hhgggbb abhjajh"" <hhgggbb@gmail.com>"
43dd0fb2-507d-4888-848f-223ebc56bc39,2021-12-15T09:45:50,BRAND1,898.05,"""digjebj ldgebek"" <digjebj@gmail.com>"
f5b24e0f-b3fa-4e73-8979-d749ae1aa68a,2021-12-15T09:45:50,BRAND5,351.15,"""adabllb gicijge"" <adabllb@appple.com>"
c213f5da-bd4a-483c-89ba-89b59c0e97e8,2021-12-15T09:46:40,BRAND2,850.28,"""bcfaeel bidfdkl"" <bcfaeel@hotmail.com>"
19509b25-4b47-403c-a90d-386a49a713bc,2021-12-15T09:46:40,BRAND2,907.93,aidlgfh@gmail.com
790194f4-20fb-4bca-a56a-14e93ce8c95f,2021-12-15T09:47:30,BRAND5,968.07,"""bgeckel klcjlfk"" <bgeckel@live.com>"
279ce30b-175e-432e-a1b8-90f8dfaf78e4,2021-12-15T09:47:30,BRAND1,909.30,"""ekdgeff ihdjhgc"" <ekdgeff@gmail.com>"
e5dbec7d-8689-4a9e-b225-bacc10f930a3,2021-12-15T09:48:20,BRAND2,763.49,ffajdge@gmail.com
af6ce99f-cd52-4795-b22c-48d0b65eced3,2021-12-15T09:51:40,BRAND2,782.74,gaffcdh@live.com
ccc8c57a-6e63-425c-a8d3-36c55cde5653,2021-12-15T09:51:40,BRAND2,619.71,"""lbfdbia ilddeic"" <lbfdbia@live.com>"
c9c6c67f-901a-4500-a98c-de687ca320cd,2021-12-15T09:53:20,BRAND5,130.42,ljghilj@appple.com
d5b5c095-90af-444a-bde0-fecdaa93b715,2021-12-15T09:53:20,BRAND3,413.25,kkdaljj@yahoo.com
4afac27d-7367-4507-bc3d-03c96fb5888a,2021-12-15T09:54:10,BRAND5,975.58,hgdegfi@gmail.com
84074e36-2665-49ad-aee5-2e2797cabcc3,2021-12-15T09:55:00,BRAND1,720.94,cggklhf@live.com
01c7d18f-fd34-41c1-b451-bb7a6ebab922,2021-12-15T09:55:00,BRAND2,732.24,efgciei@appple.com
a93d5c56-e82d-4f1e-8c17-356b8b150bc3,2021-12-15T09:55:50,BRAND2,544.23,gkagfjg@gmail.com
e40a5d78-6d4c-4ca3-a6e0-4402c3fa754e,2021-12-15T09:55:50,BRAND2,608.94,acaaehf@gmail.com
fe9cb4ac-72fc-41c7-92d4-fe6911fd28d8,2021-12-15T09:56:40,BRAND2,428.12,"""gkhifdl kgegfjf"" <gkhifdl@yahoo.com>"
ead7935e-aead-40ec-83ec-4d486a390c0c,2021-12-15T09:56:40,BRAND1,371.63,ihkggai@appple.com
9bfbd8c7-aedb-49fe-9335-91cd08b6bb23,2021-12-15T09:57:30,BRAND2,183.01,"""kekgeah gfabalh"" <kekgeah@live.com>"
9a9f8ed9-4485-46cb-af58-fe1b1b890a72,2021-12-15T09:58:20,BRAND1,768.09,"""cegecle bjhhfcl"" <cegecle@gmail.com>"
d9121960-44a6-4ec2-aa4e-8bf8f4db1648,2021-12-15T10:00:50,BRAND1,97.76,"""djjfeea khbifae"" <djjfeea@gmail.com>"
3f3b5088-082c-467b-823a-5bd2b334b908,2021-12-15T10:00:50,BRAND4,570.58,"""ehgcccl aelaeaj"" <ehgcccl@gmail.com>"
1519dc4c-aea8-4b9d-8acf-daa0eecf4b58,2021-12-15T10:01:40,BRAND2,29.20,"""gekiegk jaclcgi"" <gekiegk@live.com>"
1475a97a-195b-4964-aad1-fca11a6afb8e,2021-12-15T10:01:40,BRAND2,$494.97,edelbge@live.com
f94e2003-b0dd-449a-b6ed-d65de4ddad4d,2021-12-15T10:02:30,BRAND2,774.32,aghkaad@gmail.com
9cae1f45-75ed-4967-88e0-0fdc8de61eb1,2021-12-15T10:02:30,BRAND1,909.71,dejlkch@appple.com
ea718c9f-c3b1-4aaf-9f5e-13026933da63,2021-12-15T10:05:50,BRAND5,385.07,dkiefib@hotmail.com
c0fd2d9b-3c2e-48d1-a440-cb6b629421b9,2021-12-15T10:05:50,BRAND2,567.38,acajclb@gmail.com
10cd43ba-e300-4232-aeb0-444f24931ca9,2021-12-15T10:06:40,BRAND2,272.90,"""fahgikk dcjcfja"" <fahgikk@gmail.com>"
4b683419-62ab-4cc5-b382-717727b24527,2021-12-15T10:07:30,BRAND5,420.02,gabdkdd@appple.com
4a4fac79-ae6e-465f-8ae7-eb9d00597ef0,2021-12-15T10:08:20,BRAND2,39.19,gabiffl@gmail.com
a410ff25-1242-411e-ab0a-f83619f15b7c,2021-12-15T10:08:20,BRAND3,489.39,iffkbgj@live.com
55661bbf-92da-47e4-a2b5-38759b7d5d1a,2021-12-15T10:10:00,BRAND3,817.84,"""ebaejef ehklfaf"" <ebaejef@gmail.com>"
781c7ed1-a171-4b49-a156-93812d5b0f44,2021-12-15T10:10:50,BRAND1,534.24,"""hfilhlg flilheg"" <hfilhlg@appple.com>"
d43c5f2c-a808-4588-8ff9-6e022c6e8486,2021-12-15T10:12:30,BRAND5,86.20,cabdikl@gmail.com
3fdc0117-0f6c-4ed3-96ba-cec7904d2f87,Wed Dec 15 10:12:30 2021,BRAND1,689.45,kfdidag@gmail.com
9b9e0a6e-b680-44a0-afdf-dca0127ad1c4,2021-12-15T10:13:20,BRAND2,603.99,egkdgfi@gmail.com
e4babbbe-1d2d-4fd7-a6d8-161a53cf686d,2021-12-15T10:13:20,BRAND2,979.17,gcjffej@gmail.com
b4721b08-a3c2-4739-bfb1-57caad22e8af,2021-12-15T10:14:10,BRAND2,350.88,"""jcifhjl gcgbkbj"" <jcifhjl@gmail.com>"
1cb3fdb8-34eb-4944-9201-8c90653ecbeb,2021-12-15T10:14:10,BRAND5,86.94,cidelgd@live.com
801e85f6-c203-41b8-a4ac-8ff2d6d5069c,2021-12-15T10:15:00,BRAND2,427.89,"""iebhdfk gbjieef"" <iebhdfk@gmail.com>"
1ec38d85-53f6-4aa6-8d63-f27d89aab924,2021-12-15T10:15:00,BRAND2,885.42,gahbaaa@live.com
5345ae06-c69a-4c50-bc4b-c3f62217642a,2021-12-15T10:15:50,BRAND2,678.12,"""jkkbgee ekhlhhi"" <jkkbgee@gmail.com>"
49502d17-bfc4-4025-bdff-b414335afc93,2021-12-15T10:15:50,BRAND2,660.16,fcelaek@gmail.com
24703430-44d1-42c3-80d8-7b697b2ce641,2021-12-15T10:16:40,BRAND5,437.46,kadcaad@gmail.com
7819f8d7-6b0c-4c1a-bf62-f7b2b97f48b7,2021-12-15T10:16:40,BRAND2,29.59,"""agkkgif jjdefla"" <agkkgif@gmail.com>"
7cc9d926-7558-40cb-8b6f-837e74b21d0c,2021-12-15T10:18:20,BRAND2,829.07,"""ackbadj ibkdgck"" <ackbadj@appple.com>"
72018e32-7ca8-4d12-8bb9-79b45d789728,2021-12-15T10:19:10,BRAND2,$757.92,ckelfae@gmail.com
1bf69d54-4182-4054-b567-ac70dbbbacc7,2021-12-15T10:19:10,BRAND5,260.14,lebedbg@gmail.com
801e2e15-638d-4db7-b83f-dd834d2edd18,2021-12-15T10:20:00,BRAND2,43.07,efedlid@gmail.com
a779b43a-149f-4edf-a1a2-99cab70a45cf,2021-12-15T10:20:00,BRAND1,326.20,jahhced@live.com
6a023c65-ed9e-4186-99d9-e2cbb1dd947b,2021-12-15T10:20:50,BRAND2,484.35,hfjcbea@appple.com
fa6518c5-22f9-4ae1-a071-5aad1a4908ca,2021-12-15T10:20:50,BRAND1,285.13,"""bhadcld hfegfkh"" <bhadcld@gmail.com>"
6981937d-c866-4f7d-a886-78461d4b421a,2021-12-15T10:21:40,BRAND4,705.30,"""glhijig ddiabac"" <glhijig@yahoo.com>"
5ad5ca76-1168-4fc8-a418-29ed087d2dad,2021-12-15T10:21:40,BRAND1,305.79,"""kaakage bfjahbj"" <kaakage@live.com>"
4e1e8ae0-cb7f-4af7-b1d5-578307d06254,2021-12-15T10:22:30,BRAND5,785.27,bhjibag@appple.com
0872f348-0a2c-49b0-81d7-bdeb3365a2fb,2021-12-15T10:23:20,BRAND2,338.09,"""lhbcbgd keakkca"" <lhbcbgd@live.com>"
56a1bf67-df42-45b6-8c52-ddce7f210fce,2021-12-15T10:23:20,BRAND5,304.78,bkgdlea@yahoo.com
66e63f8b-0554-4765-bfb5-cdceabce7edf,2021-12-15T10:24:10,BRAND5,414.94,"""fchakcf jdfdead"" <fchakcf@gmail.com>"
928bf0b8-3642-4a3f-b29b-ab2671e86945,2021-12-15T10:24:10,BRAND5,949.34,kcjljia@gmail.com
33ecd8b9-c2bf-4727-9ea9-d827c7b4b6d4,2021-12-15T10:25:00,BRAND2,63.26,"""ccdkbha lhlilbc"" <ccdkbha@gmail.com>"
03900d2a-5533-497f-81b2-505dcd375ab4,2021-12-15T10:25:50,BRAND5,644.47,"""biaieeb hhecdeg"" <biaieeb@gmail.com>"
6fdd899e-800d-4665-ae3d-e630913c0c9c,2021-12-15T10:26:40,BRAND2,185.04,"""cbckdff dccllke"" <cbckdff@gmail.com>"
9f726707-5ba2-4f15-8ae3-acaf4d493cf9,2021-12-15T10:26:40,BRAND2,482.42,"""lhcgkid fbhfcbi"" <lhcgkid@yahoo.com>"
42cce0f8-cfa8-4849-9376-cc1142115134,2021-12-15T10:32:30,BRAND2,707.55,hhdlidk@appple.com
11c5649e-a976-4c29-aaa9-7f03505e7486,2021-12-15T10:32:30,BRAND2,706.71,ghcfbei@gmail.com
5195ec2d-7184-4312-ae43-6d52bc0f8413,2021-12-15T10:34:10,BRAND5,130.15,"""jchebgf lkbcbif"" <jchebgf@appple.com>"
cf995eaf-ab54-4fdf-8931-ba1b1c1e4af1,2021-12-15T10:34:10,BRAND4,310.41,"""chhfhck dalhjce"" <chhfhck@live.com>"
2ec5eb2c-629a-41fb-97c0-7c68a09500e3,2021-12-15T10:35:00,BRAND2,825.64,"""gejgikb gbiabib"" <gejgikb@gmail.com>"
7c8956c1-8310-421c-8c6e-bc9051e4fed0,2021-12-15T10:35:00,BRAND1,562.46,cfjhhec@appple.com
d1131376-a2cc-4d64-97eb-e9662a7eacb0,2021-12-15T10:35:50,BRAND1,279.12,"""ahjbjkd fbdbibg"" <ahjbjkd@gmail.com>"
0d8e45a4-1c15-4d0f-a501-bc2a451aa8b5,2021-12-15T10:35:50,BRAND4,633.26,lalfjie@yahoo.com
d6089f87-b584-4332-a67a-c2ce62c3a598,2021-12-15T10:36:40,BRAND5,83.27,"""ilkdcjb kjjhfdi"" <ilkdcjb@live.com>"
b3193d8d-adf8-467b-9565-727c8f7fbb52,2021-12-15T10:37:30,BRAND5,70.29,ajgafbh@appple.com
95b0b75e-d417-4c64-af1a-7f1b521b8ebf,2021-12-15T10:38:20,BRAND2,284.14,hddaefl@gmail.com
88906f52-fc49-4241-a2f8-ca739a5bc8e9,2021-12-15T10:38:20,BRAND1,346.65,adgdbgb@gmail.com
db008ab8-9366-4e06-b0df-a0d64fc79df2,2021-12-15T10:39:10,BRAND2,274.68,"""ccidakc iffgfld"" <ccidakc@appple.com>"
c63081f9-de2d-487e-82cc-a4ce7e60dbdf,2021-12-15T10:40:00,BRAND2,640.40,daedgij@live.com
c5fd9f15-a6e3-4d82-bf5b-9aa523c0c36c,2021-12-15T10:41:40,BRAND2,967.74,bebgfjg@appple.com
344763f1-3d4f-4ef1-b837-f4cbf2da4ca1,2021-12-15T10:42:30,BRAND5,986.17,"""lgdabdg ijidjgc"" <lgdabdg@appple.com>"
663545b7-f11a-4bfb-b4a2-67cb59d449e1,2021-12-15T10:42:30,BRAND5,754.88,khgehib@hotmail.com
28c1f201-1486-4621-80f4-a733aad7d4dc,2021-12-15T10:44:10,BRAND3,762.25,"""edhfcie baekbie"" <edhfcie@live.com>"
56d53974-bd70-4c0b-855f-00aeeed17183,2021-12-15T10:45:00,BRAND2,523.24,bhabifh@live.com
2fbd3f16-3408-4b07-b6b8-0417a8f2e888,2021-12-15T10:45:00,BRAND5,297.98,"""lgbedih ljkkedi"" <lgbedih@gmail.com>"
01088aac-6cb5-4e3d-9399-a118ad7e4020,2021-12-15T10:46:40,BRAND5,195.29,fchbkii@gmail.com
304e0975-483a-4f7b-a5eb-593d03f9bca2,2021-12-15T10:47:30,BRAND2,384.53,ejcgaid@yahoo.com
f877f901-3541-4067-99cd-43f59e41e638,2021-12-15T10:49:10,BRAND1,737.81,"""ciffibc blgglfi"" <ciffibc@appple.com>"
39e387f2-0518-4c92-b458-a447f1790f84,2021-12-15T10:50:00,BRAND2,538.08,fjbljcf@yahoo.com
0b227520-7ad3-43de-b375-dfda1a9ec969,2021-12-15T10:50:00,BRAND5,472.72,fjhbjfi@gmail.com
d466cbcd-1c53-464c-bacb-a2d1362148d2,2021-12-15T10:50:50,BRAND2,960.07,glgbfch@live.com
e6de6e17-0f2c-4275-b72f-7a3e4f5578bb,2021-12-15T10:50:50,BRAND2,412.75,ekdfkhd@gmail.com
613db18e-a7a5-493e-85ed-708a56cf13e4,2021-12-15T10:53:20,BRAND2,275.84,"""gblfkel hlfcebk"" <gblfkel@gmail.com>"
4faaceda-f95e-4952-a09c-53430cf887f7,2021-12-15T10:55:00,BRAND5,712.53,"""khibdia djihaff"" <khibdia@appple.com>"
6e6d5349-24cf-4297-ba14-7063e02df291,2021-12-15T10:55:50,BRAND2,519.86,"""gcjghbi bbddlcd"" <gcjghbi@appple.com>"
b23d89f8-f6be-49ec-9bba-d08404455a32,2021-12-15T10:55:50,BRAND5,108.67,khlakhl@gmail.com
918b6b26-5e0d-4da5-b314-8362f3b44a9a,Wed Dec 15 10:56:40 2021,BRAND2,727.55,"""acagald jigeeec"" <acagald@gmail.com>"
3f0f64b3-c52a-414f-9fa5-07ce462d0536,2021-12-15T10:56:40,BRAND3,117.76,"""jkggggh kjildci"" <jkggggh@gmail.com>"
ac44c0f7-445c-4fd5-a04b-854384329aa8,2021-12-15T10:57:30,BRAND2,727.25,"""hgfjffl chekkkg"" <hgfjffl@yahoo.com>"
64c22317-c74f-418d-843f-f4046a50c3a4,2021-12-15T11:00:00,BRAND2,946.71,haclile@gmail.com
62339ccb-da33-4bc9-ac2f-4c7ff53bcea0,2021-12-15T11:00:50,BRAND2,163.81,"""dfegkkl cgijfag"" <dfegkkl@appple.com>"
f1dbc9ab-d96a-476b-940f-3d174b3a93cb,2021-12-15T11:01:40,BRAND2,437.77,"""ehkdccc kbedeij"" <ehkdccc@live.com>"
3b1e356c-ce82-4c75-b9a3-64a7af688a62,2021-12-15T11:01:40,BRAND2,490.45,ibkcbbi@gmail.com
ea862b2b-5701-4c13-9dae-700f914124c9,2021-12-15T11:04:10,BRAND1,259.38,"""cgaebcj cggeefk"" <cgaebcj@live.com>"
516f2fcb-009d-481e-8bdc-6e26b0e9a41c,2021-12-15T11:04:10,BRAND2,938.20,fkigakg@gmail.com
d3dda35b-f2dc-4811-8f19-8d375408af19,2021-12-15T11:05:50,BRAND2,934.60,cdekgak@appple.com
fa59d484-861c-48cd-8bf9-7afd50e2e355,2021-12-15T11:05:50,BRAND3,275.98,"""bdclljj dcadcgd"" <bdclljj@appple.com>"
9119e10f-3dd7-4e85-8aec-6a6e76f60349,2021-12-15T11:06:40,BRAND5,496.73,"""hcedbhi hjkbabk"" <hcedbhi@gmail.com>"
e0329f9a-d4e7-434d-8dcc-ecbf41df499d,2021-12-15T11:07:30,BRAND5,664.38,bghiaak@yahoo.com
983c68ce-d502-44d0-ae9e-47887e258b4d,2021-12-15T11:07:30,BRAND5,581.12,iahdflb@appple.com
af038304-100a-4cba-b2cc-f6badb8a3487,2021-12-15T11:08:20,BRAND2,384.79,hajfbfi@gmail.com
949d548b-fc33-4c5a-8d96-74bdae54384f,2021-12-15T11:08:20,BRAND1,190.49,"""cadjikg bdkdfii"" <cadjikg@gmail.com>"
6dc33c13-b924-4909-ba6b-bf1aac0fb666,2021-12-15T11:09:10,BRAND2,210.19,acdjjhd@gmail.com
1f50bd2c-bdea-4940-bdb0-955086db0065,2021-12-15T11:09:10,BRAND2,79.56,gfjgfge@yahoo.com
ced0a4c9-17c7-43bd-b6a0-ba22dcf383ca,2021-12-15T11:10:50,BRAND1,99.05,"""cejbfgd jiicbjc"" <cejbfgd@live.com>"
9034b959-773e-4201-979b-4bcbe44ead18,2021-12-15T11:11:40,BRAND5,260.07,hbfdilg@gmail.com
f5cc4739-e9c7-49fd-9390-3319107c502d,2021-12-15T11:11:40,BRAND5,660.87,"""jdckfii eghlbjc"" <jdckfii@appple.com>"
66afc3ea-d43b-4054-b537-6c3366e199e1,2021-12-15T11:12:30,BRAND2,588.14,eakeldl@appple.com
4777aa21-9f6c-4fb0-90c8-dd833e96683b,2021-12-15T11:12:30,BRAND1,521.19,kdbbegd@gmail.com
326b25f9-a636-464e-8a0f-f51e68d54226,2021-12-15T11:14:10,BRAND2,960.01,hgkfdaj@appple.com
3d00a375-d14a-4846-b702-a32f78482be3,2021-12-15T11:15:00,BRAND2,748.67,"""hjkceek jcggcgd"" <hjkceek@gmail.com>"
8a8228c9-6f44-41c8-8f2c-743280f16f7c,2021-12-15T11:17:30,BRAND5,687.47,"""hbcgaji gdklcjg"" <hbcgaji@live.com>"
c17b25c9-f48e-4d77-8ae4-2c669ffff021,2021-12-15T11:17:30,BRAND5,202.79,"""fjjghah fdachbe"" <fjjghah@gmail.com>"
374eb237-7e82-4261-ba97-e745435811c2,2021-12-15T11:18:20,BRAND5,721.78,"""ikefcbj bjclada"" <ikefcbj@gmail.com>"
21b272a9-9d0e-46de-8170-bf2093010a02,2021-12-15T11:18:20,BRAND3,153.35,"""daalife aghgddl"" <daalife@live.com>"
fc173ad4-d89e-447b-a5c6-36e2d75d7dff,2021-12-15T11:19:10,BRAND2,240.66,jliiibk@gmail.com
87d8c1fa-f336-448d-8590-cfd4cd717980,2021-12-15T11:20:00,BRAND2,0.03,djjlcii@gmail.com
b9ab5f42-8c31-4d00-a599-6ae18f264822,2021-12-15T11:20:00,BRAND2,154.07,alfdakb@gmail.com
b69625b1-8974-477b-aa6e-52d15fbc8d22,2021-12-15T11:21:40,BRAND2,25.02,gejefli@gmail.com
f7915711-3b6b-4260-90e6-9affaceb28e9,2021-12-15T11:22:30,BRAND1,134.37,hkhckjl@gmail.com
d419218c-1ce5-49c8-9982-d8a7bd301dd6,2021-12-15T11:22:30,BRAND2,682.16,edcdebg@gmail.com
b2b478a9-721e-41fb-954f-d0d3fb17b094,2021-12-15T11:23:20,BRAND2,978.50,"""aaaiceh bfhgfhc"" <aaaiceh@gmail.com>"
170f9e4b-0ee7-4216-965d-cbd594a31133,2021-12-15T11:26:40,BRAND5,68.25,hjgfggh@yahoo.com
8c42652f-96b8-4b7e-b68b-6715a1f12c30,2021-12-15T11:27:30,BRAND2,626.34,"""kcfblhk ldkieef"" <kcfblhk@appple.com>"
0340903b-a9d5-4c7d-bbae-19d140faaba0,2021-12-15T11:27:30,BRAND2,249.84,"""fcfcbbl gckkked"" <fcfcbbl@hotmail.com>"
91a51745-4ca0-4459-b227-4b0719000a7a,2021-12-15T11:28:20,BRAND3,312.78,gddcbkb@gmail.com
d80d47b8-e692-460f-87ea-56d6f9242398,2021-12-15T11:29:10,BRAND2,297.57,egbcifd@appple.com
5cb6c796-b897-4d24-89fd-01e40aafadb1,2021-12-15T11:30:50,BRAND2,258.16,"""ljaedgc cbklkdg"" <ljaedgc@gmail.com>"
ac523804-2005-468d-b0b8-0d1a8b52ef38,2021-12-15T11:31:40,BRAND2,727.80,lfdedic@gmail.com
3a3dabf5-392a-4f6f-af38-dd7a6ea7b3cb,2021-12-15T11:31:40,BRAND2,$81.29,ediajia@gmail.com
6d2ba849-7454-4232-993f-0fc3a3e7bd9c,2021-12-15T11:32:30,BRAND2,303.04,lacjcfd@gmail.com
665cdf9e-ad3c-4ac6-b63b-112e1e6ee333,2021-12-15T11:32:30,BRAND5,588.81,fdablfg@gmail.com
07770c4a-a484-49b8-b4f0-ff9daf4c686b,2021-12-15T11:33:20,BRAND2,100.32,"""eafdajg dhcbdeh"" <eafdajg@appple.com>"
2183d4c8-4f28-4d19-9fdd-0046c5202bb9,2021-12-15T11:34:10,BRAND5,465.65,"""egkcjkc ljljalh"" <egkcjkc@yahoo.com>"
047a1859-9318-456b-8567-cc71abce56b8,2021-12-15T11:35:00,BRAND5,148.70,iddihli@appple.com
e6641c49-6863-45f5-8915-92bc87bff547,2021-12-15T11:35:00,BRAND5,933.54,"""abkhfhj kelegad"" <abkhfhj@appple.com>"
b0c485d5-e141-404e-bf35-ff4b94e968f1,2021-12-15T11:35:50,BRAND2,857.30,fbdcbfc@gmail.com
83845c5d-2675-4dc7-936c-20c7fd9a4e0e,2021-12-15T11:36:40,BRAND2,870.60,"""hlcdhdd jdikgjb"" <hlcdhdd@gmail.com>"
42209577-8f39-42b7-ab96-67af8cc29b07,2021-12-15T11:38:20,BRAND2,266.51,jdbkhha@gmail.com
d437f1b0-002e-47bc-82cf-44eb343e6938,2021-12-15T11:38:20,BRAND2,852.62,cbhdklc@gmail.com
cb888a52-9858-4159-816d-5fbc29e36e82,2021-12-15T11:39:10,BRAND5,422.73,gbdjkjg@gmail.com
5806d1c7-6f63-4f80-a399-a376f6a6e3e3,2021-12-15T11:39:10,BRAND5,522.48,fdeibhi@yahoo.com
afba553e-7b74-4cff-a956-35f1d7ac9318,2021-12-15T11:40:50,BRAND2,87.22,"""fjgeeli fckiefj"" <fjgeeli@gmail.com>"
7f9e2991-7700-4916-81a6-cca10590a44b,2021-12-15T11:40:50,BRAND2,710.54,"""elbbcie bbhidbe"" <elbbcie@gmail.com>"
96764a1f-4a7f-4f3b-acb3-f31a6cd9a844,2021-12-15T11:41:40,BRAND2,867.28,cbfigjg@gmail.com
0eb4bd39-f3d7-4454-b7b0-47cb1dfea0be,2021-12-15T11:42:30,BRAND2,196.50,ghabhde@gmail.com
a0c90a2e-d110-4175-8a81-f1257c69c740,2021-12-15T11:42:30,BRAND1,916.44,"""clekged hikegka"" <clekged@gmail.com>"
dd83b530-29eb-4e34-aadb-4e24a43ba5d4,2021-12-15T11:43:20,BRAND2,157.23,"""ieddhjl ggiecfb"" <ieddhjl@gmail.com>"
9db6c87c-d387-48c6-aabf-ee4b500c11ac,2021-12-15T11:44:10,BRAND2,106.74,ljfhikc@appple.com
2d1fabe0-1034-461a-88eb-b7315fc4285a,2021-12-15T11:44:10,BRAND3,$337.66,bikelkg@appple.com
e1776cef-9ac6-4318-87cc-64a6cc765c64,2021-12-15T11:45:00,BRAND2,149.36,ijllkal@gmail.com
928f2ff5-cc64-4a3e-ac83-d700148d6028,2021-12-15T11:45:00,BRAND5,955.33,baeffdb@gmail.com
97acc495-5212-4560-aa8e-a51d498d79a2,2021-12-15T11:45:50,BRAND2,196.06,klkched@gmail.com
f7fadaa9-8af3-4891-bd25-b6d7410e1e35,2021-12-15T11:47:30,BRAND1,617.23,ahdhjhf@appple.com
d1bc477a-0bfc-49d6-8e98-4304ed81f8e0,2021-12-15T11:49:10,BRAND2,688.52,glbiija@gmail.com
53642caf-47ca-4a4c-aabb-b7ff015b1f8e,2021-12-15T11:49:10,BRAND5,832.65,clicibd@gmail.com
2f2bddeb-fb73-4e2b-a517-77dfcb9687e4,2021-12-15T11:50:00,BRAND2,765.80,"""afcdgbe afebhld"" <afcdgbe@live.com>"
c36d047a-4e9c-4b7d-8e40-4b08ad8cf415,2021-12-15T11:50:00,BRAND1,683.61,jhekkbc@hotmail.com
b603f1ad-924f-4661-9583-b4156b046c4c,2021-12-15T11:51:40,BRAND5,44.35,"""ejcdlli agdlehd"" <ejcdlli@appple.com>"
4cb51f67-8fac-4a06-89d2-1efb8968a74d,2021-12-15T11:52:30,BRAND2,339.18,bcajhgf@gmail.com
39fced2d-01bb-43f6-a98a-faf6e1de8b1c,2021-12-15T11:55:00,BRAND1,345.68,fahaefi@appple.com
07e68bb9-6c87-42c6-a973-ff5e27c6fbcd,2021-12-15T11:55:00,BRAND5,84.88,ibbjhae@appple.com
9ad66e42-d1fb-4405-ad0e-9cfe99d3615b,2021-12-15T11:55:50,BRAND2,195.27,ffhllkk@yahoo.com
9263d859-eec2-4644-abd8-a3fea60a5744,2021-12-15T11:58:20,BRAND2,175.55,gcjldag@gmail.com
d29edb90-64fe-43e6-a284-25a5bacc8aad,2021-12-15T12:00:00,BRAND5,227.58,jjejkgh@gmail.com
7eef7d63-688b-4744-a9a6-2de35ac6014f,2021-12-15T12:00:50,BRAND2,417.31,"""eeejdjc aikadda"" <eeejdjc@gmail.com>"
25511060-0e14-4794-b2a1-d4124e45d935,2021-12-15T12:01:40,BRAND2,162.92,klhlahh@appple.com
73f3ca5c-338b-46be-ad99-71a961eba92a,2021-12-15T12:03:20,BRAND2,306.04,"""eddekka elkekfa"" <eddekka@gmail.com>"
b64ab354-a560-4e26-a4ea-49dec83b0a33,2021-12-15T12:04:10,BRAND1,193.59,"""dfhjjjh afkajbf"" <dfhjjjh@gmail.com>"
493d28fe-e8f3-4369-a52a-b5846a1f9c32,2021-12-15T12:05:00,BRAND1,660.37,"""ceflcek agfdaek"" <ceflcek@live.com>"
a2010eba-7981-42c5-85a0-64d0c6520423,2021-12-15T12:05:00,BRAND1,627.93,jkcjblg@appple.com
62d5c9f4-a483-4b29-8137-719f2f91abc3,2021-12-15T12:05:50,BRAND5,70.45,klijdbl@yahoo.com
eea901d6-2db8-462f-b7fa-6086ac80eccf,2021-12-15T12:05:50,BRAND2,17.16,gkehekl@gmail.com
695657ac-5b0f-4748-af3a-50ea5645c008,2021-12-15T12:06:40,BRAND2,458.75,ikfdhdl@gmail.com
8cffd423-e9c9-4fce-8970-48ffbd794ddc,2021-12-15T12:07:30,BRAND5,$36.19,bbkcehf@gmail.com
0aea5686-617a-4fd8-b907-3d0461979089,2021-12-15T12:08:20,BRAND5,838.25,adlecad@appple.com
6724b4f7-94ba-4071-af8f-a5cba804fba4,2021-12-15T12:09:10,BRAND1,797.06,lhljkde@yahoo.com
a46225d7-9531-444d-bbea-bc3e5e84a8f8,Wed Dec 15 12:09:10 2021,BRAND5,987.78,ccahheh@appple.com
107a7c7a-affb-49a0-a14c-fcd60229de42,2021-12-15T12:12:30,BRAND2,698.68,aajklla@gmail.com
c2efe427-5b76-4f13-88e6-ffdce99462c4,2021-12-15T12:14:10,BRAND2,601.14,"""bbdeaed fckhhjd"" <bbdeaed@gmail.com>"
b1170a90-7bba-49fb-a201-51d3093f21cf,2021-12-15T12:15:00,BRAND1,781.70,"""ijeebbc bbcddib"" <ijeebbc@appple.com>"
f2518087-b1ec-49d1-a437-fde820ecea05,2021-12-15T12:15:00,BRAND2,757.36,hkdflhf@gmail.com
1c3ed387-9242-4506-b1ce-7d4a8789b538,2021-12-15T12:15:50,BRAND2,223.98,jjjgfka@appple.com
0943f590-a018-4404-8f5e-28f739cccff6,2021-12-15T12:16:40,BRAND1,748.05,hfckfak@appple.com
19eae323-300f-4407-9ba8-f622fda829f7,2021-12-15T12:16:40,BRAND2,984.42,cdillcj@appple.com
8a6ffff0-aee1-4e3c-9975-9b2738576776,2021-12-15T12:18:20,BRAND2,159.39,"""jdlklad hfkdakk"" <jdlklad@gmail.com>"
69b29d1c-e77a-4561-bebf-ceee80bc24f7,2021-12-15T12:18:20,BRAND2,327.25,jkdelji@appple.com
fc416149-d04c-42f3-9752-630f06913b40,2021-12-15T12:19:10,BRAND2,132.90,"""ledabdk laicihb"" <ledabdk@yahoo.com>"
d498286d-811a-40b2-8294-2e469abd21cc,2021-12-15T12:20:00,BRAND4,620.71,"""aekjgdk llgcdcd"" <aekjgdk@live.com>"
5b458d8a-4df3-4736-bee3-9e804455205f,2021-12-15T12:20:00,BRAND2,55.81,jejblac@live.com
30b9ca15-ff6a-4036-b7ae-8c8b9f1364b8,2021-12-15T12:21:40,BRAND2,866.74,"""hkgbiid lefaacc"" <hkgbiid@live.com>"
52895bb5-ba98-4a2d-8bfc-2e52b169b837,2021-12-15T12:22:30,BRAND1,510.91,"""feelekl jihjlkf"" <feelekl@gmail.com>"
69a43c01-153f-463f-bf4d-247c516acbf2,2021-12-15T12:25:00,BRAND2,166.40,"""fhgilli kdgkifc"" <fhgilli@appple.com>"
83d2c4a5-2ce6-41ca-a898-1605eccd4c9b,2021-12-15T12:25:00,BRAND5,832.07,lebiilb@appple.com
be8eb133-adf8-4e82-aec9-a8f76c585d43,2021-12-15T12:26:40,BRAND2,653.53,"""ficcckf fcfgcce"" <ficcckf@gmail.com>"
8a3a23a0-d6af-47f0-816d-e3f83b3d63bb,2021-12-15T12:26:40,BRAND2,235.69,abijkla@appple.com
7bb9d27d-3d24-49ab-b3e2-46478df0db44,2021-12-15T12:29:10,BRAND2,547.47,"""jcbefbh gjcjged"" <jcbefbh@gmail.com>"
33ce5001-dfc3-48f7-8d7f-dbeaffd0cbdd,2021-12-15T12:30:00,BRAND1,958.50,jcjjgik@gmail.com
ed64668f-14f8-429c-93a3-b0763d4fee3a,2021-12-15T12:30:00,BRAND1,92.47,kgljdec@gmail.com
f8a7770b-47bf-4157-9e8f-1884f8b76b1b,2021-12-15T12:30:50,BRAND5,626.03,fbjjaab@gmail.com
398c5679-a1d8-4951-8184-7a0a5d031c58,2021-12-15T12:32:30,BRAND5,553.13,cbllgji@gmail.com
a1831a57-6ca1-4aa7-822c-0a808292af5f,2021-12-15T12:32:30,BRAND5,592.85,"""eeijadi bdkhkgj"" <eeijadi@yahoo.com>"
cbfd1fc6-66fd-405c-9d9d-0c338bba4f52,2021-12-15T12:33:20,BRAND2,401.55,"""hidkbki gheidel"" <hidkbki@appple.com>"
8209270a-07e9-49f5-9221-8616423c1cf0,2021-12-15T12:35:00,BRAND5,407.88,"""ijklbhk ejaagfj"" <ijklbhk@appple.com>"
2be5bbc6-34f1-4a81-b9e3-be759c7c92ae,2021-12-15T12:35:50,BRAND5,915.63,"""jecdggg aijjbej"" <jecdggg@gmail.com>"
5a10ac8c-3cbc-4a7f-ab38-13f8e57416a6,2021-12-15T12:35:50,BRAND2,31.61,"""glljgka faglbaf"" <glljgka@gmail.com>"
1d749912-c603-4475-b56d-fc3598525a8e,2021-12-15T12:36:40,BRAND5,116.74,fjhjgih@gmail.com
36f4873e-a292-496f-bbec-995be12bb560,2021-12-15T12:37:30,BRAND5,560.72,"""ajkijjk ihdihgc"" <ajkijjk@gmail.com>"
cea4cde4-cd1f-464b-819f-c7f48872784e,2021-12-15T12:38:20,BRAND3,89.61,"""klcghff eddjill"" <klcghff@gmail.com>"
b5e89136-861a-473b-9e8d-dcf43829980e,2021-12-15T12:38:20,BRAND2,712.12,"""ccfbcag fhibfld"" <ccfbcag@gmail.com>"
ea42cda2-613b-46f3-b8b2-04741cad56dc,2021-12-15T12:39:10,BRAND4,733.71,ibhckaj@gmail.com
6b7486d1-d615-49df-a8bc-db72d3ebc995,2021-12-15T12:39:10,BRAND2,680.96,bfckllb@appple.com
734d98f4-8a73-450c-8c88-16b3d56c4039,2021-12-15T12:40:50,BRAND5,473.17,"""lgifgkh ddegahg"" <lgifgkh@gmail.com>"
6a535d26-be45-4b2b-89d6-28762c5e590b,2021-12-15T12:40:50,BRAND2,298.46,cbgjgje@gmail.com
b74cca1b-612f-4e10-b97c-eeaf624824c7,2021-12-15T12:43:20,BRAND2,890.03,"""lbfdjce ljhagal"" <lbfdjce@appple.com>"
7219ab92-3833-4902-b9ca-979c6fe80fc0,2021-12-15T12:45:00,BRAND5,658.32,"""ilbkeej liaffik"" <ilbkeej@appple.com>"
7ffd7040-1e1d-48bf-8593-a8320bf74c8a,2021-12-15T12:45:00,BRAND2,929.29,cabckdg@gmail.com
24e40326-ab22-48bf-8214-e3a5df3a8e29,2021-12-15T12:45:50,BRAND2,534.70,"""hdhjble hgidgck"" <hdhjble@appple.com>"
0c6c45f8-3185-4102-97cb-6fb08d947f63,2021-12-15T12:47:30,BRAND2,342.25,aifgjdd@appple.com
0e815af8-cd77-48fe-947f-cd88f888cfc6,2021-12-15T12:48:20,BRAND2,36.31,idcjhch@gmail.com
904d4b17-77c1-4f8b-b77d-79b7e19f75dd,2021-12-15T12:49:10,BRAND2,506.52,"""afkfhil fhageck"" <afkfhil@gmail.com>"
0957445f-a926-48b8-bf01-e7e2301939e2,2021-12-15T12:49:10,BRAND5,843.41,"""cbljhlj ecdgebi"" <cbljhlj@hotmail.com>"
9f79e36f-e391-479b-a30e-356f8967bee0,2021-12-15T12:50:00,BRAND5,609.55,"""dcckihb jgcjgik"" <dcckihb@gmail.com>"
31dbe333-5389-4f20-825a-6cf72ad74479,2021-12-15T12:50:00,BRAND2,264.66,lcjiifj@gmail.com
65acf933-bc7d-4ea3-b2f0-efdac30f47cc,2021-12-15T12:51:40,BRAND1,24.61,"""jablecg gjhhgci"" <jablecg@gmail.com>"
69f92f37-f212-4b2f-a28e-b12f0bc4c9c2,2021-12-15T12:51:40,BRAND5,163.76,hjjifdh@gmail.com
ccbadf1f-d7a7-4749-9593-ab8e93ab3a44,2021-12-15T12:52:30,BRAND5,606.24,"""ffbfdhg khjddbd"" <ffbfdhg@appple.com>"
8df317ec-df24-4b34-a7f0-d32385a73c93,2021-12-15T12:53:20,BRAND5,902.00,"""ehjkahd jakiiib"" <ehjkahd@gmail.com>"
2ae5f61f-af82-4ddd-a03a-fdb47c1e3ef3,2021-12-15T12:53:20,BRAND5,206.70,klikdbf@live.com
550f8389-0963-4d93-8941-cac4d87d27d1,2021-12-15T12:55:00,BRAND2,658.30,"""afgfaaa dhjjgig"" <afgfaaa@gmail.com>"
ca15eb25-f952-4c8d-a780-f93133830179,2021-12-15T12:55:00,BRAND5,4.07,eilhgbl@gmail.com
87de0153-2cc6-47b6-84ae-48abf0e5842e,2021-12-15T12:55:50,BRAND2,988.42,gdjkjjf@hotmail.com
d48554e6-bddd-4b68-a14f-33615ca262c7,2021-12-15T12:55:50,BRAND4,381.79,"""lgfifhl lahgeli"" <lgfifhl@gmail.com>"
b7365008-82d1-4bd0-9510-990629101765,Wed Dec 15 12:56:40 2021,BRAND2,633.20,"""dleihhj ehefbkg"" <dleihhj@appple.com>"
79281e49-be52-4134-91d8-fa1713c33ec4,2021-12-15T12:57:30,BRAND1,459.99,"""igacfek efibgib"" <igacfek@gmail.com>"
e778c8aa-e25c-427f-9cd9-ffb3212b49c1,2021-12-15T12:57:30,BRAND4,872.24,"""ikkghgk gckdfdb"" <ikkghgk@gmail.com>"
01643a23-86d5-4814-9682-4d52c4567dce,2021-12-15T12:58:20,BRAND2,76.36,"""aclbjkf iijbidh"" <aclbjkf@gmail.com>"
3454980d-fb9b-4bc6-9294-d87f01167712,2021-12-15T12:59:10,BRAND1,605.92,jdhlkie@live.com
0e436bc2-d496-46a0-a6e3-7efdb0afcb8b,2021-12-15T13:00:00,BRAND1,353.90,"""ajccldi kheakec"" <ajccldi@appple.com>"
3539a236-4514-4588-b23c-68b3676d9fdd,2021-12-15T13:00:00,BRAND5,546.55,"""ebaihhd jlhcdlb"" <ebaihhd@appple.com>"
4b0c38f1-1d1b-4cc9-813f-37561ec855ca,2021-12-15T13:00:50,BRAND5,26.94,jbkkeal@appple.com
a35b0044-c9da-42e8-a534-2b9cf65e1472,2021-12-15T13:00:50,BRAND2,708.27,bilcdhf@yahoo.com
fbc9feeb-75c5-4cd6-89bd-43128352fac0,2021-12-15T13:01:40,BRAND2,468.87,fgeajle@appple.com
de61c576-a75a-4031-b282-aa755289d95c,2021-12-15T13:01:40,BRAND1,757.92,"""iabjeki agbljdb"" <iabjeki@yahoo.com>"
0ab64267-9f16-47e0-aa73-0ac400f1eacd,2021-12-15T13:03:20,BRAND2,582.01,cehbkag@gmail.com
10d783d0-1804-4214-92de-5350e9882d69,2021-12-15T13:03:20,BRAND5,605.81,dbiijeh@gmail.com
5c8585c0-91f8-4394-b186-09df41fbd422,2021-12-15T13:04:10,BRAND2,$944.80,klfjggf@gmail.com
3ea721c6-7d2c-4a0b-87b9-1e5941867e97,2021-12-15T13:04:10,BRAND2,885.62,fhfcbgl@gmail.com
e21abcf6-76ed-4d92-8625-34188fc9e1c7,2021-12-15T13:06:40,BRAND1,540.02,jfcgiib@gmail.com
b476b0fe-8878-4a0b-bdfc-d6ebf5df1a73,2021-12-15T13:06:40,BRAND2,980.63,dekhkce@appple.com
f673e75b-d9e9-40e0-9094-de1409c333aa,2021-12-15T13:07:30,BRAND2,292.58,hldkhed@gmail.com
64689eae-accd-4441-80cb-449c342ca71f,2021-12-15T13:07:30,BRAND1,15.28,"""akcdhcf aelfkli"" <akcdhcf@gmail.com>"
9c179f87-9d65-45eb-8588-ea1400faab25,2021-12-15T13:08:20,BRAND5,263.66,jgkglcb@appple.com
03e00b9f-310b-4fa4-8093-63283b79cec2,2021-12-15T13:11:40,BRAND2,366.48,kachkci@gmail.com
90a11d1f-dd28-4fc3-8e88-cfc520f46691,2021-12-15T13:12:30,BRAND1,783.11,adekfdc@gmail.com
2167e466-b04b-42a6-a3ac-324b07a5d3a3,2021-12-15T13:15:00,BRAND5,713.16,"""ldedibf hhkkjal"" <ldedibf@gmail.com>"
3853bf4f-c6ff-49e8-8461-0b5ca1c0b635,2021-12-15T13:15:00,BRAND5,996.94,"""adbgahd hgaikfh"" <adbgahd@gmail.com>"
1b080c88-0525-462b-bb67-d4f81016e11b,2021-12-15T13:15:50,BRAND5,526.44,"""lbhjjcg kjlldgl"" <lbhjjcg@gmail.com>"
8920c0ee-825e-4579-8ced-f20945b9f1ef,2021-12-15T13:16:40,BRAND5,647.73,"""kbhhgfd jbbfdck"" <kbhhgfd@appple.com>"
ed7ccf90-16bb-42d9-9196-906147e9e4f2,2021-12-15T13:16:40,BRAND2,706.65,"""ifggilb bkfejhd"" <ifggilb@live.com>"
3839b423-d2f6-4df6-947c-6b7fbebaf196,2021-12-15T13:17:30,BRAND5,919.37,hjckchb@gmail.com
1cf8366f-c2fe-420c-bb4c-d6d2f606440e,Wed Dec 15 13:17:30 2021,BRAND2,476.43,"""cfjichd ljajcbi"" <cfjichd@live.com>"
5d1134d8-dc7d-4bd8-a45e-5069809af35f,2021-12-15T13:18:20,BRAND5,384.02,lbdkeie@appple.com
ba3cda98-e48e-4659-9e4b-afc6eca1207e,2021-12-15T13:18:20,BRAND2,222.18,cfjheck@appple.com
c48f4c20-ff57-489e-acb3-18bf932de402,2021-12-15T13:20:00,BRAND4,6.54,"""ebiakla gkbebgb"" <ebiakla@gmail.com>"
fda9f43b-d5c7-4521-825a-5c0529485c2e,2021-12-15T13:22:30,BRAND5,887.07,fbeeblb@gmail.com
3f9b6dc1-f1ae-4b94-81cb-856645135d1c,2021-12-15T13:23:20,BRAND3,284.04,ilgkgak@gmail.com
24d945b5-c3af-4913-9e11-6bb1e1803e04,2021-12-15T13:25:00,BRAND1,839.01,egklcld@live.com
b5254395-3ea6-466d-b3c7-1e909497cae2,2021-12-15T13:25:00,BRAND1,341.97,chijeha@appple.com
7980c8c8-4b35-490f-8e02-f534867571b7,2021-12-15T13:26:40,BRAND2,820.23,gedkffk@gmail.com
dff90051-cf31-4a11-a7b1-d50adacbb1f5,2021-12-15T13:26:40,BRAND1,450.56,"""fbldgel egdbglb"" <fbldgel@gmail.com>"
28c4713b-3d8d-4b8c-84bc-193d71ed5e30,2021-12-15T13:28:20,BRAND5,454.02,kbkcffg@gmail.com
05f45fa6-4ed5-45ce-be47-62f441383b89,2021-12-15T13:28:20,BRAND2,703.94,iieallf@gmail.com
3e472507-cad6-4d08-bc54-35da5411f1e7,Wed Dec 15 13:30:00 2021,BRAND2,996.41,eflhadc@gmail.com
d8bc9963-aa55-4fc5-9318-1485411dba86,2021-12-15T13:30:50,BRAND5,457.42,jbhljfi@appple.com
059675d0-f5a9-4ed4-87ae-8103e7a37cdd,2021-12-15T13:31:40,BRAND2,337.27,"""dalagkk eedebjh"" <dalagkk@gmail.com>"
7572d96d-479c-48ba-8c68-843cd4b5e12b,2021-12-15T13:31:40,BRAND2,118.80,digglae@hotmail.com
75c47d16-9f01-4cc9-a58b-6d029edb956c,2021-12-15T13:33:20,BRAND5,304.34,"""dghjfkh aecjhje"" <dghjfkh@gmail.com>"
b2cfd5d9-a716-44ce-a3f1-fe3ff2ad2e14,2021-12-15T13:35:50,BRAND2,92.62,hchkbch@gmail.com
48ea7459-d3b2-4571-88ef-378fdf5526e5,2021-12-15T13:36:40,BRAND1,540.54,"""fdkdlee jacfhfe"" <fdkdlee@appple.com>"
4209a9ed-cd66-4032-bb84-dc2e2094677d,2021-12-15T13:37:30,BRAND1,91.31,akedbca@live.com
201d8343-d452-4425-a444-56bb501d46e5,2021-12-15T13:37:30,BRAND2,397.83,iabkklj@appple.com
5a8a3670-09b8-4af0-9136-81354ad1b86b,2021-12-15T13:38:20,BRAND2,272.38,"""glahlhj igiihie"" <glahlhj@appple.com>"
ece4577a-ab1e-4036-a88c-453277c450c7,2021-12-15T13:40:00,BRAND2,979.70,jhiajkb@appple.com
7071b5e1-4dd9-457a-b603-9b4f41e7ccfb,2021-12-15T13:40:00,BRAND1,492.29,gljjakl@live.com
ba6801a5-cdcb-47a1-891b-bb1a9c39dca4,2021-12-15T13:41:40,BRAND2,985.06,hgakcce@live.com
044cf687-4fa0-47b1-9e5b-526f60521f18,2021-12-15T13:45:50,BRAND2,404.70,cejkbbd@gmail.com
e4566b45-bd96-427a-9b3d-012a6910df85,2021-12-15T13:45:50,BRAND1,756.44,gdhcfha@gmail.com
6ae32f7d-ccdb-4e8f-b2ce-c340349e0c97,2021-12-15T13:47:30,BRAND2,176.43,kjjdffg@gmail.com
fbff8007-57a4-4bf7-96b4-16277be03d43,2021-12-15T13:49:10,BRAND2,921.29,ijckkck@live.com
622dc0d0-2df3-4e35-a5ac-4240cdb5330e,2021-12-15T13:50:00,BRAND2,45.71,gigdeef@live.com
ea3b04eb-a528-47eb-880e-446f924c6577,2021-12-15T13:50:00,BRAND2,325.63,kbjijbf@gmail.com
3091b67e-09ba-47e8-8de9-c80894e13848,Wed Dec 15 13:50:50 2021,BRAND5,880.06,gfflkfl@gmail.com
8e509215-9708-4f75-bdcb-faeba34f4b0f,2021-12-15T13:50:50,BRAND5,335.41,bdcckei@gmail.com
ccd67853-9307-4bc0-95ae-a2ebea2b1494,2021-12-15T13:51:40,BRAND2,508.01,jkcdbbg@gmail.com
c4843a6a-82fd-43a6-8d44-a70f7016f41f,2021-12-15T13:51:40,BRAND2,495.97,giklabi@appple.com
4bd9f548-9b8a-4899-ac88-4b89475d6ae2,Wed Dec 15 13:52:30 2021,BRAND2,260.55,hdjajjb@appple.com
0cbd344f-49a7-4e73-87b5-3a8ea031b137,2021-12-15T13:52:30,BRAND2,850.70,"""blcieih jglagej"" <blcieih@gmail.com>"
da6315c6-3138-4bd7-8a62-25b19c4eff5d,2021-12-15T13:53:20,BRAND5,491.65,bbkkakf@yahoo.com
46e47e7e-4d93-4ac0-acd1-3808ab145768,2021-12-15T13:55:00,BRAND5,994.63,lfkgkeh@live.com
f4f0ab62-5ace-4459-b147-9792cb98209e,2021-12-15T13:55:00,BRAND1,413.05,"""hladfce baeibki"" <hladfce@gmail.com>"
eb8adb22-6cb8-4911-86c9-2ca821094ba4,2021-12-15T13:55:50,BRAND1,918.70,ikdaggc@gmail.com
84073d50-a8d2-4b50-a69b-39b5b0665672,2021-12-15T13:55:50,BRAND5,541.08,decdhbb@appple.com
bd40241f-5a91-4c39-9a17-1a04287b47d4,Wed Dec 15 13:58:20 2021,BRAND5,818.20,iggijbh@live.com
83118f3f-8658-4667-8f34-814b1c89672b,2021-12-15T13:59:10,BRAND2,230.33,hebfkhb@gmail.com
976519ab-bbd5-4e6d-abc7-e8327cbc024d,2021-12-15T13:59:10,BRAND1,769.57,iblihhl@gmail.com
a41d9e2a-28e9-4d73-ad0b-2a6f6178c074,2021-12-15T14:00:00,BRAND2,515.98,"""kccaadg gcgaaja"" <kccaadg@appple.com>"
364c6eda-1514-4b18-8710-b05bca370f76,2021-12-15T14:00:50,BRAND2,324.51,jghfjkg@appple.com
631625e5-e286-4250-b4c3-a505ff70c110,2021-12-15T14:00:50,BRAND2,861.98,dgclgci@appple.com
2677b1f4-fd17-4b1f-ad31-b7368a8cb1f3,2021-12-15T14:03:20,BRAND2,622.23,bfgbiii@gmail.com
0e0baef5-c3d5-4811-af42-e755527d41d8,2021-12-15T14:03:20,BRAND2,366.67,"""kichack lcagjhf"" <kichack@appple.com>"
72baec8e-597b-42e0-8605-bf5f3b23893d,2021-12-15T14:04:10,BRAND2,601.66,"""ebekfgd gdealkl"" <ebekfgd@appple.com>"
9e9394dc-46e2-4ac3-ab82-1db8f38d8c9d,2021-12-15T14:04:10,BRAND5,299.99,"""gfidaeh eijfjei"" <gfidaeh@gmail.com>"
4a265c2b-ee5c-4504-8494-503eaa4af190,2021-12-15T14:05:00,BRAND5,479.83,bkacekd@appple.com
e78d715b-4d84-465b-9ecb-456e36be94f6,2021-12-15T14:05:50,BRAND2,91.16,"""eccaehi dadfhgl"" <eccaehi@gmail.com>"
80cc353b-6bf8-4ff0-a101-962eb296d316,2021-12-15T14:07:30,BRAND2,289.76,jlbeefb@gmail.com
4a597779-7070-4327-8ef9-14fa05933147,2021-12-15T14:07:30,BRAND2,96.67,ldfkike@gmail.com
6bbb8744-4a0f-4f8a-9b3b-c2ad2672974e,2021-12-15T14:08:20,BRAND5,529.56,acfdihj@gmail.com
a5c713c6-7e90-47f4-97fd-03f013f831a7,2021-12-15T14:08:20,BRAND2,981.06,"""eejjhek ifjeadl"" <eejjhek@gmail.com>"
89aa03f9-c7f4-4475-be76-452a2dc1ffac,2021-12-15T14:09:10,BRAND2,357.31,"""ggkibih lckklkh"" <ggkibih@appple.com>"
1e2b28f6-e457-418f-bcb3-d0f38840a238,2021-12-15T14:09:10,BRAND2,960.72,bghdagl@live.com
eaea056c-ddd7-4243-9a82-5fedc281417c,2021-12-15T14:10:50,BRAND5,528.19,fhjjddd@gmail.com
65b00d89-0287-4edd-9336-ecf4b4f4b460,2021-12-15T14:10:50,BRAND5,$5.32,"""hagalig bllheik"" <hagalig@appple.com>"
84584423-5800-496f-b4c4-91a486fd3d7b,2021-12-15T14:11:40,BRAND2,315.84,edifaad@gmail.com
cce49540-06e4-4d35-b366-32c387be3ab3,2021-12-15T14:11:40,BRAND5,316.00,"""dghbbcj cgklgge"" <dghbbcj@appple.com>"
99ce73b4-c9b2-44d1-96bb-8daf3120e3bc,2021-12-15T14:12:30,BRAND5,706.05,"""felijfh jehefeb"" <felijfh@gmail.com>"
fa5f742d-4974-4e32-a83e-7e7ba81326e4,2021-12-15T14:13:20,BRAND2,912.00,hadbgjh@gmail.com
430d65cc-989e-4c3a-b5e7-8fd111faf49c,2021-12-15T14:14:10,BRAND1,734.61,"""ebiajee bdjcihf"" <ebiajee@gmail.com>"
79881608-e3b8-44db-af3f-7979df16a892,2021-12-15T14:14:10,BRAND5,267.12,lhkihbk@gmail.com
7b5a6228-37c3-4928-bf17-0e51947cc8b7,2021-12-15T14:15:00,BRAND2,69.00,elkfikk@gmail.com
b215cf0e-a297-41b5-99a5-bc7571f2ac00,2021-12-15T14:15:50,BRAND4,160.66,efiedhl@appple.com
05090aa1-f075-4588-9c5e-999b6dfd0792,2021-12-15T14:16:40,BRAND2,232.75,akhjgde@gmail.com
8b8815fe-27a7-4fa4-99b4-63a2b0bb29fa,Wed Dec 15 14:17:30 2021,BRAND5,772.94,"""kcffagb kkkdggc"" <kcffagb@appple.com>"
be0a6205-9793-411d-9238-4a24ba5575f2,2021-12-15T14:17:30,BRAND1,535.81,"""efagdck flgaghd"" <efagdck@gmail.com>"
bd49f563-e362-423f-9ac1-862755daeb4b,2021-12-15T14:18:20,BRAND2,801.72,hglgaea@gmail.com
230bdac9-b09b-40eb-99c2-99855c057e63,2021-12-15T14:19:10,BRAND5,486.14,flchakg@gmail.com
e935189c-7af7-4415-a1cf-c7a4bab51aa7,2021-12-15T14:19:10,BRAND5,602.96,"""dejfgbh bilfcfj"" <dejfgbh@gmail.com>"
75c2762e-2da7-45ac-bd15-5903eb2dd3ec,2021-12-15T14:20:00,BRAND2,685.40,ihkjdii@gmail.com
5ddb2a5f-b80f-48c3-b49d-62030a55c816,2021-12-15T14:20:00,BRAND5,479.68,libjafk@live.com
c27936df-0156-4212-a0b6-f16cc495364b,2021-12-15T14:22:30,BRAND2,101.75,lalfkfh@gmail.com
cf60bfd9-07c1-4eb5-8453-778b43e357d8,2021-12-15T14:22:30,BRAND1,340.10,akijbek@gmail.com
84717d5c-5a2a-4fb4-8cda-a4a45cfb9733,2021-12-15T14:24:10,BRAND2,768.01,"""gdkeifi lcaabdd"" <gdkeifi@live.com>"
b65bc4a0-5297-4517-9bed-8d79d209f8fb,2021-12-15T14:26:40,BRAND5,995.87,lliidic@gmail.com
bfb58e01-9b46-4221-9ee6-e7bea6954b40,2021-12-15T14:26:40,BRAND1,223.83,"""bikhgfj lckggfk"" <bikhgfj@appple.com>"
80773275-25c4-48df-a7dd-54e8fe8fff78,2021-12-15T14:27:30,BRAND2,365.38,efigjlh@gmail.com
160fc55e-3fb9-4bcb-8fa1-9c840c659521,2021-12-15T14:28:20,BRAND2,233.90,"""iaelejk hlfddac"" <iaelejk@appple.com>"
d8f8a5bf-7ac0-4afc-946c-19f1f642a4af,2021-12-15T14:28:20,BRAND5,$506.20,"""fgdbjjf ibiijdf"" <fgdbjjf@gmail.com>"
0341344e-23b4-4c75-bdde-f54d003fd1e1,2021-12-15T14:30:00,BRAND5,861.27,bfjfeig@hotmail.com
32c32dae-fcce-4b2d-9385-ad620f1d1493,2021-12-15T14:30:00,BRAND2,411.12,hhcijgf@appple.com
117a2d9d-9a29-4afb-827a-339dcd5efb43,2021-12-15T14:30:50,BRAND4,995.24,ejklgbe@gmail.com
d984531e-4fef-45f1-9c89-f66bc393d09d,2021-12-15T14:31:40,BRAND2,83.36,ljikfgl@appple.com
4628a524-4a6d-4ea5-9a30-e0d689696364,2021-12-15T14:31:40,BRAND1,608.96,lfeikak@live.com
5881257c-35c3-4716-bcb8-0880ca6fbe67,2021-12-15T14:32:30,BRAND2,960.12,"""bgkcbkb elgjdgl"" <bgkcbkb@gmail.com>"
7c2c3633-07f4-4646-b074-6d9c3263f47d,2021-12-15T14:32:30,BRAND5,964.84,"""gidgbbg bbbblek"" <gidgbbg@yahoo.com>"
bd2ad743-7f9b-41aa-8920-e11ff14fbc90,2021-12-15T14:33:20,BRAND5,667.90,"""bkigebd fgbldig"" <bkigebd@appple.com>"
ede2a61c-9ca2-48db-8991-6cf1db3d3d59,2021-12-15T14:34:10,BRAND2,202.29,gaakefl@gmail.com
d0ef7fed-6286-47c7-b195-081f17a25ade,2021-12-15T14:35:00,BRAND5,334.38,clidgdc@gmail.com
63828e91-9133-4a91-b994-af68bb98dd0a,2021-12-15T14:35:00,BRAND5,320.59,"""fkcjhjl fgkdakc"" <fkcjhjl@appple.com>"
5d386e5a-f77e-4b82-9890-aa115172bea4,2021-12-15T14:37:30,BRAND4,478.96,lbfjkea@appple.com
f64c343f-b97d-406d-ba41-98857b5b49ca,2021-12-15T14:37:30,BRAND1,654.61,aejehef@gmail.com
5b7ff9f1-aebc-4e04-aa5d-33482e7b751c,2021-12-15T14:38:20,BRAND2,905.79,leeblka@gmail.com
8a41cae3-a085-46d7-83e0-a9443b0964bb,2021-12-15T14:39:10,BRAND2,15.43,ghclafb@appple.com
3383a465-c145-4a53-9a9e-29d081c501f1,2021-12-15T14:43:20,BRAND2,185.37,gfhjhef@gmail.com
0dba6ad2-1f11-4194-bfcc-9d5292f7ae01,2021-12-15T14:43:20,BRAND2,573.23,jfahfbk@gmail.com
26f8b26a-1a6a-4c16-99ce-a8f32e145080,2021-12-15T14:44:10,BRAND5,787.76,"""kccldfk lilffld"" <kccldfk@gmail.com>"
27ae04d7-89a3-4b72-8a58-944c7a671f71,2021-12-15T14:45:50,BRAND2,966.28,cdkeake@gmail.com
eef9e482-1487-40fc-91ec-fef1ec097d9f,2021-12-15T14:46:40,BRAND2,828.06,"""kebehcg jfcbgic"" <kebehcg@live.com>"
13e22aab-a77c-4c1a-86fa-857a9c35146f,2021-12-15T14:46:40,BRAND2,655.38,"""aihfeck iieaaec"" <aihfeck@gmail.com>"
931366e1-ed17-46f1-abbf-a0b1368fb120,2021-12-15T14:47:30,BRAND2,591.68,"""iebidlb kcfhkbb"" <iebidlb@gmail.com>"
d26373b6-4c16-4e48-9aa6-063fa8d7f602,2021-12-15T14:49:10,BRAND2,42.70,kidkgij@appple.com
89986259-f697-426b-9b09-aa512c4180bd,2021-12-15T14:50:50,BRAND2,768.82,aihadkl@appple.com
ad015d7a-d8f2-4b8e-82a7-b877b5162cec,2021-12-15T14:50:50,BRAND2,724.38,"""hiffaej jdgeahj"" <hiffaej@gmail.com>"
3437a30e-2905-4107-9e32-49b89a2462dc,2021-12-15T14:51:40,BRAND2,885.66,lbiekjd@hotmail.com
5ce8b0e4-ed33-414f-ad8f-63a03d80fcd9,2021-12-15T14:52:30,BRAND5,457.10,kceicgl@appple.com
afd5e321-ceec-4a3b-b516-ef5f5ebfa448,2021-12-15T14:52:30,BRAND2,935.68,gigffgd@appple.com
9fa9f4ec-a5fb-4d59-b7e2-07d6fb13368c,2021-12-15T14:54:10,BRAND2,874.93,"""glaieba baihlhk"" <glaieba@appple.com>"
1c508ade-66bc-4303-ba24-331338a7b9a8,Wed Dec 15 14:55:00 2021,BRAND2,399.00,aclfjkg@gmail.com
404ef320-3e57-4cfa-a1e4-c301d470d4c7,2021-12-15T14:55:50,BRAND2,407.17,fhdelcf@hotmail.com
5bbe883d-79ac-4741-9e0f-d848fccb4339,2021-12-15T14:55:50,BRAND5,227.65,edjjach@gmail.com
f283c27c-a72e-46b6-803a-10191b7fbbdf,2021-12-15T14:57:30,BRAND2,195.60,"""fdfdeck hafciki"" <fdfdeck@yahoo.com>"
50cfa1f6-4fd4-4845-9825-42c8aa6c2c6e,2021-12-15T14:57:30,BRAND2,185.76,"""jdhlhkg faghfae"" <jdhlhkg@appple.com>"
fec7d655-4b26-4000-a9b4-fa64ff17536d,2021-12-15T15:00:00,BRAND2,123.41,"""jhlljig ffbclbc"" <jhlljig@appple.com>"
2d5832b5-5171-4551-ae02-db4209b15213,2021-12-15T15:00:50,BRAND2,766.60,kfgbcdf@live.com
6b3c4fb9-0ae2-4c14-ab24-1be32a786578,2021-12-15T15:01:40,BRAND2,701.48,ebgdjej@live.com
3ce5c12e-9535-4bd1-a190-95e8a6275003,2021-12-15T15:02:30,BRAND5,603.82,dilikhi@gmail.com
e28744de-4b64-49f1-8c4a-682fff8acba8,2021-12-15T15:03:20,BRAND2,705.14,"""fiihcej ecdakhc"" <fiihcej@gmail.com>"
693c4e83-1f82-47fe-ac43-ca2431f44649,2021-12-15T15:03:20,BRAND2,623.70,"""bdldbji kiiadja"" <bdldbji@appple.com>"
662eac90-a308-4566-8d99-f2b85bd0cc5e,2021-12-15T15:04:10,BRAND1,585.34,"""hhiefed jbacjha"" <hhiefed@appple.com>"
156d101a-cd99-49ca-be80-ec479267e7a8,2021-12-15T15:05:50,BRAND2,961.50,jbiigie@gmail.com
d7c56dbd-698d-4314-a751-fad8b1954055,2021-12-15T15:05:50,BRAND5,203.45,edlkgcj@live.com
1c2f277b-317b-4272-ab63-c6a1f140235f,2021-12-15T15:06:40,BRAND5,757.05,"""egbggcb lcdjdak"" <egbggcb@live.com>"
3810d06e-4ed8-4097-b11a-668d8eac7642,2021-12-15T15:06:40,BRAND2,769.06,kjcakli@gmail.com
c8549553-50e0-4a91-80cb-243691dfe0d1,2021-12-15T15:08:20,BRAND2,429.43,igeflaa@gmail.com
0c894dda-4029-49ac-bf7e-9c069c500bad,2021-12-15T15:08:20,BRAND2,49.95,kdhfgel@appple.com
9b3134e5-aa66-4c28-8db9-9269fa78c6d6,2021-12-15T15:09:10,BRAND5,18.24,"""jellkfb abfcadk"" <jellkfb@gmail.com>"
8d4ab651-efa4-4ece-bb0e-ecb3dbfe0698,2021-12-15T15:10:00,BRAND2,907.45,ehgebbk@gmail.com
a12d66a3-0585-45f8-9215-7ab185f26c97,2021-12-15T15:10:00,BRAND2,569.37,gglkkig@appple.com
f60ff34a-72db-4186-9bd5-d4089a178d4f,2021-12-15T15:11:40,BRAND5,697.17,"""elkidck lbelhjg"" <elkidck@live.com>"
3072eba5-777c-40bc-87a6-38650d4b8321,2021-12-15T15:13:20,BRAND5,682.00,ikefjck@appple.com
87f11fe4-2a56-4352-b6c4-97c174bc3062,2021-12-15T15:13:20,BRAND1,597.79,agjbhfj@yahoo.com
a534bb3c-bebd-4ac7-a5f9-9b3d5409dc69,2021-12-15T15:14:10,BRAND2,294.18,eheidjk@appple.com
ba0287c4-6a32-4acc-b48a-99bdb9112a33,2021-12-15T15:15:00,BRAND2,255.84,ebceici@appple.com
2f56c0be-42f4-4e04-8ddf-cd9e1661df1b,2021-12-15T15:15:00,BRAND2,958.34,"""ibjlced eicigch"" <ibjlced@gmail.com>"
fa7acac0-d998-4684-b00b-9077b2562468,2021-12-15T15:16:40,BRAND5,544.53,"""cgkjbgh aegjekk"" <cgkjbgh@appple.com>"
e3955fd0-298a-451b-9be3-6902ff8962fc,2021-12-15T15:17:30,BRAND5,12.19,jdahigj@live.com
5ae9ac39-918f-4a80-bc2f-2fcf9e9299eb,2021-12-15T15:17:30,BRAND2,883.69,aackakc@gmail.com
7a8c937d-b9f1-4174-bfc0-b5211624dc5e,2021-12-15T15:18:20,BRAND2,747.46,gjhjchf@yahoo.com
0d70764e-5433-49e7-88e2-20fb095451b9,2021-12-15T15:20:00,BRAND5,183.33,"""hljheic kdalalh"" <hljheic@appple.com>"
5d0e6abb-89bd-40ed-a8f5-8409cced9c18,2021-12-15T15:20:50,BRAND1,318.30,jbeffel@appple.com
10d0cdd1-2caa-4e82-bedb-d3a341214eb2,2021-12-15T15:20:50,BRAND4,600.32,"""llfjeji dlabklk"" <llfjeji@gmail.com>"
ef8525d0-a91f-404c-9866-02883b9307d2,2021-12-15T15:21:40,BRAND2,284.88,"""ildelfl ikfeglk"" <ildelfl@gmail.com>"
b56ea40b-85ab-4513-802e-68b51b202494,2021-12-15T15:23:20,BRAND5,947.61,akkfekl@gmail.com
02047f4f-2a5b-4307-9b6e-a36e01979411,2021-12-15T15:24:10,BRAND2,510.56,eiggfik@gmail.com
7901ba18-0e39-47d3-b4b6-1b64565810b4,2021-12-15T15:25:00,BRAND1,175.41,baffkja@gmail.com
1052672c-a06d-43db-ae50-5e5a874bf6e8,2021-12-15T15:25:50,BRAND2,677.66,"""edhaabg ibglekb"" <edhaabg@gmail.com>"
64d24192-821c-42cd-90f8-ac563b9d1687,2021-12-15T15:26:40,BRAND2,754.68,hchiegh@live.com
4681178c-b63d-4a28-955e-7becf2eddd67,2021-12-15T15:26:40,BRAND1,33.28,fibcfhf@gmail.com
b291a220-44e7-4289-8e14-c2f081dbf108,2021-12-15T15:28:20,BRAND2,541.04,alaeekk@gmail.com
d9da8831-fe38-4c93-9e45-c78f97fc42d8,2021-12-15T15:28:20,BRAND1,12.69,ijgalck@live.com
97123aad-62e6-4fb6-8a18-47ddbac46960,2021-12-15T15:30:00,BRAND5,855.40,cgejcjk@gmail.com
140ece13-8bbc-47a4-a0b2-04ba50efccbc,2021-12-15T15:30:00,BRAND5,242.36,"""hdgfbia fddfdbj"" <hdgfbia@gmail.com>"
42bf495d-46b3-4215-b9f1-8c7396b9b808,2021-12-15T15:30:50,BRAND1,237.47,"""clieakh dafheke"" <clieakh@gmail.com>"
5e811897-3e1f-4cde-8d02-70d59844763b,2021-12-15T15:31:40,BRAND2,57.40,"""fiffecc fifbhka"" <fiffecc@gmail.com>"
c38c2dfb-c266-42af-9373-c21095155d65,2021-12-15T15:32:30,BRAND5,133.10,aifcdeb@gmail.com
f08cbb55-967a-437c-acdb-e300392dcbb9,2021-12-15T15:35:50,BRAND1,490.23,"""khdfkjg ibdajge"" <khdfkjg@appple.com>"
d686e1ad-8927-42a0-b234-92a49fbf7e20,2021-12-15T15:35:50,BRAND4,635.19,dhdjafe@appple.com
2c2040c9-854a-4a11-bf34-efd189046e17,2021-12-15T15:36:40,BRAND2,611.62,cjcaeii@appple.com
593e65bd-4d7d-4b56-b268-0de95cb544a8,2021-12-15T15:36:40,BRAND2,179.22,dacdafl@gmail.com
a12271e1-cf62-4506-a8cd-d94ec64f8c37,2021-12-15T15:37:30,BRAND4,567.17,acgcfal@gmail.com
5f1f996d-5da8-4839-a157-04a914a3acd1,2021-12-15T15:38:20,BRAND4,504.86,jacechc@live.com
84788ad7-ceda-479f-b77c-08f0ca4c43cc,2021-12-15T15:38:20,BRAND5,197.54,egjaggl@gmail.com
bb83e42b-24b6-4437-b7db-66006f196996,2021-12-15T15:39:10,BRAND1,855.98,"""gcaikfi icdljfi"" <gcaikfi@appple.com>"
6bfe7ae5-8740-4cd2-82df-b606e200d3b2,2021-12-15T15:40:50,BRAND3,826.40,dbedibd@appple.com
f93ebacb-58e7-4371-ba94-a9379fb4fcca,2021-12-15T15:40:50,BRAND5,112.21,lijlaek@gmail.com
662e75ef-fd88-47c2-acff-43a88fa9352e,2021-12-15T15:41:40,BRAND2,591.07,kbclicg@live.com
333e785c-b6b0-4ee9-a83a-2999955c63b6,2021-12-15T15:42:30,BRAND2,144.33,gbeccfd@hotmail.com
616b09af-fe41-4af9-93b3-9ba95c090e0f,2021-12-15T15:43:20,BRAND2,990.90,icdiakc@appple.com
6e8c9c64-2930-412d-b46f-85afdac10763,2021-12-15T15:43:20,BRAND5,658.22,"""eefghdl ejcjjhe"" <eefghdl@gmail.com>"
a12e3e6b-f077-4245-94e6-577fc86b885d,2021-12-15T15:44:10,BRAND1,565.62,"""cdlcaec gckhbgd"" <cdlcaec@appple.com>"
6c2f9323-b010-405a-8a58-8f3ce24c945e,2021-12-15T15:44:10,BRAND5,951.10,"""dbidilb aagicfi"" <dbidilb@live.com>"
4bf7904e-b41c-4ddf-81d3-09c82117a4aa,2021-12-15T15:46:40,BRAND2,817.46,flhdeck@appple.com
4c0804c1-9b37-440d-b9be-6de22dda6da1,2021-12-15T15:46:40,BRAND2,843.16,kghbcci@appple.com
c32ecac2-f133-444f-ba46-3e1a23995d0e,2021-12-15T15:48:20,BRAND3,485.30,"""ijhjdhb ebaalfa"" <ijhjdhb@gmail.com>"
34257557-25c5-41d2-a5c8-c73a3084583f,2021-12-15T15:48:20,BRAND2,810.01,"""fjjjdal gfcfgdk"" <fjjjdal@gmail.com>"
eb42d390-e802-49ef-bacb-137d7065a383,2021-12-15T15:49:10,BRAND2,91.74,"""bjdckff ejciagl"" <bjdckff@appple.com>"
0bacb7cb-6125-4128-9512-76d5f1091a5d,2021-12-15T15:49:10,BRAND2,497.76,dialcgc@appple.com
b49270cf-fd02-4731-8e4f-670a59b02960,2021-12-15T15:50:50,BRAND2,353.37,"""jbhjdba jcddbgb"" <jbhjdba@gmail.com>"
98706235-fdc5-49fc-8c71-a4434ab29808,2021-12-15T15:50:50,BRAND2,50.35,"""ebgffej bjlfgfb"" <ebgffej@gmail.com>"
d35e5b5b-a9be-4324-88fe-2ebf58a65997,2021-12-15T15:52:30,BRAND2,687.93,"""dhkejbd eahhlai"" <dhkejbd@appple.com>"
481c2e32-f109-4209-8f71-e9d6dcb2ad76,2021-12-15T15:53:20,BRAND2,901.16,gbkehhc@gmail.com
d950dd54-0e39-454f-b96c-2a83bbaddd56,2021-12-15T15:53:20,BRAND5,68.24,"""ehejckj dlhlfbc"" <ehejckj@appple.com>"
0d8b7f60-cb98-40e4-a93d-89950c6baf84,2021-12-15T15:54:10,BRAND1,829.12,agbcgkl@gmail.com
5cc39f5d-6f6b-4a38-af10-82e0a891c7b2,2021-12-15T15:55:50,BRAND1,96.40,higcfkl@gmail.com
7d319fa1-08a5-4453-9c1e-f29f4f194c23,2021-12-15T15:56:40,BRAND5,446.34,jflgjdf@hotmail.com
240aec89-b328-4d5d-8255-4421e8b0cb69,2021-12-15T15:56:40,BRAND2,526.34,hcjhdle@gmail.com
c707fd8b-54a6-47d4-8bf0-dfa7389f5ab9,2021-12-15T15:57:30,BRAND2,860.22,accaffd@live.com
bbe832c5-23f1-4fb2-8f77-9525ed4e3ba2,2021-12-15T15:59:10,BRAND2,152.01,jhkdgdi@live.com
89131c33-1c9e-420a-b989-def3fff04d7a,2021-12-15T15:59:10,BRAND5,642.33,"""cddgjgf lhllcgl"" <cddgjgf@appple.com>"
bf72590e-ad6e-4361-a313-30fd002b8c75,2021-12-15T16:00:00,BRAND2,939.15,"""fffjfii ljljelc"" <fffjfii@gmail.com>"
5d274f7c-87f5-435d-8b1b-14bbc8907c2f,2021-12-15T16:00:50,BRAND2,97.93,"""ffccgbj efeeege"" <ffccgbj@yahoo.com>"
ba675e7f-bb17-48d3-9e52-ad5c157247f0,2021-12-15T16:02:30,BRAND2,482.46,jjjjcje@gmail.com
c8711db4-3560-42d5-9c6a-49cca920d674,2021-12-15T16:03:20,BRAND2,663.30,"""aejgaef fecghlh"" <aejgaef@gmail.com>"
8e3084b7-20d4-4dbb-8a81-a6650826ff68,2021-12-15T16:03:20,BRAND2,878.48,hebibjj@appple.com
da76d109-ce31-4340-945f-0daa7a70359f,2021-12-15T16:04:10,BRAND2,323.24,lifdkik@appple.com
ccb6871a-99fa-4deb-85c3-4cd751f3ca74,2021-12-15T16:04:10,BRAND2,320.92,lcdhggi@gmail.com
3023b296-83fb-41af-97c6-f0994196a856,2021-12-15T16:05:00,BRAND2,966.79,kekjdha@appple.com
c8f70d69-87de-47fb-82b3-2b5b1cbdb0bb,2021-12-15T16:05:00,BRAND5,773.64,bbechkj@live.com
98323a03-0996-4a72-8f8a-58a26a2b8251,2021-12-15T16:08:20,BRAND2,2.21,"""dkdgjej ggeddbg"" <dkdgjej@live.com>"
bc8178cb-0d0e-41fb-a283-b6de94921e56,2021-12-15T16:08:20,BRAND5,130.77,"""jiiagbe jjgeglc"" <jiiagbe@gmail.com>"
7bd164df-8fe4-456a-84b3-8b280a443cb3,2021-12-15T16:10:50,BRAND1,330.71,"""fkkljfa iaaajkh"" <fkkljfa@appple.com>"
61d533c7-1730-43b5-a2ab-63a725bfc7d1,2021-12-15T16:10:50,BRAND5,59.71,"""delfaad hfjaikk"" <delfaad@gmail.com>"
f265fdcd-20d3-4135-b2d5-ef0ac8fe3c4f,2021-12-15T16:11:40,BRAND2,40.52,lbjdbca@gmail.com
5a5eb401-6420-4cfb-af10-a0d41c852b72,2021-12-15T16:11:40,BRAND1,495.57,"""dagdadg cdebfbj"" <dagdadg@live.com>"
ae15cf89-7d48-4230-8b7b-62d68ab3d3d2,2021-12-15T16:12:30,BRAND1,386.05,"""hcglkke chgdhjc"" <hcglkke@live.com>"
88b24e73-aef2-47b7-b898-72637687f879,2021-12-15T16:12:30,BRAND1,358.22,ekadhla@yahoo.com
17702885-41b2-439e-a428-21b183af3072,2021-12-15T16:13:20,BRAND2,771.41,jbfldhi@gmail.com
94313901-9b23-45a8-98a9-ea0cd07e3719,2021-12-15T16:14:10,BRAND2,365.15,"""eafjhei ielfiib"" <eafjhei@appple.com>"
d69b3d23-1396-4f16-8f5a-eb188ad9d136,2021-12-15T16:15:00,BRAND2,539.71,jlfilhc@gmail.com
900940c7-dc30-4780-b25a-46c8775a674d,2021-12-15T16:15:50,BRAND5,253.33,hldikik@hotmail.com
852e5c7c-dabe-49b2-8809-890159198499,2021-12-15T16:17:30,BRAND2,562.81,"""akdebla lfibafj"" <akdebla@appple.com>"
5e399699-bcc0-4816-88ab-38583d99a160,Wed Dec 15 16:18:20 2021,BRAND2,550.58,ijlecjj@appple.com
20de7fad-1b25-48b4-b71d-d254771e7059,2021-12-15T16:20:00,BRAND2,348.98,akdckla@live.com
a49efc1c-c4a7-465e-a49b-c1536186beb8,2021-12-15T16:21:40,BRAND5,929.58,kccegcf@gmail.com
58aff4bd-0dd3-4127-b263-5f5e86af6b9b,2021-12-15T16:21:40,BRAND5,356.45,"""aajclgf jeebddh"" <aajclgf@gmail.com>"
a8c6d860-6c88-446b-ab07-3928749ee9cc,2021-12-15T16:24:10,BRAND3,945.58,"""jfjdhei ihcbcjd"" <jfjdhei@gmail.com>"
d703c219-38e3-411e-96a7-d599b9b62d9d,2021-12-15T16:25:00,BRAND2,48.69,bijhgjd@appple.com
9f2b0c7a-081f-40df-80cb-58ee338777ab,2021-12-15T16:25:00,BRAND1,550.23,"""kcafgil fadfdbd"" <kcafgil@hotmail.com>"
1bd5f20e-7a28-490d-8f48-8fd200c21256,Wed Dec 15 16:25:50 2021,BRAND5,265.39,"""ibifdgl bdhkghd"" <ibifdgl@appple.com>"
61d42159-6550-4740-8d1e-16603c31214f,2021-12-15T16:26:40,BRAND2,351.94,bjchfdd@appple.com
bb82330c-3878-4c0b-ba42-4406dbb6d262,2021-12-15T16:27:30,BRAND1,574.09,iiclfkg@gmail.com
13377f9e-9c97-41fb-a371-edf46cd2719f,2021-12-15T16:29:10,BRAND2,712.82,"""clkhehl dagceid"" <clkhehl@gmail.com>"
178ccf2e-2c24-40bb-994b-62bcf2c206aa,2021-12-15T16:30:00,BRAND5,520.54,"""ejbbhie aklchli"" <ejbbhie@gmail.com>"
8636f210-af22-4c07-8541-82a590dcb442,2021-12-15T16:30:50,BRAND2,605.58,"""dhihhgi clakigh"" <dhihhgi@gmail.com>"
bdeee19c-b5e6-4467-b904-4c1656649050,2021-12-15T16:32:30,BRAND2,32.73,"""gceglbb ahfikij"" <gceglbb@gmail.com>"
50890d1e-372e-4f7d-b252-0a6a9e59e70e,2021-12-15T16:32:30,BRAND1,141.83,ijcacfa@hotmail.com
305535db-9cbb-46e4-afb2-80b52b45f6d4,2021-12-15T16:33:20,BRAND2,$609.79,jhjegac@appple.com
97b53144-d4c8-4841-92fc-929f443f7318,2021-12-15T16:35:00,BRAND5,273.89,afgcdik@appple.com
21d175f0-eef6-403e-ae70-0f0b1884bfd9,2021-12-15T16:35:00,BRAND5,976.51,"""feldbdf dlleeid"" <feldbdf@appple.com>"
797e7353-b357-4d1d-8786-a6ab617c1b75,2021-12-15T16:35:50,BRAND5,159.31,ifbhlhj@hotmail.com
41ec5766-7316-4f6f-aa72-1c799b45ee79,2021-12-15T16:35:50,BRAND4,923.42,jcfdeaf@appple.com
f2d4d65d-03ef-4a29-bf5d-0997df86ffed,2021-12-15T16:38:20,BRAND2,229.44,"""hlafijj hbjaibi"" <hlafijj@gmail.com>"
fc634c6b-94a2-49cd-a62c-98794d533038,2021-12-15T16:39:10,BRAND2,567.55,llakdjc@gmail.com
4b917808-4e34-4483-ad4d-24c5f6ad05f6,2021-12-15T16:40:50,BRAND2,50.61,cblkkcf@gmail.com
958ec76e-284a-4eb6-b23c-26723af7abf5,2021-12-15T16:42:30,BRAND5,137.56,"""ccjcggc fjiciea"" <ccjcggc@live.com>"
f1c87834-e649-42d0-9c9e-3505541e7667,2021-12-15T16:42:30,BRAND2,70.89,fcdebla@gmail.com
1afa8bf6-2d66-4717-884d-a622225f798b,2021-12-15T16:43:20,BRAND5,620.97,"""ichidkf hkhdejd"" <ichidkf@appple.com>"
86bddeb7-63c2-4d47-88e8-9f2c38644bd8,2021-12-15T16:44:10,BRAND2,372.70,"""llaahbd kbegfbi"" <llaahbd@appple.com>"
3f72a9c2-7e73-4ab6-a034-ca6eca729bdf,2021-12-15T16:44:10,BRAND2,560.16,"""akeiahk klikgcg"" <akeiahk@gmail.com>"
979bba19-326b-492f-9b34-4741355a0cfb,2021-12-15T16:45:50,BRAND1,680.30,jldheld@gmail.com
b8cf0377-9b59-4365-bad6-1b9db7de5a73,2021-12-15T16:46:40,BRAND5,745.76,"""hjjklhi hkjfgli"" <hjjklhi@live.com>"
f154aa43-d2a5-4f64-bebf-ccaf163f21ce,2021-12-15T16:48:20,BRAND1,282.70,lecegfe@appple.com
18562bd5-340d-42b8-a98d-731542b63547,2021-12-15T16:50:50,BRAND4,146.35,"""eicdjhc kliacie"" <eicdjhc@gmail.com>"
c0517523-fc46-41ff-9791-eee5afd23578,2021-12-15T16:50:50,BRAND2,928.32,eahjahh@gmail.com
fe6fbf0c-c46a-4893-bd7a-20be07414117,2021-12-15T16:51:40,BRAND2,777.00,icfhelc@live.com
87166815-7e1b-4add-ada5-807bbd990463,2021-12-15T16:53:20,BRAND2,89.31,eglheke@live.com
e41887cf-aac1-4370-8405-565ced2ed21e,2021-12-15T16:56:40,BRAND5,61.68,jklkkhd@appple.com
4644f2bf-fc13-4f98-9870-a0e31f0db214,2021-12-15T16:56:40,BRAND5,632.50,"""iagldib idkkchi"" <iagldib@gmail.com>"
697d807f-dd42-4cb3-bedc-f319d4bcc393,2021-12-15T17:00:00,BRAND1,822.97,gcgeehj@gmail.com
ce405736-b8df-4dbd-90d3-d794945e8a1a,2021-12-15T17:00:00,BRAND2,279.17,glfdedg@gmail.com
b539abbb-2683-45ad-b460-f103d1a891e1,2021-12-15T17:00:50,BRAND2,557.46,"""lfcakkc kdbccdk"" <lfcakkc@gmail.com>"
182ce897-a162-4fe5-b92a-21cd70b8e3d7,2021-12-15T17:00:50,BRAND2,251.27,ikegibg@gmail.com
b0fea307-62b5-480f-b12d-654a45943788,2021-12-15T17:01:40,BRAND5,327.06,"""cjkajdl jabljjf"" <cjkajdl@appple.com>"
c0a29425-b8f1-4f93-bb6b-ca2b04f8a874,2021-12-15T17:03:20,BRAND5,650.86,"""hfgkgjl kkfibjg"" <hfgkgjl@gmail.com>"
8293e058-2a85-49ec-b06f-a1b55c771edd,2021-12-15T17:03:20,BRAND3,505.17,jfbdggg@gmail.com
613be8bc-a2b5-43a1-910d-afe49b925867,2021-12-15T17:04:10,BRAND2,503.35,gfhhgcc@gmail.com
19d6a57a-2ea6-48ee-a219-cda608f1632f,2021-12-15T17:05:00,BRAND2,619.56,dlhjekg@gmail.com
2284bc08-d99f-4ac8-8b8d-3ec5481b8bc9,2021-12-15T17:07:30,BRAND2,246.65,hfcldka@gmail.com
2a75bbad-732d-4904-8263-ca6e180631db,2021-12-15T17:08:20,BRAND2,479.37,akkachf@yahoo.com
894f41c6-3405-41a5-8835-b67f896ad6d4,2021-12-15T17:09:10,BRAND1,171.14,igldgia@gmail.com
7f24f8f9-803c-443e-aecc-0dbd7d17d649,2021-12-15T17:10:00,BRAND5,608.59,"""hcahfkg klhelgg"" <hcahfkg@hotmail.com>"
65b78962-0bea-443f-9c80-b9ac3decf89a,2021-12-15T17:10:00,BRAND4,16.25,"""fbadhck cdilglj"" <fbadhck@gmail.com>"
e05d9a44-68ff-469c-a968-123ea566682c,2021-12-15T17:11:40,BRAND5,869.05,ifcaagl@gmail.com
ea1a540e-fe48-4991-b697-533243448269,2021-12-15T17:11:40,BRAND1,829.96,"""elefiac ibhfccb"" <elefiac@appple.com>"
64a7f738-2544-4a15-9680-b80fb3927a3b,2021-12-15T17:13:20,BRAND5,190.70,"""egiajbl lhdkajg"" <egiajbl@gmail.com>"
0565d83b-a3d7-4cfb-993a-ac296549329c,2021-12-15T17:13:20,BRAND5,877.65,gadjbjb@appple.com
88c46619-46ed-4975-bcb2-78edafdf7620,2021-12-15T17:14:10,BRAND4,888.30,"""eaheagh blggjka"" <eaheagh@gmail.com>"
58273d77-a0af-4cad-a491-9cffc6abd7ab,2021-12-15T17:14:10,BRAND2,516.40,ifdgbfl@gmail.com
0f2cd745-f38c-4251-8f9a-ce149f1784f2,2021-12-15T17:15:00,BRAND2,406.56,bhliiji@gmail.com
9a4cb423-0039-48dd-8d44-6c999033846e,2021-12-15T17:15:00,BRAND4,501.44,hejhlae@gmail.com
f0e7dc72-2bec-4ede-ac65-0c6f3c51c106,2021-12-15T17:15:50,BRAND2,734.75,"""cdfgikh bhgcjfi"" <cdfgikh@appple.com>"
0b50efa1-1da4-4dd3-989a-d2fc2db5ddbc,2021-12-15T17:17:30,BRAND2,629.01,cjchahj@gmail.com
d987018f-0927-4225-9971-a1b5f5288116,2021-12-15T17:17:30,BRAND2,256.56,kjbgkkh@appple.com
048b4e7c-be2c-4505-9f79-c9733fe0581f,2021-12-15T17:18:20,BRAND2,826.23,gjhhbek@appple.com
0be66a4e-5d33-4b89-861b-8e136c97c077,2021-12-15T17:21:40,BRAND1,129.51,"""cejaige djcdafh"" <cejaige@gmail.com>"
ea5f5a25-60f4-4893-bc19-b872bfdf35ad,2021-12-15T17:22:30,BRAND2,929.07,egfidle@gmail.com
b1a9c213-5790-40c7-a073-4dc253edde28,2021-12-15T17:29:10,BRAND5,101.69,ddjidia@gmail.com
7938f001-83a2-4bde-9992-28153e485269,2021-12-15T17:29:10,BRAND1,544.24,flibkgi@gmail.com
cae257d6-30a5-4fb0-964b-9ee11b77f034,2021-12-15T17:30:00,BRAND5,575.15,eghcjij@live.com
8883b1e3-9951-4f95-b6c2-04e2f86ca7d2,2021-12-15T17:30:00,BRAND2,863.11,egjlhif@gmail.com
660bc86a-0d6d-442e-b90c-78e9e72ae63f,2021-12-15T17:33:20,BRAND2,733.33,iaifhid@gmail.com
ba8db7a6-bb20-454d-8d91-1118d4b9b619,2021-12-15T17:34:10,BRAND5,100.31,cdbidhe@live.com
670be879-695e-4039-9d9b-ed00211cf2ae,2021-12-15T17:35:00,BRAND4,356.48,hkclebe@appple.com
02b56296-b220-4056-b277-8ec830b19d78,2021-12-15T17:35:00,BRAND5,14.38,licbdfj@appple.com
14708861-524d-4786-a878-9c52f4096a38,2021-12-15T17:36:40,BRAND2,967.26,"""halllbh alkahjj"" <halllbh@hotmail.com>"
6cb2ac91-4232-43a5-80ce-0b7374a9f7c7,2021-12-15T17:36:40,BRAND5,701.96,"""kalfjlh iadkddb"" <kalfjlh@appple.com>"
694b2119-ac8b-4070-86b3-a5359618764e,2021-12-15T17:38:20,BRAND3,546.28,jjgahgh@gmail.com
a2e30ec5-5dfe-4111-ad97-48b86f4cd05e,2021-12-15T17:39:10,BRAND2,780.00,dijehke@gmail.com
2eaa6ec7-4cca-4060-bd28-93135b558047,2021-12-15T17:40:00,BRAND1,694.20,falgdhh@gmail.com
7dccaa68-8f96-4c6d-8463-7f2eb30581ed,2021-12-15T17:41:40,BRAND1,171.58,"""ckfbhlc hcjedgl"" <ckfbhlc@hotmail.com>"
cdf559ab-9fc0-4c12-9023-3dc9118353ab,2021-12-15T17:41:40,BRAND2,662.04,jeakblj@gmail.com
8431245a-8d80-4535-851c-4ec21e64ff51,2021-12-15T17:44:10,BRAND2,579.28,"""jekgbij hhkbglh"" <jekgbij@live.com>"
25450b07-9d7e-431c-a6ad-e6cb8e34e7e3,2021-12-15T17:45:50,BRAND4,6.08,"""gfjkfbj hieddkk"" <gfjkfbj@gmail.com>"
76901ddb-de9b-4feb-b500-153ba9899bd9,2021-12-15T17:46:40,BRAND2,725.50,hjfllel@gmail.com
d17afee9-c136-4577-9e3e-ba440dbd9ddf,2021-12-15T17:47:30,BRAND2,881.24,hcallie@live.com
3991ac0e-d781-4167-8f58-cdf27117ed7d,2021-12-15T17:49:10,BRAND2,822.30,"""cdchbji jkgjeil"" <cdchbji@yahoo.com>"
8583b83b-f135-439e-8da1-40fe6822dd8d,2021-12-15T17:50:00,BRAND5,844.59,jekcecj@gmail.com
27d5bf8c-5b88-4899-818f-6b5cae319e6b,2021-12-15T17:50:00,BRAND1,545.80,"""dgkkdld bahblbh"" <dgkkdld@gmail.com>"
7ab579cd-c307-410e-b4ad-341e1c7f7371,2021-12-15T17:50:50,BRAND2,650.59,cbggdjf@live.com
8c8b830f-4257-4504-a33c-7cf246a7e882,2021-12-15T17:53:20,BRAND4,459.73,"""jclgiil jddiafk"" <jclgiil@appple.com>"
e79f7484-9993-435e-86a9-f8fe03c641b6,2021-12-15T17:54:10,BRAND1,872.39,"""ejfiiak kihcdhc"" <ejfiiak@appple.com>"
2b123923-f29a-4e23-aa4c-d4197836b9d1,2021-12-15T17:55:50,BRAND2,112.36,kkcleek@appple.com
e6714c7a-779e-473a-9bb6-e8f721ca0e6f,2021-12-15T17:58:20,BRAND2,557.28,"""gfkhkag edkkakg"" <gfkhkag@hotmail.com>"
3d15210d-62a2-49aa-b317-4c23744ec936,2021-12-15T18:00:50,BRAND2,39.79,"""ijgbcge bjjgkhl"" <ijgbcge@hotmail.com>"
a9604d9f-38df-4d71-9744-b4ed16655912,2021-12-15T18:00:50,BRAND2,893.60,"""chchaad jfkfebe"" <chchaad@yahoo.com>"
d409582f-36bf-4190-ae81-baf13138f46f,2021-12-15T18:01:40,BRAND2,450.88,cjbdhla@gmail.com
3686f53f-931d-432e-9111-834899ff471e,2021-12-15T18:02:30,BRAND5,694.08,"""lgggjgg kibhfjb"" <lgggjgg@yahoo.com>"
27c0e53c-b6bf-4ac4-9194-1ac267ad611d,2021-12-15T18:02:30,BRAND2,294.52,hbegfii@gmail.com
639e3c5c-db05-4ff9-963d-a126987dcbed,2021-12-15T18:05:00,BRAND2,978.83,dicadcc@gmail.com
97fb27d5-1430-41db-a873-714e8db66a42,2021-12-15T18:07:30,BRAND5,654.15,"""jfkjchj eiieiia"" <jfkjchj@appple.com>"
6abd5f35-84f1-40f8-85a4-fc75e49213d0,2021-12-15T18:07:30,BRAND5,152.66,bjcbfle@gmail.com
60af37b2-6477-4451-8da7-58bdd66ee7f0,2021-12-15T18:09:10,BRAND2,990.98,dcididk@gmail.com
f9e550f3-d0fa-489f-a178-4bfc71d951b2,2021-12-15T18:09:10,BRAND1,973.61,bjkkflh@gmail.com
36326b5c-55c2-4389-b36e-91463c19ad49,2021-12-15T18:10:00,BRAND5,242.28,hkdcfbd@appple.com
817916df-4646-4bcf-8ef2-4baaa36a4eda,2021-12-15T18:10:50,BRAND5,614.36,"""aahfckd gkdclhf"" <aahfckd@appple.com>"
59de0c7a-be55-4b25-a892-251d77f99415,2021-12-15T18:11:40,BRAND2,905.22,jhkaiia@appple.com
685cdd37-87f5-4e6e-bc6b-ab7e3ea1d296,2021-12-15T18:13:20,BRAND2,237.72,laiedld@appple.com
05007f09-3306-4925-814d-f313ec172358,2021-12-15T18:14:10,BRAND2,958.67,lkegbhj@gmail.com
d095e0de-c3e5-481b-b62f-9eeb1496c13b,2021-12-15T18:15:00,BRAND5,427.56,"""fbligdi dclclid"" <fbligdi@gmail.com>"
cd8dc3c9-a732-40e2-993d-e96fa5f96303,2021-12-15T18:15:00,BRAND2,760.21,"""ibfhdll cikbfcb"" <ibfhdll@live.com>"
43eef6cd-ff09-4b23-9c03-ed8e719be63c,2021-12-15T18:15:50,BRAND2,203.61,lkbjcgg@gmail.com
e8f52e9b-aae6-4180-b8ab-9809d72c7de1,2021-12-15T18:15:50,BRAND3,861.61,gajaack@gmail.com
1a02e45d-987a-4c12-a79c-c144f20a8363,2021-12-15T18:17:30,BRAND2,795.75,ckldaka@gmail.com
29461947-bb31-41c4-96b8-e308c58308f5,2021-12-15T18:17:30,BRAND5,314.36,"""kagdccb bflfghl"" <kagdccb@appple.com>"
83ee4f68-6423-4dbf-819b-58dd122c9c51,2021-12-15T18:19:10,BRAND3,290.28,"""fglhgbd iahjhle"" <fglhgbd@gmail.com>"
d7f5cfdc-c445-4282-871b-184fc03fc970,Wed Dec 15 18:20:00 2021,BRAND5,375.47,"""jeejklf bilhgie"" <jeejklf@appple.com>"
8db70ad4-6322-44f5-b047-998216065297,2021-12-15T18:20:00,BRAND3,250.88,"""bkcldgk dabbied"" <bkcldgk@appple.com>"
d324eef8-9ddb-42db-9896-ec404da3d568,2021-12-15T18:21:40,BRAND5,199.90,"""gebgaek cfciagj"" <gebgaek@appple.com>"
2530f932-8297-4df3-bfbd-77a201dff5a8,2021-12-15T18:21:40,BRAND2,712.36,jijdjjc@gmail.com
bcc46c55-5279-4198-af4b-3d8bd8fce0d3,2021-12-15T18:22:30,BRAND2,275.81,cjdbbbl@appple.com
08718044-e454-4920-a5b4-9bdda33555f9,2021-12-15T18:22:30,BRAND2,955.19,kdgeihh@appple.com
b8a25ca2-cd93-4165-a7d9-3c47076262eb,2021-12-15T18:25:00,BRAND2,756.31,cackgae@gmail.com
623ece19-ad72-4d5d-8496-63b283410324,2021-12-15T18:25:00,BRAND2,901.59,jadigai@live.com
b4205c17-4046-45e1-8fae-546b8da3c7a4,2021-12-15T18:25:50,BRAND2,382.57,"""jcfdahe ffbikje"" <jcfdahe@gmail.com>"
858b448c-93ba-41f7-898d-b93643fc5809,2021-12-15T18:26:40,BRAND2,744.97,dckldhe@gmail.com
79717dd6-baf0-477e-a81a-451e5ebc404a,2021-12-15T18:26:40,BRAND2,110.70,gcaifli@gmail.com
f25dec88-a99a-4a21-9780-d4bb320aa753,2021-12-15T18:28:20,BRAND2,687.36,ddaibkd@gmail.com
d552eb51-df27-4a56-9119-b07b6714f389,2021-12-15T18:29:10,BRAND2,930.23,"""kehejig iigbeeh"" <kehejig@appple.com>"
9f2a8df1-392b-43f9-8e51-ac692f5ae5a9,2021-12-15T18:29:10,BRAND1,112.27,gahhfib@gmail.com
1752a0d7-71cf-4b4f-b55b-18a985fd47ac,2021-12-15T18:31:40,BRAND2,850.84,"""jadkgib bhdaaee"" <jadkgib@gmail.com>"
18f917ce-6d06-49b7-a9f8-6e94fb790951,2021-12-15T18:31:40,BRAND5,868.55,dellchk@gmail.com
a193d735-8df6-4caf-96c1-a5c1842fd20d,2021-12-15T18:32:30,BRAND2,518.50,kghihaa@gmail.com
1f63d473-7817-4b6c-8d83-3e3522e026d0,2021-12-15T18:32:30,BRAND2,$117.58,ahhbdjg@yahoo.com
c09ab981-8284-463f-a92f-3b307053ebed,2021-12-15T18:34:10,BRAND2,341.63,fbeldbf@appple.com
320f30c0-4833-4d07-9554-290895af9448,Wed Dec 15 18:35:00 2021,BRAND2,546.73,eeaehkj@live.com
8a856a22-a162-4f94-9c6f-d2d9f6175b97,2021-12-15T18:37:30,BRAND5,166.35,bhfcggd@appple.com
248ed8d0-9ce8-458f-b312-80c426d67da9,2021-12-15T18:39:10,BRAND2,205.31,"""adbbihj lejleal"" <adbbihj@hotmail.com>"
0acf5762-c65c-4e82-bfe6-9685a57e5bda,2021-12-15T18:39:10,BRAND2,146.05,eejehcg@gmail.com
81440d51-bc85-41bb-bc0e-8fdf46e1619b,2021-12-15T18:40:50,BRAND2,842.54,gcfcabc@gmail.com
64995a42-ee3b-4ed0-9ebe-66f67b3b8dd6,2021-12-15T18:42:30,BRAND2,382.61,bjadbkh@live.com
0ae1900f-38ac-4993-bf8b-5808e150a402,2021-12-15T18:42:30,BRAND5,529.50,bhfhhhl@live.com
e630f399-d83e-4ca7-9bad-19e070a8e469,2021-12-15T18:44:10,BRAND2,618.84,"""ladckea kgbjhhl"" <ladckea@gmail.com>"
079569f2-79ab-4860-8455-57fbbdeb4155,2021-12-15T18:45:50,BRAND4,132.50,kbaajab@hotmail.com
d172c07b-275e-497c-a109-0b82aba84223,2021-12-15T18:45:50,BRAND2,50.78,"""hbclhei kalhbgd"" <hbclhei@yahoo.com>"
534bf2c3-f2d5-489b-be04-f30fde54783b,2021-12-15T18:46:40,BRAND1,649.43,ekfbeei@gmail.com
4aff75d7-e9e1-47d4-a2b5-138b4aa60b2f,2021-12-15T18:47:30,BRAND2,157.92,"""ckdjhgf ikjefdb"" <ckdjhgf@appple.com>"
c9edcf2b-e05f-474b-8796-e06d2b109f27,2021-12-15T18:47:30,BRAND5,486.77,faihikf@hotmail.com
6ff947f3-7c2b-4c48-adce-4e32a3c72dda,2021-12-15T18:48:20,BRAND1,962.22,cffkfgc@appple.com
eafbdfc4-f00c-4911-acc5-55d2cf178fda,2021-12-15T18:50:00,BRAND5,293.31,hdjfkcl@gmail.com
2667f841-027a-4288-a819-4e9c4bc4954a,2021-12-15T18:50:50,BRAND2,833.29,lfjgbbh@gmail.com
49cc7ddf-5bca-4b0d-b847-a3494df0f39a,2021-12-15T18:51:40,BRAND1,396.81,hliebab@yahoo.com
44cca54a-6d51-4816-8782-b6b8cfc03554,2021-12-15T18:51:40,BRAND2,436.15,gilidjh@gmail.com
c217abeb-2b6a-4d9d-9805-2c20dda0a872,2021-12-15T18:52:30,BRAND1,617.38,"""edjddlf bbglbii"" <edjddlf@hotmail.com>"
9d12490d-c50a-470a-ba2f-b9f4e2ce550c,2021-12-15T18:54:10,BRAND2,482.10,bhifbag@gmail.com
faa9d3dd-44b2-4338-8ec5-cd29e2ba519c,2021-12-15T18:55:00,BRAND2,708.27,dhgdebe@appple.com
11fd5e37-0ad5-4ba4-b22b-63ccfaf2dc15,2021-12-15T18:55:50,BRAND2,722.83,gfakedd@gmail.com
df8ba2cc-acfc-4ae1-a4ef-276592b1384c,2021-12-15T18:57:30,BRAND1,537.98,cifggbb@appple.com
1784b8cc-c124-4280-a8a5-447e478ddc87,2021-12-15T18:58:20,BRAND2,672.88,diehddh@live.com
4077800e-a661-40c1-87c9-f2e2ba90c1d9,2021-12-15T18:59:10,BRAND2,97.27,jfcdbka@appple.com
815c3bdc-e522-4ffc-bbbb-f913a518d6ec,2021-12-15T19:00:00,BRAND2,98.45,"""cilaggg bhbfcek"" <cilaggg@gmail.com>"
f0573ec4-e862-4da9-a1fb-080917f30e6a,2021-12-15T19:00:00,BRAND2,359.11,dgdalci@yahoo.com
76f7bf3a-88e9-4dca-9bc2-19410a610cdb,2021-12-15T19:00:50,BRAND1,701.83,"""gejjlbk dibahfi"" <gejjlbk@gmail.com>"
97c9872a-4cda-4920-89b4-ebf1455867aa,2021-12-15T19:00:50,BRAND5,119.76,"""agbefih hkkkkfe"" <agbefih@live.com>"
76ac4ad4-531d-4772-9037-89e769d728f9,2021-12-15T19:01:40,BRAND4,526.99,"""ldiiafe ckdjejg"" <ldiiafe@appple.com>"
a842420c-1b3e-406a-819e-0e1865b5f91d,2021-12-15T19:03:20,BRAND2,777.78,lbifjbf@appple.com
eb1d6581-c618-4ad3-b481-7bdfedf4df88,2021-12-15T19:04:10,BRAND5,504.12,bicbjdd@live.com
367caca1-5204-4b63-9623-05a1ca7635a9,2021-12-15T19:05:00,BRAND2,183.05,gihcgbd@appple.com
58e33b21-8bbd-46ae-bf71-fa359459ed84,2021-12-15T19:09:10,BRAND5,321.51,gjlhcfl@hotmail.com
61ccc36c-1916-429a-b125-ddb0bc5ca1dd,2021-12-15T19:10:00,BRAND4,819.60,"""ljjfeee eackjhe"" <ljjfeee@live.com>"
0dfd3972-06f8-4b90-84eb-661e5d9f537b,2021-12-15T19:11:40,BRAND5,290.04,chhijec@appple.com
94aa2fb0-49b8-4189-ac2f-b556d8befa64,2021-12-15T19:12:30,BRAND2,254.03,fadchbb@appple.com
26cb07e5-ee1d-40d9-a159-ea04eb19e32a,2021-12-15T19:12:30,BRAND1,565.19,dhbelja@appple.com
cb8511ec-77d9-46a7-889c-9937538d3bdd,2021-12-15T19:13:20,BRAND2,28.20,fakdgcd@gmail.com
809519f4-a7fd-4fd3-96cd-078cd5b1198b,2021-12-15T19:14:10,BRAND2,175.17,belikdd@appple.com
c0ef2463-4ac8-43ae-bf0c-782878898142,2021-12-15T19:16:40,BRAND2,315.88,faigcfh@appple.com
18858dd2-2ac0-4ef3-b896-05bfe2da8ae3,2021-12-15T19:16:40,BRAND2,377.89,ibfebee@gmail.com
593c26cb-a83d-4745-a03b-6fc7b685549b,2021-12-15T19:17:30,BRAND5,704.94,bagijai@gmail.com
aa62869b-3e2f-4bfd-915f-da183e078d79,2021-12-15T19:18:20,BRAND2,941.33,gkghgac@gmail.com
174b0b1d-9e81-44ee-b21c-04ef67688164,2021-12-15T19:18:20,BRAND2,266.99,kjlcfgg@gmail.com
883e69cc-ed37-4a6a-a653-e4acf5277005,2021-12-15T19:20:00,BRAND2,185.98,aghfibk@yahoo.com
0a9167dd-ae03-48da-9935-d01ee4baee47,2021-12-15T19:20:00,BRAND1,687.17,"""jjfjfhh acfjhbb"" <jjfjfhh@gmail.com>"
3d240aaa-e6b7-470f-a88f-0e2f27738d30,2021-12-15T19:21:40,BRAND1,35.56,"""hifkfid fkbabha"" <hifkfid@appple.com>"
1601d374-4315-474c-98ee-76be79c4c7c5,2021-12-15T19:21:40,BRAND5,765.71,"""kaeigbi lalbhcg"" <kaeigbi@live.com>"
e98457a2-3320-4ad6-89ab-06ca5ac62856,2021-12-15T19:22:30,BRAND2,562.46,faebglf@gmail.com
d2ced62f-2f2e-46a5-8ea5-01f9026b6470,2021-12-15T19:22:30,BRAND4,829.62,jibjbce@gmail.com
a1aebe9e-1582-4c41-9cd5-bcb9503656cf,2021-12-15T19:25:50,BRAND5,669.67,"""lccgibf kdighlc"" <lccgibf@appple.com>"
87369bf2-5587-4057-a7ff-76a5b71316a6,2021-12-15T19:25:50,BRAND4,628.59,"""dlijkdj eeiikgh"" <dlijkdj@gmail.com>"
1adb0b79-226d-455e-b064-2000548799c3,2021-12-15T19:26:40,BRAND5,942.29,bfhcifg@gmail.com
ffcb6383-bdbb-44a0-8893-a17642906573,2021-12-15T19:27:30,BRAND1,557.73,"""afihhjc akiafjj"" <afihhjc@yahoo.com>"
d664097f-e6eb-4574-bc6f-c4c1a13fbd90,2021-12-15T19:29:10,BRAND2,365.47,bbbehkg@live.com
03fa5ba1-0dfb-4d81-ad3f-16e78c0677d8,2021-12-15T19:29:10,BRAND2,570.17,aakbeaf@gmail.com
d4d4176c-51d4-4cad-93af-041bcc2d240e,2021-12-15T19:30:50,BRAND2,552.05,kbicjhi@gmail.com
82df95ca-9ca9-4c51-92be-1d5f1316857c,2021-12-15T19:30:50,BRAND2,354.80,"""cifbacc iafflgd"" <cifbacc@gmail.com>"
1930e59d-6114-4931-8bdb-bb1523e24a09,2021-12-15T19:31:40,BRAND2,999.86,"""dfegiki clfcfhb"" <dfegiki@gmail.com>"
bb2a621a-231f-4e38-84d4-889e5e54913e,2021-12-15T19:32:30,BRAND5,53.14,"""hihafgk haaihfa"" <hihafgk@gmail.com>"
ff989ac7-4d59-4646-9669-a66b89eca88b,2021-12-15T19:32:30,BRAND2,784.19,"""ggljjij llbkflc"" <ggljjij@gmail.com>"
892d85e7-4375-4b47-a60c-85d9e6ec831a,2021-12-15T19:33:20,BRAND2,804.34,"""bgelbfl fhdklgd"" <bgelbfl@live.com>"
0564d69a-014a-49ed-b170-736e21808d68,2021-12-15T19:35:00,BRAND1,997.70,ddbfdca@gmail.com
28d1e3cc-ab55-4aed-8959-0d6e6797a67a,2021-12-15T19:35:50,BRAND2,2.39,kifcdcg@gmail.com
83de1020-693e-453e-a573-98e9fe6daeb2,2021-12-15T19:35:50,BRAND2,270.65,"""ggkeghh llbaejh"" <ggkeghh@appple.com>"
b42ba42e-7b00-4dd2-af4f-d3aa139947b8,2021-12-15T19:36:40,BRAND5,365.93,"""dfglgbc eebcghd"" <dfglgbc@gmail.com>"
be29a6b1-6122-44a8-9911-81b8a21fcb46,2021-12-15T19:40:00,BRAND2,572.15,"""ghgdkab fcecagc"" <ghgdkab@gmail.com>"
2422503a-c347-4817-b237-2ec2fdf0932c,2021-12-15T19:40:50,BRAND5,827.83,cbciheb@live.com
52740562-00eb-4671-b77b-0ebe397a1ba3,2021-12-15T19:41:40,BRAND2,72.68,lfdlghj@live.com
e39c2e5e-cc91-4b35-8ac1-7845b7f523d3,2021-12-15T19:41:40,BRAND3,703.51,cdiebif@appple.com
2f97e77f-ec59-48e9-b0fc-dfa5fd05a32a,2021-12-15T19:42:30,BRAND2,48.96,kkhcddj@gmail.com
4e17a251-edd9-45a5-9cdd-845b7d93eef6,2021-12-15T19:43:20,BRAND5,389.98,"""dljbgkc iccffei"" <dljbgkc@gmail.com>"
ccde84c7-66a6-497d-90f5-24897b2c8d3f,2021-12-15T19:43:20,BRAND2,955.20,ajellah@gmail.com
d87cc2ec-90b4-4a4f-b93a-56579c14eb73,2021-12-15T19:44:10,BRAND1,709.85,igjbhaf@appple.com
51cbb494-4dee-4bde-8b05-1578aaa1f34c,2021-12-15T19:45:00,BRAND5,15.03,khfiibb@gmail.com
fa64a497-e671-45ad-ac16-acc1977d0199,2021-12-15T19:45:00,BRAND1,334.19,"""kegbeac acifcde"" <kegbeac@appple.com>"
0a6f98e0-24ba-4dd3-81f5-ec1e2cd7e74d,2021-12-15T19:49:10,BRAND2,266.40,dalcfea@appple.com
1f7fcd06-57a6-42ff-9835-f8f3072505a8,2021-12-15T19:49:10,BRAND2,674.73,"""blehihg albhejb"" <blehihg@gmail.com>"
1d6dac22-211c-4f1b-8617-237752d7db59,2021-12-15T19:50:50,BRAND2,438.73,kfafbih@live.com
fcad2f4f-3095-4f76-9962-2600aee5a1a0,2021-12-15T19:51:40,BRAND5,182.06,"""ahchedd hhkcllc"" <ahchedd@gmail.com>"
940425a0-b0be-4206-b733-45de514504ed,2021-12-15T19:53:20,BRAND2,642.97,laaclel@yahoo.com
5f2d2f04-d5db-42f8-bf36-e46e5ccdfc7e,2021-12-15T19:54:10,BRAND2,116.18,"""hgfbkhi bjkeahg"" <hgfbkhi@gmail.com>"
21c15ac8-c332-4145-a21b-5bd4c249d245,2021-12-15T19:55:00,BRAND2,247.48,dcackah@gmail.com
8bbad9e7-6f60-449f-94c7-27f1a71c33d3,2021-12-15T19:58:20,BRAND2,838.35,afdaael@appple.com
e723dde2-7b6a-46b6-b205-1722c8887b30,Wed Dec 15 19:58:20 2021,BRAND1,335.68,jijlhaf@appple.com
9187783b-5289-4254-bc61-c335b1fa811c,2021-12-15T20:00:00,BRAND2,166.51,deciail@gmail.com
c8e3944a-83e5-4501-be32-2b6548d24fb2,2021-12-15T20:00:00,BRAND2,91.65,gijhfjf@gmail.com
acbd3497-2f53-4ec2-bf2d-2eb629e90ac7,2021-12-15T20:00:50,BRAND5,925.08,"""iefjheg ceebldc"" <iefjheg@appple.com>"
25440058-351c-49ef-af84-97ed720da50e,2021-12-15T20:00:50,BRAND5,226.95,hhlffcc@yahoo.com
48e66fac-f012-4ea0-b82c-81f089ed2984,2021-12-15T20:01:40,BRAND5,760.22,"""dlflebl kaikbgg"" <dlflebl@gmail.com>"
5104f6e0-93b4-4ecf-9e57-d71636973288,2021-12-15T20:01:40,BRAND5,440.25,kdacglg@gmail.com
a1f3f06f-df85-4609-895d-f9e136af035a,2021-12-15T20:04:10,BRAND5,238.95,"""ihfdcie gaaklci"" <ihfdcie@appple.com>"
7bf7fe95-3685-4a60-aebc-1b3614480d1d,2021-12-15T20:04:10,BRAND2,60.74,bbebdbi@gmail.com
7d8ce1a5-90f4-4ee7-b7c3-ace2f18032f6,2021-12-15T20:05:50,BRAND1,407.00,likhffj@gmail.com
304e8f71-07c7-466a-9bfa-6ff405984649,2021-12-15T20:05:50,BRAND3,333.25,idicjlc@appple.com
7562e51a-0836-4f35-b817-d47db7db0359,2021-12-15T20:07:30,BRAND1,685.58,lebegge@appple.com
a34b7e78-938f-4c65-84ee-d29a1014c12a,2021-12-15T20:08:20,BRAND5,853.67,fcheeij@live.com
a572c628-aa93-4921-8386-eef0749dce90,2021-12-15T20:10:00,BRAND5,722.10,khafeie@live.com
59c091f8-92df-4c78-917a-81e9d0035f9a,2021-12-15T20:10:00,BRAND2,285.28,ffcihck@gmail.com
bafc396c-3018-420f-84fe-2da23bef241b,2021-12-15T20:10:50,BRAND2,419.42,"""afaiiea bghkclh"" <afaiiea@appple.com>"
e7d5ac1b-c8d4-4877-97bc-aeac74f23b8a,2021-12-15T20:12:30,BRAND2,519.19,"""egahaeg kiggdag"" <egahaeg@yahoo.com>"
fc20f1ec-282f-4a99-b7c7-8b0906059701,2021-12-15T20:13:20,BRAND2,617.32,adledkh@gmail.com
b1162e25-255a-4e59-8136-f46afa12fea5,2021-12-15T20:13:20,BRAND4,911.67,hdbjhlb@gmail.com
770354d2-9dc6-446a-ac9d-5142a1344997,2021-12-15T20:14:10,BRAND5,68.03,fejeiec@appple.com
db7f22f9-6803-4a32-9068-f73d351ecafc,2021-12-15T20:15:00,BRAND2,100.93,"""aikaljj fjagdbi"" <aikaljj@appple.com>"
7fbda85a-a0f9-4f4c-8692-2a5a8f78b6c9,2021-12-15T20:15:50,BRAND1,420.78,gijdjci@live.com
8efff73a-e6c5-4d98-a872-9c20e71db230,2021-12-15T20:15:50,BRAND1,670.07,"""ibglajh gcaaaci"" <ibglajh@gmail.com>"
0de54934-98c5-43be-a74d-7a18857abebd,2021-12-15T20:16:40,BRAND5,23.46,"""behfhii begdahg"" <behfhii@gmail.com>"
d6d063c6-4276-426a-b4fd-9af218eef091,2021-12-15T20:16:40,BRAND2,71.29,llajhjc@live.com
d469a83e-0b30-4e80-8fbb-4823b49ccf86,2021-12-15T20:17:30,BRAND3,401.31,heibhgg@gmail.com
e8eebdfe-3e85-425f-b168-519af5e59321,2021-12-15T20:17:30,BRAND2,695.83,"""dffcfke hadadkj"" <dffcfke@gmail.com>"
d3f5815d-df18-4a8a-b26d-fa4ab2c0a725,2021-12-15T20:18:20,BRAND2,594.54,gjgefck@gmail.com
847132f5-4ef2-471f-b4d1-4e995839c68d,2021-12-15T20:18:20,BRAND5,497.51,"""djcgbbh lagffja"" <djcgbbh@appple.com>"
a50f9765-98ce-4317-8d86-9400c8c05372,2021-12-15T20:19:10,BRAND2,193.50,"""fhehacd ajgjjhh"" <fhehacd@yahoo.com>"
2f2528d9-b2ff-4aef-9eca-82e4829f3f85,2021-12-15T20:19:10,BRAND2,268.35,"""lcbbgjk bcabaid"" <lcbbgjk@gmail.com>"
6fe52b2d-7d9e-4465-b4a1-7c340692ee04,2021-12-15T20:20:00,BRAND2,210.49,"""fcbbjaf dadhgag"" <fcbbjaf@gmail.com>"
09a2fac2-70db-493e-8f51-6e098ff7a401,2021-12-15T20:20:00,BRAND2,557.23,cgbbgae@gmail.com
9cccd8e2-3920-46cf-9c2d-85deab68eea2,2021-12-15T20:20:50,BRAND2,142.80,"""gkbilec bbheeei"" <gkbilec@gmail.com>"
3e84604c-5a17-4d98-86bd-610286def03d,2021-12-15T20:20:50,BRAND2,507.26,"""kllaigd jbjejbi"" <kllaigd@gmail.com>"
397b63e4-e91d-4b27-8951-f6dbd7c0d475,2021-12-15T20:22:30,BRAND2,933.59,ellclcf@gmail.com
01c3a7bf-8432-4ee1-b109-314715ccc561,2021-12-15T20:22:30,BRAND5,246.14,"""dbdhijd gabdaki"" <dbdhijd@appple.com>"
ddea03b7-3820-4da5-961b-eaab1a7e7de1,2021-12-15T20:23:20,BRAND2,690.53,jdljigi@gmail.com
eed0b280-20bb-4a27-bfd4-0879ed70345b,2021-12-15T20:23:20,BRAND1,667.50,cbbejkh@live.com
eba70a25-8381-470b-83a8-549e7b67c1b9,2021-12-15T20:25:00,BRAND3,170.08,lcjhelj@gmail.com
835c55ed-7cfa-46b8-a015-8dfd95ac9b33,2021-12-15T20:25:00,BRAND1,770.58,"""kieihgj ehdcdkh"" <kieihgj@appple.com>"
7bec8be5-3419-4730-92e8-c6cac18a3e72,2021-12-15T20:25:50,BRAND1,844.08,"""jhgcfkd hkcbhcc"" <jhgcfkd@gmail.com>"
46a006f7-dff9-4899-88d7-eb41734ef398,2021-12-15T20:25:50,BRAND2,632.30,dccdhia@appple.com
7e7fb38d-5f23-44b0-9cca-8ec45aab146b,2021-12-15T20:26:40,BRAND5,357.35,ekefghe@appple.com
46314a94-2537-4d21-9fbc-cb3dc0ccf820,2021-12-15T20:26:40,BRAND2,593.57,jgjhhfb@gmail.com
f3a6b2bb-e634-4fbc-9f9a-5067d1f3d977,2021-12-15T20:27:30,BRAND5,707.43,"""aclille afjbaib"" <aclille@gmail.com>"
92d0e135-e352-49c0-a33f-c300afeb3c8b,2021-12-15T20:27:30,BRAND2,602.51,jeedcaa@gmail.com
b6dcf40e-59f7-4a70-9eea-16800dea63be,2021-12-15T20:28:20,BRAND1,933.86,aigcbbe@gmail.com
08b23e1a-614b-42cf-8ca5-0d0d9af362e5,2021-12-15T20:30:50,BRAND5,719.84,edbbcje@gmail.com
3c764947-347f-4117-bc5d-8a76ce73285c,2021-12-15T20:30:50,BRAND2,932.65,"""eadhcac declchh"" <eadhcac@gmail.com>"
b165f589-92e9-4cca-a6a9-fddc1a1288e4,2021-12-15T20:31:40,BRAND2,236.25,bhhkgje@appple.com
c471515e-d658-4d08-b394-4c4304009141,2021-12-15T20:32:30,BRAND3,682.05,"""gbibkaj cdaejjb"" <gbibkaj@appple.com>"
3cc77fad-3d6a-4d69-83a5-48e249f0224e,2021-12-15T20:34:10,BRAND2,437.98,"""iclcdde igcgcic"" <iclcdde@gmail.com>"
4f41cc05-1061-4350-8e45-df44ac8c69bf,2021-12-15T20:35:00,BRAND2,215.21,"""kiccbjk lklgjfe"" <kiccbjk@yahoo.com>"
2acb59fc-40f5-47b3-bcca-4cf9873c160c,2021-12-15T20:35:50,BRAND2,497.68,hkbdgjg@gmail.com
16e5b05f-fb77-46ce-ad23-ca272cec820e,2021-12-15T20:36:40,BRAND5,947.49,"""gdghfhc gkeigga"" <gdghfhc@yahoo.com>"
3df2eceb-0fce-4998-838f-e094b0ad0868,2021-12-15T20:36:40,BRAND5,21.47,kahibif@live.com
9f69ea25-fba6-4099-a70e-1790deff4092,2021-12-15T20:37:30,BRAND2,521.69,"""flejgdj jibldah"" <flejgdj@hotmail.com>"
a450e3d4-2c93-431c-a558-dbb1a7c7c07d,2021-12-15T20:38:20,BRAND5,972.22,"""efdfbad kidfhac"" <efdfbad@appple.com>"
acd5ba5c-8e3d-46bb-81c9-ad87170753d9,2021-12-15T20:40:00,BRAND2,976.41,bbbccbb@gmail.com
f0116f22-735e-4047-b6c9-59e5e0cf18d8,2021-12-15T20:40:00,BRAND2,429.64,dekgagh@gmail.com
03a9ca56-2e54-47f5-a68d-975d07027b4e,2021-12-15T20:40:50,BRAND3,341.86,"""leggjde gfgbgdg"" <leggjde@appple.com>"
3cadcc5b-88f7-43fd-9ed3-986722ed2600,2021-12-15T20:42:30,BRAND3,818.55,biajaki@gmail.com
53a36002-d17d-4986-8db0-2703384d7b55,2021-12-15T20:42:30,BRAND2,418.93,geadhld@hotmail.com
31d1d573-bfd4-43bc-8b92-4c83dc19355b,2021-12-15T20:44:10,BRAND2,513.78,chgjaag@appple.com
b5160374-e732-4f76-8d5f-d8af26a0c1b2,2021-12-15T20:44:10,BRAND2,392.91,diakgij@hotmail.com
4f8f9c79-8a19-44c5-bb74-79c7ff01105d,2021-12-15T20:45:00,BRAND1,380.69,fcgjldg@yahoo.com
fda77a24-1696-4ae6-b44d-95d9891e353d,2021-12-15T20:45:00,BRAND2,215.73,"""laigild igfkbjh"" <laigild@gmail.com>"
6a26fbc0-a376-4ff1-9f06-356168bf8e37,2021-12-15T20:46:40,BRAND4,453.48,"""debkbgk igdllek"" <debkbgk@appple.com>"
8b8984b4-250f-4651-bee3-4ef748d7de29,2021-12-15T20:46:40,BRAND2,586.54,"""efkljkb hcdibai"" <efkljkb@yahoo.com>"
6664217b-8203-4e90-986b-37573ac88191,2021-12-15T20:47:30,BRAND3,56.96,"""dbchljf jcefalk"" <dbchljf@gmail.com>"
