id,date,brand_id,trans_amt,email_address
96cc711a-05dd-48ed-b839-35a348846b20,2021-12-05T13:10:00,BRAND2,595.26,klggchd@live.com
fe77cb76-477a-441e-a644-455a784885cd,2021-12-05T13:10:50,BRAND2,725.89,"""gggfjcg kiihfli"" <gggfjcg@appple.com>"
e7907ec9-fc93-4039-9509-c7c2887c9806,2021-12-05T13:10:50,BRAND5,819.17,ihcfggh@gmail.com
b61ad4c7-729e-4019-935d-d01c5758edd6,2021-12-05T13:11:40,BRAND5,565.32,iiildfd@gmail.com
0ebc91ae-2c0b-4f7a-beab-42f3de567743,2021-12-05T13:11:40,BRAND1,463.16,abchggd@gmail.com
1c4422ee-e261-4f3c-b802-064f996c20ba,2021-12-05T13:12:30,BRAND5,611.94,clhalgb@appple.com
e0c50435-43e8-402a-bfa4-a0ce79633a3b,2021-12-05T13:12:30,BRAND5,165.41,lekfefg@gmail.com
7e711a6b-7411-41e4-a01e-6a39bd124b24,2021-12-05T13:13:20,BRAND2,836.64,kegjdfb@gmail.com
fddb4964-b431-473a-97fb-8adfc2ed76af,2021-12-05T13:13:20,BRAND5,359.69,djlfkcc@gmail.com
d54a9b1d-af90-4d0b-a74b-d11b00b37d08,2021-12-05T13:15:00,BRAND2,524.10,lfklgid@appple.com
91a9ef2f-078a-4d1b-be02-80cb5dae7f6b,2021-12-05T13:15:50,BRAND5,793.44,bbifjeb@yahoo.com
b3d0a85c-1534-49d4-a152-92eeaad9750c,2021-12-05T13:15:50,BRAND1,249.87,ijcjhlk@gmail.com
da5e960a-5262-49e1-aa20-6d8a26e2a813,2021-12-05T13:16:40,BRAND1,613.32,cehhkjh@gmail.com
656891a0-9437-4183-acfc-6feb4df3f41f,2021-12-05T13:19:10,BRAND1,687.30,glhdgfj@gmail.com
94274546-e310-4bce-bc0b-7a1a6c784f97,2021-12-05T13:19:10,BRAND4,986.13,cjhcaei@gmail.com
b00fb71e-8b36-46ff-8fff-60464ad67a3d,2021-12-05T13:20:00,BRAND2,226.16,"""faejjbd dakfjdh"" <faejjbd@hotmail.com>"
0fa33f89-aee1-42ac-9802-4532df3b677d,2021-12-05T13:20:00,BRAND2,198.87,hibkldl@gmail.com
f2bb0ccc-9fbb-4e5f-90e5-ad408a929042,2021-12-05T13:21:40,BRAND2,319.55,dgjleha@gmail.com
cf34e6c9-a178-44e4-be8c-59b511e0371b,2021-12-05T13:21:40,BRAND2,101.99,cflfabf@appple.com
cfd340a3-e1aa-449d-8ee3-604c2b2858c2,2021-12-05T13:22:30,BRAND1,794.38,"""iidfabh kflliai"" <iidfabh@gmail.com>"
785a5856-4454-48dc-84fd-0f7ae46f3640,2021-12-05T13:22:30,BRAND1,801.40,"""gkkijdc galblei"" <gkkijdc@gmail.com>"
4af621e4-78ce-4125-aeff-0fc3ba927f24,2021-12-05T13:24:10,BRAND5,646.56,caifkah@gmail.com
d2ea6656-45be-4c06-99dd-de8231488caa,2021-12-05T13:24:10,BRAND1,125.70,aaiacjk@gmail.com
9078b0a7-e083-4455-91ea-c402846acf58,2021-12-05T13:25:00,BRAND2,743.92,"""ebafeij jkgdeai"" <ebafeij@gmail.com>"
7b034c22-23b4-432f-93af-7db0f87bac19,2021-12-05T13:25:00,BRAND2,343.03,bhklcba@appple.com
8fe76122-1483-4e4f-a176-edf43c107e60,2021-12-05T13:25:50,BRAND2,692.97,jfhkejj@appple.com
1d467f1c-8970-40eb-bd08-ed3020f8a0bd,2021-12-05T13:26:40,BRAND3,161.77,cfckcel@appple.com
185fa5c8-83e2-4c86-873d-15ab44f03f22,2021-12-05T13:26:40,BRAND2,531.15,"""aceleeb lkfibll"" <aceleeb@appple.com>"
39adcb93-8741-4fad-9628-0ba28ebabaa1,2021-12-05T13:28:20,BRAND2,23.94,"""cbegfga dikaelj"" <cbegfga@appple.com>"
d100c77d-6436-416d-be9f-0d411f8f3d02,2021-12-05T13:29:10,BRAND2,998.76,"""afhiabj ciiheai"" <afhiabj@appple.com>"
63f5439a-8889-4184-beba-ba9cfa9410b1,2021-12-05T13:30:00,BRAND2,177.34,lgjbkdc@gmail.com
a20ab309-2cb6-4b41-ae6e-71043bbf403c,2021-12-05T13:31:40,BRAND5,630.85,aaffhcb@gmail.com
0d33a1e2-8105-47a4-bb8d-2b120eea8811,2021-12-05T13:32:30,BRAND5,631.31,"""ccbaabd jgbjjfj"" <ccbaabd@gmail.com>"
2e487fa4-8ebe-41a4-bc90-b628acf29aa0,2021-12-05T13:32:30,BRAND2,899.97,"""cbbicef fehdjbf"" <cbbicef@gmail.com>"
d14340f1-a2d9-4d49-835f-890325bec744,Sun Dec  5 13:33:20 2021,BRAND5,160.85,kbbdjib@gmail.com
0bf7b49b-9e69-48b9-9bf4-8d5301db9b56,2021-12-05T13:34:10,BRAND2,376.38,klbjikb@gmail.com
7d6e7898-6638-4011-b1b5-7a025eca3fc6,2021-12-05T13:35:00,BRAND2,$276.26,ikggcff@gmail.com
ecefaf92-46b6-4795-aac6-8eb95aa6a598,Sun Dec  5 13:35:00 2021,BRAND2,575.79,gjdhejg@live.com
7be9dc2e-a98a-40ec-a479-94dfe26ce8d4,2021-12-05T13:35:50,BRAND1,165.43,"""kbekikd kldblcj"" <kbekikd@gmail.com>"
5b7038b4-b06f-42a5-800f-a2b3e82702a6,2021-12-05T13:35:50,BRAND2,248.34,"""jkiaede ehjgcjc"" <jkiaede@appple.com>"
733643dc-e81a-42b7-9b97-626f3a9226c9,2021-12-05T13:36:40,BRAND2,707.58,"""bijgfbi kbakdcb"" <bijgfbi@appple.com>"
be1b913b-dfc8-4116-a38a-a3a1398b0e13,2021-12-05T13:36:40,BRAND2,638.25,"""clibicj cdafjbk"" <clibicj@appple.com>"
7b536b5e-d01b-4d0d-9409-d21a68f111da,2021-12-05T13:38:20,BRAND2,386.29,"""aclbbcj ebdiabh"" <aclbbcj@gmail.com>"
bbd874f6-febe-4897-916f-5141134850e5,2021-12-05T13:38:20,BRAND1,385.85,"""fgglkfh khbjcbi"" <fgglkfh@yahoo.com>"
d3cb984f-e1da-4fa5-b805-3309bd22e2ec,2021-12-05T13:39:10,BRAND2,784.53,iibjbdj@appple.com
d8496ebb-b479-40c1-a31a-d20140c3f55c,2021-12-05T13:39:10,BRAND2,686.07,"""kcacefe acdcfcd"" <kcacefe@gmail.com>"
9eb503a6-fcca-4319-845e-c37abadbc7b4,2021-12-05T13:40:00,BRAND4,786.38,fgdgdde@live.com
0ce957e8-706a-4c53-b9ea-f405f04aab99,2021-12-05T13:40:50,BRAND5,468.52,"""hjgfjhh lflldac"" <hjgfjhh@live.com>"
2cb120b2-6b40-4c02-a5c5-c9d7720cf9ab,2021-12-05T13:40:50,BRAND5,347.29,iahggbl@live.com
f56aea7e-d324-450b-9cec-4249ed672e0d,2021-12-05T13:44:10,BRAND5,159.42,lfgjjdk@appple.com
e02255fc-769c-4f9e-80cd-55a865daa330,2021-12-05T13:44:10,BRAND4,219.72,"""hgcgeej ikhhcgh"" <hgcgeej@live.com>"
e36099a4-0271-45d7-af3d-130cbe247236,2021-12-05T13:45:50,BRAND1,938.30,hkehihd@hotmail.com
05ba8c56-ddea-4e54-adb4-69802e4f8f3f,2021-12-05T13:45:50,BRAND5,603.28,calebld@yahoo.com
ed56cd3e-f60b-4b6e-a102-a6667cdb5ea6,2021-12-05T13:46:40,BRAND2,$772.03,gcaehfd@gmail.com
32f2a9ce-8c16-47dd-a750-2b6958ac078f,2021-12-05T13:46:40,BRAND5,893.00,"""jbifjli jcjliej"" <jbifjli@appple.com>"
d47c0c45-a8f5-4f38-bdaa-afc787f5f786,2021-12-05T13:47:30,BRAND3,112.79,"""gfbjckk dilldda"" <gfbjckk@gmail.com>"
1da850b8-f6a4-46e0-a6bc-047a46964bb8,2021-12-05T13:47:30,BRAND2,951.79,"""hhcgdid cfgfihf"" <hhcgdid@gmail.com>"
525e67d3-deb3-47dc-8801-d5b6e4a3fe96,2021-12-05T13:48:20,BRAND2,166.24,"""kjijafi feldibf"" <kjijafi@gmail.com>"
ce0ff6f3-cfe8-4b71-9973-82442f07cf6b,2021-12-05T13:48:20,BRAND2,384.43,"""bbcijfl ffihigc"" <bbcijfl@yahoo.com>"
5ef72641-64ca-42ce-af0e-1735b9795688,2021-12-05T13:50:00,BRAND5,280.54,"""fhckjdj cfklbea"" <fhckjdj@gmail.com>"
1ff7cdb0-90ff-464b-8a5a-7655208939c9,2021-12-05T13:50:50,BRAND1,959.11,fbfblfj@yahoo.com
1a5a3109-7d17-4408-bc90-e7dd6aa9ee00,2021-12-05T13:50:50,BRAND1,965.64,"""hiheecj fegjcda"" <hiheecj@gmail.com>"
f3fc8bd1-30d6-4dc6-b641-86e52556a3d5,2021-12-05T13:51:40,BRAND5,306.51,jahahcb@appple.com
500b0d4c-2efb-4219-8701-54e2e50069aa,2021-12-05T13:52:30,BRAND2,522.86,fjfhcck@gmail.com
9e60399a-f15b-4c56-a9e4-9a849fe19c4f,2021-12-05T13:53:20,BRAND2,538.21,"""edijgde ekedhie"" <edijgde@live.com>"
eb2d76c3-69b8-414d-8876-14e6c4ec626b,2021-12-05T13:54:10,BRAND2,316.61,bhfclbl@gmail.com
2864925c-1060-45a6-a2fe-e9c0ec14ca95,2021-12-05T13:55:00,BRAND5,590.57,jhhcjhj@live.com
3755debf-248f-49ec-a392-d71c76ae2f3b,2021-12-05T13:56:40,BRAND2,791.59,eahecfc@appple.com
a7376294-ad0a-4826-9b25-8e7e7e0b3042,Sun Dec  5 13:57:30 2021,BRAND5,201.91,fjfhjfe@gmail.com
f147d1d0-0122-4903-8be0-41d44936788e,2021-12-05T13:57:30,BRAND1,971.72,ffeehib@live.com
2daa3b44-c966-4b40-95c1-6f9cd033c83b,2021-12-05T13:59:10,BRAND1,852.92,kllchej@gmail.com
77ab9d2b-09c2-449b-94d6-49cf73ecc6ec,2021-12-05T13:59:10,BRAND5,835.68,fkkfhdh@gmail.com
b5b34c36-4194-4f31-a9d6-d69f15d92ece,2021-12-05T14:00:00,BRAND2,398.68,jgfbdlj@live.com
06ec4dd2-d2f8-4ad4-8d48-751034e008c5,2021-12-05T14:01:40,BRAND1,111.64,ffbkici@gmail.com
6cb491c7-c8f0-4302-ab4c-989117785b1f,2021-12-05T14:01:40,BRAND5,964.40,"""ffbjlld bddeiki"" <ffbjlld@yahoo.com>"
dfb03bf3-a7f5-4296-b600-b21d7e0fc839,2021-12-05T14:02:30,BRAND3,382.34,hgbajgb@appple.com
e93351d5-680b-4387-9529-cf0478875059,2021-12-05T14:03:20,BRAND1,721.76,"""hhgcgfj kldklbl"" <hhgcgfj@gmail.com>"
0c79fd56-5558-46a8-aa19-8b1cd7cbf14a,2021-12-05T14:04:10,BRAND1,710.06,"""jikacda iifljch"" <jikacda@gmail.com>"
b0bc46f0-49c9-49d1-ac1d-e61ad44c1ce1,2021-12-05T14:05:00,BRAND3,86.58,hddhalf@live.com
22d7d37b-0dc4-4273-87cd-1a4a30171ad7,2021-12-05T14:06:40,BRAND2,$552.03,kebdbkb@appple.com
406326e3-1dd3-49ed-a836-bed034333fd2,2021-12-05T14:07:30,BRAND5,964.36,"""eicikij gakkjdg"" <eicikij@live.com>"
aa28ca2c-66b4-4256-adaf-ff8c93a46fe8,2021-12-05T14:07:30,BRAND2,481.87,"""bgfaebd jcfcgge"" <bgfaebd@appple.com>"
5ac3ae56-cb24-4445-87fb-60a3adf73501,2021-12-05T14:09:10,BRAND2,377.18,"""blfghhj ebflchj"" <blfghhj@gmail.com>"
3d83fce7-af01-4dca-9c67-8bdfe5124970,2021-12-05T14:09:10,BRAND5,373.53,cciaccd@gmail.com
e6e8f602-9d03-4344-a680-764bf9ec08d2,2021-12-05T14:10:50,BRAND2,797.34,"""kelbgdk aeeegdg"" <kelbgdk@gmail.com>"
53daf74b-bb03-46de-94f1-33ab406a5bf0,2021-12-05T14:11:40,BRAND5,244.58,daijccg@gmail.com
e32110cf-247c-49db-90e4-1a1acf5bf866,2021-12-05T14:13:20,BRAND1,361.29,bebafci@gmail.com
56569821-0bd4-490c-90cf-16ed1f08a95e,2021-12-05T14:15:00,BRAND5,302.48,ddhbffd@yahoo.com
bdb57bb2-b566-45d0-9b0a-c26b0761586a,2021-12-05T14:15:00,BRAND5,354.01,bifahfg@appple.com
74438688-80b4-4b92-b545-fe63a52675f5,2021-12-05T14:15:50,BRAND2,387.70,lkibcfa@live.com
de0b2894-6c0c-4e96-90d6-af2cdae07cb5,2021-12-05T14:15:50,BRAND5,450.35,ggaiigd@gmail.com
348c2f7f-a0ad-474f-9fa9-4e91a41ac5d4,2021-12-05T14:17:30,BRAND2,514.09,akdfcii@gmail.com
89c0b895-eede-441b-bfef-0f6c6d604940,2021-12-05T14:17:30,BRAND2,431.63,fdaehjk@gmail.com
7f49bbb4-7e6b-4684-a2e8-24b11c3b155e,2021-12-05T14:18:20,BRAND5,238.85,fblhchh@appple.com
05a43f09-036e-48ed-a04a-043086292a25,2021-12-05T14:18:20,BRAND2,212.55,dbkcijg@gmail.com
a5100014-0f79-461a-a29e-28bf16bcb74b,2021-12-05T14:19:10,BRAND2,986.60,ffieglk@gmail.com
f9e9ee9c-f3e5-4d72-89aa-799d344db92d,2021-12-05T14:20:00,BRAND1,814.65,bdadgbg@gmail.com
3e09feb8-e592-471c-bf21-cb5e22ebbe2a,2021-12-05T14:20:00,BRAND2,428.70,ekfbgkd@yahoo.com
249e08ab-4d66-4d1b-b011-139c38ca493f,2021-12-05T14:21:40,BRAND2,471.80,aeceedl@gmail.com
b70cd678-cc10-49a2-a5ab-b09b2afbb57d,2021-12-05T14:21:40,BRAND2,500.56,"""ddfljdf dcbekeb"" <ddfljdf@appple.com>"
76475537-5d9c-4395-b24e-e68ed9b132c9,2021-12-05T14:23:20,BRAND5,12.79,bagebkl@appple.com
f790674f-f1f8-469e-9722-2c10579b000c,2021-12-05T14:23:20,BRAND4,656.16,hglclkf@live.com
100335b4-48d9-494e-9542-eb9c642d92f1,2021-12-05T14:24:10,BRAND3,897.00,effbgee@appple.com
df61d714-2f84-40f1-b8d6-f5b85b9d7b1e,2021-12-05T14:25:50,BRAND5,192.36,fegjjbk@appple.com
0012b4c8-075c-43e3-a26f-7c3b45de3cd7,2021-12-05T14:26:40,BRAND5,244.96,ildghdk@gmail.com
04a5cbd4-15c1-409e-8261-a61d51aebaec,2021-12-05T14:26:40,BRAND2,697.98,"""dafeeel ajlgibl"" <dafeeel@hotmail.com>"
eaeee083-1686-4dae-918c-0c0713d4e559,2021-12-05T14:27:30,BRAND5,171.78,kdghclc@live.com
169d1762-c05d-4c71-9320-21b8fc0d70e4,2021-12-05T14:29:10,BRAND5,547.65,"""iceclgb jdikcdh"" <iceclgb@appple.com>"
9293bf82-07da-4e39-a537-e507789bb136,2021-12-05T14:30:00,BRAND1,261.05,edkigeb@appple.com
1a93c001-6bf1-452e-a909-a1d8579c6d4b,2021-12-05T14:30:00,BRAND5,10.69,kdaiegf@gmail.com
653c873c-290e-4060-96cf-2531da9fb7e1,2021-12-05T14:30:50,BRAND2,967.66,ildglej@gmail.com
aac1c764-6c9b-4ac0-b0ae-3ad840852ef9,2021-12-05T14:31:40,BRAND2,952.79,"""hbadcgc gjblbgl"" <hbadcgc@gmail.com>"
fbdeef26-414c-476f-9bff-286b3c04ee46,2021-12-05T14:31:40,BRAND2,9.61,"""dbkjkab dafggdl"" <dbkjkab@appple.com>"
1dc12420-bd1a-4bb4-93b9-2193636f44e4,2021-12-05T14:32:30,BRAND2,118.47,"""afefcdf ehbfbdj"" <afefcdf@gmail.com>"
70bc9509-af65-4fc5-af85-a1ac07a04f7e,2021-12-05T14:32:30,BRAND1,335.94,"""edglalh acicfhe"" <edglalh@gmail.com>"
1699fe34-cabf-4eef-9f4a-47b21820ff43,2021-12-05T14:33:20,BRAND4,12.18,"""ddebfik hljaech"" <ddebfik@appple.com>"
ea82c513-e1a2-4fd3-9389-ee9d71202603,2021-12-05T14:33:20,BRAND2,50.42,"""gaeiebd jdifbdc"" <gaeiebd@appple.com>"
4d2969fb-9301-4d14-b427-08397c82b5d0,2021-12-05T14:34:10,BRAND3,$16.93,"""ggkacjj aigcfcl"" <ggkacjj@gmail.com>"
af9f1fb0-fb3b-49e6-b62a-958f7ac01475,2021-12-05T14:35:00,BRAND5,43.21,fcijbfi@live.com
20bc7ed8-8cff-4715-8390-eba2cc5782f8,2021-12-05T14:35:50,BRAND2,874.25,ejkhccf@yahoo.com
65eaecc0-de87-4ab5-bb98-6bb7f85701be,Sun Dec  5 14:35:50 2021,BRAND2,96.96,"""figgjhl jicaejg"" <figgjhl@appple.com>"
1a8dcf94-da3d-4b45-8657-ff0d8a370af5,2021-12-05T14:36:40,BRAND2,805.64,aigijaf@gmail.com
6673c118-d4e0-44f8-b349-e058f6169c87,2021-12-05T14:37:30,BRAND5,165.57,cjkkekb@live.com
22b7f624-2b98-48b0-a9ea-2371f99dcbd7,2021-12-05T14:39:10,BRAND2,207.98,fdidaii@appple.com
4a5a6b2a-db80-4aeb-b556-7787c467cc6c,2021-12-05T14:39:10,BRAND2,291.84,"""lfjjaej hceikbj"" <lfjjaej@live.com>"
68407132-68ff-453c-bacf-9c8591bece6c,2021-12-05T14:40:50,BRAND2,156.91,ichglck@gmail.com
617e9cdb-206e-4a56-81db-f43cfa073abc,2021-12-05T14:41:40,BRAND5,599.03,djgdlah@gmail.com
c92d70b5-9b4b-4fbf-9da0-4ade545d154b,2021-12-05T14:42:30,BRAND1,122.27,"""ljkeahf hadijgc"" <ljkeahf@yahoo.com>"
1d0ba797-4a6c-4db7-bfaf-f45df96fe486,2021-12-05T14:43:20,BRAND1,691.85,fidellh@gmail.com
2c735729-61bb-4543-bcfa-a436b94c9e7c,2021-12-05T14:43:20,BRAND5,539.77,"""fjdiilc kbcdabh"" <fjdiilc@appple.com>"
9a1777fe-44ee-410c-bae1-690b9b1b4b7b,2021-12-05T14:44:10,BRAND5,750.66,"""dbbgiie hdcefej"" <dbbgiie@appple.com>"
19cdb857-0809-4e0b-a4a2-eb662eff8aa8,2021-12-05T14:44:10,BRAND2,636.92,"""hhjhdba dlclhja"" <hhjhdba@gmail.com>"
1213672c-b4ba-4c36-be86-12b69d0136b7,Sun Dec  5 14:45:50 2021,BRAND2,96.35,"""igglkhb cfgcfhb"" <igglkhb@gmail.com>"
661ed4ef-0462-4634-8e81-b63e92158660,2021-12-05T14:47:30,BRAND1,961.53,gefcfdc@live.com
5c5a7b86-f6b5-40e3-a131-2370df89f329,2021-12-05T14:50:00,BRAND2,282.14,ibchedi@appple.com
8e2801eb-139d-45dc-81bb-67452df5c547,2021-12-05T14:50:00,BRAND2,823.32,cikeiee@gmail.com
928d4a49-ee4a-4bcf-8a4f-1c5c2946e1dd,2021-12-05T14:50:50,BRAND5,661.80,"""hccllfb jdheebl"" <hccllfb@gmail.com>"
0a60f885-c354-4697-82d9-e9ac1d796282,Sun Dec  5 14:52:30 2021,BRAND2,548.52,lflgjge@gmail.com
0c308e4f-6f2c-477e-9169-588aff642481,2021-12-05T14:52:30,BRAND5,983.16,cggihcd@gmail.com
d1548943-4223-4334-9b64-6183aa2f46bc,2021-12-05T14:53:20,BRAND4,330.66,laceleh@appple.com
f7c7a1c0-9293-4067-9ffa-b4a3e8e95582,2021-12-05T14:53:20,BRAND1,612.97,afdeadk@appple.com
442c408f-115a-4a59-b9bf-0b4432306d11,2021-12-05T14:54:10,BRAND2,510.06,"""ccaffed dkdihek"" <ccaffed@gmail.com>"
17c77b9e-bbd8-4b1d-99fd-45b8156e975a,Sun Dec  5 14:56:40 2021,BRAND5,$233.19,jjglkea@yahoo.com
e54da6cc-3b3c-4ad9-bba7-1e49058711bf,2021-12-05T14:56:40,BRAND5,40.66,glcbdhe@yahoo.com
aff35938-beec-4ac7-ba43-5237132cb450,2021-12-05T14:57:30,BRAND5,756.85,"""egjajfi hdeclhi"" <egjajfi@appple.com>"
1dbd46f6-2c9a-492c-a499-63a7c8ec6b2d,2021-12-05T14:57:30,BRAND4,7.81,lddlhci@gmail.com
2ce514ba-37b4-4cd7-804b-778f62be5dda,2021-12-05T14:58:20,BRAND5,817.72,"""cbeheec jfjljbi"" <cbeheec@appple.com>"
0e9ddc8f-c7ce-47f7-82af-36a172925302,2021-12-05T14:58:20,BRAND2,416.28,"""dhiacjf kkceikd"" <dhiacjf@live.com>"
2634dd9c-b64a-4dde-8400-5c7b081ed834,2021-12-05T15:00:50,BRAND2,686.95,ibghgdb@live.com
28ae38f5-4e55-4616-a5c6-e77b56f04767,2021-12-05T15:01:40,BRAND2,682.08,"""ilhbcdk jklkdbf"" <ilhbcdk@appple.com>"
2e5b9b0f-812b-4c91-b669-8517a939987f,2021-12-05T15:02:30,BRAND1,245.79,gahdhlb@gmail.com
9003c400-234d-4918-9846-e89261671ce9,Sun Dec  5 15:04:10 2021,BRAND2,375.34,"""ejhbakb dcajjlb"" <ejhbakb@appple.com>"
249e0870-78f2-4787-ba43-e15bce40bd4f,2021-12-05T15:05:50,BRAND5,576.12,gjdfeec@appple.com
dd721b63-caf9-4756-8222-2bf3aa969c6e,2021-12-05T15:05:50,BRAND2,691.62,cbfckha@gmail.com
ef93c3e6-fa10-4a0c-9f76-46acfa3edd38,2021-12-05T15:06:40,BRAND2,364.21,"""fbkhghe ibachkg"" <fbkhghe@appple.com>"
2d9390e0-aa7e-4212-933c-2a4a31f55b00,2021-12-05T15:07:30,BRAND2,238.28,lddjicg@live.com
c6c67bbf-3330-4e3f-927c-a642539b88d5,2021-12-05T15:09:10,BRAND4,76.35,dagjkgb@gmail.com
fc86d7c7-b080-4234-b920-7287dc47ed2f,2021-12-05T15:10:00,BRAND5,772.44,hghdeib@gmail.com
fe4c5255-46a4-407d-9468-50373b3cce14,2021-12-05T15:10:00,BRAND2,27.07,lfilfeb@gmail.com
8b255c0f-f764-4de3-9f45-f7df6714ac74,2021-12-05T15:11:40,BRAND1,151.48,lbajgfb@gmail.com
29eb9e71-99dc-4cd8-93da-88bc539f9a28,2021-12-05T15:11:40,BRAND3,864.84,hcdjilh@gmail.com
01124c09-30a4-42a8-9f8e-8fa660461c51,2021-12-05T15:12:30,BRAND1,750.88,"""hdlcecb iclifjk"" <hdlcecb@gmail.com>"
5e20d18c-fe95-4fe1-8b2d-c46e1bfc5c05,2021-12-05T15:15:00,BRAND1,814.06,"""ieidaij ghddkkh"" <ieidaij@appple.com>"
cc068806-cdfe-42ee-94f3-a5274166ab4f,2021-12-05T15:15:00,BRAND2,411.48,jbcchfd@appple.com
0e5bb2ed-93e6-40eb-aec7-ecdbb69acc33,2021-12-05T15:16:40,BRAND2,675.07,diclllk@gmail.com
6cc61442-6ae5-45d8-b596-1b617db6689a,2021-12-05T15:16:40,BRAND2,$358.83,eccifkg@appple.com
d7cc242c-1656-4c82-9080-dd022ad2ae7d,2021-12-05T15:18:20,BRAND1,850.98,kekgdbc@yahoo.com
62d5a70a-93d5-4a85-9e47-e0f856f097dd,2021-12-05T15:18:20,BRAND1,385.21,"""dfdhlhd cabhcgk"" <dfdhlhd@gmail.com>"
27fcdf61-4ffe-4904-9c0d-bc0e87deee58,2021-12-05T15:20:00,BRAND5,$446.30,gfdlgfj@yahoo.com
1abd21f1-355f-4976-a9d2-3f705a266e49,2021-12-05T15:20:00,BRAND4,495.59,"""lgllheb aleciff"" <lgllheb@appple.com>"
bec36e98-abbb-4e82-850f-944bb4159faf,2021-12-05T15:20:50,BRAND5,761.36,"""akiehdi adjgeif"" <akiehdi@gmail.com>"
ae9a2495-a6a7-4c3b-80e9-26102991e5e7,2021-12-05T15:21:40,BRAND2,880.54,jdahjeh@gmail.com
f2bf1887-7ad6-4a24-8ad2-86c03a03bade,2021-12-05T15:22:30,BRAND1,361.46,ehlidbc@gmail.com
466f998d-966a-4e3e-87fb-9b3f52d7ebc4,2021-12-05T15:24:10,BRAND2,834.32,aihciee@gmail.com
c30cce68-5e06-4cd6-bb08-b414ea9068d3,2021-12-05T15:24:10,BRAND2,902.96,"""ejjdech diahckc"" <ejjdech@gmail.com>"
44a989c3-c93f-47b4-be7f-008aa1ab7ff3,2021-12-05T15:25:00,BRAND1,593.10,hcleebd@gmail.com
31e3e237-21ce-4137-868d-a9418226ff63,2021-12-05T15:25:50,BRAND5,217.86,"""gfdhhel kaeiiak"" <gfdhhel@appple.com>"
06cdb891-9a42-48ad-971b-6aec9be17278,2021-12-05T15:27:30,BRAND2,599.74,"""bcijhaj afadhlb"" <bcijhaj@gmail.com>"
5e153d0e-41d4-4d3e-906e-3dba0df6772e,2021-12-05T15:27:30,BRAND5,835.50,fadehhf@appple.com
b43ef3b1-bd6c-4dd2-afc6-c44256dfde71,2021-12-05T15:28:20,BRAND3,829.39,"""hhdjehg gjdgfll"" <hhdjehg@yahoo.com>"
fafc9c71-d16d-4923-99c0-1f42cf878815,2021-12-05T15:28:20,BRAND5,815.31,jkhkkkd@gmail.com
ff68fd02-4f43-4867-8885-4ffafe083303,2021-12-05T15:30:00,BRAND2,188.37,klbblcc@gmail.com
c5948c1a-5778-44d7-959b-33ef2e2b1ac2,2021-12-05T15:30:50,BRAND4,$587.02,caicaag@hotmail.com
331f9cae-481e-452d-86df-19bd9da97b10,2021-12-05T15:31:40,BRAND2,498.54,cjcljdc@gmail.com
af28d679-e7d4-4e57-95af-0f9476d69a57,2021-12-05T15:31:40,BRAND2,62.13,"""ghhbkfa jkgihbi"" <ghhbkfa@gmail.com>"
5ba7c8b5-4870-4592-b576-2dbece9a0857,2021-12-05T15:32:30,BRAND5,86.20,kbafbad@appple.com
49c52b0d-55fd-492e-a200-46314058d855,Sun Dec  5 15:32:30 2021,BRAND1,639.14,dfajeec@hotmail.com
d78567d1-c7ed-480d-b127-e7d844f66b9b,2021-12-05T15:33:20,BRAND2,987.77,ickdhki@gmail.com
c369c57d-ab40-44fa-82c4-bd82c3dd6ab2,2021-12-05T15:33:20,BRAND4,233.94,"""clkcach kadldda"" <clkcach@appple.com>"
36d5b91d-7411-4d04-ac9c-6298a9b3b38a,2021-12-05T15:35:00,BRAND2,528.51,idicahe@gmail.com
fc9a14bb-bfcd-4c86-8217-4c4b00579e5a,2021-12-05T15:35:00,BRAND5,298.89,"""gdddkka lfblbhl"" <gdddkka@gmail.com>"
8544265c-bfce-4867-97be-2040d9d6f26b,2021-12-05T15:35:50,BRAND5,171.61,"""dbeibda jdgiach"" <dbeibda@gmail.com>"
f1c9e186-d18c-417f-b27a-8ff3fe347dda,2021-12-05T15:35:50,BRAND1,650.72,caafgdi@gmail.com
357b74b5-4c68-49b0-8bda-9dff2df234a9,2021-12-05T15:37:30,BRAND2,639.06,"""cbcjalf hfjechl"" <cbcjalf@appple.com>"
aaee3a67-65b6-4591-839a-69aa8843982f,2021-12-05T15:37:30,BRAND1,632.65,jdhhlcf@gmail.com
def2ab3a-2867-4ed3-ba8d-aa678f49a5a2,2021-12-05T15:38:20,BRAND1,763.26,lhhcdbf@yahoo.com
6be03012-e6ab-41d3-9ac0-d2920ec9e2c3,2021-12-05T15:38:20,BRAND2,689.34,alcgaci@live.com
21d74093-f5fb-4af5-a407-e65e05f0e31c,2021-12-05T15:39:10,BRAND4,179.15,dbbeiel@appple.com
8c22360e-1842-4f49-8bef-7b4784ace521,2021-12-05T15:40:00,BRAND1,205.07,"""kjgbgjk cgebfgf"" <kjgbgjk@live.com>"
0dc858b5-7897-4ba4-9015-6562bcf9b9ad,2021-12-05T15:40:50,BRAND5,386.64,"""gcakjdk fbekjja"" <gcakjdk@appple.com>"
9ef08ab3-3edd-465f-9e15-98ef236026dd,2021-12-05T15:40:50,BRAND2,281.28,fcigjdj@gmail.com
164d2315-d065-4639-9c02-b417441f5460,2021-12-05T15:42:30,BRAND2,104.31,"""igdklke fgfefai"" <igdklke@live.com>"
619de3ca-50a3-4163-af8f-473d4d776de2,2021-12-05T15:42:30,BRAND1,765.85,cigldkg@appple.com
59471baf-af14-48bf-9de0-901e3fc90255,2021-12-05T15:43:20,BRAND2,507.06,glaegki@yahoo.com
eecafff0-9f5e-4e65-a3f6-2f15a4990a01,2021-12-05T15:44:10,BRAND5,341.92,bfjjadd@live.com
6600d894-3531-4458-be3b-6ca9f113e6eb,2021-12-05T15:44:10,BRAND2,89.63,kljihcg@yahoo.com
07896160-b5b4-47ec-986f-96c5b5ea9c0b,2021-12-05T15:45:50,BRAND2,277.73,ikildjk@gmail.com
a5d39fc4-f3db-4948-8e5d-110d58664b26,2021-12-05T15:45:50,BRAND1,15.82,"""ffcfibk fhfdcda"" <ffcfibk@gmail.com>"
0d8d0e0b-c124-4812-b5bc-2cfaa9ece7c2,2021-12-05T15:47:30,BRAND5,836.63,jfalhef@appple.com
9ed329f7-c1ae-4331-a628-7c80cf338ce4,2021-12-05T15:47:30,BRAND2,225.89,"""kfkldic bbaiejf"" <kfkldic@gmail.com>"
6dcabd7e-5f71-43df-9293-c55de8768918,2021-12-05T15:48:20,BRAND2,920.83,kfiddej@gmail.com
7faeae76-e3a5-4352-8fcb-c1397f90938f,2021-12-05T15:48:20,BRAND2,546.67,llbhgaf@gmail.com
4d582e52-c7b7-4f46-8ed6-a67b6db96eef,2021-12-05T15:50:50,BRAND2,706.80,djeadch@live.com
89fdbb25-a6b3-41a3-bc50-8af73b42e491,2021-12-05T15:50:50,BRAND2,419.92,"""febfckg kbldkdh"" <febfckg@gmail.com>"
13e331bf-87db-40b4-aea7-776f0c25fc2f,2021-12-05T15:51:40,BRAND5,726.30,"""bfglbhg idfagbh"" <bfglbhg@hotmail.com>"
9a559d71-d597-4a77-a148-e4984c7d77b9,2021-12-05T15:51:40,BRAND4,60.75,ficeaik@gmail.com
8b900ad0-aa58-4c7d-a3d0-3f837c08fcf3,2021-12-05T15:52:30,BRAND5,174.32,hlhiife@appple.com
e0a3c007-a3d2-4580-b178-d927227aefb4,2021-12-05T15:52:30,BRAND2,7.43,"""clkecki aabchld"" <clkecki@appple.com>"
7e14da2a-581f-404b-812c-2003f5f7184d,2021-12-05T15:53:20,BRAND2,425.63,"""dllidac lacefdi"" <dllidac@gmail.com>"
5eaab804-fb1d-40c1-8f77-bc4622d7da57,2021-12-05T15:53:20,BRAND2,950.74,lfkblha@gmail.com
a3a60631-cce4-422e-8580-cf4f3ed5c97a,2021-12-05T15:55:00,BRAND5,495.55,"""jjacgeb ajajgdl"" <jjacgeb@appple.com>"
bbe760ec-1756-4f78-8999-a13ef22887c6,2021-12-05T15:55:00,BRAND3,621.66,"""chghjdl ggdgbce"" <chghjdl@gmail.com>"
63bb9eff-916f-496a-9b03-dc62138df7ea,2021-12-05T15:55:50,BRAND1,94.43,alellbb@gmail.com
76247f0c-e612-4749-8871-f8fd54e1f2f9,2021-12-05T15:55:50,BRAND1,222.90,icbbjba@live.com
62bdc8ad-6966-4a01-ba07-857fe6eaa453,2021-12-05T15:56:40,BRAND1,86.21,ejgehcg@gmail.com
4e84db6f-540e-4789-8633-30ca9731b211,2021-12-05T15:57:30,BRAND2,988.44,ldbaghj@gmail.com
10328535-f767-4db3-847b-ef888904fad9,2021-12-05T15:57:30,BRAND1,788.88,"""iedjbda ijbjaai"" <iedjbda@gmail.com>"
0ab1f6fc-cf6b-4090-a960-46953bc984c8,2021-12-05T15:58:20,BRAND5,44.95,ibhedbi@gmail.com
8e3407ee-f835-444c-9d97-79e108f040a2,2021-12-05T15:58:20,BRAND5,386.44,eijgjei@appple.com
72efbeba-8d9c-42d4-beb9-7ed380c3e601,2021-12-05T16:00:00,BRAND1,322.62,kfjidek@gmail.com
5fd77e27-06b2-4109-99c2-323620475866,2021-12-05T16:00:00,BRAND2,117.25,cbblaak@gmail.com
5dae3b70-6bfb-4cf8-b61c-fb05209d2967,2021-12-05T16:00:50,BRAND5,569.98,gggfffi@gmail.com
940680a0-ee4a-42e2-894e-359ecedc1504,Sun Dec  5 16:01:40 2021,BRAND5,319.84,"""abggihh gffjdjf"" <abggihh@live.com>"
2dc8cb75-65c0-43ee-8939-45e30c8e6722,2021-12-05T16:02:30,BRAND2,136.57,dbaaekl@gmail.com
6cfe981d-81b9-4dd1-846c-1172334d3240,2021-12-05T16:04:10,BRAND5,923.37,cgdgklh@gmail.com
2fa85194-2d7b-4ac6-93cc-633d875344ab,2021-12-05T16:04:10,BRAND3,840.67,ehchaia@appple.com
845dbfe8-83fd-4217-b94b-dbbec4010cc5,2021-12-05T16:05:50,BRAND2,518.26,cfdighf@gmail.com
ad483c30-d03b-4925-8692-21e2c81fe342,2021-12-05T16:05:50,BRAND2,607.47,fcdagel@appple.com
153b2319-151d-4b0c-9820-5915bf2fa41a,2021-12-05T16:07:30,BRAND2,651.85,bdcfijb@appple.com
fbb884c4-9876-4a63-a16f-614657bb2240,2021-12-05T16:07:30,BRAND1,134.39,"""dbdggke jcceldj"" <dbdggke@appple.com>"
d8922a49-0f9a-48ef-b307-68d63d0a897b,2021-12-05T16:08:20,BRAND5,983.51,"""lagkbkb ehalijf"" <lagkbkb@hotmail.com>"
66707230-da44-4ebf-acea-547995ab292c,2021-12-05T16:08:20,BRAND3,406.59,"""adgaccj gcjklkb"" <adgaccj@gmail.com>"
30c53f93-68d4-4ea6-a33e-0ef6f01d4f36,2021-12-05T16:10:50,BRAND2,$489.32,heffaej@gmail.com
cb092900-731e-490e-8d78-c282fa0e61ac,2021-12-05T16:10:50,BRAND2,190.98,icclhgj@appple.com
f6e358ab-2193-4b56-95b7-1f482265d0ea,2021-12-05T16:11:40,BRAND2,43.32,ffhffae@gmail.com
f90d2e9e-3c84-4196-97db-65a26c933e88,2021-12-05T16:11:40,BRAND2,58.51,fhfidlc@appple.com
2d1ce51b-06c3-4754-8611-002194aee68f,2021-12-05T16:13:20,BRAND4,234.50,lhdfkid@live.com
178bf184-27a4-4195-b45b-56cdfbddb322,2021-12-05T16:13:20,BRAND1,777.29,bbijbgf@gmail.com
2b2f691f-9c99-4294-a633-1b4d1e4f02eb,2021-12-05T16:14:10,BRAND2,175.60,geacjhb@hotmail.com
0619655c-33a0-4453-a65e-5c7d4ccb4e2d,2021-12-05T16:15:00,BRAND2,138.54,bbcbiji@appple.com
bf765bcb-3d38-43ce-8e5e-849f9c4739d4,2021-12-05T16:15:00,BRAND3,859.42,"""cjifbag fbhbjhi"" <cjifbag@gmail.com>"
f2916a56-29b2-4d0f-b9de-d832fd4ee518,2021-12-05T16:15:50,BRAND5,632.65,"""iglhibd dfgdjaf"" <iglhibd@appple.com>"
40bcb625-c371-4050-af62-94862e0bc3c9,2021-12-05T16:15:50,BRAND4,372.01,jkhkfeg@gmail.com
37b2bc13-b329-4b72-a737-81525066664a,2021-12-05T16:16:40,BRAND5,636.17,klbhial@gmail.com
b670acac-93dd-4954-a35b-2545e785590e,2021-12-05T16:17:30,BRAND2,204.95,hlcbjia@appple.com
d94b16fb-2c67-40f5-b7b8-71eeba5c4f43,2021-12-05T16:17:30,BRAND1,474.26,"""laigkgi bikakej"" <laigkgi@gmail.com>"
a65dfd2b-050e-4610-b22a-da6ba903be3b,2021-12-05T16:18:20,BRAND5,980.68,"""ebaibbk hbfedjd"" <ebaibbk@gmail.com>"
9f6d6679-637c-4b47-a343-dfd924ea57d0,2021-12-05T16:19:10,BRAND1,317.28,jbjbglk@gmail.com
ceab1848-29fc-40fd-87b3-ed2e9073545c,2021-12-05T16:19:10,BRAND1,451.12,egbgfkc@gmail.com
8918a673-e564-46d1-bf9b-724cfee3f7f5,2021-12-05T16:20:00,BRAND1,957.67,klaiihb@yahoo.com
1bf072c7-187f-49f3-9c65-9cbccc270553,2021-12-05T16:20:00,BRAND2,518.52,ljheaij@gmail.com
cc563fb2-daea-48aa-83a3-4249dcbd81a3,2021-12-05T16:21:40,BRAND2,69.24,dheakfe@appple.com
bb352027-24ee-4cee-bd4d-02bdd2a0e1e5,2021-12-05T16:23:20,BRAND1,721.59,hjlhech@appple.com
c2f00ee4-c26b-412b-a053-5927ce29a69a,2021-12-05T16:24:10,BRAND2,584.80,"""khdhagf kjiclkd"" <khdhagf@yahoo.com>"
2eb447cb-4778-4462-ad38-078a3274e4fa,2021-12-05T16:25:50,BRAND5,176.95,illiafk@gmail.com
95e5d516-e49f-473d-becf-203fdca64a6c,2021-12-05T16:25:50,BRAND2,844.13,"""ckgkfdl kbfljkg"" <ckgkfdl@appple.com>"
f121180d-44b6-4b50-8f53-8efe8e67afc7,2021-12-05T16:26:40,BRAND2,284.93,kkkbhga@gmail.com
bcc31392-5f85-4a1a-87ca-e0e7a886fd70,2021-12-05T16:26:40,BRAND2,107.58,cikkfjg@gmail.com
87c95fac-bbe7-46e1-9166-e73889b01e60,2021-12-05T16:28:20,BRAND1,30.23,ekllkdd@appple.com
257ce33e-908a-417d-8aa5-02107b562e17,2021-12-05T16:28:20,BRAND1,887.00,"""kghiifh gaiahfi"" <kghiifh@gmail.com>"
dbaa5639-c979-4312-9352-2aa6226c2c56,Sun Dec  5 16:30:00 2021,BRAND2,346.43,dgghcfg@appple.com
6eb59ee8-beaf-4db2-babe-0f3d2e7065a3,2021-12-05T16:30:00,BRAND2,210.63,ceefdbh@gmail.com
1834f956-2887-4a66-bfed-ed97ec472f00,2021-12-05T16:30:50,BRAND2,791.22,aehfeil@yahoo.com
838cd7a4-175a-4dfb-82fb-168a0596f150,2021-12-05T16:30:50,BRAND2,857.39,"""jcbcigb jkafcja"" <jcbcigb@gmail.com>"
abede0ee-1a1e-4b26-8e54-f34ad90cb975,2021-12-05T16:31:40,BRAND2,715.89,"""ijadaff aaideec"" <ijadaff@hotmail.com>"
be961fbd-6a49-4c0e-8fe7-44bab4a4da57,2021-12-05T16:33:20,BRAND2,211.11,dedlcjk@gmail.com
568013d3-a300-49e2-8053-d9516641686a,2021-12-05T16:35:50,BRAND5,873.58,efkbkbe@gmail.com
f3918547-3447-41c1-83b8-2432a9348d86,2021-12-05T16:36:40,BRAND1,251.92,febkiga@gmail.com
5a8f6cb2-b74b-424c-8c1a-0ebb20f2c211,2021-12-05T16:36:40,BRAND2,497.53,"""aflgfig aeacafe"" <aflgfig@gmail.com>"
e8eb19ba-fd9f-4f47-bd9f-69f3cbf3d733,2021-12-05T16:37:30,BRAND1,794.08,"""falijji fkfffdk"" <falijji@appple.com>"
a0c01b5c-f882-4dc7-8e8e-c74f90449e80,2021-12-05T16:38:20,BRAND5,301.52,"""gchbjfh dgdafhb"" <gchbjfh@gmail.com>"
a06d418c-1d19-434b-92a0-0342e2e8d0e2,Sun Dec  5 16:39:10 2021,BRAND2,479.13,"""khleaca gjdjaec"" <khleaca@gmail.com>"
45d95d4d-1527-4184-82b3-7c1ff7f661d9,2021-12-05T16:39:10,BRAND5,806.77,ckeelif@gmail.com
83ea1c98-eb5c-4b05-81f3-84f40a984271,Sun Dec  5 16:40:50 2021,BRAND5,996.88,"""chjjecg icaijgh"" <chjjecg@live.com>"
b930dc62-f0ff-40f7-8e56-abba114e892a,2021-12-05T16:40:50,BRAND4,454.61,"""ijbcaab aihadfa"" <ijbcaab@gmail.com>"
54d8f795-c26e-467f-b0df-da54c8be3b26,2021-12-05T16:41:40,BRAND2,718.23,khgjbai@appple.com
7da5c2eb-ccf7-4af9-9033-6076c1b9296c,2021-12-05T16:41:40,BRAND2,483.22,hlijjlj@gmail.com
ff5a8bef-9345-4795-a221-1f98fefabfb8,Sun Dec  5 16:43:20 2021,BRAND5,827.95,jjbedde@gmail.com
68fb2608-3860-455e-b6f5-03c05578bc08,2021-12-05T16:46:40,BRAND2,394.23,khfbicj@yahoo.com
d4aa76fd-bd20-48fd-a073-eea6ccc653b6,2021-12-05T16:48:20,BRAND5,429.68,"""bgbgfdj ebgggjc"" <bgbgfdj@live.com>"
62bae42e-763e-4243-abc4-0a66b0f1cd60,2021-12-05T16:49:10,BRAND2,247.28,kiedihj@appple.com
ebe620ee-20ff-4f5a-bb23-17730a94bb3d,2021-12-05T16:50:00,BRAND5,625.51,"""jligkda lleebfl"" <jligkda@appple.com>"
cc535f0f-d88d-4290-9125-3a42d421d6a8,2021-12-05T16:52:30,BRAND2,588.03,"""icbkifc abghjci"" <icbkifc@gmail.com>"
fac32fcb-51c4-4ec2-872d-6ff2adf62b9c,2021-12-05T16:52:30,BRAND5,416.96,"""fbejigh ijghgah"" <fbejigh@appple.com>"
fdb6b0ff-24b0-4fe2-8567-6710e45cc371,2021-12-05T16:54:10,BRAND2,388.59,eekbhfh@appple.com
d53593a3-8382-43f8-9ef1-0cd7a161bb2a,2021-12-05T16:56:40,BRAND4,152.63,bgkbieb@gmail.com
c8b2f37b-f744-4876-9c95-e1711c618cb2,2021-12-05T16:56:40,BRAND2,784.55,"""gcdlfff gidceja"" <gcdlfff@gmail.com>"
86cebafc-a33f-426f-a9e9-058da653aa5b,2021-12-05T16:57:30,BRAND2,715.45,"""clafede hdeaeff"" <clafede@gmail.com>"
d258f9e5-e5f2-4b9c-a746-d1d8828b0c4d,2021-12-05T16:59:10,BRAND3,748.70,iacgbdb@live.com
89883d49-2d9c-49f3-9f10-9ea19afb1519,2021-12-05T16:59:10,BRAND2,637.67,"""ckdlhic ijeijfi"" <ckdlhic@gmail.com>"
b616d217-58a0-4fc1-bc07-70b592819ea8,2021-12-05T17:00:50,BRAND2,225.18,adgeehh@gmail.com
4d20e35e-c899-415c-9a48-20768cf9b3a3,2021-12-05T17:01:40,BRAND5,731.82,lgdkccj@yahoo.com
c4f4c078-ea4d-4a34-afee-1d696d560a56,2021-12-05T17:01:40,BRAND5,62.72,"""jhbghbf ldaiggh"" <jhbghbf@appple.com>"
e8638d94-f495-4689-860d-3d3966f4d4ec,2021-12-05T17:03:20,BRAND2,545.30,ljbgggd@gmail.com
0e365e29-cd50-4845-a0be-92be83136e85,2021-12-05T17:04:10,BRAND2,821.61,"""ckfkghk lfcfdcg"" <ckfkghk@appple.com>"
cd63000f-5216-4037-a82f-f2937906b1c4,2021-12-05T17:05:00,BRAND2,944.38,beiflge@gmail.com
a184837f-c241-4a34-83f7-c9c475f07b3b,2021-12-05T17:05:00,BRAND2,837.70,lldcdek@appple.com
7dc1d649-5070-412b-abf5-66b520ece335,2021-12-05T17:06:40,BRAND5,114.71,"""dcibaci chbjeif"" <dcibaci@gmail.com>"
624c73e9-e1dc-47d5-90dc-6fcd32a2d322,2021-12-05T17:07:30,BRAND2,$893.89,falikgj@appple.com
49fd9240-2e58-4c9a-9b97-78d3c977f1fd,2021-12-05T17:10:00,BRAND5,531.70,gglfbce@gmail.com
62bb8046-1256-4ca5-8c05-b0830f594625,2021-12-05T17:10:50,BRAND1,291.96,"""jeljjah bdcajab"" <jeljjah@gmail.com>"
fd14a589-c4f9-4da4-b4f2-0ac6f819d02d,2021-12-05T17:11:40,BRAND5,331.44,"""dcgjiai hdbjida"" <dcgjiai@yahoo.com>"
45efdf85-043b-4217-bc26-a9611d5f2ee8,2021-12-05T17:11:40,BRAND5,935.88,"""hlhckkh ajkeefk"" <hlhckkh@gmail.com>"
a51abf4f-da12-4a3a-b4f2-db6e7c4a7298,2021-12-05T17:13:20,BRAND5,605.55,fjkalkb@gmail.com
e89df751-ab23-4ef1-89a5-36027481a45b,2021-12-05T17:13:20,BRAND2,313.13,"""ighlhje ffffbah"" <ighlhje@gmail.com>"
e8883b3c-f63a-4938-bf01-b6b0c231b553,2021-12-05T17:14:10,BRAND5,99.67,gdaagdf@appple.com
62ef2f4b-701d-4005-9f38-55d1f19bdc2d,2021-12-05T17:14:10,BRAND5,87.92,jdbhdib@yahoo.com
8522ab9c-7c1e-4776-8cdf-d5a8c7473aeb,2021-12-05T17:16:40,BRAND5,697.03,agahbgf@appple.com
01af2efb-419d-4cc3-9eae-bb33489a39a3,2021-12-05T17:16:40,BRAND2,401.05,kfggblb@yahoo.com
cd8e3a37-bdbc-4688-bb03-6cd85bd39119,2021-12-05T17:17:30,BRAND4,76.79,adfhbbl@appple.com
209992b9-4212-4455-9fc5-743261a86b51,2021-12-05T17:18:20,BRAND2,322.76,fhfbalg@gmail.com
97eacf6f-f160-48a9-a717-6357c59071f9,2021-12-05T17:18:20,BRAND2,247.96,aklgklb@appple.com
520a7ba5-6f96-4ecf-bd15-31a459a5ad75,2021-12-05T17:20:00,BRAND3,139.63,"""fahfdgc kcibbkc"" <fahfdgc@gmail.com>"
45213549-b25f-4266-916f-6778bce7a61d,2021-12-05T17:22:30,BRAND5,111.25,"""hdgldgd lcggefc"" <hdgldgd@gmail.com>"
a708aff6-ea33-4fed-9729-0a9adef052c5,2021-12-05T17:22:30,BRAND2,380.55,jadjcec@gmail.com
915e1e5d-0ea5-4254-bc74-1fbaecbaa02b,Sun Dec  5 17:25:00 2021,BRAND5,198.17,"""kidghca hehedii"" <kidghca@gmail.com>"
ed4dbad0-4f90-4937-a44b-8ff1fa99dbaa,2021-12-05T17:25:00,BRAND2,761.09,ffkdhbj@live.com
c5536358-91ec-42ea-9488-3c836a65d809,2021-12-05T17:25:50,BRAND5,762.31,dgihkci@gmail.com
5df9b64a-6181-442e-bbe8-6873ad646156,2021-12-05T17:26:40,BRAND2,436.42,fhcblai@yahoo.com
5917e5c8-2c9f-4927-8dac-44e7aa64f6a5,2021-12-05T17:31:40,BRAND2,682.54,"""ddklifi dlhlhkd"" <ddklifi@gmail.com>"
b13c797b-6ce3-42b2-88d7-a0b1fb37edc6,2021-12-05T17:32:30,BRAND1,445.28,kdliggj@live.com
a5a527c9-4e60-4bb7-bac5-e1d3b7348482,2021-12-05T17:33:20,BRAND2,228.98,ilgfibk@gmail.com
ba16d1bb-6e54-44c2-b7c8-df2342f2c98b,2021-12-05T17:33:20,BRAND5,317.83,deikffd@gmail.com
b08a2fa2-f855-4a0b-a956-f5c3921c4295,2021-12-05T17:34:10,BRAND1,432.48,jblighi@gmail.com
e1359a7b-3f5c-4bae-8753-83cbecbbb056,2021-12-05T17:35:00,BRAND2,843.59,cciaaki@gmail.com
c31d3a2a-1052-41d9-ad3a-15680e7f7efa,2021-12-05T17:36:40,BRAND2,612.04,chelfkj@hotmail.com
045e1f9e-81cb-4df7-b406-4f6f3f9408dd,2021-12-05T17:36:40,BRAND2,533.82,iglbhdc@yahoo.com
26fd691f-5e0a-42f1-ad41-ac5d1fb62d2e,2021-12-05T17:38:20,BRAND2,515.04,"""dhbhbbe kahabjb"" <dhbhbbe@gmail.com>"
de1a5ad9-fa87-4225-820d-aae1739418ca,2021-12-05T17:40:00,BRAND2,239.29,kfhclch@gmail.com
f135d99b-82c5-4bb8-bad0-3eed8637e7d4,2021-12-05T17:40:00,BRAND3,28.27,dhebdek@gmail.com
89a62a50-68b3-43f0-bdca-9838c1a725cf,2021-12-05T17:40:50,BRAND5,791.69,"""jggghjh clbfhgd"" <jggghjh@appple.com>"
c76161c8-4c0e-47c3-af3e-5fcc0c7ef74e,2021-12-05T17:40:50,BRAND2,748.66,"""cckjabc bkjhdch"" <cckjabc@gmail.com>"
adc01481-7575-4a4a-8fe0-7679a5851109,2021-12-05T17:41:40,BRAND2,999.17,hhjlhbc@gmail.com
bd2ad822-2909-49f7-beaf-c1cb753ac8c2,2021-12-05T17:41:40,BRAND5,584.94,"""ibhkcef dhhahkf"" <ibhkcef@appple.com>"
24c146ec-18a2-417f-b852-cadf91a4d371,2021-12-05T17:42:30,BRAND5,916.46,eacjfdi@gmail.com
3470a345-f299-4a11-af08-7433e5416a7f,2021-12-05T17:43:20,BRAND5,426.18,lgbkkea@appple.com
87e2f327-14a7-42b8-bc77-105aa791fb5e,2021-12-05T17:44:10,BRAND2,98.19,fefaikg@gmail.com
7a676247-e3b0-44a6-997f-7c3b70283eb3,2021-12-05T17:46:40,BRAND1,792.78,jigicfk@gmail.com
ccbdcaa7-8079-497f-8082-8fdb0b83558d,2021-12-05T17:46:40,BRAND2,260.29,"""gkihhgc hlflcgf"" <gkihhgc@appple.com>"
b0283bb7-fb36-438c-9fa7-c49c8e1987a0,2021-12-05T17:47:30,BRAND5,366.79,"""ljaikah kgfafid"" <ljaikah@yahoo.com>"
83705485-77dc-483a-a523-83f5805ecc15,2021-12-05T17:47:30,BRAND2,851.42,gldgdfe@gmail.com
228d2d2c-4824-41de-a63a-875fbac76253,2021-12-05T17:49:10,BRAND2,322.19,ekjjfcd@gmail.com
cab81a57-81ec-4535-a985-598c767006d3,2021-12-05T17:49:10,BRAND3,958.34,kbbglek@live.com
e94607e6-56df-4f54-896a-4df7f99bb1ab,2021-12-05T17:50:00,BRAND5,107.11,ahdegfc@gmail.com
57c90f47-c2c3-451f-9f17-493cd00ba2c1,2021-12-05T17:51:40,BRAND5,528.58,kbkegef@gmail.com
411c1501-a336-49b6-8fa0-983e036304c4,2021-12-05T17:51:40,BRAND5,824.71,eadfgil@hotmail.com
46c5b3b1-3089-42e7-be8a-2fb1f67c425d,2021-12-05T17:52:30,BRAND2,876.51,ibgldic@live.com
58f23db5-b8cd-43e8-afd9-f9b52c64d826,2021-12-05T17:53:20,BRAND2,496.91,"""lhlhahf kiccijf"" <lhlhahf@yahoo.com>"
6f34bffd-1012-4592-948f-54575de24618,2021-12-05T17:53:20,BRAND1,269.07,"""kdllfei chldfib"" <kdllfei@live.com>"
96694a35-abe6-4ba5-9261-5a674b100833,2021-12-05T17:54:10,BRAND2,288.72,"""baejkhi ieigfci"" <baejkhi@gmail.com>"
cf45fe48-c24c-49d3-bbed-f2acbec055bd,2021-12-05T17:54:10,BRAND5,139.19,"""baelgbb klcldlb"" <baelgbb@appple.com>"
3339580c-2919-4183-b36a-61636ab0b224,2021-12-05T17:55:00,BRAND2,523.30,gllejce@yahoo.com
3fe30e21-f083-42d1-820c-47dcba6d3634,2021-12-05T17:55:50,BRAND3,457.19,"""fikhaff cbcddhf"" <fikhaff@gmail.com>"
9f1ca881-b7af-4827-8e78-f810d5b89afb,2021-12-05T17:55:50,BRAND2,723.90,giclbbk@live.com
adbdfb5a-3938-4663-ba2d-41c943ec3e08,2021-12-05T17:56:40,BRAND3,28.11,fjehlia@appple.com
3567bba3-3294-4152-8fe4-491ccb907e09,2021-12-05T17:58:20,BRAND2,302.03,"""lcladlh hgfkbik"" <lcladlh@gmail.com>"
a591ad74-71b4-44ba-aec3-4daf5d60f143,2021-12-05T17:58:20,BRAND3,837.55,"""hchbija gclgbld"" <hchbija@yahoo.com>"
be3a419e-f3ba-4df2-b66c-041f46813bd1,2021-12-05T17:59:10,BRAND2,591.27,ejaekab@appple.com
ed086cda-7a85-4bb8-b593-501471454f3f,2021-12-05T17:59:10,BRAND1,275.50,cieliac@live.com
4aff9b64-5cdf-41f9-801d-87b25f899994,2021-12-05T18:00:50,BRAND2,4.03,ceckdje@gmail.com
58a9b97a-ea04-4423-a526-eac8b244a472,2021-12-05T18:01:40,BRAND1,377.61,"""bakhdje eecjfhi"" <bakhdje@gmail.com>"
dee38bb2-17b3-47fe-a46c-383f856913b6,2021-12-05T18:03:20,BRAND2,200.57,gcdegbi@appple.com
0d07ee65-643e-4c90-bf24-c1c504d7512d,2021-12-05T18:03:20,BRAND4,304.79,fiidbda@gmail.com
53b6d992-fd0b-4d0f-9c2a-307843e577f0,2021-12-05T18:04:10,BRAND5,966.16,"""hbilbhd iejjllf"" <hbilbhd@gmail.com>"
f097678b-f06c-4289-87e0-5b8243f9a4a7,2021-12-05T18:04:10,BRAND1,12.35,acbajhf@appple.com
88208512-90a5-4675-98a1-b0905a9f41f9,2021-12-05T18:05:50,BRAND5,608.73,"""diedehe jbldagh"" <diedehe@gmail.com>"
9d55380d-6191-4be5-a434-d709ff11feed,2021-12-05T18:07:30,BRAND5,769.95,"""cbbdiae jidlclk"" <cbbdiae@gmail.com>"
d2d05e2b-ee28-4d6e-9ec2-3a4413037328,Sun Dec  5 18:07:30 2021,BRAND1,297.42,"""hlheecb cidhhag"" <hlheecb@yahoo.com>"
4ae7e7bf-3f9f-4b1e-89a1-85e724c8e7ab,2021-12-05T18:08:20,BRAND4,360.76,gfgdckd@gmail.com
3a0c60af-658b-40a5-a180-28f7b248156b,2021-12-05T18:08:20,BRAND2,795.38,"""idejffg gflhbag"" <idejffg@gmail.com>"
6311e079-2128-4980-9cf1-2fbce35173c2,2021-12-05T18:09:10,BRAND5,156.16,cigcjcc@live.com
d3171fcc-d0fb-4a3f-8a4e-2190ef79c18f,2021-12-05T18:09:10,BRAND5,315.79,dfjhfid@gmail.com
b7ddebde-fe1e-4a8f-8164-9124bac45e4b,2021-12-05T18:10:00,BRAND2,790.24,clclgdi@live.com
102195e4-9ac4-4fd9-933a-1a24954659f7,2021-12-05T18:10:00,BRAND2,929.31,dhlgfbd@appple.com
f72730af-38f4-487c-bf91-04b6daebe724,2021-12-05T18:10:50,BRAND2,303.43,"""gbceigd likeigb"" <gbceigd@gmail.com>"
9074715e-ad5d-4894-bee1-c119a3624490,2021-12-05T18:12:30,BRAND1,966.06,"""eeljiee aeehdcd"" <eeljiee@gmail.com>"
55a395c7-2d46-433f-8bdf-3eb20070f164,2021-12-05T18:14:10,BRAND4,900.12,"""dggedhf ajbikfj"" <dggedhf@gmail.com>"
5bece122-e0b2-41bc-8b07-98eb51670c0a,2021-12-05T18:15:00,BRAND5,502.70,ehfllle@gmail.com
63c34512-8bab-499f-9589-e22acc63d890,2021-12-05T18:18:20,BRAND3,708.63,lbdakag@appple.com
449dd844-1c90-49f2-a4e3-eecb6c85469a,2021-12-05T18:18:20,BRAND4,737.00,cligiai@gmail.com
52aeb6d6-eb99-4a28-bbdd-e681be59c606,2021-12-05T18:22:30,BRAND2,24.87,"""accjdhj efjelfb"" <accjdhj@appple.com>"
0bedf7a2-8b48-4871-b2d4-32768ce3836f,2021-12-05T18:23:20,BRAND2,647.70,ckeblje@live.com
ac88916f-f27b-4e4b-9894-3c116b50fb4a,2021-12-05T18:23:20,BRAND5,635.54,dfheece@live.com
ff46771c-17c6-433b-a1c1-1b6705ef6776,2021-12-05T18:25:00,BRAND2,400.06,bdkdfjl@gmail.com
548517a6-49a6-452a-b6a2-8e6ae4b5fb35,2021-12-05T18:25:50,BRAND1,55.02,"""edlljci dgegefi"" <edlljci@appple.com>"
d8e31657-4279-49b1-9d2d-3be641d037ff,2021-12-05T18:25:50,BRAND2,644.08,dlfibld@gmail.com
776801de-c661-4fba-8eac-ec50cad5ff30,2021-12-05T18:27:30,BRAND2,188.41,cbdfkld@gmail.com
cce91a06-6f05-4432-9046-544eaad03a57,2021-12-05T18:28:20,BRAND2,280.61,lbdekbc@appple.com
e28cd7e5-898a-47d2-b90f-6c079e5b8844,2021-12-05T18:29:10,BRAND2,863.01,hhijcfa@appple.com
b586fa00-6203-4302-b733-f56788297237,2021-12-05T18:29:10,BRAND2,868.77,"""hghacgg gjjbakl"" <hghacgg@appple.com>"
1c30b7cb-1b7d-4629-ace9-76ede51906fc,2021-12-05T18:30:00,BRAND3,694.21,jebikbk@live.com
ea3d51e0-88c7-456d-a94d-16d369e62f66,2021-12-05T18:30:50,BRAND2,459.40,fdfgaef@gmail.com
ed4c3faa-8072-4c8d-afff-37f9673484f9,2021-12-05T18:31:40,BRAND2,951.01,jihjijf@gmail.com
400a418d-0067-465a-8c22-27060da47428,2021-12-05T18:32:30,BRAND2,604.53,jlbbllf@gmail.com
caabecba-ac7b-4fa3-95dc-46b0d06e2380,2021-12-05T18:32:30,BRAND5,364.15,"""gbechhb lceiafd"" <gbechhb@gmail.com>"
3e603259-575a-43a6-aa4e-e66fa2ee3f54,2021-12-05T18:35:00,BRAND5,700.82,bebgljk@gmail.com
64fb7fbf-936a-4a7d-a01f-221af64a3a25,2021-12-05T18:36:40,BRAND1,992.70,"""gedbbfh dhaaack"" <gedbbfh@gmail.com>"
227f7f93-b6d8-4ce3-9047-5bacafd467f8,2021-12-05T18:38:20,BRAND2,$757.93,"""cbbgiik lfgiijj"" <cbbgiik@hotmail.com>"
3f08dc2d-ddb7-4b8f-9e42-312f3a6be617,2021-12-05T18:38:20,BRAND2,145.84,"""eafcigi iebiage"" <eafcigi@gmail.com>"
d682359f-950e-4e20-9c29-9d2096ccb490,2021-12-05T18:39:10,BRAND1,352.22,lglbeij@appple.com
5b3bf8d1-890c-44ea-a2c5-2d516b0c4a55,2021-12-05T18:40:00,BRAND2,378.92,hbihhki@live.com
cb491967-db52-4edb-a748-4a48917c8643,2021-12-05T18:40:00,BRAND4,109.59,jcbhgjl@live.com
6acb815f-ee7b-4414-a25b-f6053e5ccbce,2021-12-05T18:40:50,BRAND2,159.78,"""ehalacc dlkbhfa"" <ehalacc@appple.com>"
0de9c7fd-4fac-46fa-b945-0cf1929120f1,2021-12-05T18:41:40,BRAND5,213.80,"""ecdhgii ajcdhai"" <ecdhgii@live.com>"
73a4b011-6652-4ff1-bc90-0abc3dd2eaf2,2021-12-05T18:42:30,BRAND2,371.43,ddhefdk@gmail.com
bc8bb066-fea5-4dbc-8ae9-862ef8dc971e,2021-12-05T18:44:10,BRAND5,871.07,"""dlccgef caahakb"" <dlccgef@appple.com>"
0794ba7b-d94f-47d9-83be-36fe2f4e593c,2021-12-05T18:44:10,BRAND2,910.93,hibfekc@appple.com
9e6e3a1a-2409-4e13-bd67-41611dd5a170,2021-12-05T18:45:50,BRAND2,734.35,"""efceecg ebdkjke"" <efceecg@hotmail.com>"
fa7e5dc0-618d-447f-99a1-e485b1383db3,2021-12-05T18:46:40,BRAND1,364.43,ilfljea@yahoo.com
e8776a76-ce62-442d-943d-cce502d16220,2021-12-05T18:47:30,BRAND2,83.66,ckhlckg@appple.com
94a5f8b1-aaf5-4126-8854-bc334f0fd27e,2021-12-05T18:48:20,BRAND2,385.43,ddiaiek@gmail.com
1d9842eb-98fc-4f0e-8af5-56e31a7ec3c0,2021-12-05T18:50:00,BRAND2,732.17,"""cicgbaj dkhfbid"" <cicgbaj@appple.com>"
02d9bedc-3e73-4a00-8d71-2acf9818eec9,2021-12-05T18:52:30,BRAND5,503.27,kejbgbf@gmail.com
8b8c1d16-6b1b-4d2e-af43-99e6d0580211,2021-12-05T18:52:30,BRAND1,868.41,akibafd@appple.com
4e84db6f-540e-4789-8633-30ca9731b211,2021-12-05T18:53:20,BRAND2,952.50,eaefgaj@gmail.com
912b7e14-82bf-4693-b229-c9f5ddfddfbb,2021-12-05T18:54:10,BRAND2,55.28,"""lcbcadd gefdfgb"" <lcbcadd@gmail.com>"
9d46d54b-3515-4cf4-b347-4c74c2bc2709,2021-12-05T18:54:10,BRAND1,836.36,"""gaeadga bblgjef"" <gaeadga@gmail.com>"
57eec294-e153-4ece-a5f8-79821c4cfab4,2021-12-05T18:55:50,BRAND5,586.79,"""jkdjklg cidhbki"" <jkdjklg@live.com>"
f318c638-0993-4a11-b953-9482ab329f31,2021-12-05T18:57:30,BRAND1,348.59,"""gihkffa ligdlik"" <gihkffa@gmail.com>"
75cfb616-bccb-4e0f-805c-ccd07c04111b,2021-12-05T18:57:30,BRAND4,247.14,"""adkcdgb bhialck"" <adkcdgb@gmail.com>"
340e253f-454f-4319-b53d-8b9073eeb56c,2021-12-05T18:58:20,BRAND2,706.34,jbflhae@gmail.com
bacc5a05-714a-4eaa-a63b-0a86f76b7cd7,2021-12-05T18:58:20,BRAND4,949.57,hhhjlhi@yahoo.com
2b2cd768-4a40-4550-a3dc-74ff438da64c,2021-12-05T19:00:00,BRAND2,167.63,"""ghkiekh kecahcb"" <ghkiekh@appple.com>"
ed25c901-2a4a-4041-9a38-3eb588c515cb,2021-12-05T19:00:50,BRAND2,162.83,lffjbff@gmail.com
0f52ec5d-41fa-4aac-a221-19686fddba62,2021-12-05T19:00:50,BRAND5,527.73,"""gaibefa ehgfjej"" <gaibefa@gmail.com>"
d6015060-0de6-4106-86b5-35526328dfa5,2021-12-05T19:01:40,BRAND5,94.72,bdhgahd@gmail.com
4dba531f-9f59-44a0-bd8f-6d61018ee49c,2021-12-05T19:01:40,BRAND5,771.08,bhffaag@appple.com
f06aed17-eb43-4468-8306-435fb28af28f,2021-12-05T19:03:20,BRAND4,787.42,ibikclj@live.com
90e5c48c-d0f2-4a82-b8de-af2659337b34,2021-12-05T19:05:00,BRAND2,676.04,"""hgfjihg ekaijhb"" <hgfjihg@appple.com>"
2ea62676-25c2-42db-ab33-839b4b4d1928,2021-12-05T19:05:50,BRAND5,299.72,hbalfdh@appple.com
92ab8eca-5c6b-41c3-bc08-448921a1e209,2021-12-05T19:06:40,BRAND2,866.95,iekeggg@gmail.com
bc323194-9871-422b-bfd4-aa4be807fb4a,2021-12-05T19:09:10,BRAND2,462.87,"""gebchcj bcjgffh"" <gebchcj@appple.com>"
0008d732-4721-4306-88ab-d2901ad1004f,2021-12-05T19:09:10,BRAND2,523.20,ehlhabg@gmail.com
36d59a8f-b725-44ad-86b8-d46624586df4,2021-12-05T19:10:00,BRAND2,244.99,bilejef@gmail.com
32b35502-9a05-495b-81d2-bf0fef8f7cec,2021-12-05T19:10:00,BRAND2,604.26,ciacclb@gmail.com
565faf50-ca0d-4977-99f4-cea9cc5362a3,2021-12-05T19:10:50,BRAND5,897.67,"""gfcghjk adglbkg"" <gfcghjk@gmail.com>"
9c1c2626-655b-452e-9c73-bb1a16d30192,2021-12-05T19:10:50,BRAND2,621.39,eflgigi@gmail.com
6bd99037-e1a8-4f5f-b071-f446c7c7b7e1,2021-12-05T19:11:40,BRAND2,737.08,"""hkalelf ehcfcli"" <hkalelf@live.com>"
3cd3b089-6889-4a61-94e3-d69877472462,Sun Dec  5 19:12:30 2021,BRAND5,138.12,"""lhlcljh lhbkclj"" <lhlcljh@gmail.com>"
3e80147f-0c4e-4da5-b394-991ea2f30ee5,2021-12-05T19:14:10,BRAND3,155.29,kcdjhch@appple.com
7d9581fb-56fb-4d1a-98b0-7584b85926e7,2021-12-05T19:14:10,BRAND3,588.34,"""dihdlkl akeacjd"" <dihdlkl@gmail.com>"
791e1107-612b-459d-a38e-9504e4c66e11,2021-12-05T19:15:00,BRAND2,$769.54,cklafhj@appple.com
53699df9-ffb7-406e-9cd4-e3b5de87fc3f,2021-12-05T19:15:00,BRAND5,292.62,ffeeejl@live.com
3350fdea-14fe-4c0e-9d7f-1662a9780c09,2021-12-05T19:17:30,BRAND2,$609.13,"""ackchka ihgccld"" <ackchka@live.com>"
6f0be3ca-ce81-4705-ab11-1ab7b7243689,2021-12-05T19:18:20,BRAND2,915.74,"""jhdgebe ejiaceb"" <jhdgebe@gmail.com>"
402bb199-eab4-4e82-9dde-17d1cebac80e,2021-12-05T19:19:10,BRAND2,635.35,beeclea@gmail.com
36a036d4-0978-46a2-bb65-078c8116e505,2021-12-05T19:20:00,BRAND3,461.01,hecfaed@gmail.com
7d4bf9ac-c12f-45e2-999c-30d190f8a5c2,2021-12-05T19:20:50,BRAND5,469.05,fgjhlab@gmail.com
81e0cff0-23ce-44c6-8e61-b0fe844c87af,2021-12-05T19:20:50,BRAND2,257.10,"""hedlfli djedkig"" <hedlfli@gmail.com>"
bd4aa01f-85c3-4fbc-9a26-c8b81e9ed3ed,2021-12-05T19:21:40,BRAND2,419.82,"""bcbldec aljkiil"" <bcbldec@live.com>"
60d087c1-3a4e-4694-bf8a-1600091b12a7,2021-12-05T19:21:40,BRAND1,701.79,"""cbdcdee aiabegk"" <cbdcdee@gmail.com>"
2ba99b4a-efe8-46c3-876a-3f5c613c10ca,2021-12-05T19:23:20,BRAND5,699.91,"""aelclid idklbjb"" <aelclid@live.com>"
e01ac8a9-67d5-40d7-8ac4-1c3d9a0848f7,2021-12-05T19:23:20,BRAND2,252.09,hcbjjef@appple.com
81babbea-2361-49da-b105-f6c477a2c823,2021-12-05T19:25:50,BRAND2,536.90,jgdckdf@gmail.com
b5562c96-6c3b-470a-87a3-1e387b3347ba,2021-12-05T19:26:40,BRAND1,637.50,fjclaef@live.com
0c4314af-d9e8-4d7e-a5b6-2841ba49fb8a,2021-12-05T19:26:40,BRAND2,367.46,igfilge@appple.com
9aaee315-211d-47a0-aa99-7bf59b5c10e4,2021-12-05T19:27:30,BRAND5,894.45,"""dkelijk ebjfbfi"" <dkelijk@gmail.com>"
95944606-bf9b-4a4e-a170-c313894bfba6,2021-12-05T19:27:30,BRAND5,983.95,ideigea@live.com
722ce888-8f3d-4827-a053-a0840a98e20b,2021-12-05T19:28:20,BRAND2,$724.69,addjijb@appple.com
4290e600-8769-40f8-9797-f133368d8e47,2021-12-05T19:29:10,BRAND1,$6.83,fchlgdl@gmail.com
d78e3ba1-06b6-4542-aa9c-ba78799bb425,2021-12-05T19:29:10,BRAND5,926.90,biifclb@gmail.com
c008766b-df54-4594-9344-4c2800ef6269,2021-12-05T19:30:00,BRAND4,898.38,"""cgjlhfi iaahdhi"" <cgjlhfi@appple.com>"
eaec6a9a-815c-479d-81a9-d66e8720c4ad,2021-12-05T19:30:00,BRAND1,914.87,"""djdhiff abcblai"" <djdhiff@gmail.com>"
eca9035e-2f32-45e4-b457-13647a0dbd17,2021-12-05T19:30:50,BRAND5,358.69,acjelbb@gmail.com
fbd979f0-d3a9-4b02-a8ba-fdfb29b510b4,2021-12-05T19:32:30,BRAND2,937.12,"""gfalcib dbiidje"" <gfalcib@gmail.com>"
d093a03e-4e29-4001-b9b8-7d90010225c3,2021-12-05T19:32:30,BRAND5,588.20,gbhflii@hotmail.com
f6b13299-db47-4f9c-9e2f-c48ebfd5851b,2021-12-05T19:33:20,BRAND2,430.48,ihaeeie@hotmail.com
33898e25-c5eb-47ed-b08f-10b7ee929f9f,2021-12-05T19:34:10,BRAND2,32.78,eghekhg@hotmail.com
fd227892-4ff8-47d3-932c-91a075a19ea4,2021-12-05T19:34:10,BRAND5,922.12,"""fhejgkc ggbckck"" <fhejgkc@gmail.com>"
cf270cd1-96e3-4344-bff6-b17b34df06ff,2021-12-05T19:35:50,BRAND2,683.20,"""fhcdibi ghlgfhf"" <fhcdibi@gmail.com>"
0afb060b-b9cb-4517-bd6b-b4070397f3be,2021-12-05T19:36:40,BRAND3,542.88,cbdakka@live.com
81b54b80-78fa-4794-a8bd-df1fd8459d4f,2021-12-05T19:36:40,BRAND5,850.53,"""accfbic jjgfdec"" <accfbic@appple.com>"
fed9faf1-d152-466b-b095-fbda54844ebe,2021-12-05T19:37:30,BRAND5,944.79,cifedai@appple.com
c381e939-f980-4ac7-bbd3-ba8ea4f8d164,2021-12-05T19:37:30,BRAND5,375.18,eaedhkj@live.com
55419ca1-ceba-4b1c-b0f3-aab9e094a7af,2021-12-05T19:39:10,BRAND5,215.14,"""djdfebj ghlgfba"" <djdfebj@yahoo.com>"
d1127d04-6527-4079-bf1c-7c4e59d7f3c9,2021-12-05T19:40:50,BRAND2,234.02,ilhkjjg@yahoo.com
31b70eaa-5b13-4c7d-a425-64ca65af98f1,2021-12-05T19:40:50,BRAND2,845.56,"""hbkcflb aeckahh"" <hbkcflb@gmail.com>"
c64eeeca-6751-4694-87a7-b913cf22dad3,2021-12-05T19:41:40,BRAND2,208.52,aljdbal@appple.com
171d2a23-9ff2-4679-985c-9c907687fbb9,2021-12-05T19:41:40,BRAND5,651.34,"""dbddhia bgkkbhd"" <dbddhia@appple.com>"
5af1072f-ca80-4bba-a540-cbbea1be13c9,2021-12-05T19:42:30,BRAND2,795.21,"""lllkllb lgjaabj"" <lllkllb@gmail.com>"
28128852-73f6-4727-a812-7ad4a8cbf7a4,2021-12-05T19:42:30,BRAND2,123.05,"""djihdie fgcdaif"" <djihdie@appple.com>"
74f24fdd-7b88-491a-9f72-221304326eba,2021-12-05T19:43:20,BRAND2,880.20,ibjhjab@gmail.com
292d375c-ea09-43b8-9bd5-ad72cf187cc5,2021-12-05T19:43:20,BRAND2,810.76,"""hckbaae accheig"" <hckbaae@live.com>"
21e83996-8a1d-40f0-abb1-a59ab63ca97f,Sun Dec  5 19:44:10 2021,BRAND5,129.65,"""iiliaki glkadih"" <iiliaki@gmail.com>"
34f35d20-38da-4db7-ae48-f936b91635ae,2021-12-05T19:45:00,BRAND2,229.34,"""ibkhghb kgiajdd"" <ibkhghb@yahoo.com>"
8823140a-bfea-45fa-a3f0-b53c1432c0b4,2021-12-05T19:45:00,BRAND2,741.04,"""clglfhj akhefld"" <clglfhj@hotmail.com>"
7887ec4d-e504-4305-a95c-c63e206cc4bf,2021-12-05T19:47:30,BRAND5,570.08,jkjgdcc@gmail.com
c79d840e-652c-42bd-bffd-c2655647e8b8,2021-12-05T19:48:20,BRAND5,169.11,"""kcelffe laaagfl"" <kcelffe@gmail.com>"
892fe658-ee91-4813-b57c-9578ec022152,2021-12-05T19:50:00,BRAND2,784.26,bghfdfg@gmail.com
5ac5062e-74e3-4ce8-a24d-872b66e21fd1,2021-12-05T19:51:40,BRAND2,809.83,dilajli@gmail.com
af05924e-88d8-4a3a-a084-7c134a9d872f,2021-12-05T19:51:40,BRAND2,$222.68,"""legceal jabilhd"" <legceal@gmail.com>"
5b2c5120-4844-482d-96bf-371a93c8fdbd,2021-12-05T19:52:30,BRAND2,946.21,fkejcll@gmail.com
5c8f1e71-46aa-455d-98e7-71fdf429aac1,2021-12-05T19:52:30,BRAND5,21.85,fkjgekl@gmail.com
a946d4d0-a76a-41f3-923b-5024ad23b5ca,2021-12-05T19:55:50,BRAND4,738.41,"""ahiikjd ejejefg"" <ahiikjd@appple.com>"
bf8bf978-2a90-4a7b-984c-c51f57c539fa,2021-12-05T19:56:40,BRAND3,349.33,fjjehha@gmail.com
91b8af6f-66d8-4b4f-803a-9279c55c9a44,2021-12-05T19:56:40,BRAND5,15.88,bbkakfi@gmail.com
c0556948-0f07-4d2d-b738-cdc81e2f8b12,2021-12-05T19:57:30,BRAND2,756.25,fglijld@gmail.com
4c8748eb-9076-4852-a663-e4d46bc9c8bc,2021-12-05T19:57:30,BRAND5,52.54,"""aalafdh cbaakhk"" <aalafdh@gmail.com>"
f86032c6-d0d7-484b-bb70-62ae442d2637,2021-12-05T20:00:50,BRAND5,854.17,ciccdeg@appple.com
bd6899ae-476b-4bf0-87a0-cae5e119aa37,2021-12-05T20:01:40,BRAND2,557.81,"""celbeeg cjgdkkl"" <celbeeg@gmail.com>"
5b6f8315-285b-4078-ac14-7116d82f289b,2021-12-05T20:02:30,BRAND3,241.86,"""djgebji iajkgjh"" <djgebji@appple.com>"
4da15a9d-c121-478f-80bc-b64b44bbdef9,2021-12-05T20:02:30,BRAND5,912.28,"""lljfhcf bbbckdd"" <lljfhcf@gmail.com>"
cf0fcda9-56e0-4430-b645-1afe01808951,2021-12-05T20:05:00,BRAND5,363.28,"""llbdhjl kjfebbk"" <llbdhjl@gmail.com>"
dfd842e8-c246-4b2d-a535-d87a248fa608,2021-12-05T20:05:50,BRAND2,732.81,ljiahag@hotmail.com
17a8160f-af24-4d9e-9731-d58597bed7aa,2021-12-05T20:06:40,BRAND2,582.55,dlccjkj@gmail.com
6ffd06df-1f68-44ec-8697-a467dc0a8ff4,2021-12-05T20:06:40,BRAND5,660.52,"""hkdjdgc cakcdga"" <hkdjdgc@gmail.com>"
9d767be6-26a6-41c4-9102-dbe23b13be53,2021-12-05T20:08:20,BRAND2,202.33,"""leebagj aghdcgg"" <leebagj@appple.com>"
0d6ec1c6-c359-4e82-ad20-56f66ac4bf20,2021-12-05T20:10:00,BRAND5,632.28,"""ajkbbkj kkkkkhh"" <ajkbbkj@live.com>"
fae434e1-7d39-41f2-9296-95dec11c4e90,2021-12-05T20:10:00,BRAND1,967.03,flgbilb@gmail.com
2db31a78-b42a-44ea-b841-7ee9bad69770,2021-12-05T20:10:50,BRAND2,710.95,"""ljjhjbh kjkflfh"" <ljjhjbh@gmail.com>"
09c032e4-d391-4683-8a1e-7702458fe1a4,2021-12-05T20:10:50,BRAND3,352.23,aebddgc@appple.com
0c716d75-4722-48f7-ba8d-f8e16fd10792,2021-12-05T20:12:30,BRAND2,946.90,"""aaafadl kjkfeif"" <aaafadl@appple.com>"
7b7ca0b4-c15e-4b56-ba70-bf33a75b163f,2021-12-05T20:13:20,BRAND5,272.88,"""aelchhj cdekfdk"" <aelchhj@gmail.com>"
84eec8ac-ecf5-4b73-aacd-2d518ace4272,2021-12-05T20:15:00,BRAND2,985.59,bibicgl@appple.com
32296cd7-ef3c-48aa-811a-2654d57bf445,2021-12-05T20:15:50,BRAND2,867.36,bhlcfde@live.com
ae3f88d6-efc3-4f97-9601-d990f0adab80,2021-12-05T20:18:20,BRAND5,999.79,djgiclf@gmail.com
6f96452a-7e46-40a1-83a2-70482466db99,2021-12-05T20:20:00,BRAND2,234.12,"""hgaiief cjahdid"" <hgaiief@gmail.com>"
f5f6410c-7428-42ea-bfb0-14b53a0744e3,2021-12-05T20:20:00,BRAND2,$309.22,cdbikbd@hotmail.com
de07d4b1-11f8-447b-b7ef-46ed67309ad5,2021-12-05T20:21:40,BRAND2,452.42,dhjjkbb@live.com
6e568305-f3f4-4429-a890-62ec70b59ddb,2021-12-05T20:21:40,BRAND4,812.51,"""lidkkhd eccjiac"" <lidkkhd@live.com>"
6ecfb4c0-0a6a-4cae-b8a3-833238c5c1eb,2021-12-05T20:23:20,BRAND2,808.11,akeaafc@appple.com
b30eb104-4b83-4f1b-917d-24b262e17f14,2021-12-05T20:23:20,BRAND2,793.55,"""dkhgihe hjkhcdd"" <dkhgihe@gmail.com>"
63fb5258-9477-4d83-b2e2-d1d016cc30bb,2021-12-05T20:25:00,BRAND2,803.71,"""gkdbejd efbabac"" <gkdbejd@live.com>"
8cec6977-969f-4283-8f56-4ecddff420b0,2021-12-05T20:25:50,BRAND3,651.43,idkgldh@gmail.com
96f0d99c-f1a7-41bf-b765-da5667d96ae9,2021-12-05T20:25:50,BRAND1,805.93,aiidela@gmail.com
5a68f600-5de9-48ac-9071-f0059de930cf,2021-12-05T20:26:40,BRAND1,322.76,fhfcblf@gmail.com
9d74368b-0cf4-4b9b-b2e6-b110e3e36026,2021-12-05T20:27:30,BRAND5,879.40,"""jbhgkgl ihbfjia"" <jbhgkgl@appple.com>"
f279f782-97ca-4326-b6d1-3015beaa5758,2021-12-05T20:28:20,BRAND2,554.84,aaedldk@gmail.com
5cbddfd9-1810-4929-80c6-362b403acf9e,2021-12-05T20:30:00,BRAND2,135.51,"""lkbaccc ijkbadl"" <lkbaccc@appple.com>"
2a5a8a47-1776-4c47-878a-2fb57d887342,Sun Dec  5 20:30:50 2021,BRAND2,356.56,"""ijlfdec digledk"" <ijlfdec@yahoo.com>"
ba2e2aea-cf3f-4659-8ab7-83de5d9f25ff,2021-12-05T20:31:40,BRAND5,176.31,"""eeccibe elfelaa"" <eeccibe@gmail.com>"
ba4c3b05-ab9c-4d04-abbe-d5612764901e,2021-12-05T20:31:40,BRAND2,287.17,eghkacj@appple.com
7c9b3fcb-581f-4568-a93a-ed0aad69fc5c,2021-12-05T20:32:30,BRAND1,184.75,lllbgkd@appple.com
94f13d78-f0d8-47f9-8533-26d88b835e06,2021-12-05T20:32:30,BRAND2,272.97,"""laegeka jklfhej"" <laegeka@gmail.com>"
6bb72768-fa50-46d8-a878-f8b03406e77b,2021-12-05T20:34:10,BRAND2,733.10,fdkeaeg@gmail.com
6baa5994-fd33-410d-bd44-ffc9aedcf397,2021-12-05T20:34:10,BRAND2,959.35,bchhihl@gmail.com
6b61b806-b850-434d-a20e-b069b5c38fb3,2021-12-05T20:35:00,BRAND5,779.61,alefbch@hotmail.com
e8e3f3b9-d6d3-42bb-9253-e2918d5289ac,2021-12-05T20:35:50,BRAND2,553.06,"""kbcdagf fjfegaf"" <kbcdagf@yahoo.com>"
d5e00bad-3031-4499-9652-312e23eac41e,2021-12-05T20:36:40,BRAND1,484.42,hifhiic@appple.com
7a6f3dd4-ff01-4471-b6e6-29416fcec508,2021-12-05T20:36:40,BRAND5,196.51,"""kjldchk hcflhkl"" <kjldchk@gmail.com>"
b677fefc-195e-46d4-a360-a4427296798f,2021-12-05T20:37:30,BRAND2,66.45,ccalbhf@appple.com
3634385f-5707-4957-9d70-71c2bec317d7,2021-12-05T20:37:30,BRAND5,617.43,cdcaild@gmail.com
cc719672-474c-4824-a78c-b9f4a1b3f7ef,2021-12-05T20:38:20,BRAND2,834.27,lgegjgh@gmail.com
aea3c0f5-9be0-4c14-b92a-d5cf25837435,2021-12-05T20:38:20,BRAND2,152.49,fjlddge@gmail.com
cc79be5e-3cb5-4318-a20f-4c5246eb1f8c,2021-12-05T20:40:50,BRAND5,293.30,ebchekg@gmail.com
a6e11711-4875-47b8-a329-3fcb6a850f7a,2021-12-05T20:41:40,BRAND2,710.88,ehieieb@appple.com
f25cbcb5-305c-4838-ad03-64a491f8892b,2021-12-05T20:42:30,BRAND5,952.38,cklhbeh@gmail.com
5fe15633-e84f-4038-b856-8518065dfea4,2021-12-05T20:42:30,BRAND1,826.47,"""dbhajji biigkgk"" <dbhajji@gmail.com>"
af912b26-4b48-4c49-961c-0eedf98e3c82,2021-12-05T20:45:50,BRAND1,723.09,eihabgc@gmail.com
f6226f2f-9d5a-4d06-8c80-1320b8826a69,2021-12-05T20:45:50,BRAND1,79.92,"""hialjfl baffbaj"" <hialjfl@live.com>"
109cc59c-69e0-444d-a643-248797d22c40,2021-12-05T20:46:40,BRAND1,304.52,"""gjlkflf ahadikb"" <gjlkflf@gmail.com>"
fb734102-316b-4f6b-8e8a-c7f0b6b2c4f4,2021-12-05T20:46:40,BRAND2,691.91,"""jbfbgdh gdjkfig"" <jbfbgdh@gmail.com>"
3e5c5454-8568-44ed-aee3-4d4795dafc82,2021-12-05T20:48:20,BRAND4,138.95,ljbbkgj@hotmail.com
45260b83-914c-489f-88d8-946cbd26fa3b,2021-12-05T20:49:10,BRAND2,730.95,"""dggfiah kkgbgda"" <dggfiah@gmail.com>"
28f9486d-bf3d-424a-a08a-10d3cfca1835,2021-12-05T20:50:50,BRAND2,856.80,"""jbecbdi jdidjgg"" <jbecbdi@appple.com>"
b31f947b-5448-4cb7-a24b-b335bf58f132,2021-12-05T20:51:40,BRAND2,985.71,"""bdjbhgf elkcfjh"" <bdjbhgf@gmail.com>"
79b9fc6c-3d7d-4773-ab5b-93799eba8efc,2021-12-05T20:54:10,BRAND2,786.65,"""fbaekfa jkaffea"" <fbaekfa@gmail.com>"
d8d31216-a3ff-44d6-92a2-7454512d8856,2021-12-05T20:54:10,BRAND1,632.08,"""dggahkk jbkfkil"" <dggahkk@gmail.com>"
ec7df6d4-617d-4d0f-afd2-b5807dc95902,2021-12-05T20:55:00,BRAND5,799.52,"""lkligah cgfjiha"" <lkligah@yahoo.com>"
68903361-3e98-4c5b-82c2-5ea2af65af09,2021-12-05T20:55:00,BRAND3,557.41,"""aggebji hcjfkle"" <aggebji@gmail.com>"
f950207f-6512-4736-ae9a-076d831b15be,2021-12-05T20:59:10,BRAND2,765.51,igbifdg@hotmail.com
1d5b63c7-94f3-42b3-866c-1683313824a8,2021-12-05T21:00:00,BRAND2,624.57,"""ccdbegl hikkikh"" <ccdbegl@live.com>"
99aaaf9a-f2c8-4379-b3cd-7cc61b33702c,2021-12-05T21:00:00,BRAND2,344.04,"""jichkeg ajbifeb"" <jichkeg@gmail.com>"
be9d1c1a-4bf1-41c5-9084-df7be6717fd7,2021-12-05T21:00:50,BRAND2,24.68,jhgjcda@appple.com
78c6238f-c45a-4a16-9849-327f11a42643,2021-12-05T21:01:40,BRAND2,992.61,eiceebd@hotmail.com
15813a58-b221-4156-bac1-df8b61710300,2021-12-05T21:01:40,BRAND5,914.47,geaecke@live.com
bb12a878-239a-41c3-91ca-21d062fe4331,2021-12-05T21:03:20,BRAND2,853.75,"""edealjj dheegfi"" <edealjj@yahoo.com>"
66790c6f-71bb-475d-a829-6828aa6750b2,2021-12-05T21:05:50,BRAND2,462.60,cfjifle@gmail.com
f3c98fa1-aaa4-4fba-b953-206e4f52c84e,2021-12-05T21:05:50,BRAND5,301.64,"""jgbjkfk dbflgcg"" <jgbjkfk@gmail.com>"
87b2dd7b-3a49-4f47-9f78-da20f1c01832,2021-12-05T21:06:40,BRAND1,920.40,"""abbagcf ahehdba"" <abbagcf@live.com>"
77a5d7e0-1b1c-4865-90dd-adf990be6666,2021-12-05T21:06:40,BRAND1,746.44,kaajccd@gmail.com
088394e0-8984-4a26-8dce-582108647f81,2021-12-05T21:09:10,BRAND2,350.04,"""cdbgehb gclaiea"" <cdbgehb@gmail.com>"
a1d2f7d8-b2e4-4508-8322-27772a3bc6ba,Sun Dec  5 21:10:50 2021,BRAND5,882.33,dchiedk@appple.com
bed540b3-bd45-4fe0-a65c-4c1ddba5dd9f,2021-12-05T21:14:10,BRAND2,852.08,ajihlha@hotmail.com
a853a8af-0af9-4e51-877f-11e004def36b,2021-12-05T21:15:00,BRAND2,446.01,jdlieej@gmail.com
07bc0d26-400a-4d5f-93b9-0d09794d9b53,2021-12-05T21:15:50,BRAND2,550.12,aalcfkf@gmail.com
6d46bccc-0f9c-4c68-a073-e4c8163e81b5,2021-12-05T21:16:40,BRAND2,84.79,fciihch@gmail.com
ae24faa3-e807-480e-93e3-e8ddf6f25fab,2021-12-05T21:17:30,BRAND5,974.74,dlikaae@yahoo.com
92982be2-e4c6-45d1-8bbc-c6c75967b20a,2021-12-05T21:17:30,BRAND2,437.57,lcekbja@gmail.com
211f106b-ab57-4d7a-a9f8-77a9b7dcb982,2021-12-05T21:18:20,BRAND5,548.71,ghgcdja@hotmail.com
f5d2aed2-edb0-43fa-94b7-e12929f020d0,2021-12-05T21:19:10,BRAND4,739.63,"""kdakkha jiibfgj"" <kdakkha@hotmail.com>"
39d95d8a-41bc-4a10-a7c0-ad5b4abee8d3,2021-12-05T21:20:00,BRAND1,213.32,bcagied@yahoo.com
58076987-9108-42a9-9193-66f73e0f683b,2021-12-05T21:20:50,BRAND5,709.96,ekgbdli@live.com
9cab975e-9590-460c-8005-71a2b13380a1,2021-12-05T21:20:50,BRAND2,770.39,lhagjfk@appple.com
f8e36c25-4640-4445-9d81-5a68ba694483,2021-12-05T21:21:40,BRAND2,426.27,jidkcbc@live.com
b3893730-d092-4748-b3be-53723554a052,2021-12-05T21:23:20,BRAND5,477.59,"""iebcifa jielahf"" <iebcifa@gmail.com>"
cdf33813-2d2c-4237-9b2f-516efd2fe37e,2021-12-05T21:23:20,BRAND5,506.36,"""djbcbcl gfbagdi"" <djbcbcl@yahoo.com>"
f3076650-638f-419a-b793-2cbea83a78ad,2021-12-05T21:24:10,BRAND5,252.57,hhiijgf@gmail.com
35c94432-f90b-4fa0-8965-47c8cb4b302a,2021-12-05T21:25:50,BRAND5,534.50,"""haeibcg bcfcdgg"" <haeibcg@appple.com>"
e66ce0ac-93e2-41c3-acac-c696b250a7ee,2021-12-05T21:27:30,BRAND5,261.34,efjhjgl@live.com
8d8f153b-4fe1-4ccc-9d9e-de8dcc5f53df,2021-12-05T21:27:30,BRAND2,591.20,"""lfkgfdj jgbdjgb"" <lfkgfdj@yahoo.com>"
8408dbb5-077c-4803-91ae-50d9cd0a7e46,2021-12-05T21:28:20,BRAND5,782.37,ibjfkab@live.com
c2114bff-fe7a-4899-bf6c-ff49cf44f568,2021-12-05T21:29:10,BRAND1,678.52,llcgihg@gmail.com
22363551-6a65-4d1b-b1a6-36fa1fee841e,2021-12-05T21:30:00,BRAND1,172.46,"""lijhcad igbkaih"" <lijhcad@appple.com>"
759afea3-70ff-4737-a34e-a04cbdc77a10,2021-12-05T21:31:40,BRAND4,789.02,"""klgilch ihajjki"" <klgilch@appple.com>"
7d6e4fb0-b115-4530-a71a-e61ca4440b73,2021-12-05T21:33:20,BRAND5,54.98,edggkhh@gmail.com
8219a920-96b0-4dfe-b3d8-531cf83e0282,2021-12-05T21:39:10,BRAND2,341.86,eechahe@appple.com
7b11687d-e21c-4dc6-8797-eb29dc42a044,2021-12-05T21:40:00,BRAND5,102.01,lfkeibe@gmail.com
ad05e895-474a-4bf5-82d2-98ef64411e76,2021-12-05T21:40:50,BRAND2,338.08,"""jaedeag jfgjdgc"" <jaedeag@appple.com>"
943bcf44-a5e3-4d53-88b4-4867bd131356,2021-12-05T21:40:50,BRAND2,604.27,"""ijjckje gaeiddj"" <ijjckje@gmail.com>"
5fc98ece-2607-47a3-ba2f-1143ddcc57fb,Sun Dec  5 21:42:30 2021,BRAND2,774.54,"""lhiecbb halfeie"" <lhiecbb@gmail.com>"
1a1baaa0-cf97-472c-8693-a36640ac7d9f,2021-12-05T21:43:20,BRAND3,779.45,lfljfke@gmail.com
a068048f-3a22-448b-b129-46fa0c9e08ca,2021-12-05T21:43:20,BRAND2,958.92,"""kjgfjgk gfbblla"" <kjgfjgk@gmail.com>"
b12c5e19-799f-4025-b8ab-c870a10ed626,2021-12-05T21:49:10,BRAND1,604.50,ljfbcib@appple.com
894dbdd5-5f16-44d2-99d0-4d5a2af86759,2021-12-05T21:50:00,BRAND2,290.13,iejlhal@hotmail.com
9ade918b-8bd0-4140-ab28-637b5a05c482,2021-12-05T21:50:50,BRAND2,288.22,"""gcidlgh haccjkk"" <gcidlgh@live.com>"
21398391-ba6a-48c3-ba89-ea8863d7ea56,2021-12-05T21:50:50,BRAND2,918.35,eegdjca@live.com
b632f0d2-84ec-4d4d-bd2e-bd333aa824a4,2021-12-05T21:51:40,BRAND2,996.00,klfllhd@gmail.com
87447810-25d1-442f-802c-ec06d989082e,2021-12-05T21:51:40,BRAND2,623.69,bhdbkdh@live.com
29dbabac-660b-4365-902c-7be16605bdba,2021-12-05T21:53:20,BRAND2,109.14,"""lefklai hjljajc"" <lefklai@gmail.com>"
a3a56b55-ca49-4f9e-b989-0451337b9117,2021-12-05T21:53:20,BRAND5,102.52,"""iefchbk jkcjbli"" <iefchbk@appple.com>"
dd35d3d1-b783-499b-a9ff-19c4c2e17cfd,2021-12-05T21:54:10,BRAND2,563.96,fkgdkjj@live.com
302ffcfb-75ac-4ff2-b5be-c38ce830a8dc,2021-12-05T21:54:10,BRAND2,684.80,dkcgghf@gmail.com
8a9f219a-389d-4b0a-bd90-5654970995dc,2021-12-05T21:55:00,BRAND5,218.51,jdabbgj@yahoo.com
cb1c1ad8-65b3-4c0c-bd11-34d8343000bb,Sun Dec  5 21:57:30 2021,BRAND2,265.18,"""djjjahk cgfehdf"" <djjjahk@gmail.com>"
17ce078e-ec8a-46af-8f9f-2989d66b2536,2021-12-05T21:59:10,BRAND5,679.84,"""gkflkgk ikdjcfk"" <gkflkgk@gmail.com>"
d54a666f-762a-45cc-8551-5a4ea8c3f895,2021-12-05T21:59:10,BRAND2,969.72,lcgkkki@appple.com
61e35328-cc5a-4d93-8463-f37f83808437,2021-12-05T22:00:00,BRAND2,499.47,"""fcilcai gihcgki"" <fcilcai@gmail.com>"
dc5275c4-f107-4b69-8bb8-a60f9db87f1f,2021-12-05T22:01:40,BRAND5,762.70,"""cbkdilk cjllicj"" <cbkdilk@appple.com>"
a0236096-d9ab-4dad-aea9-44c362409e88,2021-12-05T22:03:20,BRAND2,429.28,"""eejgjlb kbikake"" <eejgjlb@appple.com>"
c7994a3d-bcf2-489d-a17e-70bac43ebc07,2021-12-05T22:03:20,BRAND4,446.05,dhjedcd@appple.com
7a707a59-20c5-4cee-b6e7-eb7824b8b427,2021-12-05T22:05:00,BRAND2,204.16,gfhjlgb@appple.com
bdd4c59c-8300-465e-b111-0fcf494dd9a3,2021-12-05T22:06:40,BRAND2,157.62,jjfkbcg@live.com
c9bf460f-835a-4735-9283-0c3bac5984ee,2021-12-05T22:06:40,BRAND4,597.63,"""llkcbhe ccllbai"" <llkcbhe@gmail.com>"
daa6fcc6-d1e9-498b-af94-cb1a86537c74,2021-12-05T22:07:30,BRAND1,416.34,gkhjekg@gmail.com
c2954046-a002-497e-a3de-a80121f00273,2021-12-05T22:07:30,BRAND1,71.05,ljhbdaf@gmail.com
40f365a5-4998-45c7-80d1-1978b9a951a1,2021-12-05T22:08:20,BRAND5,779.64,fgakkec@appple.com
affdec0c-56af-4705-8bc0-dbedf3fb0943,2021-12-05T22:09:10,BRAND2,220.49,"""ahjkijj fkchkli"" <ahjkijj@gmail.com>"
25de0bed-e7ad-430f-a92b-5abd74fa39ad,2021-12-05T22:10:00,BRAND1,664.21,beikehc@gmail.com
92f8edb3-4f69-46ca-8989-0ff81fcea980,2021-12-05T22:10:00,BRAND1,704.99,"""lbdbigg hggagkg"" <lbdbigg@appple.com>"
28c08a74-031b-4dc0-8be2-9049549a9bec,2021-12-05T22:10:50,BRAND2,550.90,hkfiiif@gmail.com
99894f37-abc9-412c-8c5d-21a8544003a7,2021-12-05T22:10:50,BRAND2,410.77,ckliiha@gmail.com
a78161c3-d5fa-4bc4-8e35-8e365af0df94,2021-12-05T22:11:40,BRAND2,453.82,bjkhlhj@yahoo.com
565abdcf-89a0-4452-8e4e-9625a9eafdc7,2021-12-05T22:11:40,BRAND2,923.64,"""ihcbahh lejalfb"" <ihcbahh@gmail.com>"
017a0f3b-7d69-44eb-bd5c-56d6b9ad3709,2021-12-05T22:15:00,BRAND5,438.04,khdccga@live.com
500de765-20cc-4173-ab5f-7778a7b84949,2021-12-05T22:15:00,BRAND2,931.25,hfjifeh@gmail.com
a78570d1-3464-46fa-82c8-c81afa34ed4b,2021-12-05T22:17:30,BRAND1,346.79,dakgabd@live.com
bbab27ce-09b0-446f-80fe-c6b96252845f,2021-12-05T22:19:10,BRAND2,182.68,ehilhec@appple.com
95ae7e27-7e12-4162-85a0-9e8ca482e0cd,2021-12-05T22:20:00,BRAND1,132.14,aeeckeb@appple.com
a47e7bd0-06b3-4032-ab60-86452bc32762,Sun Dec  5 22:21:40 2021,BRAND3,815.51,eflilcc@gmail.com
7208dff0-c08d-4975-9759-7bd1635afa19,2021-12-05T22:22:30,BRAND2,737.66,"""ckhcgae jgkgclj"" <ckhcgae@gmail.com>"
6de19c77-68cf-4a76-991d-4f5eff470613,2021-12-05T22:23:20,BRAND2,304.98,"""jfblbaa akfeffi"" <jfblbaa@gmail.com>"
3492646a-e0b0-4b3d-a7d3-7514b83e04e9,2021-12-05T22:24:10,BRAND2,7.41,gbaehkg@gmail.com
ec0c597c-d075-4f43-99e9-820335e0a823,2021-12-05T22:24:10,BRAND2,937.35,"""ebijlfh kigihgk"" <ebijlfh@gmail.com>"
0843a6f1-e33f-4f5d-9822-e376872c424d,2021-12-05T22:25:00,BRAND5,549.91,cjaakah@gmail.com
85ee3435-a2ab-437a-8346-556401f9cf3f,2021-12-05T22:25:00,BRAND2,127.62,"""dkbdihg lkadkhe"" <dkbdihg@gmail.com>"
6277f2fa-31e2-4cee-8d6b-5d23b3ac22c5,2021-12-05T22:25:50,BRAND2,252.93,adfkfll@appple.com
1b42497b-88d3-455d-b22a-e9d4d611d94f,2021-12-05T22:25:50,BRAND5,297.17,"""kdghhlb kllecia"" <kdghhlb@live.com>"
84b9e12f-4d00-4b35-9c46-a688685cfa69,2021-12-05T22:28:20,BRAND2,221.22,hhbgibg@yahoo.com
b385db8d-b50f-4187-b872-dd970a7647c0,2021-12-05T22:29:10,BRAND1,415.46,"""akbkffc akjckka"" <akbkffc@gmail.com>"
d25f0394-012b-4f71-b2de-3212b4d566e4,2021-12-05T22:29:10,BRAND2,944.69,bjhglib@live.com
b8641922-a9cc-497c-83cc-768500f37ace,2021-12-05T22:30:00,BRAND5,392.95,cccegef@gmail.com
687691c4-393c-41ac-a1bd-c1b90afacf79,2021-12-05T22:31:40,BRAND5,150.56,"""bleckgh gbgjhde"" <bleckgh@appple.com>"
af290eef-b38a-439a-979b-857919b3ae3e,2021-12-05T22:31:40,BRAND2,383.45,alalfcc@yahoo.com
28f0f317-a034-4938-be8e-2a95d04e396f,2021-12-05T22:35:00,BRAND2,911.89,fklejkk@gmail.com
78af2db3-d381-4957-84b2-b85372271615,2021-12-05T22:36:40,BRAND5,560.91,lkaidka@gmail.com
318b6a93-9a39-4fb8-b29f-8032c16ace01,2021-12-05T22:37:30,BRAND2,831.95,dbfiggb@gmail.com
4dc4f093-fbc1-439b-9798-ad6b67e3c2ec,2021-12-05T22:37:30,BRAND2,989.82,"""ajhbcka heclklc"" <ajhbcka@gmail.com>"
eb0cc8c2-c217-4727-9a37-767d5ed45e56,2021-12-05T22:39:10,BRAND2,832.01,"""cdlhkfl jalkgie"" <cdlhkfl@live.com>"
982fe548-ee17-428c-97e1-6e1807b7b6c3,2021-12-05T22:39:10,BRAND5,922.18,aiffhhj@appple.com
d137086b-eea3-4b6e-bc4b-a46168d969a0,2021-12-05T22:40:00,BRAND1,327.41,daejblf@hotmail.com
c8b0d512-6833-406b-a1b0-602d4053d1f5,2021-12-05T22:43:20,BRAND2,746.55,dkgbhai@live.com
356e7c97-df48-4e03-8979-14ba5098e107,2021-12-05T22:44:10,BRAND1,483.04,bhklblf@gmail.com
656bc88d-e9e3-4280-8a28-75986cffe376,2021-12-05T22:45:00,BRAND1,378.48,"""halfbhl ckfljbk"" <halfbhl@live.com>"
1dfba86a-96c1-4822-9d22-274ec4d0b917,2021-12-05T22:45:50,BRAND2,953.60,blidfce@gmail.com
98799ceb-db6f-4780-b7b8-8fd6ccbdf4e6,2021-12-05T22:46:40,BRAND2,107.77,chhidel@appple.com
d2ae308c-e6c7-4ac6-9b16-c02d7166d8b6,2021-12-05T22:47:30,BRAND1,700.55,bclbhkf@gmail.com
18ebfdf6-70dd-4bfd-862f-016f1a4b96b1,2021-12-05T22:47:30,BRAND5,226.53,hffglil@gmail.com
94a71274-d8f5-486a-8114-45172c291bbc,2021-12-05T22:48:20,BRAND2,213.13,aihljji@appple.com
61376166-ee07-412f-8e86-5d8bd8cc968f,2021-12-05T22:48:20,BRAND1,589.04,eghbdak@live.com
0ab88094-533d-42db-8579-b0d9fb5d98b3,2021-12-05T22:50:00,BRAND4,471.42,iachjjg@live.com
c3b38542-fabe-4244-969b-cd1b37988f28,2021-12-05T22:50:50,BRAND1,699.37,dfgeegk@appple.com
a2393be0-5ff0-4174-8a9c-a6a91b711b9e,2021-12-05T22:50:50,BRAND2,536.10,"""cecfjdd eaiaihd"" <cecfjdd@hotmail.com>"
f0416bd4-2b35-4183-9c9f-dea78c960a8a,2021-12-05T22:51:40,BRAND4,14.27,dhcbcji@live.com
1f90a53a-f353-4a3c-b7db-a4738efca26e,2021-12-05T22:51:40,BRAND2,512.77,"""jelfbhf fiikaad"" <jelfbhf@appple.com>"
59d2abdd-07f7-411b-8e61-52c180cbf8bb,2021-12-05T22:53:20,BRAND1,338.88,"""leigfhk lhbebja"" <leigfhk@gmail.com>"
b0a14d97-0651-48ec-934d-e6acc7b78036,2021-12-05T22:54:10,BRAND5,912.60,ajagfeg@gmail.com
46775ea9-aab1-44d3-afed-f3c5a789e3f8,2021-12-05T22:54:10,BRAND3,937.63,dakcccf@gmail.com
430482ae-94ae-413d-a73e-f8aebe67a95a,2021-12-05T22:56:40,BRAND1,853.85,gjdgihl@appple.com
d33dd1c9-d173-40c2-a9d1-028c8c2ca286,2021-12-05T22:57:30,BRAND2,563.26,ghleidf@gmail.com
66c17921-b805-437a-8e76-dc56b61b9ac3,2021-12-05T22:58:20,BRAND2,375.71,"""dfcllic fkiijad"" <dfcllic@gmail.com>"
eb717517-080a-4cd0-bad4-ff4ddeb02941,2021-12-05T23:00:00,BRAND1,953.13,bcfidkg@appple.com
1fe5f642-84b3-463c-87c2-22f0c09075be,2021-12-05T23:00:50,BRAND2,932.19,bdiceeb@gmail.com
eef68c5d-1c7a-4640-bea2-768fcc2b75b2,2021-12-05T23:00:50,BRAND2,106.18,abiiikk@appple.com
6c09c7f0-d599-4a10-9755-202988dfea67,2021-12-05T23:01:40,BRAND5,138.35,icflkdb@yahoo.com
5480db6f-277e-4297-965e-4e747ed7bf3e,2021-12-05T23:01:40,BRAND1,498.73,cieechg@gmail.com
819d160a-f13b-4a0f-915f-968b45354332,2021-12-05T23:02:30,BRAND2,244.88,"""kfedadg ljlffih"" <kfedadg@live.com>"
57312f8b-1dd8-41b3-b9de-a9c548ef0929,2021-12-05T23:03:20,BRAND4,989.66,"""kcakjcd ljdgihd"" <kcakjcd@appple.com>"
d18f7a4b-c9fb-4f56-9a6c-c67d391ebf93,2021-12-05T23:06:40,BRAND5,683.50,gjieakj@gmail.com
41921cc5-0ef6-4624-9268-f56f1f0a837f,2021-12-05T23:06:40,BRAND5,295.40,"""dlgljaj iffdfch"" <dlgljaj@gmail.com>"
1cf83575-542a-42fe-b980-ce59f6b8798c,2021-12-05T23:07:30,BRAND1,704.96,bhehdai@appple.com
53fe0b31-f801-47ce-8455-e92b68789699,2021-12-05T23:09:10,BRAND1,784.44,"""dlkckca ihcgfhh"" <dlkckca@yahoo.com>"
c19c15d6-73ef-4887-be11-d5291812c3cf,2021-12-05T23:09:10,BRAND5,211.17,"""aalgjga hhleili"" <aalgjga@gmail.com>"
cc4d142d-8a7f-4603-bf4e-73b2da9a4017,2021-12-05T23:11:40,BRAND3,636.74,ekhdglk@appple.com
fde4c8a7-33b7-4357-b962-5bda71a0cc88,2021-12-05T23:11:40,BRAND3,465.24,eldgbjb@hotmail.com
2060bf7f-8692-4a18-9c0c-23e394db7302,2021-12-05T23:12:30,BRAND5,89.22,lcliieb@appple.com
62be5e60-ca4e-4f41-9ab0-e74147e697d0,2021-12-05T23:13:20,BRAND2,76.96,hicfjjj@gmail.com
7b8c7418-516a-4340-aeb1-d44a143c588f,2021-12-05T23:13:20,BRAND2,323.42,"""eijddhk jgjgbeg"" <eijddhk@appple.com>"
fbbd8e1e-6fde-4c6f-8d4c-9368e0e1783c,2021-12-05T23:15:00,BRAND2,74.31,"""bbfkdjb khdgghg"" <bbfkdjb@gmail.com>"
109c252c-e18e-494c-96f7-ea2589a956fc,2021-12-05T23:16:40,BRAND2,3.17,ejdaflg@gmail.com
1241217d-1ee5-4fa1-ac6d-72db1bdd8a2e,2021-12-05T23:17:30,BRAND2,999.93,flhffkb@yahoo.com
fffac466-c1f6-45ee-b625-fcc4b76ccc2c,2021-12-05T23:17:30,BRAND3,6.27,gkbcdkc@yahoo.com
4e0ecfea-f52a-4657-85b7-4a461e20fa6c,2021-12-05T23:18:20,BRAND2,479.29,fkgeiha@appple.com
01096a5c-cef1-4fac-b2d9-1bb68d79df2c,2021-12-05T23:19:10,BRAND3,341.27,"""dajkifc ecbhddb"" <dajkifc@yahoo.com>"
074696b5-d29f-40a0-a20c-714cb0bac4f9,2021-12-05T23:20:00,BRAND3,848.84,"""gigdghi lakdehg"" <gigdghi@gmail.com>"
59d5ac24-0d1e-47f8-85b7-471f061ff687,2021-12-05T23:20:00,BRAND2,744.87,dcddfja@gmail.com
9a978f6a-472b-4b20-b7be-55e929ddedfc,2021-12-05T23:20:50,BRAND1,52.60,lekdeih@gmail.com
b9a78d46-791c-49f3-bd2c-dc8873152e35,2021-12-05T23:21:40,BRAND5,96.93,icldckk@gmail.com
f392b2dd-d4ef-4c88-8dda-fe6bb392d553,2021-12-05T23:21:40,BRAND2,774.98,"""ejajeeg ghcdffj"" <ejajeeg@appple.com>"
abc7d1df-8f71-4255-8d23-e7bb38302cb5,2021-12-05T23:22:30,BRAND2,639.98,lahkklk@appple.com
6c4a8cf7-2e5b-4788-85d8-e5ef327326a1,2021-12-05T23:22:30,BRAND2,757.98,"""bhijidk kajldhj"" <bhijidk@gmail.com>"
26256e56-6944-4f75-93d2-33c61396be23,2021-12-05T23:24:10,BRAND2,960.92,fadkchi@hotmail.com
fdefe77f-5216-4c18-a3d5-4e8acf665134,2021-12-05T23:24:10,BRAND5,341.34,"""gckkeaj hbkijeb"" <gckkeaj@gmail.com>"
c81ce030-4612-4975-b7c3-efc9fb7102ae,2021-12-05T23:25:00,BRAND5,692.18,jffkikj@gmail.com
6f787fbb-3184-420f-aa3f-97ee1d5156da,2021-12-05T23:25:00,BRAND2,538.65,alkgfic@gmail.com
adc11fff-7923-4e40-bfec-1e27bb744dea,2021-12-05T23:25:50,BRAND1,906.39,cjlbagk@hotmail.com
98ac010a-65ce-49cc-bd7f-f8d47cafac02,2021-12-05T23:25:50,BRAND2,418.51,jddfjfc@gmail.com
cd18abdb-0f69-4dfa-a28a-ac250d3e634b,2021-12-05T23:26:40,BRAND2,933.78,cijgahl@gmail.com
c3bfe403-6cd8-4eef-8d15-ad9a41eee490,2021-12-05T23:28:20,BRAND2,522.85,egghecb@gmail.com
90162244-f43c-4994-b31e-16409c76825f,2021-12-05T23:28:20,BRAND2,942.44,jjggeek@gmail.com
3bf16bf8-cb06-4f11-b310-cf67e5404732,2021-12-05T23:29:10,BRAND1,134.83,ljjihkb@gmail.com
4d3a1cc5-7012-4168-a6cb-2903316255bb,2021-12-05T23:30:00,BRAND5,470.03,ddllabb@gmail.com
6bea8a23-7d53-4185-9ad3-69fc1ef4e78c,2021-12-05T23:30:50,BRAND2,180.51,"""agbfggb cbdllgh"" <agbfggb@gmail.com>"
8de22fe8-20e6-49dd-9736-56170c7e17c0,2021-12-05T23:31:40,BRAND2,749.15,jkljkak@appple.com
4964f7a0-2dab-4472-8be1-f6831a829693,2021-12-05T23:35:00,BRAND2,875.77,dekfiih@gmail.com
94d4d1ba-ff09-4141-ae27-1b79854926ca,2021-12-05T23:35:00,BRAND2,854.92,"""ifbgaeh ljfgiag"" <ifbgaeh@gmail.com>"
a54c4041-a7a7-434f-9718-b5bfbc873cd0,2021-12-05T23:35:50,BRAND4,622.74,ficebej@live.com
1213c161-97fd-4ea9-8b12-596bbb3009c2,2021-12-05T23:35:50,BRAND1,814.64,"""fkcibcd gfcceld"" <fkcibcd@gmail.com>"
4434e77b-8471-4d47-a735-857d754dd42a,2021-12-05T23:37:30,BRAND1,267.60,"""cdbkhgf icdjhfk"" <cdbkhgf@gmail.com>"
5141b852-e752-4549-b685-b4f4f1b90593,2021-12-05T23:38:20,BRAND2,670.60,idgfijg@yahoo.com
6959b9ff-89d0-4ff4-a7f8-ca3849a6e77e,2021-12-05T23:39:10,BRAND1,868.87,lfdjdke@live.com
dbb1550d-6cb6-4db7-8c3c-d321661459c0,2021-12-05T23:40:00,BRAND2,404.58,ljhlhdh@gmail.com
102e28d5-32df-4001-a3b1-734e43539e9e,2021-12-05T23:40:00,BRAND5,877.96,cbealda@gmail.com
67a2020b-a5dc-4eb8-ad37-02ba268d7c99,2021-12-05T23:41:40,BRAND2,417.94,"""dllagea kgcgfca"" <dllagea@appple.com>"
cf4a21ef-c587-426f-82fe-a82f0e99b07d,2021-12-05T23:42:30,BRAND2,892.63,hicafil@gmail.com
d1fb49ee-714c-4edc-b0f7-28c7b93cd892,2021-12-05T23:42:30,BRAND5,295.20,bkfllcl@gmail.com
6625ae89-c3fa-44ac-af60-2511be08fcee,Sun Dec  5 23:43:20 2021,BRAND5,192.46,"""gbdbjhk fdldked"" <gbdbjhk@gmail.com>"
c6f2eeb2-e5b5-4470-9e5e-f41f816a72d9,2021-12-05T23:45:00,BRAND3,949.77,"""hdbjcbe haebldk"" <hdbjcbe@gmail.com>"
0fffaf43-b1d4-49dd-81a3-976faf6637a1,2021-12-05T23:45:00,BRAND2,100.02,"""bifcial fikffhe"" <bifcial@gmail.com>"
2b13011d-b9e0-47cb-b239-5930e27f0f54,2021-12-05T23:46:40,BRAND2,133.37,kekiefd@gmail.com
d52792fc-c808-4115-bf86-57a05fd451b1,2021-12-05T23:46:40,BRAND2,7.57,bcdejhg@hotmail.com
e4ecbe2c-b0ec-41f5-aeca-b723451d82d3,2021-12-05T23:47:30,BRAND1,47.66,egjgakb@appple.com
d2624e7c-bbb2-4cd7-9ee7-a09d1c153f88,2021-12-05T23:47:30,BRAND2,710.54,"""ebdiedc gaealdd"" <ebdiedc@gmail.com>"
ab964d18-ce32-4c6e-83ed-dfa2cb50298c,2021-12-05T23:48:20,BRAND1,903.63,"""egigcih fekdabe"" <egigcih@yahoo.com>"
a7c10f33-0d94-4c2b-88d0-15f40ebc86a2,2021-12-05T23:49:10,BRAND2,838.03,"""jkhbhdb ecehdkf"" <jkhbhdb@appple.com>"
6c0654e5-9400-4936-821b-a7333805c40c,2021-12-05T23:49:10,BRAND2,33.81,"""ebieebi jbfjila"" <ebieebi@yahoo.com>"
14ae4b34-0f2d-4c6b-9220-9268cbeb2572,2021-12-05T23:50:00,BRAND2,$608.85,gfleegd@appple.com
f72080a9-bc25-4414-a8ff-03da42569324,2021-12-05T23:50:00,BRAND2,241.83,ikiclhk@gmail.com
d4f116a9-7486-4030-b211-54628a53f75e,2021-12-05T23:53:20,BRAND1,800.86,"""icdallh caibbbg"" <icdallh@live.com>"
20fb86d9-fb1c-49a8-a273-cd70bce27b8a,2021-12-05T23:54:10,BRAND4,490.30,bjcjagb@gmail.com
60197ae7-8b17-4aad-bb60-3d70dff74218,2021-12-05T23:55:00,BRAND2,273.70,"""aelbhjc jehkhhh"" <aelbhjc@gmail.com>"
5ff936c7-805a-42ab-bc8a-d316469bdc95,2021-12-05T23:55:50,BRAND2,516.56,hbhbcaa@gmail.com
689be47c-9c57-4d72-85d6-a225d7a2ce40,2021-12-05T23:56:40,BRAND2,217.27,kdcgkbb@gmail.com
86c86d59-5a06-4825-a2c8-6586693bcff3,2021-12-05T23:58:20,BRAND5,381.12,"""bkdaalb cighbcg"" <bkdaalb@live.com>"
60fc10bd-e70c-4de0-b169-08c70ca3db5a,2021-12-05T23:58:20,BRAND5,320.67,kdbccfb@appple.com
5f16c357-9e71-477a-b714-36c5026e4d93,2021-12-05T23:59:10,BRAND5,53.76,dhkeckc@live.com
c657f7f0-c139-49b6-b955-1ba61fedda99,2021-12-05T23:59:10,BRAND4,84.80,"""gallkel bflbfff"" <gallkel@gmail.com>"
76d66c0a-69d1-45df-a0b1-2e13dd11bd06,2021-12-06T00:00:00,BRAND5,119.55,aekgahd@gmail.com
e98b8523-f4ae-4de7-bade-4fb2085d3b37,2021-12-06T00:00:00,BRAND2,222.84,"""elhbcai iefilel"" <elhbcai@live.com>"
22478893-6af2-4f43-ba56-f16ad713c4e6,2021-12-06T00:02:30,BRAND5,983.62,kakfbgk@gmail.com
01956baa-d1f3-40c3-b76e-2d174dd30679,2021-12-06T00:03:20,BRAND5,147.63,"""bfefkdf afcdclj"" <bfefkdf@gmail.com>"
1587dc34-8911-4295-b45f-89f016044e98,2021-12-06T00:03:20,BRAND2,511.67,gjhcbjc@gmail.com
523fecbc-0f1c-45ce-a4a3-ed423ce388fe,2021-12-06T00:04:10,BRAND2,765.10,"""dahjjcb jebeblb"" <dahjjcb@gmail.com>"
ea1f513c-348f-47d5-8430-4d034559d6d8,2021-12-06T00:04:10,BRAND3,$900.29,abfiiba@gmail.com
d81a1dfb-e14c-479d-bdd0-45b5ea34ad47,2021-12-06T00:05:00,BRAND5,408.88,jhbbgjd@appple.com
e0fd8f55-cd87-4821-9a87-1df5ca90fdcf,2021-12-06T00:06:40,BRAND3,733.30,eieklic@gmail.com
f1397e41-b020-4d12-9543-1c13efd09591,2021-12-06T00:07:30,BRAND2,192.58,"""giigcbk dlcbfek"" <giigcbk@live.com>"
462e42ab-038a-4980-b2ed-554c313cc815,2021-12-06T00:08:20,BRAND5,852.35,"""dijcdaa gijekfh"" <dijcdaa@live.com>"
d753a24e-4e74-4a16-9f02-ee2df526370c,2021-12-06T00:08:20,BRAND2,730.88,aibkkll@live.com
307a019e-51b1-4d6e-8bcf-da25946ed185,2021-12-06T00:09:10,BRAND4,738.92,"""cacfbbk daccbcl"" <cacfbbk@appple.com>"
1113c7c6-5a3f-4b11-aef2-6be6a69f0f10,2021-12-06T00:10:00,BRAND2,544.89,"""eehhhdh aeeilda"" <eehhhdh@live.com>"
53ae0144-4c22-43b7-9411-c07534a4f2d9,2021-12-06T00:10:00,BRAND5,765.66,ealbjbg@gmail.com
03be4156-1374-4ad7-aa8f-f8fb0f6ee442,2021-12-06T00:11:40,BRAND2,634.45,bklchfd@gmail.com
03675162-ae8d-422d-82a8-5c423067f8ce,2021-12-06T00:11:40,BRAND5,735.87,dbilgji@gmail.com
6fb5ebe8-85ea-43aa-8795-472c3f309797,2021-12-06T00:13:20,BRAND5,551.62,"""fdlfjcl jaieflf"" <fdlfjcl@gmail.com>"
3e2281b5-4412-4c47-bbde-c499e8f74178,2021-12-06T00:14:10,BRAND2,553.07,"""fldblib cgifcfi"" <fldblib@appple.com>"
2075d47e-86ac-4af0-847f-1fb6c07a25ea,2021-12-06T00:15:00,BRAND2,494.68,bkjjkal@live.com
9f9a5269-d08a-4400-84a9-b67891a3aaa3,2021-12-06T00:15:00,BRAND1,836.01,lcbchbg@gmail.com
2dd5cb30-dbfb-42aa-95e3-c49d65f8984e,2021-12-06T00:15:50,BRAND2,522.47,iabcfac@appple.com
7b6ae46f-5013-426f-a10e-8b9d6f53dfe3,2021-12-06T00:16:40,BRAND2,52.14,"""jglgjaa gjacbad"" <jglgjaa@appple.com>"
b40ffc24-68f2-4936-a71d-4f61a02707c3,2021-12-06T00:16:40,BRAND2,283.80,ldifgga@gmail.com
1f40b8fe-8cab-47d9-819f-db874b54918d,2021-12-06T00:17:30,BRAND2,349.84,"""aacfihc ahliihb"" <aacfihc@appple.com>"
a2393be0-5ff0-4174-8a9c-a6a91b711b9e,2021-12-06T00:17:30,BRAND2,540.52,liaakei@live.com
de545263-993e-4b95-9b2b-b7dc8477ae1e,2021-12-06T00:18:20,BRAND2,920.25,gaafbck@appple.com
24792f6e-6668-432a-aede-3890e8d0de59,2021-12-06T00:19:10,BRAND1,753.88,gfafcie@gmail.com
9e960fc3-adde-4375-acce-a60006f940ec,2021-12-06T00:19:10,BRAND5,660.58,"""idjcbjl jlcecfi"" <idjcbjl@gmail.com>"
8f874441-e85f-4c52-8533-0d6dbcec4053,2021-12-06T00:22:30,BRAND2,651.13,jjdcefg@appple.com
45046b64-9046-4895-af24-38d0fbb04810,2021-12-06T00:23:20,BRAND5,967.79,kjgbjgj@live.com
a5870248-25db-484e-991c-41fb1a330098,2021-12-06T00:23:20,BRAND5,514.59,ifcchki@live.com
2da4cffd-9f62-4862-a429-1758e4920989,2021-12-06T00:25:00,BRAND2,891.93,dkjdecf@gmail.com
d2f41108-2abb-4eca-b383-dfc3bb89b669,2021-12-06T00:26:40,BRAND2,96.25,lkdfahk@gmail.com
94ea4cad-4435-4495-b147-dfd1b8b7669b,2021-12-06T00:27:30,BRAND4,844.80,ibkfdgl@gmail.com
014eb64c-dca7-413f-acb4-b8b45c8c2367,2021-12-06T00:27:30,BRAND5,658.62,"""iljbleh jehhfeb"" <iljbleh@yahoo.com>"
5914366f-74ae-4c1c-a5e5-cc4b9c11ac33,2021-12-06T00:28:20,BRAND2,215.49,ekheeci@yahoo.com
60988cdb-7aa2-40bd-a4d4-9b43a784f192,2021-12-06T00:28:20,BRAND5,364.07,gklfffk@live.com
02c73555-2413-423c-add3-0424f3020c5d,2021-12-06T00:29:10,BRAND5,$787.42,"""jigdaic bciheii"" <jigdaic@appple.com>"
a2bcb329-15dd-445b-8640-cd14f5767958,2021-12-06T00:30:50,BRAND2,456.88,"""hclicli fjhlccl"" <hclicli@hotmail.com>"
4fa9ad6f-268e-456c-85a5-19b83caded74,2021-12-06T00:30:50,BRAND5,999.47,gcfkdbk@gmail.com
e8612f52-d2ee-4367-ba7b-d218d8aa1185,2021-12-06T00:31:40,BRAND1,158.65,elhkjjb@hotmail.com
32a989d9-2774-43b1-98c4-9621ab7bff81,2021-12-06T00:31:40,BRAND2,510.09,ihgdegc@gmail.com
a63cc07d-9610-4898-89f6-f218dcc649d6,2021-12-06T00:32:30,BRAND2,223.28,"""fjflijd lbchcik"" <fjflijd@gmail.com>"
6eef30ce-a152-4ede-b2fc-7b1b730d78da,2021-12-06T00:32:30,BRAND3,207.94,jacigjd@yahoo.com
e8efd096-b6c9-49cc-b12d-18437b53e974,2021-12-06T00:35:00,BRAND5,559.11,"""beahchi llaehkg"" <beahchi@gmail.com>"
ea4be760-7a2c-467a-bd42-d92423929af9,2021-12-06T00:35:50,BRAND1,872.76,jkdjebh@appple.com
29a141c4-d165-4562-835c-ab5aee1b07d8,2021-12-06T00:35:50,BRAND2,17.25,"""kbcbkbg affkfae"" <kbcbkbg@gmail.com>"
b4060db5-4d74-4836-9aa6-5e1081742d71,2021-12-06T00:36:40,BRAND4,48.52,feafecg@gmail.com
c4c92f41-1de3-45bd-84b7-ce8b1c2ba5a0,2021-12-06T00:36:40,BRAND1,816.25,lhklkgl@appple.com
b89f5eda-1fca-4998-b684-aa5322309d9b,2021-12-06T00:37:30,BRAND4,194.72,abaejfl@gmail.com
931770f6-d9a0-4883-9d81-5c99265c875c,2021-12-06T00:37:30,BRAND5,649.86,"""bjifhej gibkjkk"" <bjifhej@gmail.com>"
25945b2c-bfa6-4a7c-8325-87af0307bf7c,2021-12-06T00:38:20,BRAND2,405.15,"""ikjdieb achcklk"" <ikjdieb@live.com>"
46674f72-3f53-471d-8391-d459eed4b2ed,2021-12-06T00:38:20,BRAND5,184.25,"""klajdfi ihgkcfa"" <klajdfi@gmail.com>"
957aa7f1-ba38-4536-8018-9f800af81a1e,2021-12-06T00:40:50,BRAND3,872.28,"""kgclcjd iejdhjk"" <kgclcjd@appple.com>"
771b9dfb-36a1-45e5-a532-eba0566049ab,2021-12-06T00:40:50,BRAND2,53.94,jgckcae@gmail.com
864709b3-3987-4436-9ec2-3a2b19b1df28,2021-12-06T00:43:20,BRAND5,328.74,ecgacel@appple.com
37a8b27b-f255-4fbd-b5f1-0e8f57b172cf,2021-12-06T00:43:20,BRAND5,86.68,bhkjlik@gmail.com
2388fcf0-8116-4c65-8013-b173671e24da,2021-12-06T00:44:10,BRAND5,70.54,hdkcghj@gmail.com
aa83f99c-a5b3-4d3c-aed8-6975fe623f03,2021-12-06T00:44:10,BRAND2,35.80,dkgddig@gmail.com
42bb40dd-901a-4742-aabf-23729ba73833,2021-12-06T00:45:50,BRAND1,641.35,degbdgk@gmail.com
9c621844-c994-4f8f-857f-fb4b7040a214,2021-12-06T00:46:40,BRAND4,755.62,dlfelih@live.com
68f846e7-d4af-42fb-b0b9-a997ca06f478,2021-12-06T00:47:30,BRAND3,569.52,acgaaaa@gmail.com
54f23a35-b325-4989-895b-244c7204a715,2021-12-06T00:50:00,BRAND2,73.37,"""dgdljac lbcgckj"" <dgdljac@hotmail.com>"
cb4b4af3-8848-4b4c-a624-dda3729ce47c,2021-12-06T00:50:50,BRAND1,696.79,ibacleh@gmail.com
670e0fa1-9477-441f-a79b-fec208474a91,2021-12-06T00:50:50,BRAND5,218.05,"""jjfhbld hjeeaah"" <jjfhbld@gmail.com>"
f0cb2c6c-ffa6-4b48-b318-8623e42b89a7,2021-12-06T00:51:40,BRAND1,842.95,"""ifdjffe baklccg"" <ifdjffe@appple.com>"
6735fcc9-5a62-4373-b267-9413969130e5,2021-12-06T00:53:20,BRAND5,970.04,ibdecea@appple.com
f7e24d70-27e1-4772-9cf7-3ae6aec05810,2021-12-06T00:54:10,BRAND2,321.45,"""bijhbfk jajibih"" <bijhbfk@live.com>"
44578adc-ab04-4305-b665-530ffb984057,2021-12-06T00:56:40,BRAND2,322.57,"""bceflcl ficeege"" <bceflcl@live.com>"
e95f9cb0-8f1a-487e-911c-768554b94486,2021-12-06T00:56:40,BRAND4,11.91,ffgjilk@live.com
6da50a5c-37cc-47d1-a11c-55f49adcc024,2021-12-06T00:57:30,BRAND3,878.93,"""cejbbig ecjkcca"" <cejbbig@appple.com>"
dc039424-f189-4574-be7a-d36043b4ce9b,2021-12-06T00:57:30,BRAND2,753.92,"""cjklcbd cfbiggk"" <cjklcbd@appple.com>"
ffdbd65b-e1b8-424c-b45f-31f3e4f3b123,2021-12-06T00:59:10,BRAND5,$240.04,lhlkibf@yahoo.com
9d55380d-6191-4be5-a434-d709ff11feed,2021-12-06T01:00:00,BRAND5,148.51,"""jdbgble jkeaefg"" <jdbgble@gmail.com>"
3f8a8ef4-ba0a-4b71-b9d9-23aefa1eed26,2021-12-06T01:00:00,BRAND2,830.33,kbkjled@appple.com
7d161c3c-e987-4c04-b062-17edc331c27a,2021-12-06T01:01:40,BRAND2,79.22,hkiakdl@gmail.com
cf203a1f-190f-40f7-b2b6-bfdddc20a573,2021-12-06T01:01:40,BRAND1,372.17,ajajecf@appple.com
5c488f0b-e2a2-4c61-9ad1-74d284d8e98c,2021-12-06T01:02:30,BRAND2,528.82,baclcdc@hotmail.com
6d137ad8-f8f5-4898-bee3-6a081aa0fd44,2021-12-06T01:05:00,BRAND1,248.82,egagjda@gmail.com
8f6d5a90-a14f-4bcb-8d9b-9af9108a9b34,2021-12-06T01:05:00,BRAND1,504.21,ccejfig@gmail.com
a7c65ca5-4921-495b-8bed-be3638e2e290,2021-12-06T01:05:50,BRAND2,71.70,ecadhbf@gmail.com
8383009d-9943-4217-8a32-b32e6b16b1ac,2021-12-06T01:05:50,BRAND2,583.47,"""aagfhal kdjiaik"" <aagfhal@yahoo.com>"
14004794-28e3-4b53-8c25-e78e1f6bf3c4,2021-12-06T01:06:40,BRAND2,113.89,"""eblcjfj chdejga"" <eblcjfj@gmail.com>"
627b324c-3cf7-4f47-8c0c-435c8babd9d6,2021-12-06T01:07:30,BRAND5,113.38,gechkhc@yahoo.com
b580982c-d708-4dc1-abf3-8f47ab2c48bc,2021-12-06T01:07:30,BRAND5,520.95,"""kdfjibj gfjfibl"" <kdfjibj@gmail.com>"
aa77aeec-564d-4f3f-963d-de511456d1bc,2021-12-06T01:09:10,BRAND5,444.35,"""dgdeial cbifadc"" <dgdeial@gmail.com>"
c2eddf22-c07b-46e7-b1fc-c554e6cad777,2021-12-06T01:10:00,BRAND2,3.95,"""blijajl bkdejll"" <blijajl@live.com>"
08370099-d4d4-4ce6-8784-892d9803065e,2021-12-06T01:10:00,BRAND2,26.40,"""dhaafbd fgggeke"" <dhaafbd@appple.com>"
548ac3ca-99c9-44b5-bb39-ade238428aad,2021-12-06T01:11:40,BRAND5,396.53,badhbka@gmail.com
5ee642e1-29ef-4370-9a70-87a63ef14ef3,2021-12-06T01:13:20,BRAND3,799.10,dheechh@gmail.com
c4d3987f-b9d6-45dd-9297-31fb4b7bb9e8,2021-12-06T01:13:20,BRAND5,677.34,illgble@hotmail.com
18997a01-35db-43e1-8dfc-d89aa9318b6f,2021-12-06T01:14:10,BRAND2,870.30,"""edijjfb kglgdcf"" <edijjfb@gmail.com>"
272ef96e-308d-4cf2-ba6f-9851f0db1b3d,2021-12-06T01:14:10,BRAND5,604.16,dchhjkc@appple.com
ebc667fe-4e5e-4d1e-b2a0-69e0533d7e06,2021-12-06T01:15:00,BRAND2,952.53,"""bdaaefl echccel"" <bdaaefl@gmail.com>"
10efe76c-58dc-40fa-a7bc-3c885661eccc,2021-12-06T01:15:00,BRAND2,755.27,hdbjjce@appple.com
18575590-deb6-4093-bf78-ab6d824b3346,2021-12-06T01:16:40,BRAND2,461.75,efgbjaj@gmail.com
7970a963-cfc8-4a36-95b4-86e4b3ba248d,2021-12-06T01:17:30,BRAND2,613.27,cgeilea@appple.com
b55289c9-5ddd-42ff-906b-eaf67230dbfc,2021-12-06T01:17:30,BRAND2,398.04,"""aajdbig lbijaha"" <aajdbig@live.com>"
af3ab5b9-e351-4d12-8cb0-5b62e825b03c,2021-12-06T01:18:20,BRAND2,607.41,fjkfijl@appple.com
4b13d0be-d8e9-4a95-9d7d-6cb4b9e77425,2021-12-06T01:18:20,BRAND5,473.96,"""dckigjc cghekcj"" <dckigjc@live.com>"
7759f50d-8b9e-4835-a975-3fbc0e04666c,2021-12-06T01:19:10,BRAND5,71.15,"""lhafkic ihikeal"" <lhafkic@gmail.com>"
6b89a6db-4b05-4105-8fc3-3c37823b601a,Mon Dec  6 01:20:00 2021,BRAND2,310.15,"""ahacelf lgcablk"" <ahacelf@gmail.com>"
fe370067-aae7-40a3-a091-1e5985562254,2021-12-06T01:20:50,BRAND2,962.49,"""ggbdgjk deghkbl"" <ggbdgjk@appple.com>"
b67dfde3-172b-4af2-804a-f3f880f282a2,2021-12-06T01:20:50,BRAND4,176.39,"""ebeihcg haajhde"" <ebeihcg@hotmail.com>"
d18a350d-053b-4455-a56c-594861e9b9b1,2021-12-06T01:21:40,BRAND2,939.49,kcakgfa@live.com
da151158-2572-4da5-8d05-2c22404f3ef7,2021-12-06T01:21:40,BRAND2,724.99,"""jfegljf iggjlhg"" <jfegljf@yahoo.com>"
492bd6ce-3ed6-42bb-af97-c42cbaf6c869,2021-12-06T01:23:20,BRAND2,114.09,fieldaf@yahoo.com
1c3ae840-1035-4cb9-b8ef-0758e176d219,2021-12-06T01:24:10,BRAND2,707.44,"""afikcfd kcljkff"" <afikcfd@appple.com>"
c83b2228-7d13-4499-bb18-3169fb7d0f61,2021-12-06T01:25:50,BRAND2,254.00,"""hfbeegg dbhheii"" <hfbeegg@live.com>"
7fbc9d2b-8437-4b6d-b7fe-65abc0aa65ac,2021-12-06T01:26:40,BRAND1,996.73,kcheaab@gmail.com
97de8fe1-7649-4be9-9c4c-2a607dda06a1,2021-12-06T01:26:40,BRAND1,540.98,"""heglabf fdjjkdh"" <heglabf@appple.com>"
37c7627a-97b6-4654-b5f3-f5a070888910,2021-12-06T01:28:20,BRAND1,684.39,felfdjh@gmail.com
2acee508-7a00-443f-a053-13a1c2096de8,2021-12-06T01:30:00,BRAND2,477.48,"""hdchlch fgfjfec"" <hdchlch@gmail.com>"
d0b48c6c-1fe6-4f25-96c8-8111d27b63f9,2021-12-06T01:30:50,BRAND2,645.93,bfdbkkf@gmail.com
2b685c25-4362-49ec-a057-624e996fbbe5,2021-12-06T01:31:40,BRAND1,152.20,"""abdfhgl adaalkl"" <abdfhgl@gmail.com>"
c8b2f37b-f744-4876-9c95-e1711c618cb2,2021-12-06T01:32:30,BRAND4,$781.34,"""cifeach dkfgikh"" <cifeach@gmail.com>"
e7809102-8240-4c8a-9005-04745d9bb5d5,2021-12-06T01:35:00,BRAND2,383.11,"""fababil jkaaief"" <fababil@gmail.com>"
a0ca7b36-6004-42d9-ac62-d762df4aa65d,2021-12-06T01:35:00,BRAND4,156.09,"""khgjgaa idcagdc"" <khgjgaa@appple.com>"
2e45fae6-1705-49bf-8ca7-1cd008e3800b,2021-12-06T01:35:50,BRAND2,552.02,gkaiagj@live.com
1cb31b90-cab5-40d6-8df9-06a3fd78d71a,2021-12-06T01:35:50,BRAND1,980.14,jajfdle@live.com
f9559973-8651-48e7-9ffc-23f6f529fe9c,2021-12-06T01:38:20,BRAND2,360.13,"""ccadlhh hkjldlc"" <ccadlhh@gmail.com>"
49220069-b534-4225-a40d-ec9639dd3a2f,2021-12-06T01:38:20,BRAND2,549.73,lllljia@gmail.com
b8aeee3e-7a09-45ee-bba4-372b56980965,2021-12-06T01:39:10,BRAND2,496.22,"""hdcfbgc jjbdafb"" <hdcfbgc@gmail.com>"
863e22ef-fbcd-4d51-a781-c6dad9545d1e,2021-12-06T01:39:10,BRAND5,350.75,adjkclk@appple.com
9fea33e8-55c9-4b6b-a5f8-8a4a73a397d9,2021-12-06T01:40:50,BRAND5,443.15,"""gcchaic hcbfldl"" <gcchaic@hotmail.com>"
8227e643-0b7a-4636-ab6d-8d66c56ef258,2021-12-06T01:42:30,BRAND2,940.53,ciiaeal@live.com
842b1202-7aba-41dd-96dc-6d08ff7dca5b,2021-12-06T01:43:20,BRAND5,874.24,agacfjd@gmail.com
33e25e30-e84c-4c57-a8f9-91a9f6f56318,2021-12-06T01:44:10,BRAND2,327.37,"""bcjhigk ifjihkg"" <bcjhigk@gmail.com>"
968f6cac-aa0c-45bb-aa43-af7b3ade8615,2021-12-06T01:44:10,BRAND2,237.27,aehljef@gmail.com
1a2d8cb1-dedc-4553-b39c-d28fd5f47d86,2021-12-06T01:45:00,BRAND1,580.73,"""bhlihjb daabdkc"" <bhlihjb@live.com>"
49a9d634-0ce6-46e0-a7f9-b997bc43f198,2021-12-06T01:45:00,BRAND2,560.38,"""flijfeh lcgllji"" <flijfeh@gmail.com>"
3fde2d3d-e529-47bc-972c-15ed2f88f773,2021-12-06T01:45:50,BRAND5,904.04,cffggde@yahoo.com
8e427adb-77a0-4132-a119-67297e0a9031,2021-12-06T01:45:50,BRAND3,626.78,fgcabgl@appple.com
e40f1277-4517-489c-9eef-691930ebf74b,2021-12-06T01:47:30,BRAND2,92.75,cjblgle@appple.com
8f1543af-afe9-496d-b106-573630d1a303,2021-12-06T01:49:10,BRAND2,120.40,"""dkbkhfg ablkgda"" <dkbkhfg@gmail.com>"
7d2cb14f-69d4-4300-8d51-88264780a6d9,2021-12-06T01:49:10,BRAND2,810.31,"""glhhkbh jhdbadi"" <glhhkbh@appple.com>"
76ba1b38-62d0-401f-9ab6-8b1960d18d55,2021-12-06T01:50:00,BRAND2,792.93,dlacfgf@gmail.com
90e2de1f-9ae6-4b9e-849c-75abad006faa,2021-12-06T01:50:00,BRAND2,549.54,"""iccdjkh bejhlhd"" <iccdjkh@appple.com>"
84c12d06-c127-4567-80ec-fb465d1204e1,2021-12-06T01:51:40,BRAND4,908.11,hcdhfdg@appple.com
cef4448f-e3db-4725-9bdb-a76ae60fb55c,2021-12-06T01:52:30,BRAND2,155.78,hbhliji@appple.com
fbd46014-ddb8-4b89-a034-152614e5c068,2021-12-06T01:54:10,BRAND1,741.88,glblabk@appple.com
fdae2189-42ab-4c33-b459-e98e1f3a6301,2021-12-06T01:56:40,BRAND1,581.09,"""fciehgb bjgilii"" <fciehgb@gmail.com>"
9fa33736-1e20-4e1a-9ab4-17c128cf2065,2021-12-06T01:57:30,BRAND1,667.42,"""dlhgdle jkakkgi"" <dlhgdle@gmail.com>"
a56896d0-3918-45fd-888a-bd09bcbde823,2021-12-06T01:57:30,BRAND5,24.97,bbfihda@gmail.com
adcf05a0-b504-49b8-9325-a1449387c036,2021-12-06T01:58:20,BRAND5,42.05,addblja@live.com
13fac599-7ffa-4510-8db7-52825945354a,2021-12-06T01:58:20,BRAND1,668.65,"""hihgblc bfeefdl"" <hihgblc@appple.com>"
817acb46-53c4-4fc0-b915-4cfb12aebbce,2021-12-06T01:59:10,BRAND1,700.88,"""gefbkgh lcabkia"" <gefbkgh@live.com>"
af4c3279-5731-4524-b4ee-49f6a4b844ea,2021-12-06T01:59:10,BRAND2,$441.97,"""clcdffe glehgib"" <clcdffe@gmail.com>"
09e8f089-e514-4278-8ed3-fa16fba45fd4,2021-12-06T02:00:00,BRAND5,147.43,ahadged@live.com
7fcdf4e9-dca3-4592-95d6-729f65476061,2021-12-06T02:00:00,BRAND5,122.75,fkjiffj@gmail.com
d149b2a6-0220-4c01-ae96-1b2ab80e28ad,2021-12-06T02:00:50,BRAND2,963.70,"""cdgbfec jlhbkca"" <cdgbfec@live.com>"
b4870466-335f-4a0b-bf58-b5cf2a193546,2021-12-06T02:00:50,BRAND2,727.16,"""gjkjkkc ijideak"" <gjkjkkc@appple.com>"
c4168a33-61e4-4546-a121-d2fe52f613f3,2021-12-06T02:04:10,BRAND2,602.74,adddkfe@gmail.com
84e5ae46-41ab-4539-a473-ff8a86e146b5,2021-12-06T02:04:10,BRAND2,144.18,aglgcbk@live.com
3b67f82c-46fc-448f-9765-57b61b506563,2021-12-06T02:05:00,BRAND2,11.75,fbgelak@appple.com
cdfaea5f-4a61-4a35-8feb-347a49a75350,2021-12-06T02:05:00,BRAND2,23.81,"""idiikhg lgabijb"" <idiikhg@gmail.com>"
a8eadec5-09e7-4224-8aa7-a6ea6c494419,2021-12-06T02:07:30,BRAND2,290.88,"""dgldhch dcghclb"" <dgldhch@appple.com>"
6d200246-7927-4b64-9b53-6bf5c41dc712,2021-12-06T02:09:10,BRAND5,597.20,kiigach@gmail.com
3dbe7907-9257-412e-9ff6-3296d1662a94,2021-12-06T02:10:00,BRAND5,684.90,kgclcag@live.com
3fc82453-1f62-4f50-9b37-0aa2ed25307b,2021-12-06T02:11:40,BRAND2,558.10,kaladjl@gmail.com
ebfc2551-296a-4197-8e29-365cd0b5868b,2021-12-06T02:12:30,BRAND4,296.57,ffbkbdd@gmail.com
aafd2197-21cf-4e64-bfb6-f3a2ec42692e,2021-12-06T02:14:10,BRAND5,525.92,"""hkgdcck dlgjief"" <hkgdcck@gmail.com>"
18c38c72-0c6b-4965-af32-8a0ee94de32f,2021-12-06T02:14:10,BRAND2,719.86,"""jhafegd kllbfch"" <jhafegd@gmail.com>"
413d3eae-9e46-4761-a988-5033991a90f6,2021-12-06T02:17:30,BRAND2,$600.54,"""beddflb ddcjilf"" <beddflb@live.com>"
ba6823c4-3e97-422a-a908-1f912f1cd6c4,2021-12-06T02:19:10,BRAND2,652.07,iijlici@gmail.com
df1f58c7-b6e9-440b-a2c5-548c3a66080d,2021-12-06T02:19:10,BRAND2,796.03,"""dliebjk afdjckh"" <dliebjk@appple.com>"
0862cd01-d843-4db0-97a8-08a3836e8f7b,2021-12-06T02:20:00,BRAND4,998.49,cieabhb@gmail.com
d53a2e1e-a5cf-4fc4-b439-4db15e38fa4d,2021-12-06T02:20:00,BRAND2,937.07,"""hfialjh afjghca"" <hfialjh@live.com>"
49431fb0-6a6a-4148-ae56-2e27e08c502f,2021-12-06T02:21:40,BRAND5,314.26,bkiekdh@gmail.com
61b27e5a-bcba-46bb-9bae-a2b1bfec76a6,2021-12-06T02:22:30,BRAND4,46.23,lbigaif@gmail.com
60da8bf2-951c-46ad-a5b4-83cb9e1dadb4,2021-12-06T02:23:20,BRAND4,256.83,ibicffk@appple.com
b75432aa-65f6-40e9-9fc7-c034de0f2b52,2021-12-06T02:23:20,BRAND2,595.23,ejleaek@gmail.com
049bc194-73fe-47e2-b251-21bdbbe9e21a,2021-12-06T02:24:10,BRAND2,187.46,"""chfjcch ickbldh"" <chfjcch@live.com>"
9d47b9de-4908-4275-88e2-5247bcbe1cb4,2021-12-06T02:25:00,BRAND2,685.41,"""kaehgja fgheiag"" <kaehgja@appple.com>"
81b9ada0-e485-4515-ba07-abc9122f6e5f,2021-12-06T02:25:00,BRAND2,212.22,eebhhjf@appple.com
1ff4bd92-2d21-4bb5-a758-f648c2b5ba70,2021-12-06T02:27:30,BRAND2,490.93,gjlkkdg@gmail.com
7e35e80f-d735-4f26-b6b0-ed889da638c6,2021-12-06T02:30:50,BRAND2,871.80,"""ckbjchi jckhjcb"" <ckbjchi@live.com>"
d8f42259-5c2d-45f8-b1ce-f70f4a75007b,2021-12-06T02:30:50,BRAND5,473.89,cckdace@gmail.com
ed330d81-7166-422e-9465-ece5e868e937,2021-12-06T02:31:40,BRAND2,793.98,khcglhb@hotmail.com
fd9ef25a-8e38-4326-a709-dc7b6d05a5e2,2021-12-06T02:32:30,BRAND2,458.19,eakkcbl@gmail.com
7d3ecbef-a958-4e55-8054-ae3be4ec615b,2021-12-06T02:35:00,BRAND2,448.33,"""ijdcika badccbd"" <ijdcika@gmail.com>"
147b2b94-1ce6-4d8e-b021-1fe9b84c87e8,2021-12-06T02:35:50,BRAND2,233.22,"""ifkikka deggbfd"" <ifkikka@gmail.com>"
10c0e888-8552-453c-8ebe-94aecfb016f7,2021-12-06T02:35:50,BRAND2,557.96,"""alildcd hicfedk"" <alildcd@yahoo.com>"
83f70da9-9403-44d7-9f45-39d29d00be1f,2021-12-06T02:36:40,BRAND1,98.60,ffdfcej@gmail.com
13a68a1e-fa05-49e6-af4e-c651df3c7907,2021-12-06T02:36:40,BRAND2,304.46,lkgbehf@gmail.com
d1e8f25c-8c69-41f2-9f22-8abe52d90ac4,2021-12-06T02:37:30,BRAND1,924.86,aikaieb@appple.com
2323a2d3-ec51-4ff2-80ac-bf2e03342eee,2021-12-06T02:39:10,BRAND2,176.20,"""kjcfjgg jhcjjdb"" <kjcfjgg@live.com>"
e9255f9f-a45e-48f4-ab1d-30bcaabf045f,2021-12-06T02:40:50,BRAND2,433.31,ecaghaj@live.com
8752309e-8654-48c8-b880-4ac2eb3d6c3b,2021-12-06T02:41:40,BRAND2,220.15,ihejhfc@live.com
c087a393-1ee1-48bb-beb5-303283b0792b,2021-12-06T02:41:40,BRAND2,809.41,ihjjbkb@appple.com
6c2280a3-9569-44c5-b217-bd292bacbd8f,2021-12-06T02:42:30,BRAND5,9.52,"""ffijild ahjajfj"" <ffijild@gmail.com>"
c7de27cb-36ef-4934-a27f-a705c06e1c79,2021-12-06T02:43:20,BRAND3,819.34,bedflag@live.com
4cd42e85-562b-43f3-9fcc-6fda476636ed,2021-12-06T02:44:10,BRAND1,502.12,dbcaceh@gmail.com
9dc7f553-e2d4-4893-ba52-8cf083758b5a,2021-12-06T02:45:00,BRAND2,944.48,"""lgffchl hfiabhf"" <lgffchl@gmail.com>"
dd95d0ed-4ff3-4851-a81e-654deff09610,2021-12-06T02:45:00,BRAND2,743.37,aclfeid@gmail.com
186047c7-82f2-46fa-88ee-26f9cdbfe63b,2021-12-06T02:45:50,BRAND5,784.71,"""ahbegbi cilihkc"" <ahbegbi@yahoo.com>"
750449f5-956a-42b4-8ea1-506ca5551288,Mon Dec  6 02:46:40 2021,BRAND3,150.69,fbjiakj@gmail.com
1ed2328e-f119-4ac5-8f16-b39e05fa034e,2021-12-06T02:47:30,BRAND1,667.14,"""ejejfca cjihkkc"" <ejejfca@gmail.com>"
1d00d76d-c272-4917-885a-4ec4855f3701,2021-12-06T02:48:20,BRAND2,976.57,"""gffhcga gieicci"" <gffhcga@yahoo.com>"
f68837f6-7bd4-49a2-98da-1db920ae2c7e,2021-12-06T02:49:10,BRAND2,167.87,"""ihlbjdg clfbdbh"" <ihlbjdg@yahoo.com>"
6c6e75aa-3518-4f09-91f9-1a1564b138d5,2021-12-06T02:49:10,BRAND1,579.75,dgjjfcf@appple.com
37d84b96-2358-4e54-96ec-d94cc3e1ce6c,2021-12-06T02:50:50,BRAND1,460.99,"""lbbelkg ddjdlaf"" <lbbelkg@gmail.com>"
4bc92f80-127f-4411-abc7-3b39daae9c10,2021-12-06T02:50:50,BRAND5,16.55,aghdkfk@appple.com
2a4255b6-8fbf-4311-9eb4-27504be59c4b,2021-12-06T02:51:40,BRAND2,66.86,aijfbig@gmail.com
9967a381-1f19-4378-aefc-c7b7f33b5fda,2021-12-06T02:51:40,BRAND2,67.44,"""flgkhhl bjkhegk"" <flgkhhl@gmail.com>"
8bbe51b4-0b50-4a03-92e4-ad63f67a00b3,2021-12-06T02:52:30,BRAND2,493.04,"""agaafgl dhedegb"" <agaafgl@yahoo.com>"
10ff0fe5-2848-4ef5-8286-f89dd07837ea,2021-12-06T02:54:10,BRAND5,914.25,fkbfglh@gmail.com
5cf68de3-584a-4f25-8cd6-1f83dc5fc0eb,2021-12-06T02:55:00,BRAND5,880.89,jcddgjj@gmail.com
08033127-c449-48ec-9102-177c527196a9,2021-12-06T02:55:00,BRAND2,10.84,ljbcekb@appple.com
85227032-2e33-431f-9714-3f22b86da1a6,2021-12-06T02:55:50,BRAND2,2.24,lacalbe@gmail.com
365a7f77-fd9d-4b64-bbe1-0c587da9f20a,2021-12-06T02:55:50,BRAND5,812.39,"""dlhjdbf kjegcai"" <dlhjdbf@gmail.com>"
499a4586-03b7-4747-9231-b8e605f5049b,2021-12-06T02:57:30,BRAND5,614.56,ljhaidk@gmail.com
c406b328-b3c5-4a5b-acec-4e6003f7e59c,2021-12-06T02:58:20,BRAND2,238.98,adledlf@gmail.com
35d38765-0fab-4a2e-9c4f-0d70cec5b401,2021-12-06T02:59:10,BRAND2,739.66,gjcjibk@live.com
9b9dfdb9-06a8-439a-914b-e3751e8990f6,2021-12-06T02:59:10,BRAND2,678.68,"""ecjacgk fjachbj"" <ecjacgk@live.com>"
d0ec274d-26d2-463c-a8b0-e8206824a6ae,2021-12-06T03:00:50,BRAND2,391.85,djhekli@appple.com
81eeb4a0-fe95-40d6-84f7-2cdb463f384e,2021-12-06T03:00:50,BRAND2,234.82,fkgeafb@gmail.com
3ff2e108-247f-41bc-9bcf-d274790bc3c5,2021-12-06T03:02:30,BRAND2,622.22,jhcggib@gmail.com
e5228e47-6b87-4847-a749-c81f78f1824d,2021-12-06T03:02:30,BRAND5,219.52,eddjbdk@appple.com
2011f794-5a00-4112-bc5d-07838323a601,2021-12-06T03:03:20,BRAND2,882.09,bklkejd@appple.com
a28c10de-02e7-4521-9994-92b890130c4c,2021-12-06T03:04:10,BRAND5,102.83,"""dklagll aaleljd"" <dklagll@gmail.com>"
a28b5c75-d568-49dc-acbf-e60b19199f5a,2021-12-06T03:06:40,BRAND5,762.24,iibajjb@hotmail.com
e9cc1de8-d5ae-4b1b-8bcb-eea31abf8d0d,2021-12-06T03:06:40,BRAND5,282.94,"""jhggkek alddgda"" <jhggkek@appple.com>"
1d14eb84-8b61-47a6-8937-7f6055d8898b,2021-12-06T03:07:30,BRAND5,647.58,"""cfcflak fgclecg"" <cfcflak@gmail.com>"
d2c82a10-aead-43b8-b9ff-9536cbbeab6b,2021-12-06T03:08:20,BRAND3,904.15,jhebdkc@gmail.com
75f60340-9703-4c03-bbc0-78d160bebf6b,2021-12-06T03:10:00,BRAND5,143.21,ehailgb@live.com
321da8d7-1892-426a-97fb-60951ff48170,2021-12-06T03:11:40,BRAND3,973.36,"""ajlfffk jldaelb"" <ajlfffk@gmail.com>"
b68663dc-4802-4ddb-b947-52dfec525089,2021-12-06T03:13:20,BRAND2,866.60,"""ifdhdbc bflalkf"" <ifdhdbc@yahoo.com>"
d4ab9689-e866-4894-89e4-6139c203a1b9,2021-12-06T03:14:10,BRAND5,653.74,gffdhdb@gmail.com
89696db1-ec91-4b69-8bef-35afb61e9137,2021-12-06T03:15:00,BRAND2,731.32,"""jlgihek liifikh"" <jlgihek@live.com>"
51d20275-a2af-4f9b-b670-48500f2200f6,2021-12-06T03:15:00,BRAND3,925.73,"""eccebfg lhbgabl"" <eccebfg@live.com>"
443b9501-ef88-4957-a0a5-6a6bc01bacd9,2021-12-06T03:15:50,BRAND1,254.86,dkfkjkk@live.com
