id,date,brand_id,trans_amt,email_address
54220809-cb84-47c7-bcb0-fa7145484a95,2021-12-16T10:55:50,BRAND5,792.11,ieeklca@yahoo.com
bc432c82-dc5a-442f-9969-b1f49e28ce2a,2021-12-16T10:56:40,BRAND3,746.96,ecbiiie@appple.com
239595a1-dfc8-4752-9345-700d2f09f268,2021-12-16T10:57:30,BRAND2,642.82,"""akcibbb cjkagcf"" <akcibbb@gmail.com>"
9bad7dd1-7141-4c83-8175-de1842cf4624,2021-12-16T10:57:30,BRAND2,166.48,fgkjcac@gmail.com
da86a644-edd9-4207-9c12-e0ada726f01c,2021-12-16T10:58:20,BRAND5,602.92,laiegkl@gmail.com
21a56ee5-aaee-4ee3-a20f-a5c0dc10fa36,2021-12-16T11:00:00,BRAND5,78.83,egbbjkg@gmail.com
1883a147-2eb2-4791-b3fb-5f904d240136,2021-12-16T11:00:00,BRAND2,216.65,hgfkdlc@appple.com
0f4056f4-67d8-4315-add4-25a1f784a68c,2021-12-16T11:00:50,BRAND2,959.09,"""ebkkfle eldbbjl"" <ebkkfle@live.com>"
d88f7781-06d0-41b0-b007-8d8fbc936021,2021-12-16T11:01:40,BRAND2,829.97,ajjahkb@appple.com
9c921802-c10b-4514-b020-6a4595d59652,2021-12-16T11:01:40,BRAND2,816.19,bagjhdd@gmail.com
f72c32b5-91a4-4986-be73-684ba5812334,2021-12-16T11:02:30,BRAND2,465.89,bfkibhi@appple.com
20fd41e8-2f10-4687-8297-df0d3d901d39,Thu Dec 16 11:02:30 2021,BRAND5,691.09,flgcjbc@gmail.com
4506eb5b-9768-45a4-a49c-98f31c7e9329,2021-12-16T11:03:20,BRAND1,613.86,chbickd@live.com
0614784a-78fd-42cd-a761-0a0f7ae28541,2021-12-16T11:04:10,BRAND4,557.93,ffljhii@gmail.com
a4c3d25f-e8f6-45ac-8800-488723b26882,2021-12-16T11:05:00,BRAND1,88.96,ldkkdbk@gmail.com
873472f3-d93c-4849-af88-c139911428a3,2021-12-16T11:05:50,BRAND2,998.40,ddgkfkk@gmail.com
d4cacc92-2bc3-4f8a-9a9f-370534583100,2021-12-16T11:05:50,BRAND2,839.02,"""fccclbe abbdgce"" <fccclbe@gmail.com>"
a76f25de-d419-4e20-97fd-979122c275e8,2021-12-16T11:06:40,BRAND3,$196.63,"""bfcccdh dfglejg"" <bfcccdh@appple.com>"
fc0eafcc-7d73-46bd-bd96-95734faf1658,2021-12-16T11:07:30,BRAND1,114.31,"""ejfedbj cfaiibh"" <ejfedbj@gmail.com>"
dcbc258a-e697-4c64-a6f5-39188f7dc64b,2021-12-16T11:08:20,BRAND5,937.64,"""ieleiai cifbahk"" <ieleiai@gmail.com>"
b38d3d29-49d8-4552-8644-05664c235f09,2021-12-16T11:09:10,BRAND1,77.66,"""bhihhhd haaflad"" <bhihhhd@yahoo.com>"
e0bac76c-0f71-4a60-92ad-5a8b7b729a33,2021-12-16T11:09:10,BRAND5,327.04,"""igadbda dbeecfc"" <igadbda@gmail.com>"
d8fb45d5-3b72-43f1-9fa1-69f8937ce344,2021-12-16T11:12:30,BRAND2,985.67,"""klfjahi jbcagbf"" <klfjahi@gmail.com>"
500101aa-47b8-43c2-911f-251c36e1ae04,2021-12-16T11:12:30,BRAND5,651.98,hlldejh@gmail.com
df8b28e1-64be-4147-a825-0ea140ddb603,2021-12-16T11:15:00,BRAND2,740.95,"""iekiddi liklhkc"" <iekiddi@gmail.com>"
818cbec4-539f-4778-9fd0-084c7678272d,2021-12-16T11:15:00,BRAND2,284.87,"""bclfjcb elijeeb"" <bclfjcb@gmail.com>"
acdd5f09-4b1e-42a4-a477-b9e84c243293,2021-12-16T11:15:50,BRAND2,480.49,cgcagll@live.com
189e29d1-1f25-4aa8-a187-07aa31f700cc,2021-12-16T11:15:50,BRAND2,586.18,hagcdlb@yahoo.com
a687a4a7-912e-4ebb-af87-933c8689f9d8,Thu Dec 16 11:16:40 2021,BRAND1,434.73,ikikkfi@gmail.com
9b358905-b6de-410e-a21f-1041f00335ea,2021-12-16T11:17:30,BRAND2,249.85,ddjiflg@gmail.com
79ebbd6f-5f94-4d6d-bba3-c78017fe0d98,2021-12-16T11:17:30,BRAND2,275.30,jkekggi@appple.com
4344e9c0-4039-4dc9-b45e-1c1f6747cf78,2021-12-16T11:18:20,BRAND2,611.27,"""djihfkg jlflidd"" <djihfkg@live.com>"
8016f4ad-6ddb-456c-84b3-659db407d160,2021-12-16T11:19:10,BRAND2,682.80,"""hbjdbii bfblfja"" <hbjdbii@gmail.com>"
638a5763-a96e-41c3-a367-687ad240c042,Thu Dec 16 11:20:50 2021,BRAND2,156.86,liccejb@appple.com
c38195df-a4fe-4ca8-ad1c-d39db1b26c6e,2021-12-16T11:21:40,BRAND2,427.28,"""ejefcdh bkccbdk"" <ejefcdh@gmail.com>"
0a729c51-8040-4b4c-b51d-ac4824fe5816,2021-12-16T11:21:40,BRAND1,133.79,"""gdjcelg cjlihee"" <gdjcelg@gmail.com>"
a65dab42-4775-4711-a634-2008948efbec,2021-12-16T11:22:30,BRAND2,803.29,hkdldii@gmail.com
31725613-a2ce-4eed-8453-ce9ca7baf784,2021-12-16T11:23:20,BRAND5,470.63,dhgalel@gmail.com
39918882-2ba3-4742-8058-3318e7d16468,2021-12-16T11:23:20,BRAND2,202.59,"""aglkidj ebdlifl"" <aglkidj@appple.com>"
f48764c6-b2fa-45b6-bca1-9f6e9e4c71df,2021-12-16T11:24:10,BRAND5,844.78,iacfgga@gmail.com
0b0945f9-49e7-436c-8726-c345fd3c59be,2021-12-16T11:24:10,BRAND1,113.77,"""eflkidi lfejgal"" <eflkidi@appple.com>"
aa342bda-eec0-49fd-998e-f71d28fdd1bf,2021-12-16T11:25:00,BRAND5,732.63,iccbfha@live.com
972903f7-9b60-4512-970b-06dd8eac931e,2021-12-16T11:25:50,BRAND5,892.90,aicekbc@appple.com
485a8d69-9c91-4154-8016-b0905929b837,2021-12-16T11:26:40,BRAND2,401.44,"""jciefal ahjkake"" <jciefal@live.com>"
872a3635-334c-4122-95eb-d8db2001199a,2021-12-16T11:26:40,BRAND1,634.87,"""gjcdged lijajjf"" <gjcdged@appple.com>"
b935bd65-5904-4a41-a3ae-3ee016c2b6bd,2021-12-16T11:27:30,BRAND2,512.34,fjiedle@appple.com
6b993d60-2a98-4aa2-acd5-1c4a60740014,2021-12-16T11:27:30,BRAND5,791.11,kjfjgfk@appple.com
3564b4e4-1c08-4326-a887-eaf84064110f,2021-12-16T11:28:20,BRAND2,451.83,"""khlfdlj ihgelfk"" <khlfdlj@gmail.com>"
06dcbdf1-c921-4aae-bcdd-7fcde5b4ef11,2021-12-16T11:28:20,BRAND2,870.19,daelcjc@hotmail.com
547c844d-1c46-4be2-bcad-1311d40d99fd,2021-12-16T11:29:10,BRAND2,932.58,"""jalfbec dcijdbk"" <jalfbec@live.com>"
168f56a8-1e44-4b71-8c18-3bdbfcf07272,2021-12-16T11:30:00,BRAND5,606.31,fbkacab@appple.com
c5177282-052e-4d8e-8855-cff5611fa0f1,Thu Dec 16 11:30:00 2021,BRAND1,67.80,fgjbdgb@gmail.com
d52c1d37-4da9-41ab-b27c-0e1218a5b001,2021-12-16T11:30:50,BRAND2,395.26,"""ggjdhec djfgcid"" <ggjdhec@gmail.com>"
a8f1dc6c-3776-4041-8301-da73c21e07e0,2021-12-16T11:32:30,BRAND2,926.36,gckfkbd@yahoo.com
1139da13-061c-4660-adb4-84f1312a7564,2021-12-16T11:34:10,BRAND5,335.82,"""dechdhg ddghbfd"" <dechdhg@appple.com>"
fde064df-1be9-4591-ad34-a1797adb4bb9,2021-12-16T11:36:40,BRAND1,384.34,"""lkeegle abieckg"" <lkeegle@gmail.com>"
7417a8d0-918f-41db-8e58-524eee12df67,2021-12-16T11:36:40,BRAND2,976.14,"""jfgdlbe jcbacbj"" <jfgdlbe@gmail.com>"
d76f8380-f9c4-4f95-9f5a-a49abea7ca16,2021-12-16T11:37:30,BRAND1,888.34,aficeaf@gmail.com
22668748-4a8b-497d-8008-ed58db8f599f,2021-12-16T11:39:10,BRAND4,924.98,"""iicgbfl cgbebai"" <iicgbfl@live.com>"
97b70834-413c-4f4f-a5a2-6e5edab823e5,2021-12-16T11:39:10,BRAND5,974.18,abechhg@yahoo.com
7902d360-5dd8-4a06-9971-32154bd3ec34,2021-12-16T11:40:00,BRAND2,643.31,kjfgffc@appple.com
105d5b0a-7a76-4fed-b755-35fcc79b3cb6,2021-12-16T11:40:50,BRAND5,389.22,gcgdkla@live.com
3b18836b-47ea-4d12-a520-d8ef1b6832c0,2021-12-16T11:42:30,BRAND1,74.30,fcbacag@live.com
689e65f4-9e44-4f02-80ee-f471f36240db,2021-12-16T11:42:30,BRAND2,995.57,addfadf@appple.com
4fe12485-344b-4d8c-a820-c399521bc1ca,2021-12-16T11:43:20,BRAND5,610.09,hkbggdc@gmail.com
6cba971b-f3cd-4211-9830-ece4096bd20a,2021-12-16T11:44:10,BRAND2,395.27,kbfjklc@appple.com
8f6d578d-e9fc-4c0d-9d2d-0e0a438cb179,2021-12-16T11:45:00,BRAND5,470.76,ikhkckh@live.com
7188b867-c2cd-4b27-857e-f6dc7a7431fa,2021-12-16T11:45:00,BRAND5,667.86,ablaalc@gmail.com
4219f794-ff01-4110-abb5-9ed49f3c1daf,2021-12-16T11:45:50,BRAND2,560.46,hcagbeh@gmail.com
335088d0-7097-4077-a3ec-cb5f382056d9,2021-12-16T11:47:30,BRAND2,93.87,"""hlekhah ikjdjce"" <hlekhah@gmail.com>"
d2172fb7-3f3a-49ba-8a52-a376e44745d9,2021-12-16T11:48:20,BRAND1,868.95,"""hfbiefe chbggdi"" <hfbiefe@yahoo.com>"
a9455d8d-e414-4be9-8b40-6f398275369c,2021-12-16T11:49:10,BRAND1,335.07,jeagagi@appple.com
53a494d9-a93a-492e-89ae-6a9b5fea4268,2021-12-16T11:50:50,BRAND1,881.62,"""ijfehfg effhlae"" <ijfehfg@gmail.com>"
ae21dece-71ff-4a0b-8300-297977852055,2021-12-16T11:50:50,BRAND5,323.61,"""biibgbg cldhaje"" <biibgbg@gmail.com>"
5d288f68-3c17-4219-a1a2-353d0f086ec5,2021-12-16T11:52:30,BRAND1,717.15,"""icgcdca kehfhaj"" <icgcdca@gmail.com>"
6be9ecc3-defd-480c-bf78-853c6e208543,2021-12-16T11:53:20,BRAND2,62.62,"""eedbdjh ikiallg"" <eedbdjh@appple.com>"
8b22c595-fcaa-48a6-b8ad-ec5eee5b03ae,2021-12-16T11:54:10,BRAND1,153.79,"""eaglccj lkbabdc"" <eaglccj@appple.com>"
dfe24d43-c4b9-462c-a256-8b7f0a428c4e,2021-12-16T11:55:00,BRAND1,778.35,jddldgb@gmail.com
841b1278-492e-429b-b7c6-234e57d4047d,2021-12-16T11:55:50,BRAND2,689.12,ahgjifg@appple.com
7240116f-8d3b-4656-a351-3c4c5245bc1d,2021-12-16T11:55:50,BRAND5,881.01,"""lhhbadd hicfeka"" <lhhbadd@gmail.com>"
e4b82841-9e29-4306-831a-358947813572,2021-12-16T11:56:40,BRAND2,901.58,laagefi@gmail.com
5825d603-dd5e-4a64-947c-8f1685e2febc,2021-12-16T11:56:40,BRAND1,968.84,"""gjllbjf ckcjjbd"" <gjllbjf@appple.com>"
dcb1766c-4c20-4253-8482-dac0eecba918,2021-12-16T12:00:00,BRAND2,787.64,idjabai@live.com
ba071f82-62cc-4395-ad30-4beff1c38ee1,2021-12-16T12:00:00,BRAND3,216.04,fgiakjk@appple.com
e1fa9a66-132b-450a-825e-a8502afdc4d2,2021-12-16T12:03:20,BRAND5,413.36,"""ilfgkbh hbffill"" <ilfgkbh@gmail.com>"
56f01eba-3d2d-4b50-afc7-1c2ef1d23f76,2021-12-16T12:03:20,BRAND2,711.08,"""lbfaahe flhiaih"" <lbfaahe@gmail.com>"
df3c7e79-ecbf-4427-954f-8b6ee804c9f2,2021-12-16T12:05:00,BRAND2,848.21,bbibcad@hotmail.com
4f587c26-870e-45fe-a407-372ea9a5016c,2021-12-16T12:06:40,BRAND5,700.44,"""cgadakf kbaflkh"" <cgadakf@gmail.com>"
564ea513-9b28-4542-817d-2fb2a55585c9,2021-12-16T12:07:30,BRAND2,713.21,kebjicj@gmail.com
6b276149-0a1c-4d03-8ca5-1ce5eaa4119d,2021-12-16T12:07:30,BRAND2,570.68,fbkgddd@appple.com
d168be0d-b5c2-42ea-a56b-9e5774bc86b8,2021-12-16T12:08:20,BRAND2,536.05,"""adkkefd bfeicdd"" <adkkefd@yahoo.com>"
8e1d4698-d76b-40a1-aa2d-7bae9c3670da,2021-12-16T12:09:10,BRAND5,666.97,"""cigagkh bcadfbj"" <cigagkh@gmail.com>"
97af17de-5b6c-42af-b048-069572c69ea3,2021-12-16T12:10:00,BRAND2,138.38,"""fhbfbbj aldcdff"" <fhbfbbj@gmail.com>"
8a86ae36-12ef-49e0-8aa0-1f75b8f4b378,2021-12-16T12:10:50,BRAND2,603.12,jfbifcf@appple.com
e7ccaa2b-9281-4668-a31a-c561a7d9ce09,2021-12-16T12:10:50,BRAND5,282.96,ldklkcb@gmail.com
20868a78-f55e-4dc1-8a4f-f1964a9ac2ed,2021-12-16T12:11:40,BRAND3,130.73,ejiebaa@appple.com
73732e40-934e-4f5f-9b84-002ade8138fb,2021-12-16T12:13:20,BRAND2,930.80,"""ikeggfk hjjcbjc"" <ikeggfk@live.com>"
b3bf6202-de25-4ff1-8037-a8a48c374cd2,2021-12-16T12:14:10,BRAND2,749.92,kglhlcl@gmail.com
860153e6-44ff-4f6f-9aaf-25ff5eb2c2a2,2021-12-16T12:14:10,BRAND2,755.69,jdadkcd@gmail.com
991fe483-3ef9-4561-9d51-12f076ffe708,2021-12-16T12:15:00,BRAND1,898.53,"""dkhaabl aaiiaea"" <dkhaabl@appple.com>"
c337f8c0-65b0-4d90-bd63-95762f23e28d,2021-12-16T12:15:00,BRAND2,986.54,ilaahkc@gmail.com
328936c5-9ea4-4cc8-b3f3-e8d1641ec493,2021-12-16T12:18:20,BRAND5,754.99,bhgicfj@gmail.com
4c17822f-624d-495c-b755-122eaab25acf,2021-12-16T12:20:50,BRAND2,$915.37,djcidij@gmail.com
d92914df-345b-49b6-be58-f7a6fd8c26a1,2021-12-16T12:20:50,BRAND2,171.63,bbegije@live.com
1d7539b7-9e31-4374-8d2c-6ce813553a62,2021-12-16T12:22:30,BRAND1,82.47,eedkegb@gmail.com
eac56e1c-7c0a-4fdb-9876-0b90fa2d657d,2021-12-16T12:24:10,BRAND2,311.46,kflhgaf@live.com
97de9268-9879-4444-8926-8816ecdc91bb,2021-12-16T12:25:50,BRAND2,448.24,chgicbd@gmail.com
7b36b4a7-e478-491f-ad4c-d8c625215fe8,2021-12-16T12:27:30,BRAND5,738.69,"""fiehglk fakbkfc"" <fiehglk@gmail.com>"
a7f0326d-bef0-47cf-9e68-ce7c0caf5123,2021-12-16T12:28:20,BRAND1,693.93,"""heiiaek cfgfjfg"" <heiiaek@gmail.com>"
2bffab23-9975-4de7-8c8a-181e27d55265,2021-12-16T12:28:20,BRAND3,21.59,gbieabh@gmail.com
03399dff-9db8-4be5-a402-5f9a8ee8b405,2021-12-16T12:29:10,BRAND2,863.62,eedaahd@appple.com
6441d0ed-95c3-4034-b1d2-91deee3a293b,2021-12-16T12:29:10,BRAND2,526.22,"""dalfaah kchehkf"" <dalfaah@live.com>"
8624bde6-111a-418b-964c-b4d8ff7001f3,2021-12-16T12:30:00,BRAND2,617.10,"""cgdaghh jkjlihl"" <cgdaghh@gmail.com>"
7d207ab2-e965-4313-9ec2-7c41d3005080,2021-12-16T12:30:00,BRAND5,176.76,efacfcg@appple.com
54068291-67fe-43fa-aefa-eafa1bb0b4c2,2021-12-16T12:31:40,BRAND2,340.18,bhgcald@gmail.com
3d75d703-ec4e-463d-ba5e-44f2ce966d4e,2021-12-16T12:31:40,BRAND2,62.79,"""ifcgfdh dcflgll"" <ifcgfdh@gmail.com>"
f74cda63-c6ed-4a72-b547-0a34ab152156,2021-12-16T12:33:20,BRAND1,628.50,"""ikiifgg ekaikbe"" <ikiifgg@gmail.com>"
a2058756-cd8d-470f-8659-e49ab1e231b1,2021-12-16T12:33:20,BRAND2,216.87,dgbllha@gmail.com
c4e92943-92e9-43ab-b130-bb3e44dc78e7,2021-12-16T12:34:10,BRAND2,530.14,ejhhbjf@live.com
9ae7e132-9d4c-4354-8204-78ee9f0e8415,2021-12-16T12:36:40,BRAND1,113.46,"""kkaiabc dlbiicg"" <kkaiabc@live.com>"
07d35d52-63d4-4693-95ba-a438375f8ad2,Thu Dec 16 12:37:30 2021,BRAND5,929.80,hcjhedb@gmail.com
a07934ef-eea9-4706-8285-53f7a0a053fa,2021-12-16T12:38:20,BRAND2,808.33,bghgcgj@gmail.com
c0034b99-b393-49df-8cf5-3b66157d9cf6,2021-12-16T12:40:00,BRAND2,134.78,gekkbal@appple.com
b591a53f-cace-455a-9bc5-933f7727d8aa,2021-12-16T12:40:50,BRAND1,123.93,dkbcgjc@gmail.com
7453c09c-c1a9-40ad-ab0f-1e9b31902f5f,2021-12-16T12:41:40,BRAND4,468.43,"""aiibhch icekkbj"" <aiibhch@gmail.com>"
9a6798c7-cba5-4971-a32d-4a34100d09f5,2021-12-16T12:42:30,BRAND2,204.46,"""bjfigjb aaekckb"" <bjfigjb@gmail.com>"
e52961d5-9708-41fe-be98-b46e4e2de5f4,2021-12-16T12:42:30,BRAND2,$266.30,gcdckhd@appple.com
ee48f181-51e0-4225-abda-07d848271e18,2021-12-16T12:43:20,BRAND2,806.75,ddehhce@gmail.com
82568e7f-a540-46d7-a68b-bfb203ad1e5b,2021-12-16T12:44:10,BRAND5,14.35,eegfhhd@appple.com
f33a7459-3449-4528-9760-9325531044f0,2021-12-16T12:45:00,BRAND2,885.42,"""fibhbaf hhdjbfk"" <fibhbaf@appple.com>"
00f22430-231c-472d-8409-b1afedf03c86,2021-12-16T12:46:40,BRAND3,770.47,hejlckj@gmail.com
0cd4b9e1-f47e-4b4d-954d-2b06d9653f81,2021-12-16T12:47:30,BRAND1,628.44,bfjlbal@gmail.com
a5848d85-b866-4b60-b819-8c89874706e8,2021-12-16T12:47:30,BRAND2,344.64,cfihgcb@gmail.com
b36f6777-1f34-4824-a111-b8dafb169842,2021-12-16T12:48:20,BRAND5,388.90,gifflaa@gmail.com
2edb8f84-23ca-4bbf-95c1-79fdc111455d,2021-12-16T12:48:20,BRAND2,644.01,gigfhfk@live.com
39ec7545-05a4-468e-ad2c-327bd1e51832,2021-12-16T12:49:10,BRAND5,219.80,cejfgbh@appple.com
d6b9e31d-08f5-4ec4-95ad-a2955746df71,2021-12-16T12:49:10,BRAND4,843.94,"""bkgdgcc bdlkcfb"" <bkgdgcc@gmail.com>"
63680499-ac26-4b64-9f5c-3e0ee04eea8a,2021-12-16T12:50:00,BRAND3,950.43,eggafai@live.com
72055b80-4b26-40cb-9b24-430b5aa0eb3f,2021-12-16T12:51:40,BRAND2,112.43,"""jecbcbc lfcfeif"" <jecbcbc@gmail.com>"
a74f76e3-6182-41d5-b58a-714f4fd534a0,2021-12-16T12:53:20,BRAND3,676.47,lkfecdj@live.com
d74ff613-a252-48dc-8f10-9d57433ae996,2021-12-16T12:53:20,BRAND2,389.00,aijadfe@live.com
a2e34e28-857d-4162-9280-5303bcd29d84,2021-12-16T12:54:10,BRAND2,162.57,ccjebki@gmail.com
c0cd87a0-8944-4399-bd00-a2569c1df08f,2021-12-16T12:54:10,BRAND1,767.03,"""eflabjk ekabidd"" <eflabjk@appple.com>"
cbfe66cb-c070-40a0-9104-99197ab4cc3f,2021-12-16T12:56:40,BRAND3,798.41,aikhgkd@yahoo.com
7c8174d1-a45c-411f-9be5-e7281afeb1cf,2021-12-16T12:57:30,BRAND2,692.39,jblaiib@hotmail.com
60abc6a2-da39-4760-9278-c590ff6ab5fc,2021-12-16T12:59:10,BRAND2,911.89,"""blgdggg ablkcbk"" <blgdggg@gmail.com>"
0ed78e01-d238-4695-a140-c60bf9a483df,2021-12-16T12:59:10,BRAND5,806.89,biahfkh@gmail.com
ee2ee139-9e87-4a07-9309-5d7c5060bf86,2021-12-16T13:00:00,BRAND4,47.21,"""hclbhig fhdadfj"" <hclbhig@gmail.com>"
2fd9b9cb-3c81-45dd-b675-4af922acaeed,2021-12-16T13:00:00,BRAND3,959.35,"""gelibgc klbliij"" <gelibgc@gmail.com>"
c4b8de74-02e4-400b-9218-5d18e72195d8,2021-12-16T13:00:50,BRAND5,667.91,"""ifklbkk akefdcg"" <ifklbkk@appple.com>"
e755c920-efde-4a2b-9ec3-46c1609345f8,2021-12-16T13:03:20,BRAND2,639.02,"""dejldhb jbggkgf"" <dejldhb@gmail.com>"
7ff3c6cd-b4c6-4738-aed3-057457a96cc1,2021-12-16T13:03:20,BRAND5,104.79,gaibifa@gmail.com
c149c6b7-16ff-4792-a2c4-78c0414e269f,2021-12-16T13:05:00,BRAND1,628.42,"""ifdhkdl hbajccb"" <ifdhkdl@yahoo.com>"
98d00275-4997-4f66-9b39-314845c2b05a,2021-12-16T13:05:00,BRAND3,396.89,"""ejkelkg bcfebbd"" <ejkelkg@gmail.com>"
257f73cd-8606-44c2-aaeb-a8ea4febfcc4,2021-12-16T13:05:50,BRAND2,884.05,ehcehlj@appple.com
e8ade46a-aea6-4e08-8fba-3aec5b86dd10,2021-12-16T13:05:50,BRAND5,816.09,ihkjckk@gmail.com
f37651a0-c123-41ea-b501-54bbd82ec88f,2021-12-16T13:07:30,BRAND5,720.53,dkckfki@appple.com
604f5a20-611b-41ba-aa79-2633d5b0ba4b,2021-12-16T13:08:20,BRAND1,131.88,facccjc@live.com
0fa70af8-6415-4c4d-a851-221da860f1f8,2021-12-16T13:10:00,BRAND1,853.40,"""ekfkcje lcclbjc"" <ekfkcje@yahoo.com>"
e6e91a9f-6e26-4ead-ae78-8974f8235511,2021-12-16T13:10:00,BRAND2,61.40,adkhfbh@gmail.com
b784cf6e-1488-4bfa-ace6-761b7ab775b0,2021-12-16T13:10:50,BRAND4,591.22,"""aklkdle bagkjgf"" <aklkdle@gmail.com>"
2e529af2-e7cb-4be0-9d38-6ba0d71c6136,2021-12-16T13:11:40,BRAND2,818.73,cfhhfhl@gmail.com
2ed539e8-23ad-464e-955a-254d693f26f6,2021-12-16T13:12:30,BRAND2,724.13,cihlkfd@gmail.com
8ed09bbc-4b51-4cea-a039-3809d7de32f1,2021-12-16T13:12:30,BRAND5,144.87,lahlabj@gmail.com
b2a004dd-ac6a-4bc6-8012-87ffaea7eb1b,2021-12-16T13:14:10,BRAND5,460.30,dblfdbl@live.com
0c44ea72-f873-4b0b-89da-654e89a781ce,2021-12-16T13:14:10,BRAND2,871.17,"""dkgfjkk gkbegig"" <dkgfjkk@gmail.com>"
ba856805-265c-425f-87ff-90cc4d16b4ec,2021-12-16T13:15:50,BRAND2,641.55,"""ckhebeb hcabiee"" <ckhebeb@gmail.com>"
7e570f2f-d400-4b7c-8d73-e0b4b9b7e807,2021-12-16T13:16:40,BRAND3,708.28,"""jijfgfc fcfkchc"" <jijfgfc@yahoo.com>"
5940a7e3-c21e-48e7-9826-fd99192fcd44,2021-12-16T13:16:40,BRAND3,576.25,ailifci@gmail.com
b38a3061-6f56-4233-b0d8-c4501b4ccf74,2021-12-16T13:17:30,BRAND2,659.30,dbgfabc@gmail.com
45433022-bbc8-4ec9-bad3-25be115b6c15,2021-12-16T13:17:30,BRAND2,826.75,"""djgljfj iliccfd"" <djgljfj@appple.com>"
762b64f5-7fda-4db9-a7fe-cf3482371ae5,2021-12-16T13:18:20,BRAND1,542.38,"""jaaajjc ggkklkk"" <jaaajjc@appple.com>"
18981b1d-0607-4459-9a6e-c9d4efcda7b5,2021-12-16T13:18:20,BRAND5,912.57,"""fekkhjg cadakej"" <fekkhjg@gmail.com>"
4c2ce158-8631-4187-96b2-05f8643efcfa,2021-12-16T13:19:10,BRAND2,495.40,fdldjle@live.com
2e73313f-edb7-4e73-9894-572c32753156,2021-12-16T13:19:10,BRAND3,$897.28,gheaefi@appple.com
d3f8bb5d-9762-4092-a435-2229b9d1c20c,2021-12-16T13:20:00,BRAND3,934.47,hkgddke@yahoo.com
150b44e5-406b-4abe-a18f-5dcb138b6788,2021-12-16T13:20:00,BRAND2,370.12,"""hcheilf fbhlceh"" <hcheilf@gmail.com>"
a94c7d81-8520-47a0-aa57-6a0678335f1a,2021-12-16T13:20:50,BRAND5,151.34,lgaekie@appple.com
d93131e9-90ef-4d35-89ea-21cfc833c9b1,2021-12-16T13:22:30,BRAND5,771.09,lfbjebc@gmail.com
fd4f8fcb-67d6-43b5-8c4a-2480349dfae3,2021-12-16T13:22:30,BRAND2,573.74,aicechj@gmail.com
bef419d5-7e77-46f0-a8fc-e7b533e675b4,2021-12-16T13:23:20,BRAND3,747.97,"""hbgaijl cfahgai"" <hbgaijl@gmail.com>"
b8abd76d-6ce2-4fc5-8cb1-8ae4daa9e1cc,2021-12-16T13:23:20,BRAND2,295.20,jgghala@appple.com
0bb06f2d-be3e-480f-8e51-ec159d55de60,2021-12-16T13:24:10,BRAND2,385.41,cbhkkkh@gmail.com
9c1543a9-ffd4-4b64-9d31-027f34c4b76a,2021-12-16T13:24:10,BRAND2,106.98,afljchb@yahoo.com
a4f25231-811b-4916-b98a-41bed2957699,2021-12-16T13:25:00,BRAND2,532.68,gdebigc@live.com
cca69bac-773a-4d63-bc98-6da65223a54e,2021-12-16T13:26:40,BRAND5,695.03,"""abjhcii ailaeje"" <abjhcii@gmail.com>"
10dd2def-fe10-4027-b8d1-93d44c5d851d,2021-12-16T13:27:30,BRAND2,724.15,elbjjdk@gmail.com
51621de8-db84-4fad-934e-97a5f8e20807,2021-12-16T13:31:40,BRAND3,993.86,"""iliddjh iaeagjj"" <iliddjh@gmail.com>"
b0b582eb-8ca0-4f96-b6b8-0f7ff5a3c08a,2021-12-16T13:32:30,BRAND5,654.08,fijdhbf@gmail.com
755c8b4b-308d-4b7c-832a-12038b09271d,2021-12-16T13:32:30,BRAND2,472.11,feefdjb@live.com
5cea8199-80e0-4f99-a157-00ed2224a11a,2021-12-16T13:33:20,BRAND2,2.25,cdeklgj@yahoo.com
e051d879-2f84-4928-8053-89bb437009b9,2021-12-16T13:34:10,BRAND5,3.84,"""ijfibhh jlckclc"" <ijfibhh@gmail.com>"
69f6657c-7b49-4fe3-a002-93cecdb94c90,2021-12-16T13:35:00,BRAND5,449.75,bkaglhj@gmail.com
d07bde9f-6a38-4ff8-866e-3e1432d47d71,2021-12-16T13:35:00,BRAND2,$86.24,kdcllej@appple.com
08b38f2d-5911-4a65-97da-07b252b0321b,2021-12-16T13:36:40,BRAND2,165.51,kbgcbbi@gmail.com
bad358ae-a0c4-4c2c-9d1d-f4544162ed3b,2021-12-16T13:37:30,BRAND2,595.57,ckjjgba@gmail.com
89f5235a-70be-4d7f-a1b7-7d0b04470521,2021-12-16T13:38:20,BRAND1,139.16,bgfkdha@appple.com
8b130bb8-ccfe-4b39-92af-4872a51657f7,2021-12-16T13:38:20,BRAND5,544.73,eijfbkj@gmail.com
cb9d7376-2643-4b4e-a731-9c4947d1b957,2021-12-16T13:39:10,BRAND2,4.14,jedibij@gmail.com
c91184b0-9d81-4483-8df5-f23e45a13bb5,2021-12-16T13:40:50,BRAND2,599.14,"""faegdfh bckcgeh"" <faegdfh@gmail.com>"
1de64996-3066-416d-9322-5008ad524248,2021-12-16T13:42:30,BRAND2,756.31,glfbdfg@live.com
62b4d562-ffa5-4a75-a8c8-7d8054133947,2021-12-16T13:44:10,BRAND2,726.03,"""jijldjj kjcgjac"" <jijldjj@appple.com>"
85930367-4a70-46c6-8a5e-276920f1acb4,2021-12-16T13:45:00,BRAND5,95.59,"""fcgjega ejgiaff"" <fcgjega@appple.com>"
c0f8dbf9-f9f9-4c63-9671-9230c85461ee,2021-12-16T13:45:00,BRAND3,75.05,bdhegba@live.com
d12d5833-351b-4f5e-9f06-a4cde463ca52,2021-12-16T13:47:30,BRAND4,659.68,"""bgijgaf ffhfhjf"" <bgijgaf@gmail.com>"
2255b1df-7638-4c43-ad4c-b3cd4043f45f,2021-12-16T13:49:10,BRAND2,475.81,"""cgdfbga eilijdc"" <cgdfbga@gmail.com>"
057a99b4-b23e-4360-b755-32a15c995092,2021-12-16T13:49:10,BRAND2,157.21,aaegike@gmail.com
f9f17e2c-b53c-4f8e-b8e5-dcbb1c6552ae,2021-12-16T13:50:00,BRAND2,529.17,ifafida@live.com
354d6f68-0f8d-494f-b3a9-d6f5df8a35dc,2021-12-16T13:50:00,BRAND5,$315.79,"""jilgdgh hkldbah"" <jilgdgh@live.com>"
1ec692d0-f66d-4a0b-8c29-2c7a0254bad4,2021-12-16T13:50:50,BRAND5,231.15,cfhedab@gmail.com
0bf5ee5f-36af-48b6-bd87-c11ecf2fc376,2021-12-16T13:50:50,BRAND5,721.49,"""jlbelaj bfdejgc"" <jlbelaj@live.com>"
5189d01b-91bf-4817-9c86-ee623b02018c,2021-12-16T13:53:20,BRAND2,958.66,akacaib@gmail.com
ed043521-4e27-4823-b8ac-670d3f3d3625,2021-12-16T13:54:10,BRAND2,511.68,"""aekhded kccbgel"" <aekhded@gmail.com>"
83138e44-e240-44ee-921b-ac3c9aa53ab3,2021-12-16T13:54:10,BRAND5,$802.40,igcbbld@live.com
3286336a-8b53-4daa-967c-22045a946531,2021-12-16T13:55:50,BRAND2,236.91,"""jfjdkgg ghihlah"" <jfjdkgg@gmail.com>"
5dd47e1f-1b0a-4d8f-a1d7-3e6cbaa1621c,2021-12-16T13:55:50,BRAND2,562.86,"""fklcjie ckjhkka"" <fklcjie@gmail.com>"
f8723514-272f-4d71-a2a0-230537fb1c71,2021-12-16T13:56:40,BRAND5,239.38,"""bbdbilj gdllldd"" <bbdbilj@live.com>"
05ed10a3-8b5c-4b0a-ba09-a94b4b47120b,2021-12-16T13:57:30,BRAND4,436.94,"""dbigfkg ibgfkfk"" <dbigfkg@appple.com>"
c6a4ee04-ae38-4eea-8bd5-cd5c2896c49b,2021-12-16T13:59:10,BRAND3,853.53,idbabdb@live.com
54beb1f4-1db2-435b-9f4c-1c23ae0ee44b,2021-12-16T14:00:00,BRAND2,983.63,fcjdgkk@live.com
03cbc69a-0264-49b7-8a11-29c2a284e60b,2021-12-16T14:00:00,BRAND3,874.90,bkbcjcf@appple.com
1fa8ff3b-1b8e-489b-93f6-2e3ea77ae387,2021-12-16T14:00:50,BRAND2,58.93,"""ffiddjf cbkkael"" <ffiddjf@live.com>"
4f07086f-a493-4d47-baac-6355dd6f324c,2021-12-16T14:01:40,BRAND2,618.59,"""cabiafa kelbiid"" <cabiafa@appple.com>"
5eb3a452-9d81-4ddd-a181-94f7d481de3d,2021-12-16T14:01:40,BRAND2,582.84,"""fkhklah icilcif"" <fkhklah@hotmail.com>"
79093b67-17db-4bde-be19-4d4462e0640a,2021-12-16T14:02:30,BRAND2,433.92,ecddhkb@appple.com
37f65924-2e9b-401e-acbd-4b6872863cef,2021-12-16T14:03:20,BRAND2,704.98,"""fagjcka akiijla"" <fagjcka@gmail.com>"
05d533a6-e934-4edb-8cd5-4f95ea47930c,2021-12-16T14:03:20,BRAND4,339.78,bhfcbfe@appple.com
42838ca8-13a2-48ed-af4e-7b70b6e71402,2021-12-16T14:04:10,BRAND2,65.80,hfbbkic@gmail.com
94eb5deb-07af-4afb-b034-e50f6d403327,2021-12-16T14:04:10,BRAND2,575.18,"""ifdfalg eidhihd"" <ifdfalg@gmail.com>"
28a896b9-5efe-44ad-b480-d2d76d9871c3,2021-12-16T14:05:00,BRAND2,175.82,chjadgc@gmail.com
7c5f0e05-a3a8-455e-99cf-58118d57b4a4,2021-12-16T14:05:00,BRAND4,969.05,dfjeggl@appple.com
613f7dcb-2884-4525-a655-6627fdc48cf8,2021-12-16T14:07:30,BRAND5,219.74,ffefebl@appple.com
eec793b9-7065-465b-b863-76c5c92213cc,2021-12-16T14:07:30,BRAND1,755.96,ffbhcfi@appple.com
2f46c67d-dbdd-45c5-a8d0-abc6c9da1b95,2021-12-16T14:10:00,BRAND5,327.84,agefjhk@yahoo.com
5c059641-ee1b-4771-a498-6179ddf9f95c,2021-12-16T14:10:50,BRAND2,432.98,bhhbleg@live.com
7e0c1a9e-ef5e-47e8-b77c-40eded80962e,2021-12-16T14:10:50,BRAND5,141.42,acjkffk@live.com
16eaa9ee-a2d0-4ba4-8c13-2522bf0fd016,2021-12-16T14:12:30,BRAND2,216.39,ddeaehb@gmail.com
177a509c-799a-4f27-84c8-db016d6fa34f,2021-12-16T14:13:20,BRAND2,457.34,ckkehfc@hotmail.com
1220ea8f-8305-44e2-a52d-95875b4cf9f1,2021-12-16T14:13:20,BRAND2,895.10,"""hbblglk gjciabk"" <hbblglk@live.com>"
6f06061d-bd81-4db2-8737-1787b5418ca9,2021-12-16T14:14:10,BRAND5,532.59,bhbgdek@gmail.com
abd72ca8-3014-401e-914f-25100f8657da,2021-12-16T14:14:10,BRAND5,698.77,cjlklhe@appple.com
38da67a7-9e0e-4b70-9928-ef27c877c2b5,2021-12-16T14:15:00,BRAND2,217.84,llbkhhh@hotmail.com
396dd1a0-ea00-45ee-bc21-603b54af1f96,2021-12-16T14:17:30,BRAND2,312.86,"""jfbllkd ihkkeel"" <jfbllkd@appple.com>"
2f5fb994-69ec-42e8-9de1-f735d1b2c297,2021-12-16T14:17:30,BRAND2,225.25,"""dagfjek gjiijec"" <dagfjek@gmail.com>"
61934bb7-7bdd-4713-98d3-9a4c7189f280,2021-12-16T14:18:20,BRAND2,585.92,"""eaiglhg cillgjj"" <eaiglhg@gmail.com>"
b5752333-edcc-446a-af57-9429d582ddfd,2021-12-16T14:19:10,BRAND2,493.78,cfjekjd@gmail.com
273511f2-2a3a-428a-8bb7-14874f698ec8,2021-12-16T14:19:10,BRAND2,117.98,"""cdfghjd ebheegi"" <cdfghjd@appple.com>"
90f47c52-feb4-40e0-909e-1c83e4039de0,2021-12-16T14:20:00,BRAND2,975.62,cgjfdfb@gmail.com
79356e93-1005-4dae-a4e5-f77c2de0ec59,2021-12-16T14:20:00,BRAND5,259.34,"""aaccgdg dabcgab"" <aaccgdg@gmail.com>"
e810842a-7269-4341-8e57-28dad3448b69,2021-12-16T14:22:30,BRAND5,647.16,bjgaklg@appple.com
cede48fe-d62a-465f-b7a4-591c0b7e80a8,2021-12-16T14:25:50,BRAND1,721.83,bgjcddc@gmail.com
a4ac6a0c-ecdc-45d2-acaf-1196c5ad5520,2021-12-16T14:26:40,BRAND2,633.36,kbdbhcg@appple.com
f8b0065b-7bf3-431f-b048-de3540f8086f,2021-12-16T14:26:40,BRAND1,152.55,"""cdgdhec bghjhcd"" <cdgdhec@hotmail.com>"
ce4d7c4f-62f8-43d3-9e9c-89ce15b9cedc,2021-12-16T14:27:30,BRAND1,185.95,ahgkbif@appple.com
4fbb30e6-242c-41f9-b7fc-82ee333d930c,2021-12-16T14:28:20,BRAND2,941.81,kldebkh@gmail.com
7e1c7cc0-4a73-4b08-b56f-9e85f472efda,2021-12-16T14:28:20,BRAND5,262.78,dbblkhd@gmail.com
4068efa2-d4f5-464e-be1f-e9e7297f81f0,2021-12-16T14:29:10,BRAND2,709.25,cfjikjb@gmail.com
03140b0a-6e18-4c1f-b991-24a9dc97bc8f,2021-12-16T14:29:10,BRAND1,493.45,ggbkgdl@gmail.com
1ebdc333-ed3c-49ef-9349-08c0ba3c6946,2021-12-16T14:30:00,BRAND3,641.79,"""jhgbhaa cajbjll"" <jhgbhaa@gmail.com>"
631aff05-2659-4a13-aa14-05542cea5787,2021-12-16T14:31:40,BRAND2,935.38,"""jhafcbb hbkkbjd"" <jhafcbb@gmail.com>"
e5d33d25-d09c-4253-9fbe-ff7230cd07e7,2021-12-16T14:31:40,BRAND5,294.58,abghjdl@gmail.com
d3de9342-0870-4601-a359-2b9fa165d6df,2021-12-16T14:34:10,BRAND5,338.49,chdbkhc@gmail.com
e6936e56-6cc9-45ad-965b-dde2d4c189d6,2021-12-16T14:34:10,BRAND5,474.39,"""dkkakaa fcelgkg"" <dkkakaa@gmail.com>"
b9274f82-609b-46b3-865b-99bd629c0162,2021-12-16T14:35:00,BRAND1,32.89,cclbccc@gmail.com
6f288d6b-d63f-4190-a2ee-2f6a880b074b,2021-12-16T14:35:50,BRAND2,548.23,ahhahlb@live.com
aaabe7a9-254c-4680-90bd-9f693fddadd3,2021-12-16T14:38:20,BRAND2,906.14,"""hlkfbbf jjkhfaj"" <hlkfbbf@gmail.com>"
95d8ecd1-6260-4c95-bdd3-5b219941dee0,2021-12-16T14:38:20,BRAND5,771.20,ijjhich@live.com
9d73f0e4-a746-447c-b7c7-1889f317b726,2021-12-16T14:39:10,BRAND2,61.52,kdleafj@gmail.com
c39a120a-ba46-4b89-bd7b-428e890f2b45,2021-12-16T14:39:10,BRAND1,719.84,"""hklefhb cdegffh"" <hklefhb@gmail.com>"
2295dbae-97fd-45c4-89cc-5525dde2901f,2021-12-16T14:40:50,BRAND5,741.66,bkbjhej@yahoo.com
def3102b-db8a-4eb7-a228-57dd2fd1df2d,2021-12-16T14:43:20,BRAND5,885.65,hbcfldc@gmail.com
7cdfbdfa-a781-42fb-abd8-74743af6bcf5,2021-12-16T14:45:00,BRAND5,36.27,flljcjl@gmail.com
32c090e0-9a94-4655-8082-5a21d3524889,2021-12-16T14:45:00,BRAND5,760.64,fggijlk@appple.com
3e72f824-bbed-458c-b645-5cca1df9c493,2021-12-16T14:45:50,BRAND2,328.74,"""fdhckcf ilglkdb"" <fdhckcf@gmail.com>"
5fd8fa62-e0f8-494b-a66c-5076e3292315,2021-12-16T14:45:50,BRAND2,455.82,elkbija@gmail.com
ed4244c1-a1b2-4f52-b2f6-edb448c13551,2021-12-16T14:47:30,BRAND2,861.63,heldfbc@live.com
d041ee7b-268f-4ef5-b075-e4362f85e100,2021-12-16T14:48:20,BRAND2,295.70,"""ikaacga cakkiak"" <ikaacga@gmail.com>"
4819482d-4a50-43f5-9e01-743faea6aa02,2021-12-16T14:48:20,BRAND5,624.08,elcffkg@gmail.com
b52f1cfa-902d-44d4-b5c2-7ddf0ef7fa29,2021-12-16T14:49:10,BRAND1,438.98,befdhfa@live.com
9ba32654-8691-4e65-9675-1ec5c588070d,2021-12-16T14:49:10,BRAND1,90.11,eacgfcg@gmail.com
efd7b592-277b-41af-b0e2-a3e9f42ea487,2021-12-16T14:50:00,BRAND1,260.41,ligillk@hotmail.com
3d213c87-819d-4230-8ac8-4bb481b1b20b,2021-12-16T14:50:50,BRAND5,589.41,ljfacgk@appple.com
e9554768-aeb2-4fc0-a651-2f7e99376cb6,2021-12-16T14:52:30,BRAND2,124.13,"""gghjgde jabdigg"" <gghjgde@gmail.com>"
03c268e2-02e0-4031-b172-905fd4a9edf9,2021-12-16T14:53:20,BRAND2,211.13,fbgdbge@gmail.com
a0aea57a-2dcc-471f-b6bf-c010c8559324,2021-12-16T14:53:20,BRAND2,738.59,fkcihcj@live.com
7657865b-19f8-4ca6-a907-7a37303c9553,2021-12-16T14:55:00,BRAND2,872.72,"""ejfgkcg filikke"" <ejfgkcg@live.com>"
eea28287-684c-46a2-9fad-478faab7d1e0,2021-12-16T14:55:50,BRAND5,472.03,"""chllclj blfjkci"" <chllclj@gmail.com>"
5347572d-e692-42df-9ea5-57c6c5b812a9,2021-12-16T14:55:50,BRAND5,441.28,"""bfcfhah jfbkdfj"" <bfcfhah@appple.com>"
bbf73d47-c026-418f-9310-cf71dbd92f9c,Thu Dec 16 14:56:40 2021,BRAND2,386.21,"""ghdehgg hjafijb"" <ghdehgg@live.com>"
ab300cdd-36a8-4ac3-b701-d9f768c57aa9,2021-12-16T14:57:30,BRAND4,942.58,kfciekd@gmail.com
48192668-edd7-4a7e-9188-c9b6575fcad4,2021-12-16T14:58:20,BRAND5,893.99,"""lbhjldk gekchhl"" <lbhjldk@gmail.com>"
8b383611-9385-4394-bb33-7a1af4920915,2021-12-16T14:58:20,BRAND2,998.73,kibblbh@yahoo.com
47b78879-0acf-4f03-9ac5-a09d0d9cd87e,2021-12-16T14:59:10,BRAND2,357.05,ljhllkl@live.com
e7c657a9-7b6b-4822-aed0-137d0753bf74,2021-12-16T15:00:50,BRAND4,959.34,abdfckh@gmail.com
6df1de7e-8572-4531-bd3d-c5d4bb1519c7,2021-12-16T15:01:40,BRAND2,528.86,kadldac@appple.com
9fd886a6-d5e1-4098-ae16-acf1fc0b878a,2021-12-16T15:01:40,BRAND2,280.60,bbbhajk@gmail.com
7d747a1b-ee54-4117-ba7b-549f12643f3b,2021-12-16T15:02:30,BRAND2,947.78,eaflfhi@appple.com
eedfa10c-1fcf-4689-b3e0-4231a39e9bc5,2021-12-16T15:04:10,BRAND2,354.50,"""jgbbkkd iabfhjk"" <jgbbkkd@yahoo.com>"
6bd2e44f-5e0f-4800-8737-cfcc6dd53505,2021-12-16T15:05:00,BRAND5,891.02,ichlcdd@live.com
a04f7e8b-b55e-4a3a-8d3b-ead6d3255147,2021-12-16T15:05:50,BRAND1,365.16,dejhbfe@appple.com
ce18bc0b-80e1-427c-b698-325c9a51d077,2021-12-16T15:06:40,BRAND2,809.46,bbbjgcg@gmail.com
3e704861-264b-44b5-8342-b94f0ff2b961,2021-12-16T15:07:30,BRAND5,138.39,fkdilff@gmail.com
119d677c-8317-49da-8da2-2ccba1382b0c,2021-12-16T15:07:30,BRAND5,916.62,cbdchkj@gmail.com
a91e26a3-b39d-4bd9-9e9d-ac9c6d0ea509,2021-12-16T15:09:10,BRAND2,901.28,jebidhl@yahoo.com
c9e64691-3da7-4d9b-9bd5-cae78ca259eb,2021-12-16T15:09:10,BRAND2,152.13,"""bgebdel aaaflcl"" <bgebdel@gmail.com>"
2e5b3d1c-0e11-4367-b9ca-a2deb1bf8964,2021-12-16T15:10:50,BRAND1,547.80,bihkkbc@gmail.com
8280d278-f76e-4ad1-b070-432e0632c1c1,2021-12-16T15:11:40,BRAND2,437.49,bgjgkdi@appple.com
31120a37-004c-4055-8143-4d2af2de857e,2021-12-16T15:12:30,BRAND2,588.21,"""gigikgj ekalgea"" <gigikgj@gmail.com>"
379dd0bb-2b83-4f11-95af-6f23b0f80f30,2021-12-16T15:13:20,BRAND5,870.35,ljaaabg@gmail.com
f544235e-e571-473e-86eb-9ffec7784061,2021-12-16T15:14:10,BRAND5,550.25,jadlchk@live.com
792a22fc-2fd2-4589-8760-24832073a033,2021-12-16T15:14:10,BRAND2,672.02,kheglej@appple.com
55e0004e-42a6-4bda-b310-a80e042954e3,2021-12-16T15:15:00,BRAND2,328.49,"""jibdfjb lbacjig"" <jibdfjb@gmail.com>"
a8e1e7f9-cad9-459c-a2d8-238bff3c83a4,2021-12-16T15:16:40,BRAND2,132.39,clbjkel@appple.com
ee581a8b-69d6-491d-bc6f-b4b3c1fe9294,2021-12-16T15:16:40,BRAND2,939.48,faehdkc@appple.com
e308a772-0c2d-4a03-8e08-98fde94689bb,2021-12-16T15:18:20,BRAND2,85.45,"""jghedhg lchfgfe"" <jghedhg@gmail.com>"
fbe2b921-3651-4b3a-bb54-45e7bec11635,2021-12-16T15:18:20,BRAND2,602.67,"""fldgjck jclbddk"" <fldgjck@appple.com>"
7a17ca96-1b4d-452a-80ff-fc6d1e586d7b,2021-12-16T15:19:10,BRAND2,778.96,"""iegehci alhjbbe"" <iegehci@hotmail.com>"
60339f8c-dbee-41ba-bb61-106114c924c6,2021-12-16T15:19:10,BRAND1,224.85,dlihgde@appple.com
5ff8bc31-b5ea-4b39-b37c-4bb2620bd570,2021-12-16T15:20:00,BRAND2,106.57,gagjjbi@gmail.com
d2c032b6-560a-4e4e-87ee-d124592f60b1,2021-12-16T15:20:00,BRAND2,320.30,"""ljjgkga fjghhck"" <ljjgkga@gmail.com>"
a297611f-a8fc-4d11-af34-92ea1a6cf486,2021-12-16T15:20:50,BRAND2,457.51,eeglgcj@appple.com
c7fa7740-be3a-498c-b527-1dba1ec87ce6,2021-12-16T15:22:30,BRAND5,71.88,"""hcbbkeh cekaegj"" <hcbbkeh@gmail.com>"
8f9910fb-de7a-4f0b-8f9b-8b56d6fdc320,Thu Dec 16 15:22:30 2021,BRAND2,111.53,"""ehgiccf ijcblld"" <ehgiccf@gmail.com>"
57520937-bddd-453a-b4cf-64d33f6b0de0,2021-12-16T15:23:20,BRAND2,348.63,aagfleh@appple.com
150e2c37-fc96-452e-b8b1-b22d384c1ca4,2021-12-16T15:23:20,BRAND2,977.22,"""iigkiee lldafaf"" <iigkiee@gmail.com>"
c902b7cb-dc87-44ea-95d1-5ff06d489776,2021-12-16T15:24:10,BRAND2,936.96,"""jcfbgde cljlace"" <jcfbgde@appple.com>"
c1a5286f-6410-4b06-a8c7-a19a0d297de6,2021-12-16T15:25:00,BRAND2,460.27,"""kbfkgaj gecdclj"" <kbfkgaj@gmail.com>"
f1a638b1-e9bd-4949-aa47-3d51cc09be82,2021-12-16T15:27:30,BRAND1,299.04,"""deabjdb ajlbhah"" <deabjdb@live.com>"
cd3bfc03-4f40-4c20-8314-9a1f24b6b7de,2021-12-16T15:27:30,BRAND2,726.94,"""cebedec hdclhhl"" <cebedec@live.com>"
dc50953e-82ab-4225-aa12-1b05a59135e3,2021-12-16T15:30:50,BRAND3,66.13,ekbdijg@appple.com
6503d35c-eb4e-470f-90d5-196aae27cb3b,2021-12-16T15:30:50,BRAND2,389.95,lifkgae@live.com
f9705005-7e76-455d-89aa-a0115785e66f,2021-12-16T15:31:40,BRAND2,721.97,bahhlij@appple.com
9dfa7afa-701c-42cd-a47e-44a04f524541,2021-12-16T15:31:40,BRAND2,878.95,dihabek@gmail.com
5f6ad8f3-c1fa-4980-9f77-382e1bb823e3,2021-12-16T15:32:30,BRAND3,45.37,"""kccklbe cblejkk"" <kccklbe@live.com>"
ff8cac1d-f2d6-4a00-9bc0-5dbdee40600d,2021-12-16T15:32:30,BRAND2,406.38,fhdagba@gmail.com
c2c77559-1813-4f55-8165-148af0cb0a6a,2021-12-16T15:34:10,BRAND2,437.02,"""ccbeihj jgdliel"" <ccbeihj@gmail.com>"
56ac4875-ad14-4d5f-b7a0-d43d0035b3c8,2021-12-16T15:34:10,BRAND5,435.86,"""edfecdc icehhli"" <edfecdc@gmail.com>"
57516a9a-1fbc-47e6-84df-2daa8a1ae669,2021-12-16T15:35:50,BRAND2,653.84,"""cblgege kgbbblk"" <cblgege@gmail.com>"
d5da94e4-c7fd-482f-9974-012291163a35,2021-12-16T15:36:40,BRAND2,442.57,jglaelj@gmail.com
68629f1f-c6b7-41d5-ba7a-c069c17ce41f,Thu Dec 16 15:36:40 2021,BRAND5,539.08,gchfbee@live.com
41343669-8519-4d24-82c0-06749c5f7034,2021-12-16T15:37:30,BRAND5,732.12,elbeabb@gmail.com
0a1c7ccf-7ce1-4d60-90c0-25b69aeba34e,2021-12-16T15:39:10,BRAND1,237.39,"""lajfiic llclbkf"" <lajfiic@appple.com>"
bc9a6170-ffa2-4162-9ecf-e06376d3b449,2021-12-16T15:39:10,BRAND2,648.98,"""igjlkkc kkfabkf"" <igjlkkc@hotmail.com>"
1e51d89f-51aa-4d19-ae22-26be6b17fc76,2021-12-16T15:40:00,BRAND2,990.85,ccggehb@gmail.com
e093d015-d95b-403b-be16-5d2fbf2989c0,2021-12-16T15:40:00,BRAND2,165.27,"""fjideal lhkiajl"" <fjideal@live.com>"
175dba25-a27d-48dd-a5ee-3012825f544f,2021-12-16T15:40:50,BRAND2,121.15,ekikadk@gmail.com
e37aab99-db86-4383-8b4f-7f6fe759ff28,2021-12-16T15:41:40,BRAND2,673.11,bkfiffe@gmail.com
4634d87d-60b0-4547-836e-137401aae906,2021-12-16T15:43:20,BRAND5,332.40,blhjhbb@gmail.com
9d7d352b-aba9-4d1b-8614-17b9df2a4999,2021-12-16T15:43:20,BRAND5,136.16,"""ijkfgjl hddfahh"" <ijkfgjl@appple.com>"
1e3f9438-770d-450b-95a1-3e3ebb652f3e,2021-12-16T15:44:10,BRAND2,801.28,ljafgeh@gmail.com
4c310c91-3482-4c48-a1bc-4b50392ca604,2021-12-16T15:45:00,BRAND5,161.04,"""cdcliek kgghaed"" <cdcliek@appple.com>"
73ceae45-1f15-485d-a0f0-99cfaf2c3669,2021-12-16T15:45:50,BRAND2,729.98,ciagjcg@gmail.com
c522235f-d076-4a23-88b0-c579d26b43bf,2021-12-16T15:46:40,BRAND5,116.06,"""eacdkbd bhhklgh"" <eacdkbd@gmail.com>"
bf4afcd1-bc87-42d9-9159-8b43828e4fea,2021-12-16T15:47:30,BRAND5,675.04,fedbfjj@gmail.com
8ac41253-a8b8-4987-8374-51052fb33a2e,2021-12-16T15:47:30,BRAND1,310.23,kkkbiii@appple.com
396236ce-48c1-4065-9d29-97d06bad5f4d,2021-12-16T15:48:20,BRAND2,998.66,kdfdbfl@gmail.com
8bd1171d-edaf-4c29-bb56-ae1aae3098aa,2021-12-16T15:48:20,BRAND5,230.91,fbdclae@appple.com
187938b8-54ed-48d9-bcf3-89a2c6c08fbf,2021-12-16T15:50:50,BRAND5,713.02,"""fglaikd jicfaab"" <fglaikd@gmail.com>"
7666ab0b-ed3e-4c1b-aae7-2882bb203b46,Thu Dec 16 15:51:40 2021,BRAND2,726.67,"""jkkhkij jbbfcjh"" <jkkhkij@yahoo.com>"
bcd90d40-4c1f-4301-8fb6-e392b9134dfd,2021-12-16T15:51:40,BRAND2,49.63,"""acjffjk dclagec"" <acjffjk@hotmail.com>"
10ccd1d4-53f0-488d-976d-fefd0bb3125d,2021-12-16T15:52:30,BRAND2,35.04,lbdlbfa@live.com
09c2def6-eadc-443f-930f-cba82a258be8,2021-12-16T15:52:30,BRAND1,130.39,hbjahcg@gmail.com
9a6d6f3c-8d33-452c-baf8-0765af68075f,2021-12-16T15:53:20,BRAND2,261.41,"""ilaiidl kllhbfj"" <ilaiidl@gmail.com>"
d8f93f04-ba44-4e88-8c2b-fc0f65d22f5b,2021-12-16T15:53:20,BRAND2,788.75,ellagbc@appple.com
83519eba-754d-4929-a722-ed888c7b7f44,2021-12-16T15:54:10,BRAND5,19.23,"""kdlbedg icifcid"" <kdlbedg@appple.com>"
4ecc63c5-57c3-4620-a677-0feb9bd22381,2021-12-16T15:54:10,BRAND2,207.97,"""fbjcfif cjajcdh"" <fbjcfif@gmail.com>"
6164d21f-9f8b-4c26-90e8-a4da04aa314e,2021-12-16T15:55:00,BRAND3,634.57,cekfhed@gmail.com
7aaaf2f5-c86f-4546-8c80-485b8f52f06f,2021-12-16T15:55:00,BRAND2,239.24,edbkjcc@appple.com
496710dd-6d90-4d85-a64e-f4f761a92aaa,2021-12-16T15:55:50,BRAND5,163.56,lafbgig@gmail.com
038aed95-c6c4-4521-9b8b-c15a6eb17688,2021-12-16T15:59:10,BRAND4,932.47,eahcdjg@gmail.com
f07e6eab-713d-42ea-ac59-049f43604dc8,2021-12-16T15:59:10,BRAND2,280.97,lghclal@gmail.com
3ccc838e-69e0-4b7e-9fda-abe1350ba1ba,2021-12-16T16:00:00,BRAND2,730.83,dhieljc@gmail.com
8479d995-739e-48be-98d8-3ba9d2a8ca08,2021-12-16T16:00:50,BRAND1,835.14,kkihfbi@appple.com
50658b06-07f0-4345-a7c1-1bf4d71f6e92,2021-12-16T16:00:50,BRAND3,7.93,fhieake@live.com
3f274d69-ad00-43b0-87a4-d8fb60fb2477,2021-12-16T16:01:40,BRAND2,999.34,"""fflkhgg edafhll"" <fflkhgg@yahoo.com>"
15b024ec-38eb-405c-b900-9b39514ee7f9,2021-12-16T16:02:30,BRAND3,951.31,kjakcgk@gmail.com
43b9a23d-ce79-47e3-a92c-64d1c1519548,2021-12-16T16:02:30,BRAND1,324.11,djgkfkh@gmail.com
25f01ebe-3716-4ca0-9bc5-e6cbd6487b07,2021-12-16T16:03:20,BRAND5,794.32,"""bhggccl eehcjjl"" <bhggccl@appple.com>"
0f83fe18-80bb-474c-b8a9-82cf5ba613df,2021-12-16T16:04:10,BRAND3,48.25,aafllkj@appple.com
6a01a384-2611-4ae6-9412-61e825454bb1,2021-12-16T16:05:00,BRAND2,788.71,"""dlafcjd kbfifil"" <dlafcjd@gmail.com>"
9b1a4d45-66a1-4727-b10c-fb4cd94d333d,2021-12-16T16:05:00,BRAND5,298.95,accljkc@gmail.com
e7cb227f-2396-4523-ac60-8aca3dc8754c,2021-12-16T16:07:30,BRAND5,535.70,chiaggb@live.com
0470692c-ed67-49e5-94c9-d194ca69f548,2021-12-16T16:09:10,BRAND4,817.99,dlajhgf@live.com
5f9abd93-4906-401c-b2be-63aef929dab4,2021-12-16T16:09:10,BRAND5,721.30,dajdbgk@gmail.com
5b67cee9-59f1-4879-b651-531f97dffa08,2021-12-16T16:10:50,BRAND2,820.48,"""ighciee bffkdki"" <ighciee@live.com>"
07874da5-61de-4dd9-9fb8-dfab1594eb44,2021-12-16T16:11:40,BRAND4,512.16,"""ihgabhh ahdaaee"" <ihgabhh@gmail.com>"
a593046d-58dd-409d-9d32-3511147f0da0,Thu Dec 16 16:11:40 2021,BRAND5,962.20,"""jicdckk hccagcg"" <jicdckk@gmail.com>"
d24e4074-8b70-4212-b472-9cc40076b68e,2021-12-16T16:12:30,BRAND2,234.83,jlhdcgj@gmail.com
8b8ed75f-81cc-46f9-a272-c00e6eca1d92,2021-12-16T16:12:30,BRAND2,739.62,eakkcak@appple.com
1fb19dab-572e-4db8-b160-06d92077b5b7,2021-12-16T16:13:20,BRAND1,219.98,kficljd@gmail.com
47e7a776-525e-4521-92c1-306af7aa7d12,2021-12-16T16:13:20,BRAND5,192.11,"""jahdgkh ekhcddk"" <jahdgkh@gmail.com>"
6647796d-0c12-4e7c-8960-06ad262f43d8,2021-12-16T16:14:10,BRAND5,631.62,"""kbfllkd kafelgb"" <kbfllkd@gmail.com>"
6f83dc00-1229-4f75-be15-14c3ed4ec779,2021-12-16T16:15:00,BRAND5,109.90,lkhdkfk@gmail.com
3f86f9c7-8b73-4c13-abc6-de9547d62cb2,2021-12-16T16:16:40,BRAND2,488.48,"""fkghglj eecacha"" <fkghglj@gmail.com>"
a79e3311-f874-400e-8716-b22b7dbf3d69,2021-12-16T16:17:30,BRAND1,849.93,gfbdifg@gmail.com
28b1cf38-35c6-4e6c-9b23-887ff763ae1e,2021-12-16T16:17:30,BRAND3,433.30,"""kgiaila eakdjli"" <kgiaila@hotmail.com>"
f431d60b-e628-4fcb-9864-ea31ce65ab42,2021-12-16T16:18:20,BRAND2,683.00,"""fkikehe jhhgjli"" <fkikehe@hotmail.com>"
433c73ce-d7dd-49f3-b758-08cd04d722f2,2021-12-16T16:18:20,BRAND2,82.08,"""lkiijed cjifbei"" <lkiijed@gmail.com>"
883456f0-b690-4d28-b183-538bd8a47492,2021-12-16T16:19:10,BRAND1,29.53,ldgglij@live.com
34271669-4e8f-436b-8740-004ed52053d4,2021-12-16T16:19:10,BRAND2,951.31,fdeebch@gmail.com
1a40e2cd-982b-4028-ba78-0b3c5451c59f,2021-12-16T16:20:00,BRAND5,565.70,"""chehgae llcheba"" <chehgae@gmail.com>"
becb5e12-4fdb-4cf0-b35b-b343a9ab49ff,2021-12-16T16:20:00,BRAND5,955.53,clachjl@gmail.com
b996214f-eb54-4786-b1e8-a563bfffe71b,2021-12-16T16:20:50,BRAND2,567.09,"""hehjehg albigbe"" <hehjehg@gmail.com>"
f087cbe7-89be-459e-a227-c93434ffdbe3,2021-12-16T16:21:40,BRAND1,305.84,"""fddhbda kaeihgd"" <fddhbda@gmail.com>"
e843cecd-1003-4241-8abe-d70de3eb5609,2021-12-16T16:21:40,BRAND2,972.24,aecdjhf@yahoo.com
37549831-20fb-49ea-bea4-cec03c37402f,2021-12-16T16:22:30,BRAND2,527.67,bfidffb@gmail.com
64df9222-c65c-4e11-ac57-c43e7aa3768f,2021-12-16T16:22:30,BRAND2,969.94,"""fjlgdfb galbclj"" <fjlgdfb@gmail.com>"
cb4490c9-7b39-4a71-827c-74bd495ac855,2021-12-16T16:23:20,BRAND1,872.47,"""dddhjkl kadelba"" <dddhjkl@gmail.com>"
97b95788-2bd7-4e64-b3b7-2bf780b7f87a,2021-12-16T16:23:20,BRAND5,455.36,bciblce@gmail.com
e34c6609-e9fd-48f6-897f-3d54f138a858,2021-12-16T16:24:10,BRAND2,604.20,"""jdjjkbg icglhij"" <jdjjkbg@gmail.com>"
0f89036a-bf89-4843-9af6-1be0f339d3c2,2021-12-16T16:25:00,BRAND2,876.53,"""dljdcah jcechif"" <dljdcah@appple.com>"
ef68d661-3758-413a-bbf4-2efe821992e7,2021-12-16T16:25:50,BRAND2,873.30,"""kbhfljj keflebe"" <kbhfljj@gmail.com>"
0c38e0dc-e537-4917-aa3e-5107ccba7342,2021-12-16T16:29:10,BRAND5,646.79,"""jkagajj ffaicag"" <jkagajj@gmail.com>"
918a7920-2fe3-4c9e-98f5-56e99fb0ae6f,2021-12-16T16:30:00,BRAND1,701.19,"""gfaligf hejlfci"" <gfaligf@gmail.com>"
2b7c9572-1a05-476b-90fa-dd5348814094,2021-12-16T16:30:00,BRAND3,500.85,cdblibc@live.com
75886026-015c-4d8a-a4b9-3a911962fe1c,2021-12-16T16:31:40,BRAND2,601.44,lkkibde@gmail.com
06452318-8807-415e-89b7-b9cae048bdd5,2021-12-16T16:32:30,BRAND5,982.32,lbahcgl@gmail.com
388ae03e-3338-4d63-995c-ce65743a605b,2021-12-16T16:33:20,BRAND1,151.37,dikaije@live.com
d120b7bf-7386-4dde-a7de-5c5191355b04,2021-12-16T16:33:20,BRAND2,123.03,laibjlg@gmail.com
646f5b74-0c37-4852-9097-7d8a17874930,2021-12-16T16:35:00,BRAND2,162.21,lajabif@live.com
38e02d80-9662-47c4-93d2-5665ea84934a,2021-12-16T16:35:00,BRAND2,578.81,"""bfffkck djfkcaa"" <bfffkck@gmail.com>"
ac7cc22c-6a1c-4e90-a97b-82addff08c00,2021-12-16T16:35:50,BRAND1,464.03,fhcccdd@appple.com
d7289677-08d2-45e1-9526-10b161a5bad7,2021-12-16T16:36:40,BRAND1,61.40,lfkiejb@yahoo.com
67f1a1e5-932a-43c1-8cee-e10a55fddb07,2021-12-16T16:38:20,BRAND5,235.17,laefcdc@gmail.com
c47cbd9d-e10f-4457-af00-82684226b432,2021-12-16T16:39:10,BRAND5,460.67,"""cjlbaak eeecdgj"" <cjlbaak@appple.com>"
074fc671-af83-434d-8a17-7b56e2675ff6,2021-12-16T16:40:00,BRAND5,$751.03,"""ilfgkha gijljja"" <ilfgkha@gmail.com>"
d718492c-0564-4e0b-9424-52577f757344,Thu Dec 16 16:40:00 2021,BRAND5,562.54,kgceflk@yahoo.com
2c3cb880-387b-4aca-aeac-f5290d9a4f25,2021-12-16T16:40:50,BRAND2,312.99,bfcffhd@appple.com
857d5acf-7141-48bd-ab14-2e6e5c502874,2021-12-16T16:40:50,BRAND5,496.09,blljdcc@gmail.com
ec855c54-1551-4ea9-82ed-c260da1a8847,2021-12-16T16:41:40,BRAND2,707.76,"""gclhakk ibllhlh"" <gclhakk@gmail.com>"
d6472fcc-008f-455f-a5e6-871747da4c29,2021-12-16T16:43:20,BRAND2,197.70,"""ebidhkd egicbba"" <ebidhkd@live.com>"
9bb92335-9f09-49ae-a8ab-2721e1207cc7,2021-12-16T16:43:20,BRAND2,302.08,"""khekhgb hcbcech"" <khekhgb@appple.com>"
6f40dd69-0044-497f-8cb5-62bd0cccc9c1,2021-12-16T16:44:10,BRAND2,415.61,"""lekigil kcdbedf"" <lekigil@appple.com>"
ae5e124a-7c68-4632-b3a3-9a855651c4be,Thu Dec 16 16:44:10 2021,BRAND1,468.45,"""gdfekai clciaji"" <gdfekai@appple.com>"
a8727636-1868-4a8d-8199-9463ffe55e95,2021-12-16T16:46:40,BRAND5,288.19,blaghff@appple.com
d0bd49ba-b83b-4a28-85c1-ad58643957aa,2021-12-16T16:47:30,BRAND2,625.90,"""clekbkj iddcjei"" <clekbkj@appple.com>"
b1d6d51c-d5ca-4c1e-8bec-237a86fb90f6,2021-12-16T16:47:30,BRAND3,123.40,eajcigi@live.com
f6b628ec-3280-48a4-a73a-46b3cb74ae20,Thu Dec 16 16:48:20 2021,BRAND1,479.42,"""dbkfdli fgefkcd"" <dbkfdli@gmail.com>"
f91baa71-03e2-4b49-b61e-c6bafee016cd,2021-12-16T16:48:20,BRAND4,502.02,"""fiiaedf dcakclc"" <fiiaedf@gmail.com>"
54e395d7-c3a8-47c6-b57a-aac2f01261f1,2021-12-16T16:49:10,BRAND2,86.48,"""ebeejeb abhbabl"" <ebeejeb@gmail.com>"
256ae707-4ae0-43ce-86a1-c090b6e6c49f,2021-12-16T16:50:00,BRAND2,155.75,hgclagf@gmail.com
9507c46f-355b-4972-b079-12361bb52f90,2021-12-16T16:50:50,BRAND5,360.47,fjgellf@gmail.com
f39ff19d-54c1-4484-bab8-c1c39e81d43f,2021-12-16T16:52:30,BRAND2,156.38,"""eidflki cjacccc"" <eidflki@gmail.com>"
2297789f-d5ff-4644-806a-6214e099c431,2021-12-16T16:54:10,BRAND4,873.30,hacjabh@appple.com
75112330-0bb2-44c7-bc8e-31b1c876c977,2021-12-16T16:55:00,BRAND2,890.15,akbjcib@gmail.com
e0caa2df-285c-4783-90bd-ac1f19224346,2021-12-16T16:56:40,BRAND5,249.76,"""lkgbacc ilbjlhe"" <lkgbacc@gmail.com>"
0d575961-ce5a-4dfd-89c6-d520400ee27a,2021-12-16T16:56:40,BRAND4,510.37,eeadibe@gmail.com
b7dfafd2-79c6-4e98-990d-babf5bd68667,Thu Dec 16 16:58:20 2021,BRAND5,165.93,ljagjhe@gmail.com
aea72a00-2dea-43a6-acaa-fc92cb6f46d1,2021-12-16T17:04:10,BRAND2,866.28,bhhklbl@live.com
f89de6c5-2d3a-4592-918f-fbb30f4ef626,2021-12-16T17:04:10,BRAND2,699.82,iliggkf@appple.com
4543f2cb-a863-4c87-ac56-90e4d084e913,2021-12-16T17:05:00,BRAND2,614.21,"""bafbfge licfjaj"" <bafbfge@appple.com>"
da392871-e67d-4694-8aff-d613fe357612,2021-12-16T17:06:40,BRAND2,225.53,ekfgaca@gmail.com
619757cb-5f26-4fbe-92f9-e31c8c3bb500,2021-12-16T17:07:30,BRAND2,346.58,cllcfge@gmail.com
b3a34aa7-3a64-4a36-bb47-ce564417221a,2021-12-16T17:08:20,BRAND2,72.29,chhhkcc@yahoo.com
920530de-f630-4ab7-983b-8c10a61684f9,2021-12-16T17:09:10,BRAND2,764.24,leagghi@gmail.com
a88f194f-faf4-4f83-9d0b-d467bcee1cf8,2021-12-16T17:09:10,BRAND2,$238.21,"""afjkjhi khiiakb"" <afjkjhi@gmail.com>"
d3c41fcf-c7b4-49d7-a81f-480f51f59e65,2021-12-16T17:10:50,BRAND2,126.53,bjeahij@gmail.com
3e749f19-3d73-46e7-af80-180f79c0e5cc,Thu Dec 16 17:11:40 2021,BRAND5,427.04,kklddkc@gmail.com
74a97062-3b03-4b80-a819-c3fda40c6a92,2021-12-16T17:12:30,BRAND2,697.67,edhfkdi@live.com
c574a3eb-f803-47a2-a085-b9d0c2d60029,2021-12-16T17:12:30,BRAND2,456.48,kiacack@live.com
0864c2d0-947f-4c91-a0c4-6385539907a7,2021-12-16T17:15:00,BRAND2,392.50,"""ldbgadk begaljg"" <ldbgadk@gmail.com>"
0dab132e-32bb-4b8e-9ce7-2fdca85faf98,2021-12-16T17:15:00,BRAND2,660.02,"""lidfkgd cbichjd"" <lidfkgd@live.com>"
9d48c9b4-b46b-440c-9ab3-3b0284717988,2021-12-16T17:15:50,BRAND1,445.62,baeejgi@live.com
60bbf3a3-4b10-4956-b1ff-1081a79592ef,2021-12-16T17:16:40,BRAND1,103.21,jkllcdb@gmail.com
9f2849d7-f4cc-4c71-b53d-deaab1ae12a7,2021-12-16T17:18:20,BRAND2,781.58,afjijcg@gmail.com
655e4355-52b6-493c-aee2-ebcc9662edce,2021-12-16T17:18:20,BRAND2,761.42,"""lfdhkca fjlilci"" <lfdhkca@yahoo.com>"
6b77cb84-62e8-430a-8385-e584b07ad04d,2021-12-16T17:19:10,BRAND5,$15.15,"""glbeeij kjebddj"" <glbeeij@gmail.com>"
650e41c3-ccaa-4a0a-98a4-0cf60e3a95b4,2021-12-16T17:20:00,BRAND2,713.22,"""kldeagc hkkjhlk"" <kldeagc@gmail.com>"
5fde3359-3752-4548-a56f-568388c09623,2021-12-16T17:20:00,BRAND4,749.28,"""gdfbifk dfckiga"" <gdfbifk@gmail.com>"
7050353e-aadf-4dc1-b9b7-fa674c5a7898,2021-12-16T17:20:50,BRAND2,544.55,"""cffbigh jhdaeal"" <cffbigh@gmail.com>"
c810a043-a094-4143-a271-3ca78a043a2c,2021-12-16T17:20:50,BRAND2,2.10,bfhhlld@gmail.com
85bb9276-4819-4ecd-9937-b266f6754fd8,2021-12-16T17:21:40,BRAND2,475.79,dhbkcle@gmail.com
f0880c71-dde4-457d-b461-365b5e67f0e4,2021-12-16T17:21:40,BRAND2,471.97,jdfkbik@gmail.com
f8fdc3ff-d21d-4a30-a171-5d4998639790,2021-12-16T17:22:30,BRAND1,719.39,eddaaee@gmail.com
6a75acb9-0fb0-480c-8980-21f4d25cd731,2021-12-16T17:23:20,BRAND4,594.73,kjcaked@gmail.com
05771514-a55e-4330-b6de-fb10f7de7180,2021-12-16T17:23:20,BRAND2,469.38,"""ikkglef jkelifl"" <ikkglef@yahoo.com>"
506763fc-a559-4933-a235-b4232ebc578a,2021-12-16T17:24:10,BRAND2,927.45,jfcjdkh@appple.com
23d31f76-b7f1-4c5b-bf14-12396bcbd1ea,2021-12-16T17:24:10,BRAND2,253.48,dfgcgib@live.com
f7240d7a-531a-4887-ad71-07cf085d9bce,2021-12-16T17:25:00,BRAND4,796.12,"""bdhbieb ebllkhl"" <bdhbieb@live.com>"
4eebe2c7-20d4-482e-b76f-f491f8be3f3a,2021-12-16T17:25:00,BRAND2,473.62,ajehedc@gmail.com
95ba40ea-57f9-4bc2-9080-42d52afb1970,2021-12-16T17:25:50,BRAND1,347.64,dgfkfke@appple.com
213eddac-690c-41d0-b100-06c550142f8e,2021-12-16T17:26:40,BRAND5,685.79,kcdcggg@gmail.com
989e7446-fe83-4a6f-9173-30c3b008f030,2021-12-16T17:27:30,BRAND5,421.73,lahkacb@appple.com
c0406f09-1d95-468c-adc9-ce7af0c67df6,2021-12-16T17:28:20,BRAND2,454.13,agadibf@appple.com
135d4d0c-da1b-4714-ae62-b8abc994b0fd,2021-12-16T17:29:10,BRAND2,331.14,debgchg@gmail.com
1365ef89-5dcb-4b56-81be-c511f1edeafe,2021-12-16T17:29:10,BRAND5,617.48,kcehlgf@live.com
79302850-0752-4bfd-a3d3-464baa3b8632,2021-12-16T17:31:40,BRAND3,926.38,"""gkcfkga kfjhlde"" <gkcfkga@yahoo.com>"
7842df3f-e2aa-406d-a837-500d5de8dc66,2021-12-16T17:31:40,BRAND2,94.99,"""adbagaf agfjgei"" <adbagaf@appple.com>"
0982a074-eeda-4b17-beb8-53ae9bdac967,2021-12-16T17:34:10,BRAND5,408.03,fjihalf@appple.com
40c2d988-319d-49d9-8cbc-366d00b7f3d7,2021-12-16T17:34:10,BRAND5,929.16,jahlefd@gmail.com
0e06f1b8-ee66-4ec5-86fd-002d0edca39c,2021-12-16T17:35:00,BRAND2,773.06,"""hihiacf lihihij"" <hihiacf@gmail.com>"
260ad00f-e81f-4a04-be36-d65302b8aa5f,2021-12-16T17:35:00,BRAND1,119.51,aaadajl@gmail.com
8d2b1d17-de6e-46d7-878d-8115b55c458a,2021-12-16T17:35:50,BRAND1,2.63,"""ebehbkh lagflal"" <ebehbkh@appple.com>"
6ad23d46-c6e8-4718-ad97-96ca9250776e,2021-12-16T17:36:40,BRAND2,332.27,iefdace@appple.com
1338357b-e361-49b6-8a75-890947f4a7b1,2021-12-16T17:36:40,BRAND2,97.27,ibbfkkb@gmail.com
392931f8-9053-4a23-a627-80e69a5dc496,2021-12-16T17:37:30,BRAND5,134.25,"""dkdbghc dilaidd"" <dkdbghc@live.com>"
19866290-e8e7-41e7-94a3-1aea060a8fdf,2021-12-16T17:37:30,BRAND2,391.22,"""aiccgid idjddgk"" <aiccgid@appple.com>"
2010319b-8b42-49d1-b36a-bda9387ac30e,2021-12-16T17:38:20,BRAND2,517.78,"""cejhjkl gfgfjdf"" <cejhjkl@hotmail.com>"
dbfd68ea-2cb3-4bfa-943d-b2819eae4609,2021-12-16T17:41:40,BRAND5,9.66,daafdbf@live.com
0b681290-1bb0-4fe6-b5b0-d978eef4c142,2021-12-16T17:44:10,BRAND5,57.06,dibkkce@gmail.com
d77d1837-a9ae-4909-a73f-d2abac1f5a1c,2021-12-16T17:45:00,BRAND2,608.27,"""ekdhgbj cladlba"" <ekdhgbj@gmail.com>"
e22d0f0a-a1d1-4d90-b621-4f1521ab3e22,2021-12-16T17:45:00,BRAND5,197.49,ehjblff@appple.com
67a2fc1f-04c9-4765-8ac8-af98912bb2a9,2021-12-16T17:46:40,BRAND3,898.81,"""bbehlbj kaiahak"" <bbehlbj@appple.com>"
992b732f-744a-4dbb-a29d-d480012c275f,2021-12-16T17:47:30,BRAND2,941.16,"""bagcbdb hjiiljj"" <bagcbdb@gmail.com>"
724ef4aa-3cd8-4260-b682-baf3987636b9,2021-12-16T17:47:30,BRAND2,907.49,"""cljaicj lglhidk"" <cljaicj@gmail.com>"
34ae4c28-8874-41fa-9d9e-a122bb594e77,2021-12-16T17:48:20,BRAND1,408.75,kabkbgl@gmail.com
863467b8-b78f-427e-92b1-655507c44097,2021-12-16T17:48:20,BRAND2,923.37,gkefcee@live.com
3f091caa-ba8d-4170-90ba-d77f7b3bf568,2021-12-16T17:49:10,BRAND4,538.18,"""kcadiac cdjjkhg"" <kcadiac@gmail.com>"
96e17059-b696-4fb4-879d-0f5d6c60b6b1,2021-12-16T17:50:00,BRAND5,14.60,ekagkak@hotmail.com
00af4c60-2e10-4474-89fe-45cb01eaa2e5,2021-12-16T17:50:00,BRAND2,596.43,"""edeafge bbdllgi"" <edeafge@live.com>"
2495c72f-5e8c-4cc7-9869-1e6f399a7889,2021-12-16T17:50:50,BRAND2,880.75,fljbedj@gmail.com
a2d94dc7-c514-450f-99a4-a292db46f42a,Thu Dec 16 17:51:40 2021,BRAND2,983.95,ailclii@gmail.com
6df4c8fd-8355-497b-8777-592d35569029,2021-12-16T17:52:30,BRAND3,40.10,"""jfhleji dfkekhc"" <jfhleji@gmail.com>"
b68c4642-38c0-4183-a2ed-02138b9ff9d8,2021-12-16T17:53:20,BRAND1,397.90,bachddj@yahoo.com
cd7f3adf-3145-4f89-ba17-f30b5dc82f75,2021-12-16T17:53:20,BRAND5,300.04,laheefe@gmail.com
04d90494-e40f-437d-a590-ba0606b58d21,2021-12-16T17:54:10,BRAND2,47.04,ehlgbdb@gmail.com
5f574f5b-c666-4312-a219-1d69515c5044,2021-12-16T17:55:00,BRAND4,212.17,kilbcfc@appple.com
788f8cc2-cfae-4beb-9e5d-e5f15601cd34,2021-12-16T17:55:50,BRAND5,93.03,fihlcia@gmail.com
e4a9785b-f1f5-4045-adb5-2a86cf85ade8,2021-12-16T17:55:50,BRAND2,550.99,fgeddji@live.com
5e4ed0db-bc3d-4894-8c42-63194b4f53bf,2021-12-16T17:58:20,BRAND2,0.46,"""gkdcedi fjfchii"" <gkdcedi@gmail.com>"
748ea386-16d2-4b16-a892-b473ec50d0a0,2021-12-16T17:58:20,BRAND3,512.87,jkkkbkg@gmail.com
576c38eb-03c8-40f1-a2e4-57c964be8b3f,2021-12-16T17:59:10,BRAND1,843.06,"""ciidafg idbaecf"" <ciidafg@gmail.com>"
440c24bd-9136-4c9c-b1ce-1189ec5b0cc8,2021-12-16T17:59:10,BRAND4,75.85,jiieigl@appple.com
769ad8bf-f2a0-43b8-95db-39fb1bcf8329,2021-12-16T18:02:30,BRAND5,958.10,"""gljiadb iegkjlh"" <gljiadb@live.com>"
62b694df-d582-49a5-bcb1-e067d9a7ab97,2021-12-16T18:04:10,BRAND5,615.48,ljbjbda@yahoo.com
b70b61a8-b85a-43aa-8f53-752cea05b756,2021-12-16T18:05:00,BRAND5,92.99,dflekea@appple.com
b9a2f469-0049-48cc-aeb5-5b8931e915d0,2021-12-16T18:05:00,BRAND2,925.12,hlbbdhg@gmail.com
fa6591a4-7399-4c29-a1cb-4639f65117f8,2021-12-16T18:05:50,BRAND2,517.87,acaidlh@gmail.com
2d7f64b6-3b52-4efe-a477-6e8556916889,2021-12-16T18:06:40,BRAND5,877.76,kbhddfl@gmail.com
159b7a31-4865-45c5-a9d5-e67582b9fd04,2021-12-16T18:06:40,BRAND2,555.11,"""filjgbd cifakcl"" <filjgbd@gmail.com>"
99e28789-7442-4ded-90f0-d3a593e8c272,2021-12-16T18:08:20,BRAND5,87.90,"""jgfbida dciceaa"" <jgfbida@gmail.com>"
137143a4-c3c7-4d8e-9ce7-623ced108fc8,2021-12-16T18:09:10,BRAND1,186.33,"""bhdhbjd ehjgifg"" <bhdhbjd@gmail.com>"
d4f874bc-bf11-4b92-8790-4591fb5e40d1,2021-12-16T18:09:10,BRAND3,749.63,bdkljbb@gmail.com
31faa656-86fd-472a-976c-d44abfe9d42a,2021-12-16T18:10:50,BRAND1,725.21,"""kfhcdig halllcg"" <kfhcdig@gmail.com>"
ece90d99-827c-4d9b-afb4-25ff7685043f,2021-12-16T18:13:20,BRAND2,206.93,iejaefe@gmail.com
bcd051d2-76af-4ff8-bba2-83d68653d476,2021-12-16T18:14:10,BRAND4,289.40,abddfik@live.com
b1a6f276-dc54-40eb-8667-08b870202315,2021-12-16T18:14:10,BRAND1,671.52,haiciei@gmail.com
788e47a9-8a20-4558-8b8b-80d8ce04a31c,2021-12-16T18:16:40,BRAND5,795.88,"""fkliaba kfihjkh"" <fkliaba@gmail.com>"
5f3dbc83-a200-4e07-86ab-e5fd414ef014,2021-12-16T18:17:30,BRAND2,214.59,jbdakkk@appple.com
74a55a64-9d08-4442-aad7-dc3b149abb28,2021-12-16T18:17:30,BRAND3,737.78,ebfgkkj@gmail.com
4e0481f4-edeb-4788-90f4-c8a20ecabe4f,2021-12-16T18:19:10,BRAND5,305.95,hlgcbgl@gmail.com
87e2888e-16fb-4024-b38c-ecd013d6cf1a,2021-12-16T18:20:00,BRAND2,822.33,ahbflfb@hotmail.com
21a24ebe-f818-4284-9def-a4965c8a578b,2021-12-16T18:21:40,BRAND2,709.34,kechljd@gmail.com
ed361b03-6092-4ddd-b337-edf29e4c984d,2021-12-16T18:21:40,BRAND2,902.38,kkiefbf@appple.com
1df7844d-0746-494d-a706-b3e56cc3db4a,2021-12-16T18:22:30,BRAND1,426.87,lahcfec@live.com
82403aeb-0e3d-4a81-84f5-9d248660b7d5,2021-12-16T18:23:20,BRAND2,468.26,"""jhihgga idafhkg"" <jhihgga@appple.com>"
3c1a1dee-3045-49ab-a7f6-2729712163e2,2021-12-16T18:25:00,BRAND1,671.73,"""kllhelf geklgca"" <kllhelf@gmail.com>"
f5c09750-1999-4795-99b2-e2f389460eff,2021-12-16T18:25:00,BRAND1,152.31,"""keclifl jclajlg"" <keclifl@gmail.com>"
8b21c03b-6626-450d-98da-437d2b5939e7,2021-12-16T18:25:50,BRAND5,288.32,dcljegi@gmail.com
36e1ffaf-d1fb-4dbe-a635-2c4140b75dc3,2021-12-16T18:27:30,BRAND2,71.94,ggfhkha@appple.com
37c28b53-642c-4acc-a54c-9418cf0ccc69,2021-12-16T18:27:30,BRAND5,293.64,"""ikhfgaj dkjahah"" <ikhfgaj@live.com>"
2008f3c2-b2da-4b4d-b7af-f3c64a0c66df,2021-12-16T18:28:20,BRAND2,124.86,lhfjflc@live.com
650d159c-8593-4faa-afe6-8050f0f85fd5,2021-12-16T18:28:20,BRAND2,695.10,llbcicb@gmail.com
b4f87e69-b86e-44b7-a483-057932c77420,2021-12-16T18:30:00,BRAND5,823.29,filakel@gmail.com
f1658cf2-3793-4829-b973-c0a808bafff9,2021-12-16T18:31:40,BRAND1,321.70,ccjhfga@gmail.com
0a0b459f-24fc-47ca-ab01-dc8d6c60d1bb,2021-12-16T18:31:40,BRAND5,434.12,"""kfkbjcd cbfeclg"" <kfkbjcd@gmail.com>"
8f494fb7-6150-4e22-ba27-e7698d03c873,2021-12-16T18:33:20,BRAND5,18.71,ejbhbbd@gmail.com
6ddbff57-715f-4bf8-9532-7918af631c67,2021-12-16T18:33:20,BRAND2,660.56,ekaicjh@gmail.com
fb66e024-f69e-43e2-b564-f5c2dd87b38a,2021-12-16T18:34:10,BRAND1,713.46,egicefa@live.com
71c20ad4-5137-4480-b95d-a6c1cf176b0a,2021-12-16T18:34:10,BRAND5,70.71,"""illblbj egfaffj"" <illblbj@live.com>"
2f9268d6-9eba-40f2-ab4c-859a3dd21a95,2021-12-16T18:35:00,BRAND2,942.84,ddjgeab@gmail.com
a90be39b-ebf6-48b5-89e1-c57e918fec37,2021-12-16T18:38:20,BRAND4,625.30,"""jfjcfdl cfhiiga"" <jfjcfdl@gmail.com>"
460418c9-25c6-4984-95f7-ff91cacaf437,2021-12-16T18:38:20,BRAND1,72.53,bgegcif@appple.com
9705b540-debf-46c4-9689-863996627ef4,2021-12-16T18:40:50,BRAND2,119.23,"""fgkacjh ifldafb"" <fgkacjh@yahoo.com>"
3de6ac00-3d35-4686-a3b2-592ee40e49eb,2021-12-16T18:41:40,BRAND2,$652.10,cdjhgjd@hotmail.com
c8651b55-05d6-4346-8e7b-98f292d4933e,2021-12-16T18:42:30,BRAND2,830.38,"""lldbcaa akcdhik"" <lldbcaa@gmail.com>"
11141399-3ceb-4586-ad65-ef3e39f999f9,2021-12-16T18:44:10,BRAND2,304.49,lefggcd@gmail.com
06e147c9-deb1-490d-aca4-c756b3ac73ad,2021-12-16T18:45:00,BRAND2,702.78,"""lkljbaj iadbjkf"" <lkljbaj@gmail.com>"
2f5e11eb-baf0-4e60-9666-3d69e6bac2b2,2021-12-16T18:45:00,BRAND2,733.03,hlceckd@appple.com
02151c0c-11cd-4c09-b0dd-467dff550ca4,2021-12-16T18:45:50,BRAND2,395.00,"""hlibkcd jibklel"" <hlibkcd@gmail.com>"
b5d05446-0671-492c-ace9-f0ee7dba7a6f,2021-12-16T18:45:50,BRAND2,256.77,ghlhjcf@gmail.com
b6b537fa-81bb-4100-9707-fccb843081a8,2021-12-16T18:46:40,BRAND2,55.08,dldledf@gmail.com
d6da1462-3868-4892-b685-971159548606,2021-12-16T18:47:30,BRAND1,103.23,"""hbdgibd gajfceh"" <hbdgibd@live.com>"
d1cb5b9f-4272-4d22-8fc6-7638891ccf73,2021-12-16T18:48:20,BRAND5,546.50,"""kckleef ghkakgk"" <kckleef@appple.com>"
d86a1f62-aa9c-4df6-a032-d890014435f2,2021-12-16T18:48:20,BRAND1,56.90,"""giaccfa dfdkdfa"" <giaccfa@gmail.com>"
694daa50-5a57-4a17-b8dd-8cd18ca46747,2021-12-16T18:49:10,BRAND2,606.79,"""ajfkilh hibeeai"" <ajfkilh@live.com>"
f621ae20-8774-46c1-8faf-3425b09829e1,2021-12-16T18:49:10,BRAND3,333.84,"""lbafjeb lchkdea"" <lbafjeb@yahoo.com>"
91600b07-af56-4004-854b-c357d6ae508e,2021-12-16T18:50:00,BRAND5,578.93,jgbkibe@yahoo.com
f8f272d7-f600-4f86-9de0-c1d0070258a5,2021-12-16T18:50:00,BRAND5,55.42,"""dbjcfjj ebhaaid"" <dbjcfjj@gmail.com>"
1c190d4b-669f-4e3d-9edc-b86fbc912064,2021-12-16T18:50:50,BRAND5,359.65,dadjcdc@appple.com
0ff33112-549b-4582-ab0f-def44efdf5f1,2021-12-16T18:51:40,BRAND5,672.30,"""hchblle hhihece"" <hchblle@live.com>"
e255541c-2301-4f0a-b102-fae3ce6f3d3f,2021-12-16T18:52:30,BRAND5,976.06,aiehgkf@appple.com
b0f408c0-636e-4a94-aaff-730abac20460,2021-12-16T18:52:30,BRAND2,95.22,hjggbkd@appple.com
0bfea494-c3a6-472d-8351-5e95209428be,2021-12-16T18:53:20,BRAND2,173.12,"""bcjjabg bhlaffk"" <bcjjabg@appple.com>"
23daa207-3195-41c2-be4e-956c10049b19,2021-12-16T18:53:20,BRAND2,815.68,"""eifiggk ehcaifi"" <eifiggk@live.com>"
1a4672eb-69d1-41ef-a138-e5557c3a8a6d,2021-12-16T18:54:10,BRAND1,738.08,"""faafdek elebfdg"" <faafdek@gmail.com>"
7e1e3d5c-20fd-49d9-b458-4c4367dc266c,2021-12-16T18:55:00,BRAND5,840.60,eefaick@live.com
ecc6db55-1978-452b-b321-e9c9aab7d106,2021-12-16T18:55:00,BRAND1,117.32,llkgifc@live.com
7c904e65-9c0d-4f6f-afa5-5316e562fa53,2021-12-16T18:55:50,BRAND2,131.35,"""hiclejf bkklbke"" <hiclejf@gmail.com>"
c1774f73-5748-482a-8333-75848d8ef2d6,2021-12-16T18:55:50,BRAND1,948.93,"""kgdejlc glhgehi"" <kgdejlc@live.com>"
4184872e-6caf-442e-940c-69aff7087cd4,Thu Dec 16 18:56:40 2021,BRAND5,125.04,jcdedbi@yahoo.com
ef2ec796-e4c5-4b91-be7d-9812072fbfc1,2021-12-16T18:56:40,BRAND5,317.11,kbijjkk@gmail.com
74199dc4-df1f-4f94-bf57-8536ea318c1a,2021-12-16T18:57:30,BRAND4,904.65,"""jhhkjag gjeajlg"" <jhhkjag@gmail.com>"
b1db8203-e4c8-4bc1-bce4-51f3033905ed,2021-12-16T18:58:20,BRAND5,498.92,"""ibhjkfa fhhabja"" <ibhjkfa@yahoo.com>"
dabe6992-b446-438a-a9af-177bad38f6c2,2021-12-16T18:59:10,BRAND5,237.60,akjcaaf@gmail.com
6c322f68-b4d7-4e2e-8c6b-91556d0102a0,2021-12-16T19:00:00,BRAND5,242.02,bkkdaaa@appple.com
b482d5f1-015a-499e-9efb-7399a1c2284a,2021-12-16T19:00:50,BRAND2,181.06,ehblhhk@gmail.com
38c653b6-a3eb-46fc-8ea8-412c3530bfc4,2021-12-16T19:03:20,BRAND5,918.45,fbdhkeg@gmail.com
121a2b4a-af4b-4adb-87d0-fd184c4a65b6,2021-12-16T19:03:20,BRAND4,14.85,acbjdll@live.com
a54613da-c238-4d52-9ef1-3bb6cc10b400,2021-12-16T19:04:10,BRAND3,635.15,"""hlkghdf jgbeeie"" <hlkghdf@appple.com>"
da584050-ce2e-42e5-b481-7a2855efc91f,2021-12-16T19:05:00,BRAND2,919.25,bbedefh@gmail.com
8df45525-73d0-4842-8045-4de605c37fd6,2021-12-16T19:05:50,BRAND5,98.56,aggehfd@gmail.com
c136c8d5-546b-4fc5-959f-5aaa0af8a18e,2021-12-16T19:06:40,BRAND1,897.86,kbgijeb@gmail.com
38505b2b-2735-4551-9868-012a351e1904,2021-12-16T19:07:30,BRAND2,794.00,cgjebej@live.com
4cb13849-d2f8-4882-89e5-5b75469bc14a,2021-12-16T19:10:00,BRAND1,631.12,lcfbghj@appple.com
5d78ec6e-2493-4f3a-a2c8-1450cd4b852b,2021-12-16T19:10:00,BRAND5,706.73,afjcbdh@gmail.com
43ddda9e-1034-49be-85e0-43c4fee201ac,2021-12-16T19:10:50,BRAND5,382.06,"""hfbbhfk kbiglhb"" <hfbbhfk@appple.com>"
39b10c59-33b8-448c-b02f-90b3fcd6d82a,2021-12-16T19:14:10,BRAND4,459.08,"""igfffci kkckhgd"" <igfffci@gmail.com>"
0eb2217c-39e5-4973-b1d8-29bb2097e8c7,2021-12-16T19:15:00,BRAND2,462.95,eleadaf@gmail.com
e4386e9d-2d76-4ee2-8b31-6911b698a9d0,2021-12-16T19:15:00,BRAND2,402.40,ddlaijk@appple.com
e8ddd48e-2730-4146-8019-64c7ee2d3d47,2021-12-16T19:15:50,BRAND2,732.90,ahacfcl@gmail.com
34052f99-a0f1-4a88-835c-45e637b1c999,2021-12-16T19:16:40,BRAND2,336.42,"""jbbdieb kfcedak"" <jbbdieb@gmail.com>"
ade30cb6-6936-4fc0-a148-75493e154496,2021-12-16T19:17:30,BRAND5,$870.85,glcihki@gmail.com
691892ba-c230-4473-8ac1-1ec09afa04a6,2021-12-16T19:17:30,BRAND4,195.83,hgdclgc@live.com
c92ca6ba-e2b9-4718-8377-cf6cb6c91c8a,2021-12-16T19:18:20,BRAND2,16.75,ebafcej@live.com
3b539e4c-7c5c-49ad-9747-25e0ef9421ac,2021-12-16T19:19:10,BRAND5,628.27,"""edhefha dhbckie"" <edhefha@live.com>"
d286b450-5629-4b88-bbe3-5d451503bdf9,2021-12-16T19:20:00,BRAND2,145.32,bidihhf@gmail.com
f5685cc1-cb1d-4804-bc73-5823a3645c7f,2021-12-16T19:20:00,BRAND2,347.08,ldgfaaf@gmail.com
18a1fa35-85ea-419f-ab32-91034dc5e73a,2021-12-16T19:21:40,BRAND2,677.84,khhhjjg@gmail.com
16b33336-0b3a-4f47-99c7-7e10bb35af75,2021-12-16T19:21:40,BRAND1,238.61,lcbdkkg@gmail.com
18f75c1c-082d-4e22-90e2-f8e65b40cccc,2021-12-16T19:23:20,BRAND4,413.75,akkfgie@appple.com
0c272fc9-f47c-464e-9e66-4692754faee5,2021-12-16T19:23:20,BRAND2,668.09,hfbilgh@gmail.com
a332b6b6-0104-4dd9-91ca-c93852b5a330,2021-12-16T19:24:10,BRAND3,164.06,khifide@gmail.com
e3024518-d8e2-4592-9930-48f8726289f7,2021-12-16T19:25:50,BRAND2,621.04,"""chlkede dhehlld"" <chlkede@appple.com>"
0f61d64e-4c90-4561-9595-d8e54b6d55f9,2021-12-16T19:26:40,BRAND5,229.16,"""fkkgjjk fjigdfk"" <fkkgjjk@gmail.com>"
01026fb6-82c6-4c31-91f1-5d0b9a6f1d05,2021-12-16T19:26:40,BRAND2,791.69,"""caekkeg gbbdkjk"" <caekkeg@gmail.com>"
c0cec0b7-7dd1-4a2d-96fd-03f07c972b39,2021-12-16T19:28:20,BRAND4,544.93,kckcclc@appple.com
cec5159e-a328-4f4a-ae20-7881708b6730,2021-12-16T19:28:20,BRAND2,275.22,"""ibehkdc igafkfe"" <ibehkdc@gmail.com>"
97592af2-381f-460a-9bba-7bb3c0cb9463,2021-12-16T19:29:10,BRAND2,787.65,eckbhfa@gmail.com
38271db9-62e9-4f10-b807-bb35229c1f4e,Thu Dec 16 19:29:10 2021,BRAND2,$597.77,lleffjj@appple.com
25bff1e5-1f8d-41b2-9bb3-42761e8f9dfd,2021-12-16T19:31:40,BRAND3,32.97,bijkljf@appple.com
0cdbc05f-5c0b-4f72-9fb6-cb556c68de14,2021-12-16T19:31:40,BRAND2,334.54,gifkaid@gmail.com
c04101b6-5815-4607-b309-cd914343afce,2021-12-16T19:34:10,BRAND4,195.35,"""jlgagcb egiblii"" <jlgagcb@appple.com>"
66009d6c-d955-4bd9-8777-799cbe202880,2021-12-16T19:34:10,BRAND2,478.01,"""lajidbj bdleacf"" <lajidbj@appple.com>"
b0053be6-b75c-4117-84c7-c87a326afc23,2021-12-16T19:35:50,BRAND2,610.11,"""hcdjked jfgdlia"" <hcdjked@gmail.com>"
e6caa08d-6cb2-4d1d-89b5-0f2aabbceeab,2021-12-16T19:35:50,BRAND2,277.84,fdbgjig@appple.com
529f34b1-03d3-4504-b2e5-5b3be90687b6,2021-12-16T19:36:40,BRAND1,803.93,ifklkjj@gmail.com
513af5d0-3b63-4a05-a492-d3e06fe6c0af,2021-12-16T19:36:40,BRAND2,459.81,"""jjbieca febgjif"" <jjbieca@gmail.com>"
f8782fb1-cf60-4cc3-a40b-aa8125bf0dbd,2021-12-16T19:37:30,BRAND2,602.41,fcjiikk@appple.com
525924a3-9aca-43ab-b22e-259c345d4a7b,2021-12-16T19:37:30,BRAND5,725.90,"""jeddahc hekgkil"" <jeddahc@appple.com>"
6de939f4-6d72-478b-88e6-5905d0d38590,2021-12-16T19:39:10,BRAND2,150.91,"""hjabgcc adfjelh"" <hjabgcc@gmail.com>"
3946ef3c-a9f9-48ac-a1c8-49778c92f95e,2021-12-16T19:40:00,BRAND5,739.77,"""jlkaele jbgkkbe"" <jlkaele@gmail.com>"
63ef517d-7d0c-44b6-b68f-266f976879c6,2021-12-16T19:40:50,BRAND2,998.39,"""lbcdfcl kjgbjck"" <lbcdfcl@gmail.com>"
b1477f4f-b8fc-4959-a7f1-7eba169ab06b,2021-12-16T19:41:40,BRAND2,460.80,"""ghgiejh dbhgikk"" <ghgiejh@live.com>"
acb7f1e8-f162-49fd-92a2-adf7aea37755,2021-12-16T19:41:40,BRAND2,540.46,"""bjikdab ahadkek"" <bjikdab@live.com>"
68f2ee87-1fdf-45d3-9d4d-e92f2d89f77f,2021-12-16T19:42:30,BRAND2,431.55,"""ieaekdf kcddfkf"" <ieaekdf@appple.com>"
86436327-fee1-4382-a822-1455cd14d427,2021-12-16T19:42:30,BRAND2,837.51,"""jdcdcll gcjjefd"" <jdcdcll@live.com>"
8b8ea6c7-716c-4bdc-999b-bf1b9616f787,2021-12-16T19:44:10,BRAND2,977.07,dlciljk@appple.com
0f516a32-9a39-498d-9a43-8147b1bc43ea,Thu Dec 16 19:44:10 2021,BRAND1,956.30,"""kfgdflc hjbfihl"" <kfgdflc@hotmail.com>"
7d98f429-0d96-4dd6-b8de-511c4108c244,2021-12-16T19:45:00,BRAND5,582.70,bldlica@live.com
29a3bbd6-32ba-40a0-8f16-6ddd0b0dbc50,Thu Dec 16 19:45:00 2021,BRAND2,540.88,gbgkibi@gmail.com
491bbf47-4299-48e6-a6bc-708778bdac96,2021-12-16T19:45:50,BRAND2,136.46,ecbeaba@gmail.com
4423329f-4a60-4d05-bb3c-11047b9f8f48,2021-12-16T19:46:40,BRAND2,868.21,"""kehedjh kkkdbci"" <kehedjh@appple.com>"
83132105-87f9-4bd8-a3c7-fcbb51b0aabc,2021-12-16T19:46:40,BRAND2,964.26,cekaile@gmail.com
086bd724-3c00-4c3b-8c16-b0d04814af1f,2021-12-16T19:48:20,BRAND5,69.91,jbeebia@appple.com
6b3863a5-185a-41bf-b560-4cb42f72ad3d,2021-12-16T19:49:10,BRAND5,547.91,"""behlghf kcbgbfi"" <behlghf@gmail.com>"
854441ae-ce5c-4041-8665-cc8468945ad9,2021-12-16T19:49:10,BRAND2,125.58,kibkgaj@gmail.com
e0c6e0fc-2bb7-4f8c-a1e8-db9fd65bc1ac,2021-12-16T19:50:00,BRAND4,94.06,kjgialk@live.com
95381c83-6956-4436-a16b-26b84de6c151,2021-12-16T19:50:50,BRAND2,351.13,"""jgfgjlf iakilba"" <jgfgjlf@hotmail.com>"
bfe6014e-703a-4d34-a8fd-53e1e13ac6c3,2021-12-16T19:51:40,BRAND2,902.82,"""blkdhjd cclccad"" <blkdhjd@live.com>"
9f0b6090-6c93-472e-97d4-39946ba03644,2021-12-16T19:52:30,BRAND2,681.59,febgalk@gmail.com
c00d43e2-fa0f-4f34-a35b-99b7705ff66a,2021-12-16T19:53:20,BRAND2,974.43,ecdhjkf@gmail.com
2b99a3e0-3e38-48fa-9aa9-81e51f6e8b90,2021-12-16T19:53:20,BRAND2,82.75,fgehdfd@gmail.com
dc5d50f8-30b5-4c4e-9daf-223c3c5d0753,2021-12-16T19:54:10,BRAND2,588.02,hbhciik@appple.com
f6db69de-4b5d-4c3c-9e76-e9a178a8ca0a,2021-12-16T19:55:00,BRAND4,395.85,chalgba@gmail.com
cfa69f3c-3842-4024-8992-d3b3230e4e4f,2021-12-16T19:57:30,BRAND3,537.29,ehddkbb@gmail.com
f32f3302-8e9b-4503-8469-d2f12ab66fbe,2021-12-16T19:57:30,BRAND2,604.39,cbjlcih@live.com
cc8470cb-8196-46ec-8e54-a3b6c2e1b2dd,2021-12-16T20:00:00,BRAND2,550.10,caejbdg@gmail.com
c05b368a-79d3-4ccd-a50c-0431ab42e2f7,2021-12-16T20:00:00,BRAND2,$962.18,"""jcjedcl lbkdgeg"" <jcjedcl@gmail.com>"
f607aa6c-d123-4ee7-910b-fa685e5de125,2021-12-16T20:01:40,BRAND2,254.13,"""bkeabci ghkldgg"" <bkeabci@live.com>"
bcfd9c3e-adf9-4ab4-915b-5815789003dc,2021-12-16T20:02:30,BRAND2,424.74,"""ijehdib gbalfhk"" <ijehdib@gmail.com>"
6347385e-95b8-4987-baf0-9428fbbf21d9,2021-12-16T20:03:20,BRAND2,5.29,cgbehgk@gmail.com
7bf20be3-c933-4b7b-92b8-ab6b52315795,2021-12-16T20:03:20,BRAND2,336.13,"""cdfaggb hbliigg"" <cdfaggb@yahoo.com>"
fd5bc4f2-9a38-4cc9-99d4-8029453badd6,2021-12-16T20:04:10,BRAND5,833.66,cfjcjgc@gmail.com
80de82ee-99b0-43b3-93dd-709aec852a2b,2021-12-16T20:05:50,BRAND4,285.88,"""elilfdf alifcag"" <elilfdf@gmail.com>"
b0aaf05a-1f96-4b40-8742-6adb23cd62ed,2021-12-16T20:06:40,BRAND2,580.25,jakadcg@gmail.com
7226892a-2ad3-41ee-8837-e286790744db,2021-12-16T20:06:40,BRAND2,765.04,aecdbfl@gmail.com
bb28045f-4b6b-4496-9c0e-632e486eb4d4,2021-12-16T20:07:30,BRAND2,351.01,idbfajh@appple.com
5f8ca9d7-dc7e-4c26-a3fe-fa4fa9ec051d,2021-12-16T20:07:30,BRAND2,959.66,gdjlceh@gmail.com
28e9e77e-5deb-44ed-8d9a-9f989493033c,Thu Dec 16 20:09:10 2021,BRAND2,58.13,caihlck@gmail.com
d7277d8e-e909-44de-84ed-04255843c4e0,2021-12-16T20:11:40,BRAND2,654.75,"""eglekdc bjggail"" <eglekdc@appple.com>"
bf8675b6-5173-4646-b87c-121a489ca607,2021-12-16T20:11:40,BRAND2,681.19,eifbccf@gmail.com
135a2810-0a4f-40fd-9843-f5b6c2d4e06e,2021-12-16T20:12:30,BRAND1,279.78,jcdjgaf@gmail.com
aee69631-ffb6-4e84-b6e9-bfcc306f4506,2021-12-16T20:14:10,BRAND2,388.74,biejejf@gmail.com
8c0ad50d-5aeb-4102-8323-37807972bbc9,2021-12-16T20:15:50,BRAND2,593.32,ceigelk@gmail.com
6c6c06cd-3c88-4440-bc5e-5dea19bf912d,2021-12-16T20:18:20,BRAND2,533.63,kbcfafi@gmail.com
fe7d335a-b6ae-4961-a6d6-f5097b6f9a79,2021-12-16T20:19:10,BRAND5,427.36,"""hhbgbcl bgadfdh"" <hhbgbcl@gmail.com>"
6aaffd94-fca4-4dd7-8e22-c3e1f4fa2d9b,2021-12-16T20:19:10,BRAND2,647.85,dalfjeg@gmail.com
e827b63d-4c5d-4872-8db7-1d7455b5117d,2021-12-16T20:20:50,BRAND2,84.18,lakgfdf@appple.com
48b194a5-ada7-489a-9716-3afbf620a2b8,2021-12-16T20:20:50,BRAND1,425.47,adejidl@gmail.com
61e2f814-3d90-4cda-82d5-98e792566eae,2021-12-16T20:22:30,BRAND2,46.62,"""becbldf ckcieka"" <becbldf@gmail.com>"
fae7bd67-9181-455e-8aa5-da4deff1a469,2021-12-16T20:22:30,BRAND2,447.21,"""ikabhgg ehiajgb"" <ikabhgg@gmail.com>"
9ceeabe1-6352-4f48-aad9-5b116b817022,2021-12-16T20:23:20,BRAND2,883.18,fkadfic@appple.com
d8436d80-88e9-497f-ba16-8995a8967c1b,2021-12-16T20:23:20,BRAND2,237.85,cfgakdc@gmail.com
f7f99ca0-2d84-4746-b027-420f1fb68a6f,2021-12-16T20:25:50,BRAND2,310.19,"""hkllcfl jjlkgef"" <hkllcfl@yahoo.com>"
c5e5f1a0-9b0a-4d1a-886d-779a4cbb3aa6,2021-12-16T20:26:40,BRAND2,275.59,leecfkc@gmail.com
25f263f0-b54f-4a0f-8887-2830fb7c4582,2021-12-16T20:26:40,BRAND2,844.32,bhghaaf@live.com
0f04f0df-58fd-48e3-802a-6569d25ef685,2021-12-16T20:27:30,BRAND2,603.33,"""dhijdjl hhfakhj"" <dhijdjl@appple.com>"
2c6a83fb-1308-4a13-b97a-ace70f5257bb,2021-12-16T20:28:20,BRAND5,246.94,ijfhckh@gmail.com
0ad65a56-5806-4e54-9d92-b2dfddd65ea5,Thu Dec 16 20:30:00 2021,BRAND2,960.91,"""aghckhg ghhhibi"" <aghckhg@yahoo.com>"
25328cad-70c3-4b8c-bfa4-86c8dcb364cc,2021-12-16T20:30:00,BRAND5,44.51,"""kggfdij ihagfib"" <kggfdij@gmail.com>"
1ef2e485-6744-4278-a0b6-3cd965de312d,2021-12-16T20:30:50,BRAND3,253.35,fchllkl@live.com
00a5e78b-8a0e-44ee-aaad-ef83e6bdc12c,2021-12-16T20:30:50,BRAND4,806.31,ajihaig@gmail.com
642d4730-677b-41c9-8c0f-5e2e8db54e2d,2021-12-16T20:33:20,BRAND5,397.42,"""gllihga bldijje"" <gllihga@appple.com>"
3ad6381a-c167-4283-868f-2261bf47287d,2021-12-16T20:33:20,BRAND2,542.43,"""biaieej jaklalj"" <biaieej@gmail.com>"
9ff6bacf-dfa8-48d4-80ea-b10a932d25b7,2021-12-16T20:34:10,BRAND2,941.06,cllcdeb@appple.com
20b00400-e435-4ba6-9617-80574f653e12,2021-12-16T20:35:00,BRAND2,511.98,ekhffea@gmail.com
01b1451f-625b-404a-a33f-d5a8ad72016e,2021-12-16T20:35:50,BRAND5,592.08,"""ahkgfcf chliljh"" <ahkgfcf@appple.com>"
ef484cf5-b225-4a82-b750-0c20d20c5a3c,2021-12-16T20:36:40,BRAND3,533.70,hjijdbk@appple.com
50c9d525-3cf0-45e4-88c1-34957c13a272,2021-12-16T20:36:40,BRAND1,618.66,"""lcbhfag dcclchj"" <lcbhfag@appple.com>"
2c609c38-976c-4722-b9ab-960e335f52fc,2021-12-16T20:40:00,BRAND2,378.22,ecfjhee@gmail.com
dca617fa-d0fc-4573-9614-02be34c55c65,2021-12-16T20:40:50,BRAND4,353.84,jjjbfji@gmail.com
06c08ec5-c603-4c33-8497-556229bd825f,2021-12-16T20:41:40,BRAND5,869.56,jikeafc@hotmail.com
e477e550-aef6-4e5f-a5dd-946f46ac8739,2021-12-16T20:41:40,BRAND3,95.49,"""hggfghf dhgikdc"" <hggfghf@gmail.com>"
c4c969ac-ec56-41a8-8863-dfe9fd2cf568,2021-12-16T20:44:10,BRAND2,559.47,gbjffgf@appple.com
5c9eef01-1424-4a03-ab85-4c3e3410d430,2021-12-16T20:44:10,BRAND4,950.20,"""jghiadh gjdgfje"" <jghiadh@appple.com>"
b9f69965-6cd8-426a-ae96-0343f50a0608,2021-12-16T20:46:40,BRAND5,333.03,aagbbkj@appple.com
d72c9386-8c58-456a-afa0-7f7e199b9e49,Thu Dec 16 20:47:30 2021,BRAND5,833.59,"""diihcik gdeahfk"" <diihcik@live.com>"
a50279c6-7d4d-4bd6-83de-fb8546e71ba9,2021-12-16T20:50:00,BRAND5,818.59,hlgccck@gmail.com
d8689e02-fa9e-4adf-98c7-602c9df12225,Thu Dec 16 20:51:40 2021,BRAND2,16.75,hcjjgbh@yahoo.com
2b7ecb9b-8014-4e61-a25e-b90f22066f6b,2021-12-16T20:52:30,BRAND2,262.37,"""kjkeggh ahfahkc"" <kjkeggh@gmail.com>"
765b7eab-2539-4c2c-81b7-8d25848a2e22,2021-12-16T20:53:20,BRAND5,727.29,jfikgag@hotmail.com
c3293690-e78c-4845-bbd5-715cbd3319c2,2021-12-16T20:53:20,BRAND1,727.87,gjbejhd@gmail.com
ac6545b2-f2ba-4c92-8a82-de23af94d255,2021-12-16T20:54:10,BRAND2,650.91,afhibfa@appple.com
de9f6f65-5d6c-45cd-a47e-987b31df64b5,2021-12-16T20:57:30,BRAND2,792.33,"""dcjjjel igdcbjh"" <dcjjjel@live.com>"
0ba9e5bc-a660-443e-8c79-0aef7908daa6,2021-12-16T20:58:20,BRAND2,991.33,fgdgffa@gmail.com
ad4f8c19-8f74-45f2-a02d-a04d01f68ab0,2021-12-16T20:59:10,BRAND5,$842.94,deajlie@gmail.com
3c1d3697-4a9b-422f-9dc1-b85dc31c8266,2021-12-16T20:59:10,BRAND2,67.07,hjacjaf@gmail.com
d469a83e-0b30-4e80-8fbb-4823b49ccf86,2021-12-16T21:00:00,BRAND5,310.33,ahikeid@gmail.com
84b1efdf-0c00-4d5d-9dd6-91a8124338be,2021-12-16T21:01:40,BRAND4,197.58,"""kfackgd kadbkkd"" <kfackgd@gmail.com>"
94c36db5-303c-4bc9-9107-add94dfa4d1a,2021-12-16T21:02:30,BRAND1,71.28,aglfcaj@gmail.com
1e7ed1a5-297f-411d-b1df-60660a23b495,2021-12-16T21:04:10,BRAND2,249.64,ahcgcch@gmail.com
ebb2ede5-b701-453e-b1d5-8f3a84e31448,2021-12-16T21:04:10,BRAND1,384.64,"""hbbfalf fjaadlf"" <hbbfalf@yahoo.com>"
63f5d64e-78ee-4c0b-99d3-cab0539c3f07,2021-12-16T21:05:00,BRAND3,124.11,"""dafelcl cflkkab"" <dafelcl@gmail.com>"
b243d717-184a-443b-85ea-045f4d6b8a81,2021-12-16T21:05:00,BRAND2,497.18,lgdakig@appple.com
daf997bb-1e30-44af-8a41-03d1d314f6da,2021-12-16T21:05:50,BRAND1,898.93,flcbkhb@gmail.com
9b5d1a33-d39e-4ffb-9d6a-7955cb7abfe4,2021-12-16T21:07:30,BRAND2,712.85,hlhgilg@appple.com
c62e398c-dc37-40a1-8e29-c78a2b57a1fd,2021-12-16T21:07:30,BRAND2,805.66,ljeaddj@live.com
be3298b3-2901-4d9b-8d17-84fed05fc5ce,2021-12-16T21:10:00,BRAND1,493.89,bebcglf@yahoo.com
f9ce0bdf-529b-49ac-9b65-299d77c9ae3d,2021-12-16T21:10:00,BRAND2,997.92,edbbeli@appple.com
1511ff8e-231a-4f63-9fb5-8811ddca41f8,2021-12-16T21:10:50,BRAND4,412.87,fjghljk@gmail.com
21d07c3c-6ade-40f2-8836-0bb3f09f6d7b,2021-12-16T21:10:50,BRAND3,898.30,"""fjicilh blhfchi"" <fjicilh@yahoo.com>"
ea5c67a7-c2e1-44d1-9b36-a12a54873e41,2021-12-16T21:11:40,BRAND2,895.58,dadiela@yahoo.com
a9bd7a22-1403-4f77-9310-b6f099878460,2021-12-16T21:11:40,BRAND1,153.53,"""agfbgdi kiicfgd"" <agfbgdi@gmail.com>"
6e9a3f22-3d84-4f09-a67b-d2967cfc5c99,Thu Dec 16 21:12:30 2021,BRAND2,493.61,biijiib@gmail.com
acbf39e9-5717-422b-a8e5-fb2233514781,2021-12-16T21:12:30,BRAND2,324.76,"""eebehbg fghlcjg"" <eebehbg@appple.com>"
0d452396-3160-4dab-b1e8-4febd285e785,2021-12-16T21:13:20,BRAND4,896.10,aaackeg@live.com
a9dba238-9245-42b7-8f23-0bcd2c4f41f6,2021-12-16T21:13:20,BRAND2,930.15,"""egealie jhbbgjd"" <egealie@gmail.com>"
d250b7ec-adb7-43dc-9085-e71d322b9f0f,2021-12-16T21:14:10,BRAND2,166.96,"""aijlkgf hlkhdkl"" <aijlkgf@yahoo.com>"
0f8bd1c5-fc71-4f22-b50e-5a4ed6d51cdc,2021-12-16T21:14:10,BRAND2,778.21,cbladle@live.com
7cb38855-6c0c-4653-9a7b-930c5d9c89c0,2021-12-16T21:15:50,BRAND5,779.10,"""kgkjfch didjile"" <kgkjfch@gmail.com>"
db4c1890-f83a-4718-a64a-749551260dd9,2021-12-16T21:16:40,BRAND2,213.44,cffkadf@appple.com
6b6566c1-1b64-4bee-9b94-6852166f5dc3,2021-12-16T21:16:40,BRAND2,386.20,"""hhbhhii gagdbli"" <hhbhhii@live.com>"
988babad-8562-44a4-9152-a4f75ce5d926,2021-12-16T21:17:30,BRAND2,514.21,"""akebfid dedglaj"" <akebfid@live.com>"
9baf425e-7940-4415-9d3c-c6d774f0b406,2021-12-16T21:17:30,BRAND5,69.42,ggdiaaj@appple.com
43f676fd-63e7-472c-be70-d3b59a5df1d0,2021-12-16T21:19:10,BRAND3,117.52,kdgddlj@yahoo.com
82e5beaa-4625-455d-b997-fce050b70013,2021-12-16T21:22:30,BRAND2,286.05,kjlfijk@gmail.com
8826ca95-4cbd-4e52-9055-6005af0121ad,2021-12-16T21:22:30,BRAND1,550.66,hecaejk@live.com
54617873-6dd8-493d-98f9-dece3147a7bf,2021-12-16T21:24:10,BRAND2,797.74,jlabelh@gmail.com
7bdea122-8190-4fb8-808d-67a1e539fe63,2021-12-16T21:24:10,BRAND5,666.14,igchkbh@live.com
a6782735-c30b-4af0-ad8e-e2c341e5766b,2021-12-16T21:26:40,BRAND2,576.90,dhlealj@gmail.com
cad42405-80b2-4cfc-acd5-24588b1e91c0,2021-12-16T21:29:10,BRAND5,115.56,"""fhahjci efigghj"" <fhahjci@live.com>"
ce83a541-017e-426b-b816-7e643e071f4d,2021-12-16T21:29:10,BRAND1,309.16,ekliefj@live.com
0d2e5774-b022-4457-a4f5-66bfb6491b0f,2021-12-16T21:30:00,BRAND5,791.28,"""lleggcb libldce"" <lleggcb@appple.com>"
fb9966aa-ba40-4c09-81de-39e4673c7a1b,2021-12-16T21:30:00,BRAND5,636.80,flbjhbe@gmail.com
b1fa21a6-34be-4a3d-bb28-6729cd48e532,2021-12-16T21:30:50,BRAND2,446.63,"""ffgiach ajeieke"" <ffgiach@gmail.com>"
fb932fc5-33bf-46af-8195-7b20e68bc95b,2021-12-16T21:30:50,BRAND5,536.97,ckhleic@appple.com
c2fbfbd0-5027-4b17-afcb-ac1fb3e85955,2021-12-16T21:32:30,BRAND2,501.49,cdadeja@gmail.com
32f1453d-d1dd-49c0-aa53-3dc8c6a87974,2021-12-16T21:33:20,BRAND2,116.21,"""kagbkeg jjjehjk"" <kagbkeg@appple.com>"
dae8b0f5-55cd-4718-95bc-db3130426df7,2021-12-16T21:34:10,BRAND1,171.76,"""gkdbbcd ikebkdb"" <gkdbbcd@gmail.com>"
0cff4475-67f4-4967-b636-7dcb3802dfde,2021-12-16T21:34:10,BRAND4,473.74,jgecagd@gmail.com
67951c37-486a-49f0-98be-1b3bc6b74226,2021-12-16T21:35:50,BRAND2,873.00,"""djgibdf jjhcjgg"" <djgibdf@gmail.com>"
0498c290-18cc-4a3e-b2aa-8e644b7de767,2021-12-16T21:35:50,BRAND2,234.23,"""jjelbcg ggdaffi"" <jjelbcg@gmail.com>"
c2479443-cc8e-4071-b222-15c2283e2b46,2021-12-16T21:37:30,BRAND2,225.81,acfalli@gmail.com
3e7a480b-4d85-4457-8f0f-1dfdd9af2152,2021-12-16T21:39:10,BRAND4,633.86,kfdbcdd@hotmail.com
6b3eb2b4-abb3-40cd-8c76-f9f3f778eab7,2021-12-16T21:39:10,BRAND1,942.35,"""ecjjbhg chielik"" <ecjjbhg@gmail.com>"
2ca572fb-5508-493c-9039-34dde4b5aa47,2021-12-16T21:40:00,BRAND2,221.45,"""icgilje abbkdka"" <icgilje@gmail.com>"
e144ee70-1c08-4774-bcfa-8cde890b54d4,2021-12-16T21:40:50,BRAND2,187.67,ckdhlll@appple.com
871359e0-a7a5-407c-9e8b-a8ef34e8a76b,2021-12-16T21:41:40,BRAND2,659.18,kjhffgl@appple.com
913a8a67-a710-4a30-891d-b30636558d80,2021-12-16T21:42:30,BRAND2,751.12,iffjkld@gmail.com
02a39edc-00b8-4566-970d-12a20a711934,2021-12-16T21:42:30,BRAND2,648.50,aafdiaf@gmail.com
fc72a826-3d84-4902-acdc-34ef50fa4ab5,2021-12-16T21:44:10,BRAND2,508.65,"""ajhblca igdihdk"" <ajhblca@gmail.com>"
c8d6bd07-513f-4f94-bebb-edd6a23b7e5f,2021-12-16T21:45:50,BRAND2,124.07,cjeffhg@gmail.com
a937c242-3f12-4523-bc7d-e0e97ca66a8b,2021-12-16T21:46:40,BRAND2,331.56,kfeelej@appple.com
6b9ee227-93ef-4864-b1f9-5c495152bfc9,2021-12-16T21:46:40,BRAND2,544.88,"""ehfiaja dggdgel"" <ehfiaja@gmail.com>"
49109f7b-ff3c-4b13-9432-b9d24a0ed875,2021-12-16T21:47:30,BRAND5,741.32,"""bjcjakk fbehkka"" <bjcjakk@gmail.com>"
0f1f8606-41f9-40f5-bf78-f08f249de6e6,2021-12-16T21:47:30,BRAND2,526.10,"""aabhldh bdfbcba"" <aabhldh@live.com>"
adbe6107-70ad-466a-8bda-0d128bc281e2,2021-12-16T21:48:20,BRAND2,867.87,"""gjjlick afbbfal"" <gjjlick@appple.com>"
180b8b98-9775-4e08-bfb7-af4b1dd1dc02,2021-12-16T21:48:20,BRAND2,533.13,"""fhablfg acideeg"" <fhablfg@gmail.com>"
26dd6ae7-81a1-4a86-82f4-25e4335c7faf,2021-12-16T21:49:10,BRAND2,586.56,bbdkgcd@gmail.com
88c62517-0d18-41de-af1d-f937292a9d23,2021-12-16T21:51:40,BRAND2,895.17,dbcbadg@gmail.com
a8ceda24-ef8d-42ec-befe-bbeed7104132,2021-12-16T21:53:20,BRAND2,53.54,"""gbdkccc lcdijbb"" <gbdkccc@gmail.com>"
91719662-b61a-4c4f-85ea-c03cae516cda,2021-12-16T21:54:10,BRAND2,135.93,dcfbgjb@live.com
a262908c-331f-4e68-ab1a-bbdd0323e6bd,2021-12-16T21:55:00,BRAND1,604.64,"""jjgicek kilakll"" <jjgicek@gmail.com>"
ff3ed3c4-bb8f-437f-9ba6-a57a11d4f28e,2021-12-16T21:55:00,BRAND2,578.83,"""hgfdike ebbgake"" <hgfdike@appple.com>"
fe23bb9d-3248-4e67-89b5-1c0b03f2c86d,2021-12-16T21:57:30,BRAND2,569.46,"""lkbcfaj dfigcga"" <lkbcfaj@gmail.com>"
9df63992-e5fb-4e77-a000-98052ab2127e,2021-12-16T21:57:30,BRAND1,803.58,"""cldkiie aijblgi"" <cldkiie@gmail.com>"
af3ba12e-f820-4e7e-ada0-5e794df0c6f3,2021-12-16T21:58:20,BRAND2,447.72,abclckf@yahoo.com
9e8d7780-495e-4968-9892-bca1910c9949,Thu Dec 16 21:58:20 2021,BRAND5,389.83,ehhfije@gmail.com
430e42c9-8575-46e5-b943-1e35cd6e187a,Thu Dec 16 21:59:10 2021,BRAND2,9.46,"""aihfjib lhggdce"" <aihfjib@gmail.com>"
b270baee-321a-41d7-9fd6-0b3ac2ffff6a,2021-12-16T21:59:10,BRAND2,911.14,gjfkdkl@live.com
f7a159ec-d533-4cde-bfee-055ba8484653,2021-12-16T22:00:00,BRAND5,998.26,"""ekhedif jehgjjf"" <ekhedif@gmail.com>"
03640666-1f02-4ba7-9752-a7400944798a,2021-12-16T22:00:50,BRAND5,338.96,dagajil@appple.com
97a67860-cc54-44ab-96c6-4069e220705d,2021-12-16T22:00:50,BRAND5,698.51,"""achjdij keblgdf"" <achjdij@gmail.com>"
7cd588fb-043e-4a14-8d28-879d74458432,2021-12-16T22:01:40,BRAND5,508.88,gdabjlg@live.com
64095138-9fa1-4a45-b1e7-ad0a15ebac27,2021-12-16T22:01:40,BRAND2,85.24,ihgiffh@gmail.com
9d683de3-afd1-4ffb-92ba-2f36c8d65fb6,Thu Dec 16 22:03:20 2021,BRAND5,217.03,hjlllla@gmail.com
0bfaf194-fcf3-4b4c-951f-a299be6ce1e9,2021-12-16T22:03:20,BRAND2,602.29,"""bcgdfbd hbhaelb"" <bcgdfbd@gmail.com>"
98c95788-9bf2-4bb0-9344-3342caf17e01,2021-12-16T22:04:10,BRAND1,617.00,lddcdkk@appple.com
80bdd412-5828-48bd-9173-9c84c3a2da25,2021-12-16T22:06:40,BRAND2,954.14,fhialdi@gmail.com
dd1f1e52-7da4-4011-88aa-6a5c0686ae44,2021-12-16T22:08:20,BRAND2,205.36,llcfajk@appple.com
87354b4b-65f5-4885-8cc5-4a6e6f4bab06,2021-12-16T22:10:00,BRAND2,95.14,"""cjlhaje kgkhhfb"" <cjlhaje@appple.com>"
b0a0ca8f-1ab2-47a8-a9ba-30f1d480f163,2021-12-16T22:10:00,BRAND2,891.56,aflachj@gmail.com
f50a4abf-d044-4484-ba9a-a8b750791619,2021-12-16T22:11:40,BRAND5,951.59,"""gbhhbba bddhbhc"" <gbhhbba@gmail.com>"
3049908f-8e8a-4558-b801-a58a94c4226d,2021-12-16T22:12:30,BRAND4,494.15,klihibk@appple.com
82744f54-9199-4c4b-830e-ca21e6371464,2021-12-16T22:12:30,BRAND1,655.32,"""glildja kaiebdk"" <glildja@live.com>"
94d22e29-e906-4a13-b8dd-4d7274faaf44,2021-12-16T22:13:20,BRAND3,582.55,"""ilidhff lkffjaf"" <ilidhff@gmail.com>"
b6a9875c-1fdd-4421-bf32-1fc408132b0d,2021-12-16T22:14:10,BRAND2,395.77,dfjkaic@gmail.com
0b60d843-d4c5-420c-b968-47161c6fa7d8,2021-12-16T22:14:10,BRAND4,582.42,jgaebek@appple.com
398e93a4-8543-4e1a-b666-d8b2a2b64f2a,2021-12-16T22:15:00,BRAND2,539.68,"""jgcljfb ecljbig"" <jgcljfb@gmail.com>"
29b264aa-5374-4d91-956d-68702eabf93d,2021-12-16T22:15:00,BRAND2,927.50,bhkkidk@gmail.com
91d3f341-f26e-43c6-9091-61276783eddb,2021-12-16T22:15:50,BRAND1,$865.85,dhfffbe@live.com
43c34b59-d52e-4e91-b142-2bb5515cf199,2021-12-16T22:17:30,BRAND2,514.67,lkfjfjj@gmail.com
eff20e93-c8b7-4c5f-9b26-ded67e6ea84f,2021-12-16T22:17:30,BRAND3,172.42,glkgjgk@appple.com
2734bc95-a696-4369-94cf-be04e0a476e0,2021-12-16T22:18:20,BRAND2,630.44,keadljc@gmail.com
63c1c760-7083-4c13-a7db-f9a8a81f4c4c,2021-12-16T22:19:10,BRAND1,588.60,adcdeeg@gmail.com
0227995c-2443-4954-b042-c575b4ef47e8,2021-12-16T22:20:00,BRAND5,431.76,kjjehgk@gmail.com
85361345-9d72-4f78-a681-aa656ca7829e,2021-12-16T22:20:00,BRAND2,267.85,"""bdakdgi jcdadfj"" <bdakdgi@appple.com>"
2951c828-d1ff-4442-845b-d4d75c9a78e6,2021-12-16T22:20:50,BRAND5,868.08,"""agdcgle fclggkj"" <agdcgle@gmail.com>"
3ef55fd6-1a20-426f-81f6-cb1005d6a3d7,2021-12-16T22:22:30,BRAND5,97.48,bjbcijj@gmail.com
ee2a62a8-f254-4414-af91-19a0f8542607,2021-12-16T22:22:30,BRAND5,507.35,"""hlagiik jfacffi"" <hlagiik@live.com>"
563d1d9c-825d-4f7c-b4e0-833fd2d03e34,2021-12-16T22:23:20,BRAND2,845.76,lbjidbe@gmail.com
83e655de-1fff-4a76-8c08-511f94073945,2021-12-16T22:25:00,BRAND2,898.94,"""ilbdafk ialldal"" <ilbdafk@live.com>"
553ebd4d-d554-4160-a761-9bb19b192b78,Thu Dec 16 22:25:00 2021,BRAND5,219.30,"""dbcacjg dkgekcc"" <dbcacjg@gmail.com>"
5a60126e-c930-4164-a8ed-db7dab539229,2021-12-16T22:25:50,BRAND5,499.24,gdeaglj@gmail.com
b8e4cf74-88a2-40a5-aa59-5dfcc5f132c5,2021-12-16T22:26:40,BRAND1,482.96,ljickdj@live.com
7230d7ab-9835-4928-b6e6-42d2499c717a,2021-12-16T22:26:40,BRAND5,736.58,"""kkdgaje klfheaj"" <kkdgaje@live.com>"
10d59f2f-7ca6-4da8-a485-0fcd3bfe4513,2021-12-16T22:27:30,BRAND2,390.37,"""fkgdbie dldgbdb"" <fkgdbie@gmail.com>"
37098529-53b5-45bb-a211-b8cf434d3170,2021-12-16T22:27:30,BRAND1,882.62,cfhhgge@gmail.com
89580f59-dd6d-49a4-9e60-7fcb101d06bc,2021-12-16T22:28:20,BRAND2,313.84,"""ehgeljl ebiaecc"" <ehgeljl@gmail.com>"
ecc80efd-fa4c-4010-b000-d30d719051fd,2021-12-16T22:28:20,BRAND2,335.13,ljjbfhc@gmail.com
8e545a70-18a0-4f55-9fca-9162801b33d9,2021-12-16T22:29:10,BRAND1,444.89,hfdfakc@appple.com
cce67f81-b36e-46b5-933d-7774e04fb7d1,2021-12-16T22:30:00,BRAND1,777.35,afeiefh@appple.com
a0f8d68e-a287-439e-a0b4-7226ba8314f2,2021-12-16T22:31:40,BRAND2,134.65,jafbcca@live.com
616ba9de-1adf-4574-ad9b-ce2e09ecc308,2021-12-16T22:31:40,BRAND5,215.58,ekakaab@live.com
fdee140d-4751-493b-9087-287aaf6894b4,2021-12-16T22:32:30,BRAND5,426.30,"""heeeggc dfaigch"" <heeeggc@gmail.com>"
58e19b21-8a36-46a4-8420-af4d876823b0,2021-12-16T22:32:30,BRAND5,690.86,lkjcjbl@live.com
e5ff2a74-2b13-492a-8472-6369ef884ec5,2021-12-16T22:33:20,BRAND5,659.84,hfihbic@yahoo.com
9b00db4a-912d-405c-b590-d2296c530a86,2021-12-16T22:33:20,BRAND2,762.25,ikkiklk@gmail.com
fc4b8d0d-eefa-42a9-8eb7-84665f385d92,Thu Dec 16 22:34:10 2021,BRAND2,268.61,"""glehacg aebkcda"" <glehacg@gmail.com>"
bfe7bf06-f39f-48bb-9d56-841ee440308d,2021-12-16T22:35:00,BRAND2,560.61,gbjkfjf@gmail.com
0be7d586-689e-4da5-b1ab-1f96e82f0071,2021-12-16T22:35:50,BRAND1,175.41,eefflde@live.com
6fb1f4c4-94ae-4a53-a734-282f3f904b77,2021-12-16T22:37:30,BRAND2,81.76,gilclgl@gmail.com
0ad31078-fc33-401c-8260-6f37641fb375,2021-12-16T22:39:10,BRAND2,427.99,bfdhblk@appple.com
64f2560f-e915-4f13-a072-787b1aaad06b,2021-12-16T22:40:00,BRAND5,195.15,ebegdcd@gmail.com
c8f12fc8-938e-40d1-911f-4edb5b06e5e6,2021-12-16T22:40:50,BRAND1,730.49,fjkchbi@appple.com
9e0c9ddd-f52c-46a4-a859-2503d78d1480,2021-12-16T22:43:20,BRAND2,152.15,jifcbbc@gmail.com
d905da82-02a1-4b7b-96e2-f0f51817d0fe,2021-12-16T22:43:20,BRAND1,258.29,igbfkgk@gmail.com
81af59d9-ed42-4018-8086-36e72468b8aa,2021-12-16T22:44:10,BRAND2,229.61,"""dbcfalj agdihje"" <dbcfalj@gmail.com>"
91369b60-4abc-4e85-8a95-0be9e47da401,2021-12-16T22:44:10,BRAND2,205.93,"""dcdfhbg lldchkj"" <dcdfhbg@appple.com>"
7e9cc717-bdd8-49da-8627-ad3ffd9f6803,2021-12-16T22:45:00,BRAND2,917.40,"""iihahda alkkfil"" <iihahda@yahoo.com>"
4a248f05-88fa-4ce9-848f-57f070fba835,2021-12-16T22:45:50,BRAND1,687.88,"""achiiak lacjcbj"" <achiiak@live.com>"
ba0c76db-0642-4164-ab70-e89ed9221539,2021-12-16T22:46:40,BRAND1,469.61,"""iajclkd ekfjhlb"" <iajclkd@gmail.com>"
8175e367-8291-4c9d-b9c1-5c4b5507a7d8,2021-12-16T22:46:40,BRAND5,119.55,iddldcc@gmail.com
66b55771-93fe-42f3-a4b7-f732fbfb0459,2021-12-16T22:47:30,BRAND2,305.53,khgebje@gmail.com
bb514150-90af-4018-90ac-c2b6506dba92,2021-12-16T22:48:20,BRAND1,634.97,ldjclga@gmail.com
e76291a1-4ad2-4bf4-88d5-1c68fd09b984,2021-12-16T22:49:10,BRAND2,317.22,"""cbfieaj bdjljek"" <cbfieaj@gmail.com>"
3f8b83c7-36fb-4d84-9566-92748230ae2a,2021-12-16T22:50:50,BRAND5,28.04,acjdakd@appple.com
74779e0a-b145-4814-937f-810656fde2d2,2021-12-16T22:50:50,BRAND5,91.90,"""gelelja lgjkibh"" <gelelja@live.com>"
ea68e607-f133-429e-9c4b-03a5056c0cbb,2021-12-16T22:51:40,BRAND2,267.15,"""geegadc fheigcg"" <geegadc@gmail.com>"
796bda52-3cb5-4777-9703-4ed9fe8dcb0f,2021-12-16T22:55:00,BRAND5,826.80,eealhhc@live.com
e7e6fae2-4e53-4416-8cce-1db7e6402fe3,2021-12-16T22:55:00,BRAND4,378.63,ldlckfg@gmail.com
fdb948fc-ea28-457d-88ac-d7525d8d56cf,2021-12-16T22:55:50,BRAND1,972.14,ilibcga@gmail.com
29bd212d-35b6-42fe-9f93-f9cf418d43a4,2021-12-16T22:56:40,BRAND1,185.71,dkdbcaj@gmail.com
659a8f4a-0963-458d-90c9-26c1e57daba7,2021-12-16T22:57:30,BRAND2,719.99,"""ifbgbjb ihjhafi"" <ifbgbjb@yahoo.com>"
99dc49e7-bf8c-4ac3-9f96-196424f721d4,2021-12-16T23:00:00,BRAND4,$7.12,kahfahh@gmail.com
f2abef66-3ee3-44f6-9b59-38be9da7ada3,2021-12-16T23:02:30,BRAND1,950.56,libllad@live.com
77e5c35e-14fd-46b1-9457-b7ab45d8ae9f,2021-12-16T23:03:20,BRAND2,443.99,kdifejk@gmail.com
57612903-84c8-42c8-90ef-66a35cf754d3,2021-12-16T23:04:10,BRAND2,173.12,hllakgg@gmail.com
94f1a9f8-aa22-45cb-b474-3da4a07fc287,2021-12-16T23:04:10,BRAND2,74.74,"""echidke fibgjle"" <echidke@gmail.com>"
8a85c952-621f-4da0-add5-095112c34908,2021-12-16T23:05:50,BRAND2,863.50,"""jjlhdhj dbgegce"" <jjlhdhj@appple.com>"
e8a4fe36-ee66-4430-9530-095cb82e2e14,2021-12-16T23:06:40,BRAND2,286.40,khdkjah@live.com
fdff5c78-7f6d-487e-8787-0ed1b9c07be0,2021-12-16T23:08:20,BRAND1,385.83,"""cibcbbl deigkli"" <cibcbbl@gmail.com>"
17c23a5d-d4e7-4431-97dc-41a7d48a4dc4,2021-12-16T23:09:10,BRAND2,32.46,dehakjc@appple.com
70426d14-96c6-43e3-a495-92af58ebbc41,2021-12-16T23:10:00,BRAND1,394.53,lbeglib@gmail.com
b4eea369-5d55-44b3-951f-b205d71d3d94,2021-12-16T23:11:40,BRAND2,373.41,"""hgadaie kjbjchh"" <hgadaie@appple.com>"
d1de0079-1207-445f-b50b-dac44d6824c6,2021-12-16T23:12:30,BRAND1,748.52,jklickh@appple.com
21585239-3d40-4fb4-b8a5-171efeabe512,2021-12-16T23:13:20,BRAND2,557.88,"""cdaddka akbckch"" <cdaddka@gmail.com>"
24da0700-9822-48bd-a7a6-7e0c858fafda,2021-12-16T23:13:20,BRAND2,30.22,aidbgke@live.com
4a8d3732-ebf0-4c5e-a37d-bf2aa94270c6,2021-12-16T23:14:10,BRAND5,568.61,"""ifieadc ejfgjad"" <ifieadc@gmail.com>"
592ef9c5-0a18-429e-865c-d89ba2555088,2021-12-16T23:15:00,BRAND2,$219.31,iiblkjc@appple.com
9b9a9af8-d164-4e92-b346-10278910c115,2021-12-16T23:15:50,BRAND1,550.47,bgkehdk@gmail.com
fee247ed-aaa2-4db2-955a-c06fc4d389eb,2021-12-16T23:17:30,BRAND5,996.44,"""dbhiada gfhfhbc"" <dbhiada@live.com>"
86c5cab3-1ed1-4ddc-a7a6-22bb2c432f48,Thu Dec 16 23:17:30 2021,BRAND2,911.84,caaigjk@gmail.com
ae507dc4-1278-43a2-9d41-814e5e50f05b,2021-12-16T23:18:20,BRAND2,644.10,ibfcjab@gmail.com
0301cf36-1ac0-42e8-857f-7052162241d6,2021-12-16T23:19:10,BRAND3,795.79,"""ahflakd jhkkbec"" <ahflakd@yahoo.com>"
e1ba68ee-2b45-4490-8324-db7ac2b2385b,2021-12-16T23:20:00,BRAND5,355.70,"""gelgkcd jbdbekl"" <gelgkcd@yahoo.com>"
76fd8f2e-19dd-4eee-9237-d701ea561f3a,2021-12-16T23:20:50,BRAND2,350.76,fiielac@appple.com
1f9a4168-8f33-4708-8b68-a31efdd25d39,2021-12-16T23:21:40,BRAND4,56.57,"""bbeicbb bkclcff"" <bbeicbb@gmail.com>"
f7a854d6-d79e-4c4c-b930-3cad2238419b,2021-12-16T23:22:30,BRAND2,991.11,jgiibal@gmail.com
f81de708-06cd-43a9-be1a-24621a8649d5,2021-12-16T23:23:20,BRAND5,200.49,hhhlcji@live.com
682b6909-5a28-4bb8-ae36-1656ab1e9c22,2021-12-16T23:23:20,BRAND2,186.97,"""cjgbigi gcdkjgg"" <cjgbigi@gmail.com>"
c1150c86-7ba4-46c5-9227-3437a75bffe0,2021-12-16T23:24:10,BRAND2,945.58,"""jiaklgd ijeaiea"" <jiaklgd@live.com>"
da7bd87c-857b-4c46-90d1-69e3558cc643,2021-12-16T23:24:10,BRAND2,844.20,ijjlddl@live.com
f8d2a200-8ac0-4f2c-b4d6-7b188a99fcef,2021-12-16T23:25:00,BRAND2,72.61,"""fljkjie eflffal"" <fljkjie@gmail.com>"
21691caa-da4f-4a61-b036-2f1b4109d75f,2021-12-16T23:25:00,BRAND5,842.32,"""clffeik hhagjca"" <clffeik@gmail.com>"
5a232d04-77bb-4143-92d0-d7d72ae91604,2021-12-16T23:25:50,BRAND2,240.09,"""ibbefec hdbkbbl"" <ibbefec@gmail.com>"
3989e15f-f3f3-459e-be20-d2b660bae96e,2021-12-16T23:27:30,BRAND2,414.66,"""ifjlfce efhjlbb"" <ifjlfce@gmail.com>"
c6c65953-3c16-4c92-91d1-6813a074488e,2021-12-16T23:29:10,BRAND2,837.66,hafcgkc@appple.com
9dd6d7cd-5124-461f-8eb6-6b97895b53b6,2021-12-16T23:30:50,BRAND2,53.17,jgchcgf@gmail.com
831e2180-e8cd-4510-9b9e-fdc9f0e5dca3,2021-12-16T23:31:40,BRAND1,784.17,aeciceb@gmail.com
dcccfed0-defd-4a4d-97cd-a97cd8c15093,2021-12-16T23:31:40,BRAND4,292.28,"""lbgfkdg acehfdj"" <lbgfkdg@appple.com>"
b091d451-6930-492a-a371-9f9b4920ea4a,2021-12-16T23:32:30,BRAND4,354.49,hfbjbgl@live.com
9a20f4fb-ec81-44d5-94fe-24e606be243a,2021-12-16T23:34:10,BRAND4,224.85,"""kgfhegi daejflj"" <kgfhegi@appple.com>"
581eae26-13a7-43ac-a945-6a9d57871ae6,2021-12-16T23:34:10,BRAND1,817.77,jekbccf@gmail.com
df43e831-f1d0-4c5a-8146-05b070f5ace7,2021-12-16T23:35:00,BRAND2,129.02,"""iiffebh kjihjgh"" <iiffebh@gmail.com>"
5c138b1b-213d-457e-8f6a-76e01384afc9,2021-12-16T23:35:50,BRAND1,349.82,"""hhglffe fjiiffa"" <hhglffe@gmail.com>"
b0c68a4e-a02b-4bc5-80b1-93dec84afaee,2021-12-16T23:36:40,BRAND4,137.20,acdhfic@gmail.com
035de41a-b7f5-44b5-b43c-c8a96acd8634,2021-12-16T23:36:40,BRAND5,719.32,ghgdbhb@yahoo.com
944495a0-eb88-4fec-bde5-87c749e94b7a,2021-12-16T23:37:30,BRAND1,738.86,hfjhiih@gmail.com
d1a0384d-712a-4750-9530-89fd6e8ca5c9,2021-12-16T23:41:40,BRAND1,590.37,flcjdgi@appple.com
4ac62806-86e2-4709-aa41-3f33f0a785fc,2021-12-16T23:42:30,BRAND2,$763.00,ciigjhi@live.com
0bfc637c-eced-4ddd-bb0b-b35412f3f3ab,2021-12-16T23:42:30,BRAND5,664.54,liahbhh@appple.com
e9b7ef03-9aec-485e-b8c4-90beb0f5c1b4,Thu Dec 16 23:44:10 2021,BRAND3,589.62,"""bicgaih iifjdij"" <bicgaih@appple.com>"
42bb2d4f-f8e5-4f24-bff5-5e63da32fc83,2021-12-16T23:44:10,BRAND1,345.53,"""aeflcbc bdkelkk"" <aeflcbc@appple.com>"
bc5bce54-eecc-4d68-bce1-17660570f0cc,2021-12-16T23:45:00,BRAND2,384.93,defhgca@gmail.com
6f03b177-dd57-4bf7-a8bf-3294f820ddcd,2021-12-16T23:45:00,BRAND5,50.32,kdfejal@live.com
bf982ba9-7d8a-4c18-bfb5-68f790de7700,2021-12-16T23:46:40,BRAND2,106.24,laachhg@appple.com
47747828-bd33-4e22-8796-125f2cabd2f2,2021-12-16T23:46:40,BRAND3,497.88,"""bjbdgka dkfeefk"" <bjbdgka@gmail.com>"
2cd9a846-4ee6-4996-9b04-cd60205bccbc,2021-12-16T23:48:20,BRAND2,213.72,"""dekkedc llgjehg"" <dekkedc@appple.com>"
44fc5abf-e24f-4df4-a5a1-d4114a016654,2021-12-16T23:50:00,BRAND1,804.23,"""ciklbhb dijljde"" <ciklbhb@gmail.com>"
969c9768-33f9-4b52-b96a-72225e060246,2021-12-16T23:50:50,BRAND2,19.67,kildfhi@gmail.com
6086750a-9084-416e-a973-3f2c7666d0a2,2021-12-16T23:50:50,BRAND2,174.43,fkfhhah@gmail.com
4d0b0857-6805-44fa-83f5-87260ceb552b,2021-12-16T23:51:40,BRAND2,528.84,jllbjbe@appple.com
4c2a4af7-2a70-4b75-9f22-adb49afcab48,2021-12-16T23:52:30,BRAND4,668.07,cbcgiac@appple.com
1b97d4e7-cb8e-4269-812c-9a785f96df32,2021-12-16T23:53:20,BRAND2,979.49,bijekeb@appple.com
c21ca6ee-e65d-4867-88e3-399dfbd42cd7,Thu Dec 16 23:53:20 2021,BRAND1,748.89,"""bfcbjbd hdcefab"" <bfcbjbd@gmail.com>"
413e4deb-bc12-423c-af17-7cbfd1130187,2021-12-16T23:54:10,BRAND2,628.00,lfgehea@appple.com
b9c1e515-11ee-4128-96ba-4f8dd9c444d8,2021-12-16T23:55:00,BRAND5,3.04,kijecdf@appple.com
2b042805-485e-4ca5-9ccc-9eee8293dd9f,2021-12-16T23:55:00,BRAND4,930.71,"""eilligj khcfljf"" <eilligj@appple.com>"
42dc9578-61dd-4cc7-ba2a-a236a94e1fab,2021-12-16T23:55:50,BRAND3,427.16,kbiffef@gmail.com
8c498d93-0c6f-4788-9d23-a3568f6ed1c6,2021-12-16T23:56:40,BRAND2,615.25,hfldiad@gmail.com
6b0d8319-27f9-49e1-aa33-26a3c90d1a2e,2021-12-16T23:56:40,BRAND2,338.13,"""kceejje kjiaggl"" <kceejje@yahoo.com>"
6fa60f70-0f19-4141-bc19-7f4d71f514b1,2021-12-16T23:57:30,BRAND2,999.28,"""efigkjj eiiagcj"" <efigkjj@yahoo.com>"
7e687ebc-f1f2-4a4d-9535-f0039c4f88c4,2021-12-16T23:57:30,BRAND5,56.12,"""dbedaci bilgfgc"" <dbedaci@appple.com>"
12143826-82fa-4af9-b28c-b2fd799d06b3,2021-12-16T23:58:20,BRAND5,395.67,dbcajhb@appple.com
12d7e19f-c1c6-4448-a48b-a5e6fb557fa0,2021-12-16T23:59:10,BRAND5,293.29,"""gahhihe ehfakhg"" <gahhihe@gmail.com>"
236f5994-e47e-4771-a4d7-19b1fd4563f6,2021-12-16T23:59:10,BRAND2,251.37,"""hfgbkba dkbljah"" <hfgbkba@gmail.com>"
912047a3-f70a-4d15-8901-887bd89fc7e2,2021-12-17T00:00:00,BRAND1,886.29,"""cfieilj gklhfha"" <cfieilj@live.com>"
69598898-dfba-48d6-bdbf-a3bce2fd2174,2021-12-17T00:00:50,BRAND2,224.10,jaebfhe@live.com
114ac47c-4752-49a9-b01b-8636cecdbad8,2021-12-17T00:01:40,BRAND2,414.11,ahligea@appple.com
798301cf-0aca-42b8-9692-3b98dc43f9f7,2021-12-17T00:01:40,BRAND4,301.29,aeaaagb@appple.com
80af9d88-e6ec-44c2-982f-53805be6f335,2021-12-17T00:02:30,BRAND1,54.19,cjibdlj@gmail.com
2566611d-c010-4976-a3fd-38e07d503981,2021-12-17T00:02:30,BRAND2,836.01,dllegla@gmail.com
ee361063-b829-4bc4-b48b-8b3883debc3e,2021-12-17T00:04:10,BRAND1,0.65,llchhgj@yahoo.com
444785e1-6fa5-4c11-96e8-e56ece0eb057,2021-12-17T00:05:00,BRAND1,627.58,aacakhi@gmail.com
18fcf04a-7211-4bda-be0c-bc0e08b73af5,2021-12-17T00:05:50,BRAND3,237.69,kicgahf@gmail.com
aa7b4ee6-70b4-4c1e-bc25-c03d28f3c477,2021-12-17T00:05:50,BRAND2,711.10,"""eiaadhd bgifklh"" <eiaadhd@gmail.com>"
c484790f-ef29-4bef-9e50-1d580a8db2a8,2021-12-17T00:06:40,BRAND2,228.59,"""agcalbb cfejlhh"" <agcalbb@gmail.com>"
b842c47c-05d1-46ca-ae2e-5df55414aa09,2021-12-17T00:08:20,BRAND5,254.64,hdbgddj@appple.com
3ac52046-2ca6-47fa-9429-fc1a42ab8b82,2021-12-17T00:11:40,BRAND2,91.09,"""ekheahc jlbiflf"" <ekheahc@yahoo.com>"
c942700b-9249-44b3-aa4b-94ee68a3db7e,2021-12-17T00:11:40,BRAND4,407.34,fjacjjf@live.com
5d509fac-5856-4aa2-8269-a1c365ab6d83,Fri Dec 17 00:12:30 2021,BRAND5,497.58,fdagfeh@gmail.com
664b230a-163c-4df9-be89-d2cd7a71d9b6,2021-12-17T00:13:20,BRAND2,468.50,"""jbkiaii kblekgj"" <jbkiaii@gmail.com>"
bb455bcd-de6a-4b38-b21e-0606b2caf906,2021-12-17T00:13:20,BRAND1,400.69,bfjaael@gmail.com
62d8f2a6-e141-4dd3-99d9-30db8d19bd24,2021-12-17T00:15:00,BRAND5,435.82,"""ddhljle alkcfkg"" <ddhljle@live.com>"
ff89ee3e-c2c1-4e1c-813b-436f161dba1e,2021-12-17T00:15:50,BRAND1,706.29,"""hhajfgc cjhdaic"" <hhajfgc@hotmail.com>"
01d21819-d647-414e-b725-cb2ab71ca777,2021-12-17T00:16:40,BRAND2,572.72,iagifdg@gmail.com
7bf7eedb-5a40-413c-bc49-dfdd88936e08,2021-12-17T00:16:40,BRAND1,638.82,kejfdah@yahoo.com
13f8bfd1-0ec2-4c7b-9a33-a3a9d4d54c29,2021-12-17T00:17:30,BRAND5,479.13,"""gckgdbj daclkbi"" <gckgdbj@gmail.com>"
0b64c6fd-ec34-493b-8b97-bf1ac91d86fa,2021-12-17T00:19:10,BRAND2,829.07,clifcij@appple.com
8b25f3e8-6b03-4b89-9e46-e6defb7e419c,2021-12-17T00:20:00,BRAND2,24.25,gjfbfck@gmail.com
0164ddf0-9b58-4677-be02-d3213be1c99a,2021-12-17T00:20:00,BRAND2,995.02,eclgcah@yahoo.com
7f559790-edf4-49b5-854b-3201f28aa809,2021-12-17T00:20:50,BRAND2,754.99,bgifkhg@gmail.com
1e1e6fb0-4db5-4a78-9113-0f2f975c3e8f,Fri Dec 17 00:21:40 2021,BRAND3,884.76,jbdeadh@gmail.com
827353f2-31f8-4594-8d2d-d08282917e7f,2021-12-17T00:24:10,BRAND5,639.17,"""abbabli kaablji"" <abbabli@gmail.com>"
e8fcb26c-5fb1-4997-b59c-cdc3fda877f9,2021-12-17T00:24:10,BRAND4,845.28,dceebdj@gmail.com
01e9b542-60f3-4425-893d-b87fcbc21168,2021-12-17T00:25:00,BRAND2,467.60,"""fdhbcbk hbahfdb"" <fdhbcbk@gmail.com>"
732d2f3c-618e-479f-968f-cd3fe156df7d,2021-12-17T00:25:50,BRAND2,275.13,"""kbgflcj dklbaie"" <kbgflcj@gmail.com>"
32128ed3-6b1e-4c37-8fcb-561808755671,2021-12-17T00:25:50,BRAND2,136.59,flkjelj@gmail.com
f3c7e6f0-1544-4ed1-bc7f-9e41997c5f50,2021-12-17T00:27:30,BRAND2,924.89,jiihdjk@gmail.com
3d653013-be7c-4c0f-8c5e-dd5ed048931a,2021-12-17T00:28:20,BRAND2,296.83,"""eklfkae efjlkce"" <eklfkae@gmail.com>"
8b01810e-bf9b-4137-a1a3-761c59698b8b,2021-12-17T00:28:20,BRAND5,329.86,"""dgjjfkc idadjgk"" <dgjjfkc@gmail.com>"
1451ca66-2d04-486d-9115-2988476973d9,2021-12-17T00:29:10,BRAND2,651.33,dekjick@gmail.com
ee2679cc-7ed7-4b97-8943-9ec6451c4cca,2021-12-17T00:30:00,BRAND2,417.59,bjhilde@appple.com
9c3186d2-e0b4-49b4-9450-89bb292cca52,2021-12-17T00:30:00,BRAND2,819.91,lfidhal@gmail.com
35c54129-c72b-47fe-b6cc-4f3a7711c522,2021-12-17T00:30:50,BRAND4,491.73,"""fajflib glebbjj"" <fajflib@gmail.com>"
8833d92d-4f8a-4f4c-914f-cb8234eb463a,2021-12-17T00:30:50,BRAND1,834.73,"""hijjfja deajjck"" <hijjfja@yahoo.com>"
46c49fec-0413-470d-be02-2dc884791061,2021-12-17T00:32:30,BRAND5,570.42,"""jejdild dbgljdb"" <jejdild@gmail.com>"
5454271d-7dcd-420a-a658-78a1d9cb1702,2021-12-17T00:32:30,BRAND3,660.03,bleiiad@appple.com
f86aaf29-0838-40ff-8b49-5dcf104c66c3,2021-12-17T00:35:00,BRAND3,500.29,"""eadhdid aalckfg"" <eadhdid@appple.com>"
a16f64e5-0cb1-4097-b40e-1eb72abcc46f,2021-12-17T00:35:00,BRAND2,58.87,"""ahalgdb eaadjfd"" <ahalgdb@gmail.com>"
300bae02-ec32-4d30-8f98-c4f4c7b15593,2021-12-17T00:35:50,BRAND2,532.10,hhdafkg@live.com
4abb5f07-fed4-4114-8641-c0dfc5cd7235,2021-12-17T00:36:40,BRAND2,82.98,fchchcj@gmail.com
5753825d-b2bb-4790-931a-fb090fd88463,2021-12-17T00:36:40,BRAND5,20.27,kalblde@gmail.com
394a57c6-09f6-44b1-a5eb-aa06cf07f761,2021-12-17T00:38:20,BRAND5,547.12,glcgjfj@gmail.com
f4aba296-96b4-46df-ae46-b84160f2cc3b,2021-12-17T00:39:10,BRAND4,914.82,lhbeedj@gmail.com
d7358bcd-9da3-46cc-9ad0-acbda91777b4,2021-12-17T00:39:10,BRAND2,458.65,hffefcf@live.com
89fb7090-c4cb-4dc1-abf3-f12d652a0032,2021-12-17T00:40:00,BRAND2,74.87,"""ggjihce jjkgagk"" <ggjihce@gmail.com>"
b9b216c5-5b39-4181-a609-9af71b541b61,2021-12-17T00:41:40,BRAND5,242.21,"""biaicch bliagke"" <biaicch@gmail.com>"
