id,date,brand_id,trans_amt,email_address
9ded15c9-6b3b-4270-8fd5-35c61d01e231,2021-12-14T03:02:30,BRAND2,681.74,bjflaad@live.com
03d7e5b3-e914-484d-9f2c-6cb472f534ba,2021-12-14T03:05:50,BRAND4,433.09,ifcdcih@live.com
ab9620d6-7fed-423b-8544-ef89e605025f,2021-12-14T03:08:20,BRAND2,984.20,"""iekidih gkhibfj"" <iekidih@live.com>"
3f24a55d-f05b-4c43-969f-547b950cf041,2021-12-14T03:09:10,BRAND2,747.17,labhecb@live.com
f6d87990-e011-4c07-bdf8-ef7024cd8fcf,2021-12-14T03:09:10,BRAND2,393.84,ghecghk@gmail.com
44c27d54-5f83-4670-bc8b-2a502815fea4,2021-12-14T03:10:50,BRAND1,478.68,"""aabcjek fegdaef"" <aabcjek@appple.com>"
e7752f2e-62f6-4c9c-a124-e0fa5acdaf75,2021-12-14T03:10:50,BRAND2,76.33,"""bldjlkj gaeiibi"" <bldjlkj@gmail.com>"
adbddeac-aac6-41b3-bf7c-fbc588ed76c3,2021-12-14T03:11:40,BRAND2,732.28,"""ddeckdf ggfccfd"" <ddeckdf@gmail.com>"
40f5af11-940c-4271-a998-60edabf49841,2021-12-14T03:12:30,BRAND2,150.04,ekjilbd@gmail.com
9a36b13a-c7e2-45c5-9709-a028c1d99d92,2021-12-14T03:13:20,BRAND4,476.79,"""digbhke kbaijbf"" <digbhke@gmail.com>"
44f878ce-a827-4ba1-8199-a47a90df4dc2,2021-12-14T03:13:20,BRAND2,468.29,dlcgajj@live.com
ac008729-d4a7-498e-bb0c-babd70e27d1f,2021-12-14T03:14:10,BRAND2,764.19,iclijhh@gmail.com
d49ff1ed-5543-475c-b185-8a9551152403,2021-12-14T03:14:10,BRAND2,788.75,hjfkfff@gmail.com
9465b666-af9d-4d6a-bcb8-ac60d8a44944,2021-12-14T03:15:00,BRAND2,899.47,lkdjiaa@gmail.com
fb4ff35b-5fec-4a9c-b471-9fda1e19eeb1,2021-12-14T03:15:00,BRAND5,319.60,gbhaiii@gmail.com
6f6336ab-813a-4f69-b25c-8b95cb04a07e,2021-12-14T03:16:40,BRAND5,896.52,"""jddbdhf dgkahae"" <jddbdhf@gmail.com>"
783c20cb-fcc7-4fe1-baf0-cc4bf16de41c,2021-12-14T03:17:30,BRAND5,917.31,"""lkklfea kkkjcdj"" <lkklfea@live.com>"
58687955-cd81-41e9-9127-02f81b3ce92a,2021-12-14T03:17:30,BRAND5,946.44,"""cglkidg clfdegh"" <cglkidg@appple.com>"
39097b06-7fb9-4a56-aa8e-b190b9ddd6ca,2021-12-14T03:18:20,BRAND1,307.63,"""bgbadaf jikaaia"" <bgbadaf@yahoo.com>"
aa6dd37d-50e0-40a8-a6f5-9f09e571f1d5,2021-12-14T03:18:20,BRAND1,284.15,"""glblkdc hfbkcbk"" <glblkdc@gmail.com>"
3fe02cbe-ac24-461e-be23-1445406fe7b0,2021-12-14T03:19:10,BRAND5,345.68,lhjdkjc@live.com
4a5fa247-9bd1-4b61-a2f4-e265174ce7d6,2021-12-14T03:19:10,BRAND2,669.39,"""jadjcbh jlhhifc"" <jadjcbh@gmail.com>"
9b5352d8-2c64-4563-a886-dde6e6986814,2021-12-14T03:20:00,BRAND5,120.65,dejelhl@appple.com
b8a61349-ad31-4d52-89b1-2904bb4f0003,2021-12-14T03:20:50,BRAND2,148.55,"""lhdbkhk fdklkck"" <lhdbkhk@gmail.com>"
13d1e4a6-9406-40c9-8b6f-2c4117854a82,2021-12-14T03:23:20,BRAND5,554.38,kjkihdk@yahoo.com
01c2e60b-51b9-4e72-b621-91e8b95f5bfe,2021-12-14T03:23:20,BRAND5,603.61,"""cdjcghe beiiadb"" <cdjcghe@gmail.com>"
df0745cf-d96c-4dd8-a911-6c0116d28a78,2021-12-14T03:24:10,BRAND2,430.02,"""ieghedf jgedhib"" <ieghedf@gmail.com>"
71380c43-b429-4a7d-a27d-3c918ede3a23,2021-12-14T03:24:10,BRAND5,274.48,lbifefj@gmail.com
24d3fbfa-b527-4191-8a3b-7100913116ca,2021-12-14T03:25:00,BRAND5,229.04,"""fdgdjjd gebahkb"" <fdgdjjd@gmail.com>"
dfed7c55-5a13-48e2-b30c-fde3c297e5ae,2021-12-14T03:25:00,BRAND2,353.48,galeabc@gmail.com
e7a2efd4-5c46-4cf3-acfc-a669929e4f22,2021-12-14T03:25:50,BRAND5,692.15,"""ilekiag igbbfed"" <ilekiag@gmail.com>"
5f2f9b02-6315-4e2c-8097-d3ebc6e88bd8,2021-12-14T03:25:50,BRAND5,$59.13,ichifek@yahoo.com
db1cc743-1804-46f3-bffd-65120661336e,2021-12-14T03:28:20,BRAND2,348.31,"""kcddjck aldklia"" <kcddjck@live.com>"
5453de4e-c59a-48ac-947a-812af4f4c979,2021-12-14T03:28:20,BRAND5,596.08,"""afbfebi ficchll"" <afbfebi@gmail.com>"
d97a3dce-f142-4257-a070-689660f174d7,2021-12-14T03:30:00,BRAND4,271.66,ljljfij@gmail.com
a795009a-e48a-4d66-bbc0-5bd73b54df46,2021-12-14T03:32:30,BRAND1,380.61,kldedkc@appple.com
c788c82b-82c0-4503-9537-b36ccf7c5e5a,2021-12-14T03:32:30,BRAND2,28.21,"""djdajel bhgbaac"" <djdajel@live.com>"
4740fd18-1757-4d9a-a9aa-0f22c1f0fb81,2021-12-14T03:33:20,BRAND2,571.60,"""dbgdjji gdadljb"" <dbgdjji@gmail.com>"
d5036046-616b-42d8-9dbe-4f08d6b116f4,2021-12-14T03:35:00,BRAND5,417.14,ijigkhc@gmail.com
da8a320a-e74a-4efa-9945-160954bb42d3,2021-12-14T03:35:00,BRAND2,514.14,abibbka@gmail.com
7b96916d-8fea-4139-9457-46371f662c0a,2021-12-14T03:37:30,BRAND5,895.97,eiddblb@yahoo.com
6e182cdb-9b0b-4c41-8815-8dfc6e0e8897,2021-12-14T03:37:30,BRAND4,348.38,cechkgd@gmail.com
114f550a-2d48-44f1-a0c9-074fcbf1bb4f,2021-12-14T03:38:20,BRAND2,350.65,"""khlhfji kgdcffj"" <khlhfji@gmail.com>"
94c208f3-6141-4bec-9384-7ea219e99199,2021-12-14T03:40:00,BRAND2,699.27,jbcfgji@gmail.com
7a644d15-9b98-4fa4-8584-86e5b2506c36,2021-12-14T03:40:50,BRAND1,11.78,ilfgjbh@appple.com
e9864aad-69c3-4218-a6ef-d6750cd6e7ec,2021-12-14T03:40:50,BRAND4,237.57,jkdffgh@gmail.com
c1bf5895-f674-4145-a5e6-f7d8430f4b02,2021-12-14T03:42:30,BRAND2,319.61,bjgkekk@gmail.com
efedd7ae-60f0-4ea9-9d6a-95c564a4ca2c,2021-12-14T03:43:20,BRAND2,770.40,lafdbhg@live.com
5dfe38cf-92cd-4862-8f52-f9d50bd657fb,2021-12-14T03:44:10,BRAND1,962.37,afihhfj@gmail.com
b7551253-effd-4660-8518-7b0340b5e4de,2021-12-14T03:44:10,BRAND2,223.01,jkcjldk@gmail.com
bbcd2815-b583-49e7-9db0-8cfbd8c218a4,2021-12-14T03:46:40,BRAND2,289.90,edbjkdi@gmail.com
853c19bc-ac17-4446-be4c-08d91e688295,2021-12-14T03:46:40,BRAND1,725.35,aigilfl@live.com
7cb47699-5ac4-46c5-8866-237eaa081efe,2021-12-14T03:47:30,BRAND5,574.69,ihfkehl@live.com
b87dd81c-a6cb-4dfc-ad45-6fc4054597b0,2021-12-14T03:47:30,BRAND2,397.84,"""lcjaaig kbajjhf"" <lcjaaig@gmail.com>"
d006f4a2-2322-46f0-baa1-2cb2c6ae89ed,2021-12-14T03:48:20,BRAND1,894.60,cigbagd@live.com
9ae6c300-44c8-4df5-a76e-3c951939faea,2021-12-14T03:48:20,BRAND2,88.76,fibjlhd@gmail.com
d47d9c7e-39eb-474d-a929-909a91f7fea9,2021-12-14T03:49:10,BRAND5,626.46,gejgeeb@appple.com
1e501698-8ce6-481e-ab40-68a7a7c33549,2021-12-14T03:49:10,BRAND4,382.74,"""lbdjdjd ckllglf"" <lbdjdjd@yahoo.com>"
686c523c-ca14-4b32-964d-0d3517951111,2021-12-14T03:50:50,BRAND5,906.67,hliaech@gmail.com
1e558570-45ad-4950-bc3c-903cd6c75cea,2021-12-14T03:50:50,BRAND4,473.75,fecbjbf@appple.com
e65b4475-cd82-43dd-acd0-d943d9a5a82a,2021-12-14T03:51:40,BRAND2,808.12,acgifil@hotmail.com
aa8a839f-58bc-4f4f-a078-ef8319454a0c,2021-12-14T03:52:30,BRAND5,194.30,"""elakika kbcdeee"" <elakika@gmail.com>"
a28f9d03-c678-458c-b5c0-8fb0a1b980aa,2021-12-14T03:53:20,BRAND2,901.91,"""efbcecg gkcaeib"" <efbcecg@appple.com>"
c04d3dc2-5b74-4669-97e1-d46759adef48,2021-12-14T03:54:10,BRAND2,363.68,cekgcgl@gmail.com
33bfbbeb-f538-4e11-bb4d-91c7171a6a0b,2021-12-14T03:54:10,BRAND2,739.00,beidkkh@appple.com
3153b979-b2af-4e28-a0f7-a9b684e75a9a,2021-12-14T03:55:00,BRAND2,686.11,"""ijekgib kfkegil"" <ijekgib@appple.com>"
e9f540c2-89c0-4ff4-8558-339cf73f786a,2021-12-14T03:55:00,BRAND2,550.31,aejhglj@gmail.com
85f6f467-bf87-4cfd-9f89-622b5154d3de,2021-12-14T03:56:40,BRAND2,437.39,"""gfecihk ahjfjlh"" <gfecihk@gmail.com>"
0590f14a-143d-4df0-9625-502e8c4aac6a,2021-12-14T04:00:00,BRAND2,822.46,kbgkdda@yahoo.com
5da9e800-e574-4701-b791-01fd63fd23ab,2021-12-14T04:00:00,BRAND4,942.21,eegfkgi@live.com
ca03b769-6f23-4734-aac3-8182eae90300,2021-12-14T04:02:30,BRAND4,749.27,"""lbkiali fkilcbk"" <lbkiali@appple.com>"
f5dcffe2-8041-4734-bca6-a989f78f9ba3,2021-12-14T04:02:30,BRAND4,254.04,kgkidak@appple.com
08d57b59-34b0-4fda-a988-5a7b5df0cc78,2021-12-14T04:04:10,BRAND2,22.28,ekgkacc@gmail.com
021d3da6-4f98-4a04-ba3d-bd3c91afc6c9,2021-12-14T04:07:30,BRAND2,888.84,kebikig@live.com
c6e76c84-f6f2-4a0a-9417-093ac4dda4e3,2021-12-14T04:07:30,BRAND2,43.51,"""iikclfd gfcdkic"" <iikclfd@yahoo.com>"
212c181e-a69e-4647-90df-d8d7a19432e3,2021-12-14T04:08:20,BRAND2,64.57,"""bjglidk ghegdbk"" <bjglidk@live.com>"
b06e49e6-0a4f-4d8d-9d2f-d0d92fa372a9,2021-12-14T04:08:20,BRAND2,615.57,"""fllhgig chfkbie"" <fllhgig@appple.com>"
4e96a9f3-b32a-4cd6-a5da-3bb9e44eb1eb,2021-12-14T04:09:10,BRAND3,389.84,dhalbha@gmail.com
6a929789-90ad-45c1-91aa-4f74a97a8f2d,2021-12-14T04:10:00,BRAND2,405.89,"""aggaabi cihaecl"" <aggaabi@gmail.com>"
55e4bc76-e3d3-444a-ae4d-215dc1343720,2021-12-14T04:10:00,BRAND1,342.53,jdjfcei@gmail.com
edc77d98-8da0-4519-b27b-839d20f634b7,2021-12-14T04:10:50,BRAND1,389.72,"""glfckdh labikeb"" <glfckdh@gmail.com>"
a10579ba-5582-4e03-b4dd-dc8294303763,2021-12-14T04:11:40,BRAND1,146.88,ggilhfd@appple.com
79df25ab-3d12-47bb-9ff2-63bca56c6720,2021-12-14T04:13:20,BRAND2,466.79,bdhlhjb@appple.com
e541502c-d1a4-4dcc-a0b8-778c385c2f9b,2021-12-14T04:13:20,BRAND5,903.03,"""elfbjgj kjechij"" <elfbjgj@gmail.com>"
4a8c8592-2036-47eb-8c89-d422469c4429,2021-12-14T04:15:00,BRAND2,32.01,eaaiecj@appple.com
cf91231e-c0e1-49fb-b707-ebfad3913327,2021-12-14T04:17:30,BRAND3,590.11,ckafche@gmail.com
14419062-e868-4788-af5d-c24cc2f3b069,2021-12-14T04:19:10,BRAND2,964.41,"""hdgahai jjedkje"" <hdgahai@appple.com>"
a5b05c64-b11c-470d-a601-2d4c61ca5fc7,2021-12-14T04:19:10,BRAND2,366.95,"""lcahbbd fkgiiil"" <lcahbbd@gmail.com>"
8fe50b6d-9e63-4fd8-b497-ff2e6e4cdbdd,2021-12-14T04:22:30,BRAND2,904.81,ecdffie@gmail.com
d9a8e0c6-3fa9-43c9-bfa7-f225b46edbc5,2021-12-14T04:22:30,BRAND2,135.52,dffhili@yahoo.com
82db9898-292a-4aef-9b25-075437335082,2021-12-14T04:23:20,BRAND5,378.36,"""kckghad laegbld"" <kckghad@live.com>"
430761b5-4258-4d72-9e70-d7ea4094f7ef,2021-12-14T04:25:50,BRAND3,76.54,hilcale@gmail.com
9d23b3dc-06f1-4759-9b26-09ce82f69864,2021-12-14T04:25:50,BRAND2,620.96,"""gjckglj jhafede"" <gjckglj@gmail.com>"
394a57c6-09f6-44b1-a5eb-aa06cf07f761,2021-12-14T04:27:30,BRAND1,705.85,"""flbegge habedcg"" <flbegge@hotmail.com>"
6cfa0f84-c110-42bc-bfcc-6e7f1c545828,Tue Dec 14 04:28:20 2021,BRAND2,600.45,igdjcie@gmail.com
082f8603-217b-4c95-8c5d-272bfad4c479,2021-12-14T04:28:20,BRAND2,921.46,"""hlcjceb lfeblhj"" <hlcjceb@gmail.com>"
d98da3f4-e87a-4aa2-a4c0-76b921f8fd95,2021-12-14T04:33:20,BRAND2,622.88,jjgeahj@hotmail.com
fd6639d4-e662-418e-8c9f-4302b93a49ff,Tue Dec 14 04:34:10 2021,BRAND3,856.55,"""jbhibkj kcbdhhf"" <jbhibkj@gmail.com>"
63230e40-4975-47f7-a619-5aaa380ac9b6,2021-12-14T04:34:10,BRAND2,364.98,fiagfce@appple.com
6f2bc192-646b-49f8-85c1-f75a8f2482ae,2021-12-14T04:35:50,BRAND4,569.26,laehbcg@gmail.com
3b5260ad-f615-4d26-b2a3-edcbd4c11ef9,2021-12-14T04:37:30,BRAND1,862.20,"""gkikdai gjlafai"" <gkikdai@gmail.com>"
9bff5f4d-2784-4c90-bc68-be764bae2d46,2021-12-14T04:37:30,BRAND2,166.59,"""ejailhg bkdljkk"" <ejailhg@yahoo.com>"
50d83941-8b4c-44b6-a23a-6d5e64b8c3fb,2021-12-14T04:40:50,BRAND5,822.87,fbfghbf@gmail.com
27b007ac-9082-42b5-8d9a-1dfe049c96eb,2021-12-14T04:40:50,BRAND2,499.19,lbgjkfc@appple.com
8dc151bd-ce8f-4c3f-ba43-0816649f49a2,Tue Dec 14 04:41:40 2021,BRAND1,814.09,"""afbgdbh kggbkkl"" <afbgdbh@gmail.com>"
87ab71ff-da8e-4a41-9e35-3db42fd89186,2021-12-14T04:42:30,BRAND1,717.88,"""ebeilcj fikjeld"" <ebeilcj@appple.com>"
fd3909d2-2ce1-40cc-b083-5513b1ced98c,2021-12-14T04:42:30,BRAND5,456.29,khjafda@gmail.com
2870cc79-ed35-45ca-87f3-90422639f218,2021-12-14T04:43:20,BRAND5,284.97,bheiieb@gmail.com
3fda8705-5d26-4902-a451-67745fcbe8a4,2021-12-14T04:44:10,BRAND5,753.98,aklkkal@gmail.com
ad404b29-28fb-48c3-8bda-88f1bdfbb977,2021-12-14T04:44:10,BRAND2,1.49,hbebacc@gmail.com
57eefd35-5414-4c6a-bf6c-d90066842e8a,2021-12-14T04:45:50,BRAND2,366.49,"""chejfcc llaeccl"" <chejfcc@gmail.com>"
e2561578-be28-4366-b371-56930bee2c8c,2021-12-14T04:46:40,BRAND4,181.17,ffcclfg@gmail.com
ecf6d447-2622-4634-a265-6b960af8378d,2021-12-14T04:47:30,BRAND2,922.05,bjgfchb@appple.com
a61bbf7b-42f7-47cd-ab9f-976b33b1f3f4,2021-12-14T04:48:20,BRAND2,46.36,eaikfgf@appple.com
11d0183c-4e69-4c0b-8581-9f5d0e9ecffd,2021-12-14T04:48:20,BRAND4,130.15,"""gfjbjfg kiaebij"" <gfjbjfg@gmail.com>"
fe568831-c487-4ceb-af0a-ad6b9fa2898e,2021-12-14T04:49:10,BRAND5,821.59,"""dalhgga bkbcblc"" <dalhgga@gmail.com>"
60abc4f6-0909-47bc-93ff-9c18da26983f,2021-12-14T04:49:10,BRAND1,637.20,ihckehj@gmail.com
5b962d27-449b-44d0-9f37-117804e05bd4,2021-12-14T04:50:50,BRAND2,586.76,gjdlefk@gmail.com
5d3cca58-84e4-4eba-92e7-42b4b0996c00,2021-12-14T04:51:40,BRAND2,844.15,kfladce@appple.com
3ed172cb-620a-4fc6-a054-dda14722c77c,2021-12-14T04:51:40,BRAND2,412.25,elfdkde@appple.com
cf81c621-40b0-4951-86ae-08ea7994c7d4,2021-12-14T04:54:10,BRAND1,191.37,gjegaak@gmail.com
b15573ea-48ab-4f9e-9ac7-48de697c692c,2021-12-14T04:55:50,BRAND2,61.03,"""ddailgb jllbaeh"" <ddailgb@appple.com>"
5360622d-a07c-4218-9661-d3e3bba89284,2021-12-14T04:55:50,BRAND2,932.51,"""lgikkii ghfkifc"" <lgikkii@gmail.com>"
a68ae155-a942-4f46-a77c-fc58aeec30cc,2021-12-14T04:56:40,BRAND2,592.84,efjhahg@gmail.com
69b31c47-707f-47ef-bf09-f619edcc0098,2021-12-14T04:56:40,BRAND3,306.30,gelfjck@yahoo.com
9cdfe0df-9d65-49b3-bd60-6b74dc4ef1fa,2021-12-14T04:57:30,BRAND1,782.44,gdldcig@gmail.com
7be2ff83-2caf-4300-91ec-f548eb56936f,2021-12-14T04:57:30,BRAND2,451.84,cblfble@live.com
dfa41fa5-42c6-4589-ae1e-faea48b76c11,2021-12-14T04:58:20,BRAND2,143.63,fgjabhl@hotmail.com
e8126b4a-1393-47b4-bc8b-f3fb78a43f75,2021-12-14T04:58:20,BRAND5,$965.65,"""ihlfcek dkedbdb"" <ihlfcek@appple.com>"
3444cb7b-77d9-45f1-bd4f-cb4f0644b8e9,2021-12-14T04:59:10,BRAND2,257.27,hfddbei@live.com
a85f5943-d7c9-4516-9d5a-37b21b66c255,2021-12-14T05:00:00,BRAND5,112.06,fjjiacc@gmail.com
f70cdeed-0f86-45ef-9c04-0dafc18f830e,2021-12-14T05:00:50,BRAND1,712.16,hbfkihe@appple.com
7bb238e3-e9e2-43ed-9324-41a5381fa91d,2021-12-14T05:00:50,BRAND2,467.40,"""addfbgj hifhkgk"" <addfbgj@gmail.com>"
8f43d7eb-3d1d-4fc9-8f09-5bf4858b55ad,2021-12-14T05:01:40,BRAND4,684.20,"""bldkdkb flkdhji"" <bldkdkb@live.com>"
4cadadc5-ea0f-4330-b028-8377c4b65b00,2021-12-14T05:05:00,BRAND2,706.50,"""laaigcd fekeikd"" <laaigcd@gmail.com>"
92319256-b55a-45e4-af87-a4eec444f0b2,2021-12-14T05:05:00,BRAND2,642.63,fhcffcf@live.com
87c20de3-0e81-4f7a-820a-8a809efee49c,2021-12-14T05:06:40,BRAND3,280.79,"""bfegacb baccbdd"" <bfegacb@appple.com>"
f135e212-b0c5-4e90-a863-d167a759b490,2021-12-14T05:07:30,BRAND2,141.11,"""felhhll jhgbfec"" <felhhll@gmail.com>"
4838a388-bf25-4e4a-b400-b2cb304d3d5f,2021-12-14T05:08:20,BRAND5,657.52,kldijgg@live.com
4a7b75b0-5b5e-41da-81eb-bebecf5e759b,2021-12-14T05:08:20,BRAND5,959.37,"""elkgefd cgllakg"" <elkgefd@appple.com>"
83843fa6-f4bc-40bd-ba1b-7ff138c7817b,2021-12-14T05:09:10,BRAND2,911.21,bbkbjlg@appple.com
e8ed77ca-9b8a-445f-87c2-770e327a67f0,2021-12-14T05:10:00,BRAND1,99.74,jaaabdi@gmail.com
b99645fe-92d4-4504-8498-4beb2c739156,Tue Dec 14 05:10:00 2021,BRAND1,820.14,"""eeggedi bacfhdl"" <eeggedi@gmail.com>"
d104eea8-2a24-4eb6-b4a7-4085bfa16f9e,2021-12-14T05:10:50,BRAND2,817.64,"""ijabckb hllegek"" <ijabckb@gmail.com>"
1e055dfd-4ba0-4c92-b741-4a086713d796,2021-12-14T05:10:50,BRAND2,436.57,ejclbhk@gmail.com
46177e47-8d28-4ee4-858b-ea1a34ea5bea,2021-12-14T05:13:20,BRAND2,537.60,lchlecc@gmail.com
3332c2b0-2d39-449d-bf5f-4dcda8d9c414,2021-12-14T05:14:10,BRAND3,204.25,bhiichh@live.com
fbe377d6-a3f9-429a-9ca7-3bfbaf02edab,2021-12-14T05:14:10,BRAND2,672.93,cdebejb@gmail.com
c2836e7b-abc5-47f8-a360-82415c7dc689,2021-12-14T05:15:00,BRAND2,298.67,gjkhedb@gmail.com
297b98cf-ea4e-4d50-8dcc-a5fa14a8bca5,2021-12-14T05:15:00,BRAND3,828.46,gkigacf@appple.com
3884be06-9820-49be-951b-3b58b8fdd033,2021-12-14T05:15:50,BRAND2,40.34,jlhikii@gmail.com
7d226a8e-f08a-4862-92a3-bd90299cdcf8,2021-12-14T05:16:40,BRAND2,635.71,"""lcibbkk jhafgeb"" <lcibbkk@gmail.com>"
7f28419d-c979-46aa-8431-fc19f898492f,2021-12-14T05:18:20,BRAND2,942.02,kgieaih@gmail.com
b800ff1f-c71c-42fc-9ddf-bb289756d264,2021-12-14T05:18:20,BRAND2,1.38,jidlief@gmail.com
3e5d0e60-61d5-40b6-bed4-99294578f0b8,2021-12-14T05:20:50,BRAND5,733.12,bghaecl@gmail.com
42d42f90-94de-4022-95f5-142ce61cc318,2021-12-14T05:21:40,BRAND1,581.85,jehjhjk@gmail.com
78e24ccc-c9b6-4b5a-9bb8-3498fe7dbd0d,2021-12-14T05:22:30,BRAND1,873.92,degbebg@gmail.com
7429e01c-368b-4e14-bdeb-d47aea21c006,2021-12-14T05:22:30,BRAND5,252.22,ljbaakb@yahoo.com
858df025-b327-4000-abf9-e9b1dd05c8b2,2021-12-14T05:23:20,BRAND5,813.17,jhjdceg@appple.com
13b7816b-00d2-49de-bf1e-c9adf7d8d812,2021-12-14T05:23:20,BRAND5,427.98,jideklg@gmail.com
446efbe3-232d-4954-abf0-511c4e0a5ae6,2021-12-14T05:25:00,BRAND3,705.86,hdbcgil@yahoo.com
035cb589-63c2-436b-9747-d6db915d0318,2021-12-14T05:27:30,BRAND5,35.97,ikfafgj@gmail.com
d1f2aab6-1b04-4fb3-979a-d4892f324fab,2021-12-14T05:27:30,BRAND2,30.80,"""hjgifhb ijkkbbf"" <hjgifhb@live.com>"
e4d9f963-ade9-4aa3-a5e0-01675c334887,2021-12-14T05:30:50,BRAND2,203.50,ahcijki@appple.com
576f69d0-5216-44d6-b103-3757b8f62ed4,2021-12-14T05:30:50,BRAND3,525.81,dfcllhl@appple.com
8bb1baa7-3429-4f39-93a2-e6dc540c2604,2021-12-14T05:31:40,BRAND2,423.34,egjjhkj@live.com
bc5030d1-0c91-41a1-966b-68dfa6338ee5,2021-12-14T05:31:40,BRAND3,153.10,"""gfhlicd dkkeife"" <gfhlicd@gmail.com>"
eaf7c7fb-6aa0-46b3-9d38-c76626ba71c2,2021-12-14T05:32:30,BRAND5,439.57,"""akhccae cjijfha"" <akhccae@gmail.com>"
826b671a-e94f-49fe-9c59-b2254dcaf8e8,2021-12-14T05:33:20,BRAND4,847.38,cgjaefb@yahoo.com
da880b6e-8a1b-4004-b304-b3b4e9271f14,2021-12-14T05:33:20,BRAND2,577.95,"""khecgge edkdaii"" <khecgge@gmail.com>"
224e82a7-7cdc-48d4-9844-5272d246edac,2021-12-14T05:34:10,BRAND1,714.95,"""dideiel ejikddb"" <dideiel@live.com>"
a0f6e914-233b-42a4-b207-3fe028f553f0,2021-12-14T05:34:10,BRAND2,756.33,iaaaicb@gmail.com
7c91e2d5-fa8c-41b5-bf84-160ee0e19953,2021-12-14T05:35:50,BRAND2,60.95,"""fjdbjgf ikkdgeh"" <fjdbjgf@gmail.com>"
b303fba5-2000-4a22-9db7-f2e63afd9db6,2021-12-14T05:39:10,BRAND5,75.61,"""kegjkch eaiehkf"" <kegjkch@gmail.com>"
3326b1bc-8f1e-472e-b179-727b8704f570,Tue Dec 14 05:39:10 2021,BRAND1,179.92,"""fllffgh aaihagf"" <fllffgh@appple.com>"
8586108d-16a8-4b50-8617-fec288afe1c9,2021-12-14T05:40:00,BRAND5,375.38,lddjeae@gmail.com
a0516075-eeae-4b79-a823-0a3df78b472a,2021-12-14T05:41:40,BRAND1,866.02,"""agaafbc hceahac"" <agaafbc@live.com>"
c0e7b936-eecc-4e1b-b5e4-2e31805da954,2021-12-14T05:42:30,BRAND5,905.38,kebaajf@appple.com
91dd281c-c860-4589-b0b3-3d730d158b10,2021-12-14T05:42:30,BRAND5,213.91,jgalkab@gmail.com
73c82881-5d4a-42d8-98f7-94e3b748df82,2021-12-14T05:45:00,BRAND2,789.90,"""cbdfaej gkkehlk"" <cbdfaej@appple.com>"
a4fedea9-4ee3-463a-8f38-97ae2fcb3c46,2021-12-14T05:45:00,BRAND5,379.25,dghlkfb@gmail.com
cecac61f-bc86-46bc-8d04-6bea8148be0a,2021-12-14T05:46:40,BRAND2,517.75,eicggdl@gmail.com
cfc34416-c409-4f92-90d0-87fe1d3ac618,2021-12-14T05:47:30,BRAND2,742.96,ildkagc@appple.com
0b15d7d9-7b4a-4858-baa6-ba45ce8142e1,2021-12-14T05:47:30,BRAND2,744.55,"""akbhlcd gfiflba"" <akbhlcd@appple.com>"
366bcf27-58d1-471c-a551-8fca9e31072f,2021-12-14T05:49:10,BRAND2,354.38,"""abldflh dgcbfkb"" <abldflh@yahoo.com>"
ceaac177-3838-4a30-ae65-e0d7b0302611,2021-12-14T05:49:10,BRAND5,867.60,kbfegjf@gmail.com
9e8e1649-98a5-4843-82f6-660a0a517ef4,2021-12-14T05:50:00,BRAND1,503.74,hjlfcll@yahoo.com
7375e72d-fc18-4b8c-a346-e50582a7afbd,2021-12-14T05:50:00,BRAND2,629.91,"""alcfbad bjlcfbe"" <alcfbad@appple.com>"
d8f0ec51-4ff9-490d-8e67-c94447e9d7f6,2021-12-14T05:50:50,BRAND1,261.45,"""iejhedl dibhflj"" <iejhedl@gmail.com>"
0d4597b3-f8d9-450c-ae70-3d63ed06d186,2021-12-14T05:50:50,BRAND2,78.39,"""jgjkcee aelgleh"" <jgjkcee@gmail.com>"
c04303df-8ec5-40f7-bb69-070c5ab5c0b8,2021-12-14T05:51:40,BRAND1,2.15,fiagfge@gmail.com
af7bc10d-261e-4cc7-b328-3c03305e51b1,Tue Dec 14 05:52:30 2021,BRAND5,147.86,"""hkllbak ihckhib"" <hkllbak@appple.com>"
c5693830-f8b0-4041-8b85-37cd78d5310c,2021-12-14T05:53:20,BRAND2,128.10,"""lalkdbd biikidf"" <lalkdbd@gmail.com>"
4bc73eca-6230-488d-b12b-da709cd1144f,2021-12-14T05:55:00,BRAND5,309.79,cejeddl@gmail.com
021337e1-c761-47f0-8940-9c853be6a6b0,Tue Dec 14 05:55:50 2021,BRAND2,302.56,"""bjbaegl fehkdkb"" <bjbaegl@gmail.com>"
6f1b328d-1d54-4630-8d9e-c268848ab13c,2021-12-14T05:56:40,BRAND5,773.50,kgkbdll@yahoo.com
8b0539f8-2a6f-4163-b8ac-89803c37b1fb,2021-12-14T05:57:30,BRAND5,97.44,"""lfhhbak heefddd"" <lfhhbak@yahoo.com>"
03607142-e1eb-4bc4-bf1b-eea4f6d1c463,2021-12-14T05:57:30,BRAND1,596.19,ghggahi@gmail.com
e07a8990-1254-4676-9ad5-418685048883,2021-12-14T05:58:20,BRAND2,110.43,bajigjb@yahoo.com
f2b54bcb-ea23-4363-8015-1ac757b949df,2021-12-14T05:58:20,BRAND2,443.86,blaicgk@gmail.com
db2fddb9-0c61-4473-8027-2aa9dec1da65,2021-12-14T06:00:50,BRAND2,267.73,"""dhafcjd hfeccef"" <dhafcjd@live.com>"
4b15a7c8-d77f-46e2-8f63-82a3dc4a664e,2021-12-14T06:01:40,BRAND4,303.50,"""gjkkhic cbgebhl"" <gjkkhic@yahoo.com>"
c68b58ad-4885-4815-a2e8-504a733c6756,2021-12-14T06:01:40,BRAND2,529.46,icjkaib@appple.com
204ea383-1634-4f52-87d6-6f544319e92d,2021-12-14T06:03:20,BRAND1,490.68,"""dlddjgg aelhali"" <dlddjgg@gmail.com>"
3971ce96-af5d-494a-85e3-86b9aa963d78,2021-12-14T06:03:20,BRAND5,295.78,"""ghebeci ckechcf"" <ghebeci@gmail.com>"
18592dbf-fac1-438a-976f-f48059e396fb,2021-12-14T06:05:00,BRAND2,376.44,"""klkilel jfdjcla"" <klkilel@live.com>"
0e20083b-2896-4ad8-8a92-4eef0890e661,2021-12-14T06:05:00,BRAND2,58.98,"""bbihdbj iilchbl"" <bbihdbj@live.com>"
3b67f691-97ec-4261-af67-bbc1f2f81a03,2021-12-14T06:05:50,BRAND2,663.79,diibhic@gmail.com
c3829084-63dd-4429-8f57-f013080d7204,2021-12-14T06:05:50,BRAND1,850.04,"""ibbjhlb edblkal"" <ibbjhlb@gmail.com>"
f02722bd-5e19-4af0-8c36-3da1e2a45dd0,2021-12-14T06:07:30,BRAND2,27.44,"""fejbkfb jkjbhhl"" <fejbkfb@appple.com>"
410417d5-1bbe-4a9f-ab3b-290f3a93189e,2021-12-14T06:07:30,BRAND5,857.60,biffcii@gmail.com
5dfd9e4b-23ff-4b38-8a67-aa8c83b7cf4d,2021-12-14T06:09:10,BRAND2,658.55,"""bbaldaj gcehdid"" <bbaldaj@yahoo.com>"
6907b48d-22c7-4c4d-85e0-478a12ec17f8,2021-12-14T06:09:10,BRAND2,283.73,"""cgfiida bgcjdeg"" <cgfiida@yahoo.com>"
4d710837-6ce4-4b65-801e-c09df3380650,2021-12-14T06:10:00,BRAND1,202.59,"""fecjjgj cggdlli"" <fecjjgj@appple.com>"
a0dab4c1-8e1e-4c5f-afa9-2b27673a2c91,2021-12-14T06:10:00,BRAND5,946.89,lgacecj@hotmail.com
c2351343-9972-43ff-8e71-8c5f40a4af11,2021-12-14T06:10:50,BRAND5,768.43,ldlhjfk@gmail.com
4dd81500-f26f-4851-80dd-763588fec999,2021-12-14T06:10:50,BRAND2,568.58,kaajecj@appple.com
f0d26d82-704b-4406-8984-36545c6e1a5e,2021-12-14T06:11:40,BRAND4,23.46,lgkjdgc@gmail.com
8c593ac3-da1e-4a73-9ea4-cded4bd7253c,Tue Dec 14 06:13:20 2021,BRAND3,179.79,"""ekicdeg kfacedb"" <ekicdeg@gmail.com>"
fc52989d-bad9-4447-9e24-5490f7d5d4c4,2021-12-14T06:14:10,BRAND5,551.75,ekcbghf@gmail.com
5bbab931-443b-4ecc-b4fb-f3883d1116b8,2021-12-14T06:15:50,BRAND1,177.15,jjihibk@gmail.com
887458be-50cc-4864-a3bd-ce29354bf81d,2021-12-14T06:15:50,BRAND2,16.11,hkikbkb@gmail.com
01a72a68-75a7-418e-a013-634e863b4823,2021-12-14T06:17:30,BRAND4,$511.50,hhkcjch@appple.com
ae3f404f-a7c6-4825-96ea-f3f9fcb56ec1,2021-12-14T06:18:20,BRAND5,876.08,cbjfikl@gmail.com
b4a43d8a-6b85-4841-87e3-fe127c6c2326,2021-12-14T06:19:10,BRAND5,581.27,"""eddffle dlchdic"" <eddffle@gmail.com>"
a365f916-1bbe-4b65-aab6-c12f0f2fb1d7,2021-12-14T06:19:10,BRAND4,645.99,"""gcdjgel gelhjbj"" <gcdjgel@yahoo.com>"
eeaefff7-9f26-4964-a35e-d99be9cb3437,2021-12-14T06:20:00,BRAND1,874.37,fagghfc@gmail.com
ad8a1f2f-953d-4c55-a99f-eb9707315528,2021-12-14T06:20:50,BRAND2,696.22,jilljli@appple.com
2e9a103c-171c-4068-a49d-34f3bf2b8b1d,2021-12-14T06:21:40,BRAND5,743.98,bbacabi@appple.com
cece12d0-ff03-479d-b728-d8d6b9724460,2021-12-14T06:21:40,BRAND2,194.36,khailbg@gmail.com
1e1366c3-c5a2-49c7-85be-c179d8d308b9,2021-12-14T06:22:30,BRAND1,608.99,cbkhdej@gmail.com
8b27db47-5a9d-4f5b-8cd8-2d052c2dd709,2021-12-14T06:23:20,BRAND2,764.04,dlhecje@yahoo.com
638dc4e2-6700-4e15-860e-12435ec036e9,2021-12-14T06:23:20,BRAND2,447.80,"""hdebikl chjjelb"" <hdebikl@gmail.com>"
01e4f925-70b5-483a-85e0-8a16d31b2203,2021-12-14T06:26:40,BRAND5,306.39,caljcaa@yahoo.com
b2914eb9-9387-41b5-92ec-240d97173728,2021-12-14T06:27:30,BRAND2,241.97,albccaa@gmail.com
33cdfe9b-af19-4206-8af0-f0f1a933d888,2021-12-14T06:27:30,BRAND2,83.47,"""kcgkgff iffgbgb"" <kcgkgff@gmail.com>"
4aa080c9-9452-485f-995f-d3c4116a8f64,2021-12-14T06:30:00,BRAND2,952.96,"""bbkacil ceglafc"" <bbkacil@gmail.com>"
488b9267-24f8-4360-b24e-cd944cad0267,2021-12-14T06:30:50,BRAND1,212.94,djckbgg@hotmail.com
819b6d75-92cc-4cdc-b189-0ac3138302e3,2021-12-14T06:31:40,BRAND5,3.14,"""dkckejj eeiddej"" <dkckejj@live.com>"
1a08d562-9987-46d6-80d4-5d64069b6daa,2021-12-14T06:31:40,BRAND2,660.83,"""jgagiak gfijhaj"" <jgagiak@appple.com>"
7efec88c-0d58-418f-9a9e-c5119e85453f,2021-12-14T06:32:30,BRAND2,215.29,"""dbddlde kkbdjji"" <dbddlde@yahoo.com>"
d25c6592-28e2-4d7a-bcfd-19b5a37e30b2,2021-12-14T06:32:30,BRAND5,325.07,acgcilc@yahoo.com
44af7094-34b3-4cde-9299-9b0442baaf2c,2021-12-14T06:33:20,BRAND2,939.95,"""gdkabgg ghakjaf"" <gdkabgg@gmail.com>"
86941e31-0f3a-4bb9-8990-9083a216fe44,2021-12-14T06:34:10,BRAND5,283.03,bcfagfe@gmail.com
dbbb8ce2-565d-4206-8b74-1143d86007bc,2021-12-14T06:34:10,BRAND1,480.30,"""aldeckd lhdahgl"" <aldeckd@gmail.com>"
e5b73396-7057-485d-a7c6-5c5db36a5ea9,2021-12-14T06:35:00,BRAND1,373.87,kglgjkb@live.com
47a46848-64d3-428f-85a1-2948f0300d51,2021-12-14T06:35:00,BRAND5,897.90,"""biiciai jdefblb"" <biiciai@gmail.com>"
a4693851-8c81-454e-8f09-27fe63600522,2021-12-14T06:35:50,BRAND5,61.46,"""ifkagaj eciabak"" <ifkagaj@appple.com>"
97d39468-6963-480b-b9ac-7a1418b42a8b,2021-12-14T06:36:40,BRAND1,361.30,"""kfblfdd eklbega"" <kfblfdd@gmail.com>"
65a8a213-e317-414b-80ee-07893caa90d0,2021-12-14T06:37:30,BRAND1,313.38,"""hacldeg fjdaeba"" <hacldeg@gmail.com>"
43b0d0a1-31f8-425d-bffe-2d1d73bc69f8,2021-12-14T06:37:30,BRAND1,511.87,"""gilklah cddifie"" <gilklah@gmail.com>"
fd851d7c-5c8b-40f9-85e3-5cf6dd02827a,2021-12-14T06:38:20,BRAND5,832.01,jcgikje@gmail.com
b559771e-bdbe-48ce-83c3-5cb00a47527d,2021-12-14T06:41:40,BRAND2,488.96,ggchacb@appple.com
50f98bb7-519c-426e-8672-08f74803a6f8,2021-12-14T06:42:30,BRAND1,336.29,ikfacdh@yahoo.com
b316353f-3584-4f46-b011-679b1e7eb353,2021-12-14T06:43:20,BRAND5,95.15,gkaldaj@appple.com
225bd8af-325d-4802-b5c1-e7b622bf92ec,2021-12-14T06:44:10,BRAND5,320.00,jjefflc@appple.com
55dc7eba-9887-4839-b067-c2b8e764ab76,2021-12-14T06:47:30,BRAND2,804.01,clifagg@appple.com
2932e7c1-e14c-4c72-a002-91b9dfafd4b7,2021-12-14T06:50:00,BRAND2,219.90,kgegbjg@appple.com
d3fc2aaf-380e-4ddd-a916-9536d6661c92,2021-12-14T06:50:00,BRAND3,437.66,efceeab@appple.com
9578c7fb-b2b1-49b8-92dd-59455bf54a6d,2021-12-14T06:52:30,BRAND2,403.66,iihckjc@appple.com
b5cf616a-7a62-4dfa-9612-da6f05064ba1,2021-12-14T06:53:20,BRAND1,58.32,cfibkca@gmail.com
1ddcc99e-6c23-444c-a172-b9c5c389bc07,2021-12-14T06:53:20,BRAND1,586.02,"""lleibbh hfkigih"" <lleibbh@appple.com>"
77763dae-729f-4ab3-8188-453a15930fa3,2021-12-14T06:55:00,BRAND1,283.25,"""ckecgai ahhhaha"" <ckecgai@gmail.com>"
ebbe000f-4def-4ab4-baeb-bcdeac6bfbef,2021-12-14T06:55:00,BRAND5,580.77,lhbkjbe@gmail.com
9df97d7a-d75e-47ca-bef8-83de11b6e434,2021-12-14T06:57:30,BRAND1,311.01,"""gajdbfc ffjhccj"" <gajdbfc@live.com>"
94865f12-48e4-401d-b196-28ddc00fa854,2021-12-14T06:57:30,BRAND4,86.39,abdgefe@gmail.com
c7c9dd42-a0d7-4dd3-92ce-64b7b81ad676,2021-12-14T06:59:10,BRAND1,204.86,libcgie@appple.com
ef5e76dc-0d86-4931-ba66-ba3e70d8acd0,2021-12-14T06:59:10,BRAND2,618.59,"""dhjkfhd kcjhcji"" <dhjkfhd@gmail.com>"
a0259198-ed9a-477b-9656-6c8c611b128f,2021-12-14T07:00:00,BRAND5,277.74,bbfedhc@gmail.com
ef07c418-b580-44ae-b672-ee6fc6a67265,2021-12-14T07:00:00,BRAND2,867.34,"""chiljaa daafadf"" <chiljaa@yahoo.com>"
b3e098ab-9df5-45ee-8a91-93f0b643613e,2021-12-14T07:00:50,BRAND1,917.24,ahdhdif@appple.com
1aeac55c-d62f-41d6-98dd-3b1673e7bfdd,2021-12-14T07:02:30,BRAND2,691.55,jliiilg@gmail.com
1a9fc7ce-4271-4c68-91d8-bf8a61e04b4a,2021-12-14T07:02:30,BRAND2,658.26,hhlajhf@appple.com
6dfd5bb5-a49d-4206-9a0e-6ea485e21391,2021-12-14T07:05:00,BRAND3,$222.46,djdgdak@gmail.com
3857cda0-2c0d-40fa-97c9-39a85104e6bb,2021-12-14T07:05:00,BRAND2,607.09,"""hdjbbaj fdhhghi"" <hdjbbaj@appple.com>"
fcc201da-3959-4a70-88d7-2205e5ac2d0e,2021-12-14T07:07:30,BRAND5,441.35,faehadj@gmail.com
c33a4461-398d-4bee-93b9-64777cff941e,2021-12-14T07:09:10,BRAND2,253.82,ilabdeh@gmail.com
9f9a6f4a-7abc-4f69-842b-9480973d67b8,2021-12-14T07:09:10,BRAND4,221.28,"""icbekbg ckbdjlb"" <icbekbg@yahoo.com>"
da4f9766-febd-44ad-996c-823763b4318e,2021-12-14T07:10:00,BRAND2,545.85,"""gkdeefc ejhbckk"" <gkdeefc@appple.com>"
7f57da18-ed92-47a2-b0c6-62eb6ae5c903,2021-12-14T07:10:50,BRAND5,890.20,"""haigjhb djchbaf"" <haigjhb@yahoo.com>"
7ed7ed87-73dd-4b25-a163-44570028f8b7,2021-12-14T07:10:50,BRAND2,120.36,klaakji@gmail.com
80caa4c1-aad1-430d-b181-06958f61933e,2021-12-14T07:12:30,BRAND2,578.47,"""ihlaaib fbgbhfj"" <ihlaaib@appple.com>"
27d00c04-d0a3-442b-a69e-00375a4375cc,2021-12-14T07:14:10,BRAND2,990.83,cadgddi@appple.com
acdec3d4-0f9f-4893-a03e-c35360d23ca4,2021-12-14T07:15:00,BRAND5,178.74,hgiebdh@yahoo.com
a9f78002-5d77-4bf3-8e0e-9e292e8d81b0,2021-12-14T07:15:00,BRAND5,89.04,lfhfdgk@gmail.com
a0cd161d-1c56-4e23-abbe-75a18bd3139f,2021-12-14T07:18:20,BRAND1,468.15,eljhgie@gmail.com
8fdfe05e-9c02-4d1f-9f1a-8d7843903dec,2021-12-14T07:19:10,BRAND2,524.28,"""gbdbkdi fecbdbe"" <gbdbkdi@appple.com>"
eac9dca4-8320-4d71-a21c-2b939beef3de,2021-12-14T07:20:00,BRAND2,937.79,iledhba@appple.com
030ee230-1efd-4210-8ec7-3cdd948d45a2,2021-12-14T07:21:40,BRAND5,776.23,"""eacbfhf gdllifc"" <eacbfhf@appple.com>"
73f413c6-cb3a-4732-ac85-5c1e8b4c6ea5,2021-12-14T07:21:40,BRAND1,933.93,alefjfc@hotmail.com
e55644eb-b166-4c79-94bb-e4de54f9eb13,2021-12-14T07:23:20,BRAND2,928.06,ldgdjea@gmail.com
85a10965-28ed-464f-b4b7-9e9de0452be8,2021-12-14T07:23:20,BRAND2,200.59,jaeiccb@gmail.com
78dea85a-361e-41ff-8c8b-e25575d84c08,2021-12-14T07:24:10,BRAND2,960.48,bejdade@gmail.com
01afa6f3-7066-4446-9499-6c7e82b26b2b,2021-12-14T07:25:00,BRAND2,325.45,fbkjfdg@live.com
1e57f274-cfcd-4ca9-963f-da44551bc0b3,2021-12-14T07:27:30,BRAND2,311.59,jlkaefk@gmail.com
e4574540-4314-441d-85f6-64ba2fe27803,2021-12-14T07:29:10,BRAND2,$632.04,agdckbc@live.com
9fbeb667-e5e1-4084-8497-2833265327fa,2021-12-14T07:29:10,BRAND1,917.70,"""jiljkbe ibhkhfi"" <jiljkbe@gmail.com>"
4bc76979-b771-40f1-add8-cada05c1b7eb,2021-12-14T07:30:00,BRAND2,866.04,"""fcdlccd agbhclg"" <fcdlccd@gmail.com>"
bbcbce8d-4df6-46d4-b24b-f533264e6a26,2021-12-14T07:30:00,BRAND5,919.54,"""keejkhb dbcjbda"" <keejkhb@yahoo.com>"
5e8ab3ec-84db-4d8a-bb1d-e451806e6ad6,2021-12-14T07:31:40,BRAND3,395.43,effcage@gmail.com
2058a0a0-8fb4-406d-9e1c-5bd52dca2c10,2021-12-14T07:31:40,BRAND2,498.76,"""eheihef accdclk"" <eheihef@appple.com>"
539b1056-5872-4d2a-abb1-c2f9769a33c2,2021-12-14T07:32:30,BRAND2,808.25,"""ijkkdle bafcaji"" <ijkkdle@appple.com>"
400e5628-6c41-4839-862a-8394af30fdf0,2021-12-14T07:32:30,BRAND2,710.34,"""kagaibg adjcakb"" <kagaibg@yahoo.com>"
952ad3de-609c-4eb0-b42a-309a26d8021f,2021-12-14T07:34:10,BRAND5,845.76,aiagkhi@gmail.com
79aed545-417f-403c-9ba3-53bb58112c78,2021-12-14T07:35:00,BRAND1,556.00,jlblbcc@gmail.com
a073979c-8c99-463b-aa9e-728217f7b158,2021-12-14T07:35:50,BRAND1,947.07,hhfibci@live.com
733edba6-a14a-4fd9-bfc0-ef395ddd9c3e,2021-12-14T07:35:50,BRAND5,993.08,"""cklijhe aabckcd"" <cklijhe@live.com>"
cf049a26-5f5c-48d2-a60e-96d1cf4b2655,2021-12-14T07:36:40,BRAND5,752.79,llcchdc@appple.com
798ffeeb-a97c-413c-bda8-17480182ed67,2021-12-14T07:37:30,BRAND5,562.72,fhgcihf@appple.com
c8b15741-3181-456f-988b-8a1ea07035d3,2021-12-14T07:37:30,BRAND1,387.50,ckcaefd@gmail.com
9f160c9f-c6c3-4722-a416-ac061112c868,2021-12-14T07:38:20,BRAND5,634.00,"""kigiihe glkbigd"" <kigiihe@gmail.com>"
1b7adbb1-baba-4c2e-8d42-b6a43839cd49,2021-12-14T07:38:20,BRAND2,949.58,gcekddc@yahoo.com
f15af83f-ba39-45cd-851b-2b2bf609c8ba,2021-12-14T07:39:10,BRAND1,383.14,gdiegle@appple.com
e8e033e0-4a2c-4776-8c21-8677262f1dff,2021-12-14T07:41:40,BRAND2,230.15,"""lchaghh fgeghlc"" <lchaghh@live.com>"
6e586f3a-bab9-4513-9c05-ae6b0394d46b,2021-12-14T07:43:20,BRAND2,760.01,gagbajg@appple.com
72c67e0e-80ee-487b-92e8-a0756da5b4b2,2021-12-14T07:44:10,BRAND2,241.16,"""hkjckgj ijdkleh"" <hkjckgj@live.com>"
87a5c960-d289-4c21-96b6-c978b11f731b,2021-12-14T07:44:10,BRAND4,442.13,jehkekh@gmail.com
08cd8bb2-d5a8-4908-9b68-4e4524e4d7df,2021-12-14T07:45:50,BRAND2,764.00,lhgaghj@appple.com
990ff342-324c-48a8-9adb-ccd8e7e0109c,2021-12-14T07:45:50,BRAND2,502.94,cgfhaal@gmail.com
9bad7dd1-7141-4c83-8175-de1842cf4624,Tue Dec 14 07:46:40 2021,BRAND2,433.63,bgkcaje@appple.com
0c588fa3-3c91-4454-a2e4-d8db27fc7abe,2021-12-14T07:46:40,BRAND2,751.21,"""dkejhdc hkjjaae"" <dkejhdc@gmail.com>"
bf984869-e856-4fee-accb-1b7d2621fe76,2021-12-14T07:47:30,BRAND2,396.30,jigidfj@gmail.com
3cfa401f-fa53-4417-a308-e0a2e6a657dd,2021-12-14T07:48:20,BRAND2,736.25,"""ajkcfhb ikcjaai"" <ajkcfhb@gmail.com>"
166fa333-4b05-45c2-8995-ce6c435ce3c6,2021-12-14T07:49:10,BRAND2,850.86,"""khjfbck alcdjlk"" <khjfbck@gmail.com>"
f64f0c52-16f8-433e-8ae9-27dfdb725970,2021-12-14T07:50:00,BRAND5,135.85,ldifgkd@gmail.com
d1278a44-5173-44d6-9bf3-57ef6eee6a6f,2021-12-14T07:50:50,BRAND2,275.53,"""dlldkkg hcaaeij"" <dlldkkg@gmail.com>"
89de00a7-cc1c-433e-94e1-af1759b3129b,2021-12-14T07:52:30,BRAND2,792.83,"""ekkkaeb bldbfje"" <ekkkaeb@appple.com>"
863fbf48-bc21-43a6-aed3-82ad05785a11,2021-12-14T07:53:20,BRAND1,107.29,haljjcc@gmail.com
b7295080-aba9-45fc-827f-bbf927c705f6,2021-12-14T07:53:20,BRAND5,974.73,gbaadbh@appple.com
b17ccc95-9f5b-48d7-9d42-ea53896d6e21,2021-12-14T07:54:10,BRAND2,828.16,dlfahji@appple.com
ca3a3d9d-4752-4a17-92cb-f327696155ce,2021-12-14T07:54:10,BRAND2,315.86,aafjajd@gmail.com
cee0f58f-552a-4b04-847e-7a98e04a0d9e,2021-12-14T07:55:00,BRAND2,661.25,"""ldehcie aafdjel"" <ldehcie@hotmail.com>"
d4d2baff-fc3e-48f0-bd03-60ef411c49e7,2021-12-14T07:56:40,BRAND1,441.56,dgeicfg@gmail.com
7d66a6d2-58bf-4d07-b801-12ea1bf75dbf,2021-12-14T07:56:40,BRAND5,775.30,akceeag@appple.com
30f66034-fd22-4cbe-8b99-f9298ab981ab,2021-12-14T07:57:30,BRAND2,334.17,afflaij@gmail.com
4ad4a7ab-c8c8-422f-83f9-4168630d47ae,2021-12-14T07:58:20,BRAND1,257.13,"""gkjkhhe gjhkbkc"" <gkjkhhe@gmail.com>"
d4ebb87a-865a-49dd-9779-53a8ec781ccf,2021-12-14T07:58:20,BRAND1,957.78,ljdfbll@yahoo.com
04610bb4-0848-449a-8840-b781785102cb,2021-12-14T07:59:10,BRAND2,384.50,khkgfib@gmail.com
3452089a-781e-4f52-963a-1ffcde07a9b8,2021-12-14T08:00:50,BRAND1,477.22,iakhkkk@gmail.com
35d91075-b217-4be9-b549-201a94990579,2021-12-14T08:01:40,BRAND1,698.05,biegdgk@yahoo.com
d21b6a02-d05e-443d-aeb8-0fd42679caae,2021-12-14T08:02:30,BRAND2,293.85,"""bjbeggh bbdfhgk"" <bjbeggh@gmail.com>"
18aa5e27-ba5c-48a2-862f-b3b35ca174fb,2021-12-14T08:03:20,BRAND5,762.88,"""akkheej kelbeca"" <akkheej@gmail.com>"
172f89b9-796a-43ee-9285-7a805cd5adac,2021-12-14T08:03:20,BRAND2,212.12,lajcgld@gmail.com
e4194956-70aa-4398-af61-f416b479310e,2021-12-14T08:05:00,BRAND2,562.91,kfgjbeh@gmail.com
33cbb1f7-1948-4f60-a234-91ec076b0978,2021-12-14T08:05:50,BRAND2,872.10,ihdbkbg@gmail.com
057b6191-46dd-492d-86b7-672ad98b4aa9,2021-12-14T08:06:40,BRAND2,790.71,kjkcbci@appple.com
6a4801ab-ad0c-4190-9d42-76063ef5467a,2021-12-14T08:06:40,BRAND1,797.89,"""cjgljhi cbibibf"" <cjgljhi@hotmail.com>"
d9d3ad6e-04f8-4d1d-87dd-db2fee1b5829,2021-12-14T08:07:30,BRAND2,506.42,bgllfkh@gmail.com
b4eea7bf-133e-425f-8ea4-d13d55786855,2021-12-14T08:07:30,BRAND2,128.47,dagihcc@appple.com
2fdd7343-eaf5-4643-a0b0-ab5a2cb1bb80,2021-12-14T08:08:20,BRAND2,409.26,ehcbbjf@gmail.com
a3696eae-01b0-4ceb-8df1-d3ddb5d1ad89,2021-12-14T08:08:20,BRAND2,52.66,"""afcbdbc ciigdfc"" <afcbdbc@appple.com>"
35ac420c-12bd-45ed-b319-6f83e4ed4069,2021-12-14T08:09:10,BRAND5,324.48,kiljbcb@gmail.com
ed987c0f-147f-4cb5-bff1-c29514239011,2021-12-14T08:09:10,BRAND5,226.26,"""kccflik ckhhacc"" <kccflik@gmail.com>"
9d3761db-c532-4990-8c30-63388e6ba4b5,2021-12-14T08:10:50,BRAND5,742.99,hckjchg@gmail.com
1f58aa5c-761f-4fb8-97c9-aacdcab3a7f5,2021-12-14T08:10:50,BRAND2,456.37,"""difheli chbgbhi"" <difheli@appple.com>"
5bc8423a-8a76-4f41-88f0-57dcbc9fc6cf,2021-12-14T08:12:30,BRAND2,115.43,"""flagdel cdchjje"" <flagdel@appple.com>"
79abf7a3-9c5e-4e96-abd9-92705c8c231c,2021-12-14T08:13:20,BRAND2,590.57,ekifgij@gmail.com
29271eb6-3d57-495c-b3db-19fa340d9c0e,2021-12-14T08:13:20,BRAND1,713.11,"""glclgfd ebhlicd"" <glclgfd@live.com>"
e4b67fed-854a-4142-ab37-5ce455ad69fe,2021-12-14T08:15:00,BRAND2,784.63,"""efgfgdl caeccdl"" <efgfgdl@gmail.com>"
1e2b1632-49b9-41f2-8302-577d3a56eaeb,2021-12-14T08:15:50,BRAND2,162.12,"""dkcdlil bfecfek"" <dkcdlil@gmail.com>"
70f973e1-7754-4db7-87f0-de0df0de5a7a,2021-12-14T08:17:30,BRAND4,409.83,"""kdeejgf eigfaff"" <kdeejgf@gmail.com>"
ff9aaa73-d332-45b9-b0cb-c5f7ea984854,2021-12-14T08:17:30,BRAND1,937.20,clcjaba@gmail.com
04655846-f6e8-496a-8426-e675ff206d9c,2021-12-14T08:18:20,BRAND5,873.98,jjajhgj@gmail.com
7cfa463f-6c7e-4187-8e75-822486ff0ee0,2021-12-14T08:20:00,BRAND2,56.81,dfggkig@gmail.com
a761d506-f9fe-46e2-9838-37139aeb5735,2021-12-14T08:20:00,BRAND2,791.86,"""lkblkie klchfke"" <lkblkie@yahoo.com>"
56600bf5-0547-4c84-8a02-1832852a71c7,2021-12-14T08:20:50,BRAND1,837.87,"""lakjfkj aggjajc"" <lakjfkj@gmail.com>"
7268674c-dc72-4fac-b2e8-0f610ce7762b,2021-12-14T08:21:40,BRAND1,112.62,ldjjgaf@gmail.com
e5282a50-3bbe-4ab6-8e7a-bd3c96182220,2021-12-14T08:22:30,BRAND2,898.90,"""ikbefgc ehgcifg"" <ikbefgc@gmail.com>"
ad4de7a4-4e33-4546-a76a-585be6bb9221,2021-12-14T08:25:50,BRAND2,530.24,lhaagha@gmail.com
6c20174e-dce6-4f68-ae87-28e09477c7a7,2021-12-14T08:25:50,BRAND5,709.53,aakjefg@gmail.com
8c03a7ce-469b-445c-b82f-980e5c63a8d1,2021-12-14T08:26:40,BRAND2,945.73,aicgcde@live.com
7882c6eb-1326-4a74-b193-dc478b858126,2021-12-14T08:26:40,BRAND4,963.89,gjcddae@gmail.com
5c58fcf8-b585-4aa1-bbdf-4b77eef6a1f1,2021-12-14T08:27:30,BRAND2,742.31,"""icllbll ecfckjj"" <icllbll@gmail.com>"
b500b17a-0c7b-4ad4-912b-501636dc1129,2021-12-14T08:27:30,BRAND1,733.86,"""cicekff kcafgif"" <cicekff@gmail.com>"
2a856f30-2cba-4f0f-804e-745b1b737fc9,2021-12-14T08:28:20,BRAND1,759.31,fkhbfjg@gmail.com
96ca52f3-7f37-466e-b5de-1efa59b816d2,2021-12-14T08:29:10,BRAND5,842.21,idbhdgc@live.com
0dcd74dc-e095-42f1-bb75-98df563b6a8b,2021-12-14T08:29:10,BRAND2,23.99,"""lealija jjhhfei"" <lealija@live.com>"
f9bd558d-cf23-4e48-af33-f7de640bd5b9,2021-12-14T08:31:40,BRAND4,55.15,bafiifi@live.com
594837fc-68a4-4e82-bf30-928b2d621fa8,2021-12-14T08:32:30,BRAND2,848.54,eideeid@gmail.com
49d0e168-95a9-43f7-81ba-757aa24bd6f4,2021-12-14T08:32:30,BRAND2,233.70,ijebfha@yahoo.com
2942d91d-0325-4404-97ed-99fa72d192a1,2021-12-14T08:34:10,BRAND2,174.45,kkliiia@gmail.com
ee15cda6-615d-4a50-a1e6-e861b72cda52,2021-12-14T08:35:00,BRAND2,837.03,dceaghd@gmail.com
8f1207fa-df3c-4470-940a-f72ca9dffca3,2021-12-14T08:35:00,BRAND2,525.94,"""jljbhaa djaflha"" <jljbhaa@gmail.com>"
d59432fe-d539-4756-89cf-6c769341c28c,2021-12-14T08:37:30,BRAND2,837.63,"""bfjegki kihlbif"" <bfjegki@gmail.com>"
76cb8376-823b-4ac0-aef9-cf9b89aae0ac,2021-12-14T08:37:30,BRAND2,998.47,dchdlgc@live.com
7cd92b61-5ee0-45a6-a81e-7defbc0c9ee6,2021-12-14T08:38:20,BRAND5,431.43,fiifdhk@gmail.com
7713f6f8-04ac-40f6-b6b1-c864ae395bf7,2021-12-14T08:40:00,BRAND2,768.94,hdkdhlf@gmail.com
5d8bc544-7afd-43c4-a774-d638b5e0594a,2021-12-14T08:40:00,BRAND1,13.82,aflfalj@live.com
4da0ed1d-c760-476a-9803-52cddafbdb98,2021-12-14T08:41:40,BRAND5,477.13,"""elhccfj lklhkbk"" <elhccfj@yahoo.com>"
c225dd00-f5f9-47fa-af13-2294b8767158,2021-12-14T08:41:40,BRAND2,388.54,ldlikef@gmail.com
2f952fc3-aed1-41c9-b06d-f263eee9ffc1,2021-12-14T08:42:30,BRAND2,487.90,"""fljkibj lclceej"" <fljkibj@gmail.com>"
213f163c-1684-48e1-bf73-f3e0ac3db860,2021-12-14T08:42:30,BRAND2,88.03,"""cdbjlkj elfggji"" <cdbjlkj@appple.com>"
3dc89407-ac6f-49a0-8112-d2fc6ac1fbc4,Tue Dec 14 08:45:00 2021,BRAND4,597.69,gdbhbcg@appple.com
29ee9639-55cb-401c-803f-ee6dd4533e42,2021-12-14T08:45:50,BRAND5,422.74,gdabkhj@gmail.com
ac9bc896-db25-4698-923a-589f3fe3a4ef,2021-12-14T08:46:40,BRAND2,84.11,iicllbi@gmail.com
2893c809-7cb2-4bd3-b53a-13d34c5958c1,2021-12-14T08:46:40,BRAND5,72.38,"""khghhfi dgaebke"" <khghhfi@live.com>"
e9364d8e-27e9-49f4-800b-1e2493a91ef9,2021-12-14T08:47:30,BRAND2,325.95,kcghgbe@live.com
9ad6f442-9b8a-4cd4-b247-4b32bf7b6210,2021-12-14T08:47:30,BRAND2,303.69,eehlahj@appple.com
40055502-1d1b-45ce-b3e3-3ca28449a4c7,2021-12-14T08:50:00,BRAND1,951.75,"""llcfadf eeldfag"" <llcfadf@appple.com>"
78aee72b-57ad-4c07-9252-77ce146d3d74,2021-12-14T08:53:20,BRAND2,589.26,ahjfceh@gmail.com
a079661f-2a8d-4ec5-a269-4a3359b61019,2021-12-14T08:53:20,BRAND2,371.72,ikaeaaf@appple.com
af7568e5-01c7-41e5-94b8-106da454b0e2,2021-12-14T08:55:00,BRAND3,77.88,jhajbeg@gmail.com
a3da17b7-b47b-4538-b4e6-0a369ad2c3d1,2021-12-14T08:55:50,BRAND5,200.76,ifhcffg@gmail.com
41dbf20d-7368-4276-91fb-f6267e1bfe04,Tue Dec 14 08:55:50 2021,BRAND2,568.02,"""ejlbafe ccicjgi"" <ejlbafe@appple.com>"
fa878afe-cadf-4e45-a2a7-18be4088522a,2021-12-14T08:56:40,BRAND2,503.52,daeidkj@gmail.com
4e850b02-9a75-4696-a62b-8fb9717890f1,2021-12-14T08:58:20,BRAND2,562.07,lfabkdj@yahoo.com
28c24ad6-f516-407f-8e89-afb46a18d0b2,2021-12-14T08:58:20,BRAND2,417.23,akgfkcf@appple.com
09679723-2d2a-4666-a49e-769210ff3927,2021-12-14T08:59:10,BRAND2,528.58,"""hkbhffb ckllabk"" <hkbhffb@appple.com>"
0d5a5c9b-ff73-44ba-9a86-ffe927e4dc80,2021-12-14T08:59:10,BRAND1,655.00,"""jliblhk bflcaae"" <jliblhk@appple.com>"
ac61fe51-ff46-43f9-950e-17d69895f5a7,2021-12-14T09:00:00,BRAND1,925.22,kkjbgkc@appple.com
9e2cf4b5-6b60-4e91-8668-84f27adfc329,2021-12-14T09:01:40,BRAND2,717.00,edaiaci@gmail.com
48f97bef-446e-40db-99cd-d443c48d0727,2021-12-14T09:02:30,BRAND1,255.21,jfaiddk@appple.com
fdeb5130-c85a-449b-8deb-f81a21db28a7,2021-12-14T09:05:00,BRAND2,299.07,dakilid@gmail.com
f31b0703-8113-427c-818e-8b89e3cb1382,2021-12-14T09:05:00,BRAND2,698.83,"""fbjfaie hddiijb"" <fbjfaie@yahoo.com>"
fa25a214-1236-4ac9-9746-fa2b4a2e2a07,2021-12-14T09:06:40,BRAND3,836.74,fikikcl@yahoo.com
103cb97d-b968-480a-b573-31b1a4af0371,2021-12-14T09:08:20,BRAND2,777.28,"""dihccjd gbhkiic"" <dihccjd@gmail.com>"
4ceef550-7585-41c8-8514-5c2e97a0689e,2021-12-14T09:09:10,BRAND2,323.50,geeaafc@gmail.com
f20b9785-4230-4249-a76e-ac3b1a8abccd,2021-12-14T09:09:10,BRAND2,839.81,adgihbb@appple.com
c1cbf351-5656-4981-8494-db9c9142f744,2021-12-14T09:10:00,BRAND3,289.51,chiacih@appple.com
0bf5d89d-b718-4aa7-a830-4e2cc3cb2c42,2021-12-14T09:10:00,BRAND1,947.96,cejcddb@live.com
894c000c-1aa7-408c-8f43-f0ab4e20bc0e,2021-12-14T09:10:50,BRAND1,97.11,ddhjaci@appple.com
f8851aa4-6186-48c5-b1b8-b4df9f89c25b,2021-12-14T09:11:40,BRAND2,372.47,gklblhe@hotmail.com
67323b75-7bc7-4d3b-8c3e-9f2b6315a1ac,2021-12-14T09:11:40,BRAND2,848.11,"""bjklghd ehcjgjf"" <bjklghd@appple.com>"
bb422a5c-6286-4b81-a6fb-1f8b24db4fed,2021-12-14T09:15:00,BRAND3,232.58,"""ffjjlch jaaahka"" <ffjjlch@appple.com>"
1e899737-2c5c-4b97-993c-3a1904f9a61a,2021-12-14T09:15:00,BRAND5,581.20,hhdliec@gmail.com
b6a505f8-155d-4035-92e8-12876d22e446,2021-12-14T09:15:50,BRAND2,576.74,iafjcce@live.com
d0daf8e0-b992-469b-ab7c-795b1c7940a2,2021-12-14T09:15:50,BRAND5,873.61,flhkcij@appple.com
74cf6d0b-26a0-4767-9503-537131256737,2021-12-14T09:16:40,BRAND2,405.77,jaiajjg@gmail.com
e29c0fda-4f9a-4551-82fe-5c9ab9179a4b,2021-12-14T09:18:20,BRAND5,824.17,ddjkgal@appple.com
6941d327-eab9-4c63-b939-3fc14b0065aa,2021-12-14T09:19:10,BRAND5,109.35,"""eelljcg kbieabl"" <eelljcg@live.com>"
547fb691-734d-4dc5-98fd-56c7c1ced030,2021-12-14T09:20:00,BRAND2,376.59,iflcbik@gmail.com
b7411576-384a-46c8-a605-4e6ba83c8670,2021-12-14T09:20:50,BRAND5,280.73,hjeddid@gmail.com
9bd07cdb-e2cf-4650-8afb-17670a251bdd,2021-12-14T09:20:50,BRAND2,531.52,"""bcjjali feclged"" <bcjjali@appple.com>"
21b7e819-c86c-40f7-ad37-0b17e50fb9bf,2021-12-14T09:24:10,BRAND2,59.02,"""efckgaa igheaak"" <efckgaa@yahoo.com>"
aa108128-3a46-42bc-85c8-26d43e7a27d9,2021-12-14T09:24:10,BRAND1,49.76,lbekibf@gmail.com
0e032221-8063-4514-8443-18dea610a237,2021-12-14T09:25:00,BRAND2,906.38,"""agaljeh lcllgah"" <agaljeh@live.com>"
b741fe48-6c79-424b-bc89-307b16dc3590,2021-12-14T09:25:50,BRAND2,509.86,fjjdlhg@yahoo.com
4acd5005-cd34-4ac6-ad9b-3aecfbf76741,2021-12-14T09:26:40,BRAND2,$974.62,gkldhcg@appple.com
b4a039c2-94a8-42a4-b0ac-4152aa292baf,2021-12-14T09:27:30,BRAND5,916.49,bacfbbe@gmail.com
ee7ea150-bed6-4646-ad72-37de0a892e02,2021-12-14T09:27:30,BRAND3,105.65,"""lcgklkb cgcfdbf"" <lcgklkb@hotmail.com>"
351e3854-11fd-4296-8950-1dee08a20abb,2021-12-14T09:28:20,BRAND2,950.45,hcbgadf@gmail.com
1f509e0a-dc48-4827-9a1b-d91fd43076da,2021-12-14T09:28:20,BRAND2,287.87,"""alfeedj llfgeeh"" <alfeedj@gmail.com>"
d3dd0b09-9506-4527-b0f3-9b2d7a3b7316,2021-12-14T09:29:10,BRAND5,374.17,iklbjda@gmail.com
f7089d6a-95d0-4d99-a29c-babe11fb4e81,2021-12-14T09:29:10,BRAND5,965.64,ckbiklc@gmail.com
b85ab034-7957-49b3-9911-7b20076ed527,2021-12-14T09:30:00,BRAND5,$267.06,hdliagg@gmail.com
b0a3271f-680d-4c7c-9313-a0b142dc6162,2021-12-14T09:30:00,BRAND2,253.04,ahhkgfb@gmail.com
8bb2ddde-5fc9-425d-9807-759ed19265b8,2021-12-14T09:32:30,BRAND1,555.54,"""edfceac bieklgd"" <edfceac@gmail.com>"
42cf79f7-7b4c-4670-b99f-466a7972dbfd,2021-12-14T09:35:00,BRAND2,297.05,"""lklggke bkjcegl"" <lklggke@gmail.com>"
9c7ca456-ed8c-419e-bd64-9d92e522fcf5,2021-12-14T09:35:50,BRAND2,349.80,"""dcliaba hjaajfe"" <dcliaba@gmail.com>"
4cc0372d-d444-4ef0-835a-282415ff2283,2021-12-14T09:36:40,BRAND5,304.44,fjfhgag@gmail.com
c35fb0e1-749c-43bd-bb9f-a61ad99dfc4b,2021-12-14T09:36:40,BRAND1,312.03,fhehlhf@gmail.com
ba3fa6db-ea79-47a9-be4c-80a12f9767a7,2021-12-14T09:37:30,BRAND2,571.29,baadheg@gmail.com
bc86b97c-e990-41e5-b56b-57a47a137ba7,2021-12-14T09:38:20,BRAND5,666.63,"""klkadde bjadega"" <klkadde@appple.com>"
6b9fee00-00bf-494d-a807-e954002d0371,2021-12-14T09:39:10,BRAND5,396.42,"""ecffiff dajciag"" <ecffiff@gmail.com>"
00460296-ed86-44a9-b566-86b6ace753f4,2021-12-14T09:40:50,BRAND5,332.64,gdebakj@gmail.com
0d177f4c-29e3-4ec1-a9c4-31694d8cd6a0,2021-12-14T09:42:30,BRAND2,236.98,"""kldjjkh ldkfahh"" <kldjjkh@yahoo.com>"
4aec03a2-b1a8-4cf4-b21a-cf424e8b26fe,2021-12-14T09:42:30,BRAND2,67.49,aikjlff@gmail.com
cefb759b-0eb4-4b3b-84f0-cc99a9ae1275,2021-12-14T09:44:10,BRAND2,662.31,"""haaicdh liibghf"" <haaicdh@gmail.com>"
5fbf7955-486c-44a7-890d-ce81a7a21e5c,2021-12-14T09:45:00,BRAND2,613.02,jabdcae@appple.com
ce94c8f5-4a02-418a-b2a5-32870899d396,2021-12-14T09:45:00,BRAND2,381.71,"""egdfahe adaaglj"" <egdfahe@live.com>"
e235a826-771a-4857-a435-5c210e0b4c79,2021-12-14T09:45:50,BRAND2,977.73,"""egbfakl jlkbhgj"" <egbfakl@live.com>"
2904795c-0bc7-4e54-94aa-d740d574b082,2021-12-14T09:45:50,BRAND3,74.62,fciflee@appple.com
99b4047b-bd86-4643-b271-5a0fe6a10678,2021-12-14T09:47:30,BRAND3,154.11,ajegbhi@appple.com
c326aa32-4b02-46b7-96b6-4aa3f3951255,2021-12-14T09:49:10,BRAND2,52.25,afkaidc@appple.com
ef0f035b-9f48-43c5-80b4-c30896ae01f9,2021-12-14T09:49:10,BRAND2,610.81,hdjhgaj@appple.com
5623c5db-a28a-44c2-8112-0f8ac337adaa,2021-12-14T09:50:00,BRAND5,471.04,jjhdakb@live.com
05a6a4be-e7d6-4007-be20-24e3dda22818,2021-12-14T09:50:50,BRAND2,654.08,edcdchc@gmail.com
94cf731b-9a6a-4c38-a014-51078922ea36,2021-12-14T09:50:50,BRAND2,99.97,ellcfll@gmail.com
9dbcb38a-6133-4834-9b3c-23b474892eb6,2021-12-14T09:51:40,BRAND5,648.54,bdejilh@live.com
0debdd56-9f26-44c0-9514-35ec94790fd0,2021-12-14T09:52:30,BRAND3,170.50,"""hbfagfc kfidhdc"" <hbfagfc@gmail.com>"
53dc7bbe-f932-4e8f-a151-fefcd5d23155,2021-12-14T09:52:30,BRAND2,776.65,"""fijdidk kefgiad"" <fijdidk@appple.com>"
e0b6dc8c-5b4a-47ec-85fe-67f9b9a56807,2021-12-14T09:53:20,BRAND2,574.85,"""bccadid abdcahj"" <bccadid@live.com>"
c4c44b28-ccd8-4fdd-be64-fe7002bcebad,2021-12-14T09:53:20,BRAND2,620.07,jckjeff@appple.com
e27d3d3d-5797-498e-a2a2-2b9a3e7b39a0,2021-12-14T09:55:00,BRAND2,340.28,gaijdbh@appple.com
72b6459a-db33-4926-9e99-05b6c1506613,2021-12-14T09:55:50,BRAND1,529.28,"""jadlfdl iddibdd"" <jadlfdl@gmail.com>"
baa49d96-3331-4a89-8c6a-83b051b61c09,2021-12-14T09:55:50,BRAND2,674.32,"""bakbbdg cagldbk"" <bakbbdg@appple.com>"
0ce4b93b-1811-4413-bdb8-d29a69abd6e8,2021-12-14T09:56:40,BRAND5,620.90,"""cigjbjk bbjddkk"" <cigjbjk@live.com>"
52776aeb-81a9-47db-90ea-2f8ebbd47afa,2021-12-14T09:56:40,BRAND2,272.48,gagjdig@gmail.com
69207670-a8cb-4495-af54-164e7374ae23,2021-12-14T09:58:20,BRAND3,716.05,dfajddd@gmail.com
f8e611fb-29dc-46c1-8242-5925471fa314,2021-12-14T09:58:20,BRAND2,12.98,lhcflfl@gmail.com
7f1cd6c4-c368-4438-84b8-d0f88b12bce1,2021-12-14T09:59:10,BRAND5,332.53,ligbbai@gmail.com
136543d4-4ac0-4de7-81d8-f46c2618aa1b,2021-12-14T10:00:00,BRAND1,489.61,egkjdlh@live.com
54ba1cc1-d9a7-4fa0-875a-d095f1c2b3bc,2021-12-14T10:00:00,BRAND5,717.79,kjcljii@gmail.com
512779ab-dea2-493d-9d08-ae0cd5e79d4f,2021-12-14T10:00:50,BRAND5,732.29,"""ghlafkg aghlffj"" <ghlafkg@gmail.com>"
41de8f70-4b7d-4ad4-86aa-fa1746aefb51,2021-12-14T10:00:50,BRAND5,260.75,djlbfdc@gmail.com
d047275f-45db-41eb-b117-a466a2378b19,2021-12-14T10:01:40,BRAND5,150.21,"""filhgig ggkbhie"" <filhgig@live.com>"
d1e148b4-bd4a-469a-99bc-2c5391aa29f3,2021-12-14T10:01:40,BRAND2,310.36,ihdejjb@gmail.com
2a61be53-e126-40c8-a269-c2fabfd21f15,2021-12-14T10:02:30,BRAND5,733.11,"""cdbieae iidcdeb"" <cdbieae@gmail.com>"
0525458a-8aa5-4ca5-8572-97886de1399e,2021-12-14T10:02:30,BRAND2,883.37,cdhjdjg@live.com
50f3526b-5e3e-4300-bffc-9ad8aa7c992b,2021-12-14T10:05:00,BRAND2,804.43,kaikhdc@appple.com
75612c18-687c-4554-8011-16c9abf7564e,2021-12-14T10:05:00,BRAND1,765.89,ighfhad@gmail.com
42a71612-97e7-4020-b6bb-e5b9de1d4f09,2021-12-14T10:05:50,BRAND2,260.20,abbbgld@gmail.com
de94ad49-3f92-4005-b308-e1756869b62a,2021-12-14T10:06:40,BRAND2,468.29,lagllka@gmail.com
b8d88e16-cff2-4628-8e16-bb5f7f2955c1,2021-12-14T10:08:20,BRAND5,353.44,higfgeb@yahoo.com
bd7b21a2-81a0-444f-9f36-378d3040bd4e,2021-12-14T10:09:10,BRAND5,535.38,jfjfhfl@appple.com
2b02810e-3711-4ec0-a614-611e1035005d,2021-12-14T10:10:00,BRAND2,683.52,bgkdlic@gmail.com
0e016856-1677-412e-af87-554a2f5d1c36,2021-12-14T10:10:00,BRAND1,117.06,"""hbggkej bjkeigb"" <hbggkej@appple.com>"
4adf985f-fd89-4064-b746-1d579cfdbe5b,2021-12-14T10:14:10,BRAND5,455.04,idgiegl@appple.com
e2de9a54-6e1c-4ee4-b7be-feac850e22b1,2021-12-14T10:15:00,BRAND3,487.59,"""hfckdic kliallf"" <hfckdic@gmail.com>"
86bee21f-f4a5-4111-ba71-f52ab412f1fc,2021-12-14T10:15:50,BRAND5,472.82,"""ihdcalc lidejjl"" <ihdcalc@appple.com>"
69a35b40-2cb5-404d-90bd-9b4b8b75e8fc,2021-12-14T10:15:50,BRAND1,120.06,"""bbcekck jbghjii"" <bbcekck@appple.com>"
07a62d94-83ca-480d-96be-14f73f7fc044,2021-12-14T10:16:40,BRAND5,604.65,jjkghfc@hotmail.com
05fb21d8-7f78-4cbb-8278-586bd2512709,2021-12-14T10:19:10,BRAND2,166.83,jkfcdih@appple.com
06d6e42c-89d5-4e0f-9e9b-22956fe8ae3d,2021-12-14T10:20:50,BRAND2,796.31,"""jlbigal kahhhej"" <jlbigal@appple.com>"
93bd491d-d2e9-4d7a-80fc-88c656fe52e9,2021-12-14T10:21:40,BRAND2,$837.06,bcabidj@appple.com
cd73701b-6e92-4123-b497-2d91420aa075,2021-12-14T10:22:30,BRAND2,881.28,cbilbkf@gmail.com
991cb744-ac1c-4c13-9975-5f49ed74e2c5,2021-12-14T10:22:30,BRAND1,109.38,gfefgkb@gmail.com
5841c26e-2d07-4d1a-beca-fcceba7afe72,2021-12-14T10:23:20,BRAND1,106.63,bagieeg@gmail.com
e4c77e7c-ed59-4829-8c25-35e022697350,2021-12-14T10:24:10,BRAND3,845.96,"""kjgkagg eekbaih"" <kjgkagg@gmail.com>"
500d66b4-c9ba-4f45-ae47-60d53afdfa11,2021-12-14T10:24:10,BRAND3,746.19,"""blicfdg dihglci"" <blicfdg@gmail.com>"
0f42d2ec-ede8-404c-a649-a09a71f1fe75,2021-12-14T10:25:50,BRAND5,499.12,bdcaajb@yahoo.com
679ee7cf-61df-48bc-933b-40e6042dffb6,2021-12-14T10:26:40,BRAND5,554.06,"""blkhfkd gkeaebk"" <blkhfkd@gmail.com>"
68574caa-c06b-4145-8fa5-9a61e82f50f8,2021-12-14T10:27:30,BRAND5,298.75,jlkgkfb@appple.com
3af1642d-f0b5-4e94-ab96-0353ff169b48,2021-12-14T10:27:30,BRAND5,677.50,"""cdahjcc lajgfih"" <cdahjcc@appple.com>"
cdbf9f6b-ef9d-4a29-b21b-8d025cd81ccd,2021-12-14T10:28:20,BRAND5,669.92,"""dfdhbdh deggebb"" <dfdhbdh@gmail.com>"
2cce0ca2-ea10-4ab0-9b3b-91121c1477cb,2021-12-14T10:30:00,BRAND2,703.96,lagceaf@gmail.com
e2a8db94-4a20-47f8-962b-a142eb0a0d37,2021-12-14T10:30:50,BRAND2,294.08,hggiklk@gmail.com
4f6e31f3-955d-4a44-a53e-e5787b481647,2021-12-14T10:30:50,BRAND2,94.91,ahcaabl@gmail.com
fa649797-15cc-4749-85a9-bcd3671d990e,2021-12-14T10:31:40,BRAND5,62.58,hclihkg@gmail.com
d52cffd2-319f-4a62-a3db-c6280bb0d5f0,2021-12-14T10:32:30,BRAND2,599.82,aeiddej@gmail.com
ec0a8a14-7ca1-416d-be62-5302d660b0db,2021-12-14T10:33:20,BRAND5,809.19,lceeilg@appple.com
1d5f71fa-f972-40fb-8e34-669a8802834d,2021-12-14T10:33:20,BRAND5,657.59,abfgcaa@appple.com
d347ac05-0aea-433b-8133-d2d3d15530df,2021-12-14T10:34:10,BRAND2,980.27,"""gbdbhjc ildahag"" <gbdbhjc@live.com>"
cbb50d31-ff20-4778-9e5d-fa1859281cc2,2021-12-14T10:34:10,BRAND2,803.43,"""lfajlje gjajkjg"" <lfajlje@gmail.com>"
6057b2d7-1dbf-45d8-9364-396c213a2235,2021-12-14T10:35:00,BRAND1,684.46,bghadaf@appple.com
5ff7343f-7310-42c1-94f2-b212f0b33230,2021-12-14T10:35:50,BRAND2,619.52,"""gaeabdi adjaelh"" <gaeabdi@appple.com>"
4c5865fe-2531-46ff-8d4e-b4d1953b283d,2021-12-14T10:36:40,BRAND5,317.25,jjcabah@gmail.com
003f1002-ccaf-4a05-b6b5-b8639978db6b,2021-12-14T10:37:30,BRAND5,182.96,"""lfdkkla eidkhlh"" <lfdkkla@yahoo.com>"
096603d9-367c-405c-89e6-af9cf9c54db6,2021-12-14T10:37:30,BRAND2,172.42,agjehhd@appple.com
ff79b453-43ec-4d6e-a4ac-daf6d1f7193a,2021-12-14T10:38:20,BRAND2,303.28,"""jgjkjaa abccgif"" <jgjkjaa@appple.com>"
24c62da4-9b02-4ccd-93bd-2ae042c5d6d9,2021-12-14T10:39:10,BRAND5,140.15,aaebcfg@appple.com
31d2ac32-0609-43df-8b8d-29ea29643705,2021-12-14T10:40:00,BRAND2,272.05,iicagjh@live.com
cb8ccf61-fbdc-4fae-a154-6947cade3c34,2021-12-14T10:40:50,BRAND1,369.99,ibkiklc@yahoo.com
6aa10940-7ed6-4ff9-9996-ca4874a9b113,2021-12-14T10:40:50,BRAND5,696.39,"""kjaaded ahibcdb"" <kjaaded@gmail.com>"
8af8af1c-f3ea-40a8-b3b7-ea9de04ff9ad,2021-12-14T10:43:20,BRAND3,977.49,gldehgc@live.com
9ce4188f-df9c-4888-9fbf-a096aaee4fba,2021-12-14T10:43:20,BRAND2,919.46,laggjhk@appple.com
96949354-032f-4bd9-9c50-af8e907c7915,2021-12-14T10:44:10,BRAND2,547.31,bkelcec@gmail.com
97fdf680-f31a-4bcd-b1f4-cece2aa192ba,2021-12-14T10:44:10,BRAND5,540.55,"""cdcahdk jkgadie"" <cdcahdk@gmail.com>"
9890d9b0-26a0-45e9-ab8d-54b5f5c9057f,2021-12-14T10:45:50,BRAND1,305.18,iebgfkf@live.com
8ced8873-0212-4670-8083-f0e0d98fdb53,2021-12-14T10:46:40,BRAND3,646.32,kihefai@yahoo.com
2f054364-c1c6-4f3c-94e2-1dce814abeb3,2021-12-14T10:47:30,BRAND2,955.36,khabfhb@appple.com
84cd503c-8623-4a7c-aae9-3148781cc329,2021-12-14T10:47:30,BRAND2,539.36,ildkgjj@gmail.com
5dce94b3-5fd8-4bc3-9a20-25d6d6e3af40,Tue Dec 14 10:50:00 2021,BRAND5,913.72,"""bbjfabl jlgfihe"" <bbjfabl@gmail.com>"
f3cfe37e-184e-450f-98f7-319e73450fbe,2021-12-14T10:50:50,BRAND2,880.93,"""fjddfab cijfggi"" <fjddfab@yahoo.com>"
9830b6c4-d9e9-45b0-bf14-e42d96d5dcd4,2021-12-14T10:50:50,BRAND2,169.51,hcclaed@appple.com
97238d77-5957-4a6a-8c8d-6953af83ce8a,2021-12-14T10:52:30,BRAND4,138.42,cblklcf@gmail.com
ab846ec6-56d3-47f8-a8be-a081dc9e314b,2021-12-14T10:54:10,BRAND2,810.68,cfhcidb@gmail.com
7e404fa4-c619-463c-b11b-e4e4dd62fc38,2021-12-14T10:55:50,BRAND2,221.71,"""lchgfil lgblagf"" <lchgfil@gmail.com>"
36ab014b-f488-4f79-8e2a-f76c29ff78c6,2021-12-14T10:57:30,BRAND5,550.72,"""jkiajcf jichlih"" <jkiajcf@appple.com>"
e441076d-60b5-41e2-ac82-1cee8a8cd6c7,2021-12-14T10:58:20,BRAND1,172.41,"""eicddbj igficga"" <eicddbj@appple.com>"
7f97344b-2463-495f-ae54-0853cc6a0031,2021-12-14T11:00:00,BRAND2,594.96,"""jedfgch efhkijh"" <jedfgch@gmail.com>"
1dc79105-30f4-4643-83c9-9f0fc5d9862e,2021-12-14T11:00:00,BRAND2,331.48,hhjchff@gmail.com
521c931a-5366-4035-814c-48bf5bb7a2af,2021-12-14T11:00:50,BRAND4,817.50,lekiabb@gmail.com
f489300f-05bb-4ad3-a92c-6fd9b44be273,2021-12-14T11:00:50,BRAND5,640.75,bigjakk@appple.com
e2cc5954-018a-47a1-a02f-cd7abfa84f6f,2021-12-14T11:01:40,BRAND2,140.21,dkkbggj@gmail.com
ab446f84-edd4-4c20-9d66-88817a239e6e,2021-12-14T11:01:40,BRAND2,527.41,kkfgkij@gmail.com
d65bf4f3-3db5-42d5-a888-60d253d854d1,2021-12-14T11:02:30,BRAND5,27.30,"""dhilbij hccjdkk"" <dhilbij@yahoo.com>"
96472bb4-7006-4164-83b6-77e72b1f0887,2021-12-14T11:02:30,BRAND2,899.07,lgikgdi@gmail.com
e8b55320-f459-4004-939a-2a010d1415af,2021-12-14T11:03:20,BRAND2,700.75,"""eicjfgk aejlfea"" <eicjfgk@live.com>"
7c1ea63c-c61d-4285-9043-ef7dde97b3bc,2021-12-14T11:03:20,BRAND5,514.49,"""lkflfke fdakgca"" <lkflfke@appple.com>"
9fa3953a-a968-494d-96cf-a591b145535d,2021-12-14T11:04:10,BRAND5,30.63,kgaedik@live.com
ab2475c2-fdb7-4419-bf1f-c97a39b83379,2021-12-14T11:04:10,BRAND2,702.79,"""agcfceh ehlbgih"" <agcfceh@appple.com>"
4899e7b0-bb60-440e-b9a8-f750e49e4283,2021-12-14T11:05:00,BRAND3,353.46,iahbicg@gmail.com
72188e06-39ba-48d2-a823-84cee4be2cb7,2021-12-14T11:05:50,BRAND5,327.00,"""cafffbb gicllhe"" <cafffbb@gmail.com>"
c07a8af5-2a75-43a2-a808-66ce2b49d08b,2021-12-14T11:06:40,BRAND5,731.86,iekbkia@appple.com
d844d71d-9763-4982-8ff6-9dce3937ef07,2021-12-14T11:07:30,BRAND2,325.16,ahlhkab@yahoo.com
21dad11d-c2e2-4994-90b8-31b99bcf4c6a,2021-12-14T11:08:20,BRAND5,274.92,hdglkgl@appple.com
c9d4d3a5-8651-4068-824f-aaf72c64cc76,2021-12-14T11:08:20,BRAND5,408.08,"""fbehahk hahagdk"" <fbehahk@gmail.com>"
b2c5ee48-0070-49ff-b951-fd70c6a50db7,2021-12-14T11:09:10,BRAND2,12.38,"""hdicdak bdckfad"" <hdicdak@gmail.com>"
5f90e508-8820-43bf-8bc0-b21be11943c9,2021-12-14T11:09:10,BRAND2,159.62,jjedjgd@gmail.com
b8f73f11-889e-449e-99c1-610a3804d6b6,2021-12-14T11:10:00,BRAND5,41.44,"""bfhakbi cijkcea"" <bfhakbi@hotmail.com>"
e7c66a4e-220e-422e-aba1-ef1914f869ed,2021-12-14T11:10:00,BRAND2,395.95,dhiaadi@live.com
4539979f-959b-4d5c-9dbe-e35ab94daa23,2021-12-14T11:10:50,BRAND5,455.43,lbiecgk@appple.com
24a2d29f-60b2-4d18-904e-7cbff3510d1f,2021-12-14T11:11:40,BRAND2,239.50,"""ahbcgbc haijgbg"" <ahbcgbc@appple.com>"
c2111b49-41d5-42d4-88c9-acf367205eb1,2021-12-14T11:13:20,BRAND5,101.37,akeakeb@gmail.com
80a8076e-9153-48c1-b0f7-861b9bf1c55d,2021-12-14T11:14:10,BRAND1,274.75,"""ablidbb jidjifj"" <ablidbb@gmail.com>"
4c0924bf-9de8-488a-880d-01563462bb50,2021-12-14T11:14:10,BRAND2,212.41,"""ebljeja kjbkehc"" <ebljeja@appple.com>"
f070cbf0-76b1-4d2c-8a75-d09324396e6e,2021-12-14T11:15:00,BRAND5,688.47,ifjfdeb@live.com
a152b639-1bf3-4804-8dea-49c91f8a65b3,2021-12-14T11:15:00,BRAND5,839.44,akkkkga@gmail.com
fc5061e7-0b6c-4dc5-a18e-e3e2c6f79716,2021-12-14T11:15:50,BRAND5,622.73,"""fjhkfbb dagabia"" <fjhkfbb@gmail.com>"
5ded9dee-6c78-4873-9154-76225839c239,2021-12-14T11:15:50,BRAND2,335.61,leciljj@live.com
f93b0bd9-cdb9-4a41-9560-31bbb5bf5811,2021-12-14T11:16:40,BRAND2,252.98,bkkgdch@yahoo.com
33288dab-dab0-4758-98fd-328fde596991,2021-12-14T11:18:20,BRAND2,248.75,hkallbl@live.com
97d1f8d6-554f-467c-a418-9087df1b705e,2021-12-14T11:19:10,BRAND4,820.94,fbdadea@appple.com
d1412303-aca7-468e-8790-7c7323309d17,2021-12-14T11:20:50,BRAND5,955.58,"""hkgbgab jlifcbl"" <hkgbgab@gmail.com>"
7dcebda3-62cc-42d4-8f29-1a1e199fde97,2021-12-14T11:21:40,BRAND2,493.20,eajfiba@gmail.com
66f1c282-6e18-44c0-aef4-e5618fcfbfe7,2021-12-14T11:22:30,BRAND5,633.67,ejbajag@yahoo.com
9758629e-5cca-4333-82b4-2ba084bf4ea8,2021-12-14T11:22:30,BRAND5,533.40,"""lifklij fcdbfgl"" <lifklij@appple.com>"
0d54e306-adac-4fe2-b205-c35dfc6f7852,2021-12-14T11:23:20,BRAND2,364.77,iehfjke@gmail.com
e4928eb3-cf47-4bcc-820d-0e3c7e08bf2a,2021-12-14T11:23:20,BRAND5,517.04,"""lbhfadd afdkcbj"" <lbhfadd@gmail.com>"
81f64a22-d2e0-4764-86e7-94e3da7fe842,2021-12-14T11:24:10,BRAND2,100.18,"""lbegjbh dlffahb"" <lbegjbh@gmail.com>"
2c59e6fa-6f7b-475c-a95f-9b6184d8721b,2021-12-14T11:27:30,BRAND3,21.91,hdlbgje@gmail.com
5d700ee7-22b7-404d-9a16-72d015948abc,2021-12-14T11:28:20,BRAND3,132.22,"""adefage cjlikke"" <adefage@live.com>"
2e2cee31-878c-4478-ba16-a4bc4f8491ed,2021-12-14T11:28:20,BRAND2,994.20,jahkjec@gmail.com
1c1fed6d-42a5-4126-b3e8-99f6e93d0d5c,2021-12-14T11:29:10,BRAND5,424.93,kdhidef@gmail.com
c267a146-7866-4e8a-a64f-89652a34e07a,2021-12-14T11:30:00,BRAND1,549.51,"""jejhbce lbalihd"" <jejhbce@gmail.com>"
dff33362-0aab-4379-83a2-ef9562b95fd4,2021-12-14T11:30:00,BRAND1,848.25,"""gihhlah dbcbkdb"" <gihhlah@gmail.com>"
a746e815-a979-4e4b-b2e1-0448957ead44,2021-12-14T11:30:50,BRAND2,578.92,"""djgfkck gfjffha"" <djgfkck@gmail.com>"
262054af-29b1-4f43-94dd-88278c42c226,2021-12-14T11:31:40,BRAND5,599.48,"""eaccjlk cfjgili"" <eaccjlk@gmail.com>"
50e1dcbe-6d9e-4fb8-8b0d-809e2930cdd5,2021-12-14T11:33:20,BRAND2,264.95,"""dacefid hcilkhf"" <dacefid@appple.com>"
5dd90441-76a7-4b53-a534-c3c4aad5f0e6,2021-12-14T11:34:10,BRAND2,550.67,lacabki@gmail.com
44dbc3e9-3549-44c3-b3f8-6fe0aa579325,2021-12-14T11:35:00,BRAND2,149.63,"""aakjifb bclacld"" <aakjifb@appple.com>"
08707fd5-4f45-44f2-9f72-3454106fb788,2021-12-14T11:35:50,BRAND2,906.76,"""dddkbac glliigf"" <dddkbac@gmail.com>"
ac4b425d-4234-4e3f-bae3-145d8e802e7e,2021-12-14T11:36:40,BRAND5,327.91,"""djflcjh jbbcdik"" <djflcjh@live.com>"
322f7bab-72d4-4c3b-9ed4-7c01dd071519,Tue Dec 14 11:37:30 2021,BRAND2,522.30,"""idceige ggljghk"" <idceige@gmail.com>"
c1212b59-67c1-42d0-a140-891191861a0e,2021-12-14T11:37:30,BRAND2,635.60,kbgkfie@appple.com
464d87b1-5101-4527-ab42-79f060659f38,2021-12-14T11:39:10,BRAND2,455.65,fjkfkdg@live.com
335a0f0f-cea0-45ae-8d2a-bfa09f78e70e,2021-12-14T11:39:10,BRAND2,435.37,kabefce@appple.com
2d3caa08-095f-4bdc-b8b1-928657083524,2021-12-14T11:40:00,BRAND5,604.85,efkkglj@gmail.com
d56202a7-eb3e-4405-bec8-797f81a9caa5,2021-12-14T11:41:40,BRAND1,918.65,bjlcfaf@gmail.com
d223acd1-e953-4711-986d-b25746daf09c,2021-12-14T11:42:30,BRAND2,755.20,bbaafgg@appple.com
d44f836c-9169-45b6-b009-5e95046408df,2021-12-14T11:42:30,BRAND2,399.84,"""deiagdl kgagcgg"" <deiagdl@live.com>"
95313582-106c-48c2-abee-48c9d16e851f,2021-12-14T11:43:20,BRAND5,101.87,"""fkbeajk jahagja"" <fkbeajk@appple.com>"
2ab48dc5-cd56-416c-b10b-504e46527cb5,2021-12-14T11:44:10,BRAND2,549.06,"""behfkej fajkhca"" <behfkej@gmail.com>"
a379937f-55e9-4c4e-8c2c-6adebcd875dd,2021-12-14T11:45:50,BRAND2,536.11,"""ijfaeag ichgfkg"" <ijfaeag@live.com>"
06a8eee0-f0d7-4783-bd4e-4be1cb3e65fd,2021-12-14T11:46:40,BRAND1,690.49,"""daekjgj cibieha"" <daekjgj@appple.com>"
9761c346-e5e7-4128-970c-cf42e50a3682,2021-12-14T11:46:40,BRAND2,405.68,hhbbccd@gmail.com
a3e0b17d-76ed-4749-a0cc-50d7586c1a32,2021-12-14T11:47:30,BRAND3,204.49,egafgfi@appple.com
9133867c-bd8b-470c-82c2-1a9dcd149400,2021-12-14T11:48:20,BRAND2,983.80,"""akgfjdb gjakieg"" <akgfjdb@gmail.com>"
c93bcbdb-68c8-48a6-a929-3deae614a49a,2021-12-14T11:48:20,BRAND5,619.44,gedhcch@gmail.com
0b2e06e6-56fd-499a-a1fa-a5722f71e621,2021-12-14T11:49:10,BRAND5,171.29,glheeag@gmail.com
19fbeb3b-8d3e-434b-bd21-f512d179dda5,2021-12-14T11:49:10,BRAND2,97.82,"""hajjgad kddkcfd"" <hajjgad@gmail.com>"
428638c3-3861-4fb9-90c0-83c9ac247cc8,2021-12-14T11:50:00,BRAND2,16.11,"""hfiiakf fbkikga"" <hfiiakf@gmail.com>"
df3de243-b8ea-4fb2-96f4-87b8c542fdf0,2021-12-14T11:50:50,BRAND3,316.96,ihcccdk@appple.com
f9c6da49-02a1-4d19-9416-16eb6d0aebfe,2021-12-14T11:51:40,BRAND1,462.40,"""aifeech blfeleh"" <aifeech@live.com>"
6509d18b-d96a-4ac5-b9a8-04b57427b660,2021-12-14T11:52:30,BRAND1,331.83,"""ejbcdhd kljlchi"" <ejbcdhd@appple.com>"
b4b1b5b4-5914-438d-ab4b-817d2a9486be,2021-12-14T11:52:30,BRAND3,91.94,fkcjfbl@yahoo.com
5b47386c-ac6d-4e91-9bbf-8db170c9f574,2021-12-14T11:53:20,BRAND2,950.38,elccfkb@live.com
e222a1a1-6de3-46ac-9a8c-01a858acacd6,2021-12-14T11:53:20,BRAND2,241.86,"""gicackc kjdcfdf"" <gicackc@appple.com>"
eb30bab3-140c-40ce-960b-8d8300ece323,2021-12-14T11:54:10,BRAND2,514.24,fkakiba@gmail.com
8837c632-00f0-449e-85f6-f6921fabc66c,2021-12-14T11:54:10,BRAND1,614.61,"""hbjheca ceiifkk"" <hbjheca@live.com>"
96f954e6-c8dd-4fbc-8bf2-973a2900a5c5,2021-12-14T11:55:50,BRAND5,296.86,"""kggfdhh adlchch"" <kggfdhh@appple.com>"
f7a62404-bb3d-409e-903e-8daf3803bc8c,2021-12-14T11:55:50,BRAND2,711.13,"""ifeciie kgeagle"" <ifeciie@live.com>"
1990049e-54b4-4c00-9c9b-850e900b0ff4,2021-12-14T11:56:40,BRAND2,451.26,hedhabd@live.com
d97f0ec2-01f8-44fb-86dd-c8a28d79d702,2021-12-14T11:56:40,BRAND2,984.88,ggacjej@gmail.com
bccc6313-d153-4fde-af64-48dd4d9ad555,2021-12-14T11:57:30,BRAND2,269.13,"""dadgkal fkgflia"" <dadgkal@gmail.com>"
b4721b08-a3c2-4739-bfb1-57caad22e8af,2021-12-14T11:58:20,BRAND2,746.23,"""ddflhfd gehglib"" <ddflhfd@gmail.com>"
ca068ef7-063b-4c39-aeea-b6e90fb3ed58,2021-12-14T11:58:20,BRAND1,751.58,jljilhc@gmail.com
a857c8cc-481f-4b2f-b9e9-375087aee5cb,2021-12-14T12:00:00,BRAND5,512.67,ldjbckl@gmail.com
40f6dafd-beb1-45ff-b14c-31bece66a7b2,2021-12-14T12:00:00,BRAND2,183.73,gcafjae@appple.com
4a9f3e58-b82a-4ddd-8cce-e1ba0cd5be64,2021-12-14T12:00:50,BRAND1,942.80,eifdiik@appple.com
733b82da-a65f-4759-aa61-6be790c42f38,2021-12-14T12:00:50,BRAND1,816.93,edcegbf@gmail.com
1e225022-c099-4891-b19a-f2fbb59b648f,2021-12-14T12:01:40,BRAND2,773.97,igaabah@appple.com
381ae177-e886-404f-a09b-313f6fa2f6a1,2021-12-14T12:04:10,BRAND2,921.80,kgehbci@gmail.com
7e358f16-fa79-4f03-8fb6-79a0b6bb145f,2021-12-14T12:04:10,BRAND5,144.11,eddciee@appple.com
5e7622f8-d5b7-4ebc-9430-e913cdb869de,2021-12-14T12:05:00,BRAND1,902.50,fieblbl@gmail.com
c0f731d7-e9a2-42e2-8d62-5faa7763ad21,Tue Dec 14 12:05:00 2021,BRAND2,122.38,llfcbai@gmail.com
9b24c766-ebb2-483d-8177-23c77d7f02ab,2021-12-14T12:06:40,BRAND2,877.00,"""ialdhid jkjjgkf"" <ialdhid@appple.com>"
2b213cba-9aaa-4d22-a619-b360ef972e86,2021-12-14T12:06:40,BRAND5,238.11,iaaklkl@gmail.com
2be4ac34-fce1-4f6b-8bd1-d14bd9be5a30,2021-12-14T12:07:30,BRAND2,546.24,kebehek@appple.com
9f262cda-d435-449f-bcda-11bc411ebe1f,2021-12-14T12:07:30,BRAND2,877.05,"""icjgjij abgcald"" <icjgjij@gmail.com>"
40930c0e-4b77-4e5c-bb3e-1e4c2667c816,2021-12-14T12:09:10,BRAND2,60.33,ijaldab@appple.com
d85ad273-c436-4754-837f-a5e9a5f74b0b,2021-12-14T12:10:00,BRAND5,211.27,ggehkga@gmail.com
db450dda-d559-48cb-98f8-817a2ec83c0b,2021-12-14T12:11:40,BRAND5,833.24,"""faehkff ebegkca"" <faehkff@appple.com>"
53463bc7-6431-4479-a8fc-5b8787a0a5b5,2021-12-14T12:11:40,BRAND2,774.35,hhjkgie@gmail.com
c63adf99-bcf7-4c5f-8cf9-c7f68084b849,2021-12-14T12:12:30,BRAND1,658.81,"""lfjgbke gbklhgd"" <lfjgbke@gmail.com>"
1465b546-d60e-4ed2-9c8b-c8143843f625,2021-12-14T12:12:30,BRAND1,819.72,fejkljl@appple.com
b5ca8325-a52f-4226-b808-23e5f81732eb,2021-12-14T12:14:10,BRAND2,299.13,"""dghlgle heiffce"" <dghlgle@appple.com>"
cb0f6ed9-f7a4-4854-80f9-6b72958e79c5,2021-12-14T12:16:40,BRAND5,891.47,lkhhbdg@appple.com
9173ab11-93c1-438a-a73e-0a2704ec8550,2021-12-14T12:16:40,BRAND2,212.90,"""fkfikhl jhlgjgh"" <fkfikhl@live.com>"
65945950-bbab-48b6-a114-c2d9dbbca196,2021-12-14T12:17:30,BRAND5,790.47,gbejeak@gmail.com
4dc41235-3b23-417a-9c6f-f4440ec7a11b,2021-12-14T12:17:30,BRAND2,812.89,"""dhabell hcdhali"" <dhabell@gmail.com>"
cccf3e9e-c675-4de8-8c13-a494598e0501,2021-12-14T12:18:20,BRAND2,411.36,gekefda@yahoo.com
f9e5d4a5-4efc-4b64-a91e-d4cf079363ce,2021-12-14T12:20:00,BRAND5,344.07,"""gbdchhc abcliie"" <gbdchhc@gmail.com>"
b5838d33-55f1-40b2-affa-c10a95fd0e2c,2021-12-14T12:20:50,BRAND5,327.63,geecblf@gmail.com
619de3ca-50a3-4163-af8f-473d4d776de2,2021-12-14T12:22:30,BRAND1,81.95,"""ihkibgk fljjiel"" <ihkibgk@gmail.com>"
ff994d25-e570-457a-828a-1c58898992ef,2021-12-14T12:23:20,BRAND2,369.63,gdklicl@yahoo.com
f4b7cd56-e8a3-434e-8cb7-53c2c54aa33f,2021-12-14T12:24:10,BRAND2,250.56,flegagc@gmail.com
85db5a8c-e77d-4bcf-adfd-c225182a92b4,2021-12-14T12:25:50,BRAND2,536.94,aaljahj@yahoo.com
cc52252b-883e-475e-984b-ce7a8b216fb6,2021-12-14T12:25:50,BRAND2,986.85,"""eeeilkd bljegkk"" <eeeilkd@live.com>"
067b2293-20d3-4e36-9561-fd5666a941db,2021-12-14T12:26:40,BRAND2,991.96,bjdejha@gmail.com
114913d8-f356-4c4f-a43e-67885cc9dfc8,2021-12-14T12:26:40,BRAND1,481.04,"""hdchakc ldbkhig"" <hdchakc@gmail.com>"
29eb7171-6360-4ca9-8e22-10a57ff22c60,2021-12-14T12:30:00,BRAND5,377.47,akadjib@appple.com
ea68dffa-38be-466e-ad3a-f41e11432a02,2021-12-14T12:30:00,BRAND5,347.14,dhljedc@gmail.com
b88c7760-23db-499f-be9a-9e5f55dba87f,2021-12-14T12:31:40,BRAND5,623.38,"""heeefgi ekgiddc"" <heeefgi@gmail.com>"
971c989a-207e-43b5-a23c-5bd7b9d8fc62,2021-12-14T12:32:30,BRAND5,279.03,"""hfeaidh lhldfll"" <hfeaidh@live.com>"
bb88aa22-e7df-4114-aed8-32ce38b974f4,2021-12-14T12:32:30,BRAND2,232.56,"""afelcjj cdgbajj"" <afelcjj@gmail.com>"
8185062f-b532-448b-93be-49f950a2cca3,2021-12-14T12:34:10,BRAND2,66.38,lkgcdjh@gmail.com
3e8db464-063e-4997-bc12-cc1381d62753,2021-12-14T12:35:00,BRAND2,229.95,"""hjaehgk ifjeakd"" <hjaehgk@appple.com>"
a132be27-5d08-4dbd-af53-a7a4f6f35a90,2021-12-14T12:35:00,BRAND5,72.70,"""ikcidcb fehjhhl"" <ikcidcb@gmail.com>"
f1ae7a9b-bb13-4acb-a689-9113c372bd24,2021-12-14T12:35:50,BRAND1,386.99,"""bfljbkk ldciddb"" <bfljbkk@gmail.com>"
6395e000-3f4a-46fb-9c94-7b40341e3c67,2021-12-14T12:35:50,BRAND2,799.52,clkikgl@live.com
db269456-4067-47ce-90ed-71835f646fca,2021-12-14T12:36:40,BRAND3,504.29,"""alijcgl fdcblhi"" <alijcgl@gmail.com>"
8fc4089b-02f8-4b50-a95b-3c3e6c89e6e8,2021-12-14T12:36:40,BRAND5,501.80,"""eeedbjk echekgg"" <eeedbjk@gmail.com>"
1436418c-b6ee-4499-ab8e-f70cff9d4fe8,2021-12-14T12:37:30,BRAND1,682.21,eebidbk@gmail.com
e3fe5dc3-2e56-4e03-8196-fdd952c4c2eb,2021-12-14T12:37:30,BRAND2,944.58,gfhbeel@hotmail.com
d434ff59-f33a-4d5a-a1ff-e61c4fed3ed0,2021-12-14T12:38:20,BRAND2,34.70,efkdihc@gmail.com
a57c5d43-eb50-42a7-825c-c810b5b79411,2021-12-14T12:39:10,BRAND2,311.69,"""kfjfeid gcjbckg"" <kfjfeid@appple.com>"
629d9264-b1da-4c0b-b0d3-546d87a8b63e,2021-12-14T12:40:00,BRAND5,664.82,"""fjdajba ejgfbab"" <fjdajba@live.com>"
8f339f77-3402-4aa3-bb04-ebbd76f28a68,2021-12-14T12:40:00,BRAND5,890.14,gilkbfl@gmail.com
7018330f-487e-4433-87cf-8cf4443d77da,2021-12-14T12:41:40,BRAND1,971.51,"""bbagglf ggdcega"" <bbagglf@appple.com>"
0ebc9dd3-c5f1-4842-b5a6-24c740e616e1,2021-12-14T12:41:40,BRAND5,596.74,"""bleeecl jkielhj"" <bleeecl@gmail.com>"
1a7a30c1-0c71-4a88-836e-64237b52f54a,2021-12-14T12:43:20,BRAND1,876.73,"""jjfkhgh hlabffl"" <jjfkhgh@gmail.com>"
a6e560a3-368a-4d90-b365-21933463d863,2021-12-14T12:43:20,BRAND2,152.90,jaahhij@yahoo.com
eb016c8d-8f0e-4070-99b4-4538cb50f9fe,2021-12-14T12:44:10,BRAND5,16.01,"""bdealhd jcglfei"" <bdealhd@live.com>"
a0969a24-7a12-4443-b77a-5e04ca34954f,2021-12-14T12:44:10,BRAND1,819.56,klcgcec@gmail.com
39e97b24-55a1-4c14-ad78-48ef3277de19,2021-12-14T12:45:50,BRAND2,892.02,jdfakkk@live.com
88ad9d35-14c1-4f23-adc5-fa3e57ade059,2021-12-14T12:46:40,BRAND5,169.84,ieclkah@gmail.com
81aaaa5c-4002-4a84-90e6-31d085959e29,2021-12-14T12:47:30,BRAND2,253.10,bflaaka@appple.com
f4abfa00-e64e-422a-8244-ff043ec6e827,2021-12-14T12:47:30,BRAND5,629.92,ldffibl@gmail.com
b0932a0d-68c9-4d2c-bcd3-e93dbb24667e,2021-12-14T12:48:20,BRAND2,959.82,jkgcflj@appple.com
467d4e19-332f-4bbc-8f00-1f0a480b6a15,2021-12-14T12:49:10,BRAND1,598.79,flkgfej@gmail.com
275987c6-6447-4afb-aa27-767bd91e6948,2021-12-14T12:50:00,BRAND2,817.11,kfkflbl@gmail.com
0e67cd14-de46-4593-9f77-1f0adf8aca9b,2021-12-14T12:50:50,BRAND2,396.08,bhjdgbk@appple.com
95820c27-c9ac-45bc-98ad-66f83ee85f67,2021-12-14T12:52:30,BRAND1,449.07,lfbhike@live.com
62f25156-3217-448a-8f3d-06f6bee6b3d0,2021-12-14T12:54:10,BRAND3,185.68,lcddjhb@gmail.com
fdb10588-9bd3-499a-9403-d0f58a15053f,2021-12-14T12:54:10,BRAND5,683.88,bjelbga@live.com
4fb72dee-00c3-4568-9422-f420b4238d5e,2021-12-14T12:55:00,BRAND1,781.76,dhaflkj@appple.com
97cfadbd-401f-4093-8430-92541058c9be,2021-12-14T12:55:00,BRAND5,537.56,"""echbihg dcdfafd"" <echbihg@gmail.com>"
5ca9f8e2-13e7-400c-bbce-4a8398f078f3,2021-12-14T12:57:30,BRAND2,807.73,ikgfcgj@appple.com
f2bbd522-c4d6-4a04-83a4-13b6cc5290f4,2021-12-14T12:58:20,BRAND5,119.94,ckgdigj@gmail.com
ccc97412-b472-48d1-9a54-d4608901cb68,2021-12-14T12:58:20,BRAND2,431.03,lfhgkbg@gmail.com
72118d77-55cf-4934-8c56-8dfa137c78a5,2021-12-14T12:59:10,BRAND5,777.28,"""gifbbfk hkjehgk"" <gifbbfk@yahoo.com>"
304006c7-a8bf-4606-a346-86f26db8b1cc,2021-12-14T13:00:50,BRAND2,706.01,fbbcllh@appple.com
52baaa9b-4029-4f2d-a6e7-0f27fdf5ab3b,2021-12-14T13:01:40,BRAND2,972.34,ibjcade@appple.com
dcd4fdd0-3a60-40c1-8ef5-b3120653d638,2021-12-14T13:03:20,BRAND2,855.08,kkfihbf@gmail.com
a40f84d3-7ce5-4f79-9635-8a3bcf8d581a,2021-12-14T13:04:10,BRAND5,151.23,"""khiblfg gdbjlcd"" <khiblfg@hotmail.com>"
912f9fa6-ce6b-46d0-84c2-60ecb3307b3d,2021-12-14T13:04:10,BRAND2,425.20,bdiaegc@live.com
58eb907c-32ec-4717-8c2f-9d3f5689e644,2021-12-14T13:05:50,BRAND4,159.74,"""dghckcl hkdljjh"" <dghckcl@appple.com>"
05cdefd0-9f80-4bf8-9db0-39def6b7a3f9,2021-12-14T13:05:50,BRAND2,678.59,"""bgakiah eacjdfg"" <bgakiah@gmail.com>"
46fe07af-6c11-41cd-920b-7dffa13b1772,2021-12-14T13:06:40,BRAND2,130.29,hahiddl@gmail.com
4f23979c-e24e-4369-9ec4-959e28a7807a,2021-12-14T13:07:30,BRAND4,110.36,lhfcdcc@gmail.com
1a61f941-7b03-4a30-b3a8-210ed5c42ec1,2021-12-14T13:07:30,BRAND1,540.08,"""bdcfbgj fliajlj"" <bdcfbgj@gmail.com>"
874627f2-cb2c-4382-8ed7-b9431b9d2562,2021-12-14T13:08:20,BRAND5,881.92,kgeddec@gmail.com
2b34758f-b470-4116-bc76-be5f8dbb72f6,2021-12-14T13:08:20,BRAND2,200.23,"""bhdbdhi bcfbfgf"" <bhdbdhi@gmail.com>"
b9cab041-8922-4e1c-ba3f-f508239f491c,2021-12-14T13:09:10,BRAND5,7.70,daghidk@live.com
83f440dd-ad58-4151-9872-89ff5ead7a75,2021-12-14T13:09:10,BRAND3,339.40,"""ibclcig ekbjejh"" <ibclcig@gmail.com>"
76eea8e5-430e-459b-bed0-635b7e88d854,2021-12-14T13:10:00,BRAND2,297.24,"""dlkggec ejhlcgg"" <dlkggec@appple.com>"
33648c51-e60d-4769-9e9b-f7cd921f2b97,2021-12-14T13:15:00,BRAND2,93.17,"""jegjljc aijgebi"" <jegjljc@gmail.com>"
cbdad2c9-c35b-4c5b-b9ef-a1f868c1d6e2,2021-12-14T13:15:50,BRAND2,399.71,igdcjlb@gmail.com
fe4c8ab8-0a6b-4204-9374-fe6187b0d484,2021-12-14T13:15:50,BRAND2,722.43,ahgbbca@yahoo.com
031b5732-8459-4cff-ac8a-962693181079,2021-12-14T13:17:30,BRAND2,$820.81,ejcbbje@gmail.com
20be5ee9-bf65-4df5-bc13-5461c6c28330,2021-12-14T13:17:30,BRAND1,396.82,acabija@gmail.com
a06cac2c-7bed-4402-8ae7-0717e171cf20,2021-12-14T13:19:10,BRAND5,621.89,kbghfdi@gmail.com
cf4c739a-cf9d-4ee6-88d6-1d496865b5e1,2021-12-14T13:20:50,BRAND2,479.71,"""fegecfi afhddcg"" <fegecfi@gmail.com>"
826bb756-9f41-4691-b5c1-0b3f59015080,2021-12-14T13:21:40,BRAND5,385.25,lkfleeh@gmail.com
1f28bdfd-7ec1-4c10-8da4-05c035ee17b2,2021-12-14T13:21:40,BRAND5,974.36,"""fgfcigg kijjebc"" <fgfcigg@yahoo.com>"
e243a249-a555-4f57-8975-d7489bf4ba07,2021-12-14T13:22:30,BRAND3,550.30,"""cecjhdc afafaeh"" <cecjhdc@gmail.com>"
340ec91a-e250-4302-bf69-1d3936d45ac7,2021-12-14T13:22:30,BRAND5,830.29,ejhfclc@gmail.com
65eefcfa-c8b7-45c5-9b02-7deec6fa21b1,2021-12-14T13:24:10,BRAND5,125.56,"""hljdbhf fdibafj"" <hljdbhf@appple.com>"
789b77df-f267-4ad0-a2e6-3896caa2f566,2021-12-14T13:24:10,BRAND1,773.67,"""ehjdejf edfhhcd"" <ehjdejf@gmail.com>"
3d2d9c2a-6b01-42ca-8097-05dd5e6cfea0,2021-12-14T13:25:00,BRAND2,869.22,accfidg@live.com
4e2d52ef-63e4-4c36-b9a1-21a7c86a1fef,2021-12-14T13:25:00,BRAND2,678.09,"""eajiled gecfklh"" <eajiled@gmail.com>"
aad1a589-bb94-49d2-985c-28b2eb65cccd,2021-12-14T13:26:40,BRAND1,508.98,aekjffc@gmail.com
33a39ee3-0620-41d2-9203-35816164a183,2021-12-14T13:26:40,BRAND2,849.99,"""ffjijce deejegi"" <ffjijce@appple.com>"
8950aee1-bb2f-4303-93f9-e5056745c9ee,2021-12-14T13:28:20,BRAND2,161.43,"""geacdbi eibkbhe"" <geacdbi@gmail.com>"
daac8217-fd58-4a6b-8eb3-9095c0f02535,2021-12-14T13:29:10,BRAND4,75.23,"""deljgck ekaabcj"" <deljgck@live.com>"
420fe6d1-1515-4050-9515-9b6b650950f4,2021-12-14T13:29:10,BRAND4,11.26,jjlichl@gmail.com
b5b72727-e229-4110-a879-8193c6b78fd5,2021-12-14T13:30:00,BRAND2,302.43,cabfadg@gmail.com
922e6cbb-c1db-437f-8cad-725e5ad198a4,2021-12-14T13:30:00,BRAND5,148.43,kciabll@gmail.com
5278bd90-ce0d-4690-9881-b43c3c730ab7,2021-12-14T13:31:40,BRAND2,764.07,hjjakif@gmail.com
72dfaa78-b972-437d-9f17-0b9ef37d9ad7,2021-12-14T13:32:30,BRAND1,512.07,didlecj@appple.com
f0422613-27b9-44b7-aa79-4da25e9a6062,2021-12-14T13:32:30,BRAND5,901.73,"""jbddehc cekjkdi"" <jbddehc@gmail.com>"
b82b4d82-f966-4a06-9d2b-d047ff09e615,2021-12-14T13:33:20,BRAND2,1.26,"""eckkejl ddcicjj"" <eckkejl@yahoo.com>"
6d1e3ae6-cc54-4d00-b451-d7b424c43e38,2021-12-14T13:33:20,BRAND1,675.66,felafgl@appple.com
5f85d44e-ddd0-42f5-81cd-2d9430f1fe7b,2021-12-14T13:34:10,BRAND5,88.80,fhdcbic@appple.com
4c2d3599-2ebf-4217-8582-9178476fc6ff,2021-12-14T13:34:10,BRAND2,847.99,jjfafga@appple.com
58a42377-d643-4a02-af96-7c2ee4e2a39b,2021-12-14T13:35:00,BRAND4,494.48,ijefkbg@yahoo.com
6e9ab67b-454e-4c58-b6ba-528070b53ca2,2021-12-14T13:35:00,BRAND2,574.30,ihaagle@gmail.com
0e4280f9-245b-4fe2-8a5b-109ee1d7290d,2021-12-14T13:35:50,BRAND2,911.01,"""hjchkje fecbefa"" <hjchkje@gmail.com>"
10c899e5-3ccb-488f-bb7a-69fe45f544bc,2021-12-14T13:36:40,BRAND2,923.85,"""echiadf kjfciba"" <echiadf@gmail.com>"
c9c8bc3e-f189-45fb-bce3-07555c6f6180,2021-12-14T13:36:40,BRAND2,258.14,kacjlik@appple.com
7e41f6aa-65d2-4f20-9322-9e0ca7a3b222,2021-12-14T13:38:20,BRAND2,844.02,eahbkge@gmail.com
313b0dec-10bb-4f46-b6cb-4f404f4e728c,2021-12-14T13:40:00,BRAND5,462.56,ibjjcff@gmail.com
265ea619-4323-414e-ae11-c89d03b0a15c,2021-12-14T13:42:30,BRAND5,53.68,"""fjialag kdgdfgk"" <fjialag@gmail.com>"
6fcaa93d-aa9a-427f-9796-3a8e54197074,2021-12-14T13:44:10,BRAND2,534.81,ilkjgib@gmail.com
b12302e2-c5db-4cba-ab4f-bf1b18d0e6b0,2021-12-14T13:47:30,BRAND2,710.18,dgjabda@live.com
ceebd23d-2443-48ef-bd0f-a756bc459cd8,2021-12-14T13:47:30,BRAND1,267.10,"""jfelghg dkkigfi"" <jfelghg@gmail.com>"
31901e64-e800-4732-a7ed-af520c67c493,2021-12-14T13:50:50,BRAND3,286.00,liekgge@yahoo.com
d1031b27-2fe4-43be-96b4-52c0068878fd,2021-12-14T13:52:30,BRAND2,359.43,jbfdhjk@gmail.com
bc85db16-1ce1-4e4b-bd64-239311e84b2e,2021-12-14T13:52:30,BRAND5,456.89,ebciffc@gmail.com
01f1e885-7c36-48d1-8ac4-134585946a78,2021-12-14T13:53:20,BRAND5,90.40,"""ccjeghe ddglcal"" <ccjeghe@gmail.com>"
db3977c1-518d-4b55-b5ca-42a5e8b63b3f,2021-12-14T13:53:20,BRAND2,606.51,lgahaej@live.com
d68b19ca-ea61-458a-9fc9-55b1e338eedb,2021-12-14T13:54:10,BRAND2,758.38,"""jefikli efajgdb"" <jefikli@gmail.com>"
29e033e3-6fac-462e-9c0e-cee849c4d354,2021-12-14T13:54:10,BRAND2,28.27,"""djjbjfe gflaghi"" <djjbjfe@appple.com>"
4d387d64-276d-4516-99a6-37e3b89f1c09,2021-12-14T13:55:50,BRAND2,249.88,eccilkl@gmail.com
d88c620a-c675-4a9b-868c-255479feeea6,2021-12-14T13:56:40,BRAND1,578.69,"""fekhlhe ghkefia"" <fekhlhe@live.com>"
2f66a162-7f28-4ec6-b12e-b43173c6a2a7,2021-12-14T13:56:40,BRAND5,$560.69,"""gdhehcj cbheklj"" <gdhehcj@gmail.com>"
c469da1b-a583-414a-968f-76778333f17c,2021-12-14T13:58:20,BRAND1,441.00,"""ijdblek iabjdlg"" <ijdblek@gmail.com>"
daf3f090-dfc0-4920-8f88-bdcef8c8d079,2021-12-14T13:59:10,BRAND2,234.47,dgbhdca@gmail.com
c24af21c-7737-4504-8fc1-e95d2f4ff54a,2021-12-14T13:59:10,BRAND2,989.69,"""hiekedc alciaba"" <hiekedc@live.com>"
65c4e340-b253-4251-86cb-a6664bdf101d,2021-12-14T14:00:00,BRAND2,328.43,blhhjla@gmail.com
429148d1-576b-4f61-a890-03613bb0f021,2021-12-14T14:00:00,BRAND5,536.83,kildcfb@appple.com
592c4e5d-7bea-415a-84e3-b4d56477f575,2021-12-14T14:01:40,BRAND5,67.90,fkhkhaf@gmail.com
3786ae4d-daad-46af-b045-45d4e386bc8a,2021-12-14T14:02:30,BRAND2,527.86,kckgika@live.com
df3a6966-848a-4b0e-8a2a-b981cdb1a453,2021-12-14T14:02:30,BRAND1,871.00,ghdgdjj@gmail.com
28f19460-32b1-48d9-8ed2-433242ecce83,2021-12-14T14:03:20,BRAND2,875.36,haceeja@gmail.com
893bc38d-b8d2-4e3c-9e7b-91eaf109e281,2021-12-14T14:03:20,BRAND1,847.73,lkedbif@live.com
487cbc21-48c3-40ab-9a63-b4797b37bf5f,2021-12-14T14:04:10,BRAND2,707.52,"""hfgehai jfeldhi"" <hfgehai@gmail.com>"
8be3251b-e5a5-43d5-8552-3199b29bcf94,2021-12-14T14:06:40,BRAND5,702.41,djbkdca@live.com
78238ce4-b4bb-4978-bc49-fac86038307f,2021-12-14T14:06:40,BRAND2,538.66,"""llchfed ailjdij"" <llchfed@appple.com>"
29cf4f59-0ad6-4c4d-8306-b3139cd1259f,2021-12-14T14:07:30,BRAND2,170.38,"""gbbghbi jjdccda"" <gbbghbi@live.com>"
7d90d2c7-5b52-4fe9-a07f-a17e1cc54558,2021-12-14T14:08:20,BRAND5,$510.16,edecdfc@gmail.com
8d6910d2-b9af-4c21-83a4-144d1d9a6539,2021-12-14T14:08:20,BRAND5,526.96,"""gchjfgg fjijkhj"" <gchjfgg@gmail.com>"
c7d8e9d0-bc2e-45af-b5fb-8755a79bf085,2021-12-14T14:10:00,BRAND5,0.64,"""hfjbhel kichikg"" <hfjbhel@live.com>"
ac790b6d-6b85-4200-9a8b-0d30a5279ea2,2021-12-14T14:10:00,BRAND2,396.54,"""bjikiff llaeifh"" <bjikiff@gmail.com>"
d2fd0979-a159-43b4-b3a3-f428be6a6ad2,2021-12-14T14:10:50,BRAND3,251.49,bjeibll@live.com
9513f072-c6de-43e0-9b06-13a283ac29f6,2021-12-14T14:11:40,BRAND1,904.24,"""fhhkigc baeifhl"" <fhhkigc@gmail.com>"
8535baf3-c4af-4ac7-97e8-c497d91afadd,2021-12-14T14:13:20,BRAND2,158.09,ijlheaj@gmail.com
6de789d7-c13e-43c0-b47f-1eb32ed38907,2021-12-14T14:13:20,BRAND2,988.34,ceeeedf@appple.com
d0f61e3f-4f1d-42eb-beda-9e1f2ab0b980,2021-12-14T14:15:00,BRAND2,298.91,kahajig@live.com
6d210b92-cfa2-47cb-899c-5d62c2d7c07a,2021-12-14T14:15:00,BRAND5,774.78,hgebdeg@appple.com
7b13e67e-de65-4ab8-ba8c-d33581c4bd24,2021-12-14T14:15:50,BRAND2,444.76,"""fklhafh lclibhj"" <fklhafh@gmail.com>"
1777929b-58c3-4309-86b3-4e86181c8203,2021-12-14T14:15:50,BRAND1,589.71,gahgcec@gmail.com
8b94fedd-0eb8-41ca-846b-0b3fd14dafdc,2021-12-14T14:16:40,BRAND2,895.88,gedejki@gmail.com
563b69bb-1e3a-4c03-b131-81455c4af819,2021-12-14T14:16:40,BRAND2,939.19,iladghc@gmail.com
93412b01-f303-4128-990b-15b3e9902e5d,2021-12-14T14:18:20,BRAND5,918.21,hlifikh@gmail.com
cf6fad6e-5274-436d-9f1f-9347d31f94c9,2021-12-14T14:18:20,BRAND5,110.06,fdckdcd@gmail.com
d41b758e-3654-4a15-957c-1fb4e0579ac4,2021-12-14T14:19:10,BRAND1,190.81,alldeea@gmail.com
5cd77a92-574c-436a-9ede-3b951b8cdad4,2021-12-14T14:19:10,BRAND5,137.77,kedehed@gmail.com
689fcd86-6511-4c4b-b799-3c2cd2334528,2021-12-14T14:20:50,BRAND5,427.82,"""gfkklff edgehbb"" <gfkklff@gmail.com>"
2a7ef5e4-9a42-4d53-8d3b-c3bb997c079f,2021-12-14T14:21:40,BRAND2,353.02,jabldff@gmail.com
af657463-b6e0-4037-b9f1-16fb66f78b5d,2021-12-14T14:21:40,BRAND3,767.80,"""egklbjk bkjhlcc"" <egklbjk@appple.com>"
21f2a4da-2948-426b-9355-3d8cd50945e7,2021-12-14T14:22:30,BRAND2,134.82,lfglggi@gmail.com
d8eebbf0-ba83-4939-a97e-f7d53e0f6831,2021-12-14T14:22:30,BRAND2,691.19,"""fkaifdf bblkdll"" <fkaifdf@gmail.com>"
509f6df6-88bd-46c9-b25d-c6ecf9d87472,2021-12-14T14:23:20,BRAND1,365.47,dlkjjaa@appple.com
a870e3c4-a0a6-46d7-81ae-8373049dac31,2021-12-14T14:23:20,BRAND5,587.44,hhcbckj@gmail.com
609ad7d2-0970-41cd-a439-381222bf6e52,2021-12-14T14:24:10,BRAND2,83.14,dhdkgdb@gmail.com
acfe548c-f712-4520-a9c9-783510dc4c3f,2021-12-14T14:25:50,BRAND1,888.79,"""agclkle kkdicii"" <agclkle@appple.com>"
5bfc5346-9f8d-4c01-a366-2cc73c5dc50c,2021-12-14T14:26:40,BRAND5,187.63,iibbahj@appple.com
1ac784a6-498e-43ef-ad1f-1e06293f1902,2021-12-14T14:27:30,BRAND2,973.07,dbflekk@gmail.com
77f2c6f2-cb8c-405b-ae99-f78ed5e01ea3,2021-12-14T14:27:30,BRAND5,982.05,bhkgkhg@gmail.com
20453232-5d7b-4ca5-b376-74ccbfc5c28f,2021-12-14T14:28:20,BRAND5,896.77,ikajffc@gmail.com
f8eecfd7-102e-483d-a3ce-a9a77f95fe4d,2021-12-14T14:28:20,BRAND2,506.75,"""iikgjbf ahblbdj"" <iikgjbf@gmail.com>"
21f3141a-9b1e-45f1-b540-2fa80fd1baad,2021-12-14T14:30:00,BRAND5,441.17,"""lkhehik lkaldji"" <lkhehik@gmail.com>"
011a7bfa-e2b7-400b-826c-df148a6c92d4,2021-12-14T14:30:50,BRAND2,719.63,"""kcjcelb eihkjgh"" <kcjcelb@gmail.com>"
e59e4d0d-74b2-4c4f-b6f1-efa7a5826695,2021-12-14T14:31:40,BRAND2,678.65,kchddgb@gmail.com
3a78b32d-f744-43d1-848f-ca7801b5ec60,2021-12-14T14:31:40,BRAND3,877.72,cfcbjgc@gmail.com
841d15a6-d70e-4ea2-bcd2-1d8021db3148,2021-12-14T14:33:20,BRAND2,712.55,ifldble@gmail.com
dfe9444e-2d32-47a5-9b31-7a5dca5bcbff,2021-12-14T14:33:20,BRAND5,593.99,"""idfkdjh dcfdbei"" <idfkdjh@appple.com>"
c154cee6-9949-44f4-aa96-9a85d73038b3,Tue Dec 14 14:34:10 2021,BRAND2,604.13,"""bjiedjh jkfdcdc"" <bjiedjh@gmail.com>"
cba7550b-bc2a-4eb5-b264-5c31c85329b2,2021-12-14T14:34:10,BRAND2,980.24,"""eahlkgk glkcilg"" <eahlkgk@live.com>"
1da249e5-f46e-417b-9dbb-ec5cf2c3daf6,2021-12-14T14:35:00,BRAND2,864.66,"""jeaijkg achcjhf"" <jeaijkg@gmail.com>"
077306bb-77fc-42e4-8581-f84f9613be0d,2021-12-14T14:35:50,BRAND2,378.01,jfbalfl@appple.com
a4f55af3-4d89-4e47-ac4e-a84fc44b4f27,2021-12-14T14:35:50,BRAND2,895.02,khjafjf@gmail.com
1a892790-0585-4027-a8fa-b490f8d6dc2a,2021-12-14T14:37:30,BRAND5,252.12,"""bkkaeci jakeghf"" <bkkaeci@appple.com>"
c0c1eeb6-3215-4fff-a9c9-a3a304c6d14c,2021-12-14T14:39:10,BRAND2,712.77,"""ibaeija ibhejla"" <ibaeija@gmail.com>"
c758f02b-ed00-4a0e-8bef-ed06209e5852,2021-12-14T14:39:10,BRAND2,355.50,eacgcda@gmail.com
2ec43cc7-1c2b-4d68-9b46-61b83a79a021,2021-12-14T14:40:00,BRAND4,177.37,"""dlgefhd ehfikji"" <dlgefhd@gmail.com>"
d711885e-760c-444e-9c5a-924f3da6e664,2021-12-14T14:40:50,BRAND2,645.11,bhejhhe@gmail.com
075b5e49-8492-44ca-b084-95e1c1b455c5,2021-12-14T14:42:30,BRAND2,201.96,"""gegddaf khakdbf"" <gegddaf@appple.com>"
f0a6c82b-4fac-41d4-94eb-6e2b4e9425fd,2021-12-14T14:42:30,BRAND2,954.59,"""iakedlf idbhebe"" <iakedlf@gmail.com>"
5320ade0-923e-48b0-85a3-a12c49769fc1,2021-12-14T14:43:20,BRAND2,330.94,ffegkfl@appple.com
b8b96375-4f23-47ce-af5e-de88ad13ed06,2021-12-14T14:43:20,BRAND5,718.98,ecbfhki@gmail.com
b1c0e26f-e69e-4209-8425-f3773f6b8e24,2021-12-14T14:44:10,BRAND5,918.65,"""ikchcff ibaheea"" <ikchcff@hotmail.com>"
fc296ca4-a673-407b-8bf7-b13835196aca,2021-12-14T14:44:10,BRAND5,737.11,kkbehab@appple.com
2b423922-4a67-4ddb-92e9-70c898bb4697,2021-12-14T14:45:00,BRAND4,939.64,eclgdce@gmail.com
0499d830-5f10-45f6-bc4c-5e3fe507e8cb,2021-12-14T14:45:50,BRAND5,637.27,ildjhbf@live.com
bbcbce8d-4df6-46d4-b24b-f533264e6a26,2021-12-14T14:47:30,BRAND5,677.21,elaklgc@live.com
12892732-d194-45ce-bcbc-e2ed1c080248,2021-12-14T14:47:30,BRAND2,$570.28,"""gehldae dkhecjf"" <gehldae@gmail.com>"
84e566b0-4d7f-4284-968a-bf45be00f031,2021-12-14T14:48:20,BRAND2,901.34,efaaedj@appple.com
61659299-0509-43d3-89b4-e3f495cfd68f,2021-12-14T14:50:00,BRAND2,100.00,blbdbjg@gmail.com
b86beeb8-df43-416b-b72a-49448bea10bf,2021-12-14T14:50:00,BRAND2,240.08,"""ibkdjlh ijebfgl"" <ibkdjlh@gmail.com>"
801be7a9-58ce-44dc-bdd8-350534a86828,2021-12-14T14:51:40,BRAND3,367.09,"""bjgcldk ffiilgg"" <bjgcldk@gmail.com>"
fc81522c-9333-485c-82d6-77e526d6c472,2021-12-14T14:52:30,BRAND2,541.39,akbekfd@gmail.com
e4b6e1a1-2ccb-4ea5-9020-b7cfcc36f2f9,2021-12-14T14:55:00,BRAND4,324.11,kdciika@gmail.com
d4366739-f568-498f-b84d-1facc6ec1012,2021-12-14T14:55:00,BRAND2,890.44,"""jkellhe dbcbfik"" <jkellhe@appple.com>"
56540afa-c06c-45ea-86d9-e18e1bcc41c0,2021-12-14T14:55:50,BRAND2,589.06,"""fffcdei bfeidfd"" <fffcdei@appple.com>"
4714a6d6-aed4-4526-9a96-4759124ffb0b,2021-12-14T14:56:40,BRAND5,493.05,"""hkljagl kakcifg"" <hkljagl@gmail.com>"
ba600d43-2218-4d5a-8bee-24aece6eee85,2021-12-14T14:57:30,BRAND5,71.12,dbdjjdd@live.com
3e6df251-67c9-4ddf-90b8-a229859a3bac,2021-12-14T14:58:20,BRAND5,382.95,"""gbgbehb kekelgh"" <gbgbehb@yahoo.com>"
64b65a26-d1ff-4267-8630-3d6474a202a2,2021-12-14T15:00:50,BRAND2,900.05,"""cjhcclb gfljjah"" <cjhcclb@gmail.com>"
81b18c63-d902-4fe7-b9b2-5e7136f5d816,2021-12-14T15:00:50,BRAND5,884.55,"""adbhbfb jbgjgjh"" <adbhbfb@gmail.com>"
20afd8ad-c30b-4ddc-978a-bbed022fc2a6,2021-12-14T15:01:40,BRAND2,989.11,"""cibdkgb higjfdc"" <cibdkgb@appple.com>"
0025dfc7-a5f7-488c-9bdc-03f40a94c6c4,2021-12-14T15:03:20,BRAND2,501.20,"""kccjgkb cbbleig"" <kccjgkb@appple.com>"
2a1e7be3-6146-484e-a5e1-c635f610a69e,2021-12-14T15:03:20,BRAND5,242.95,ldekcgf@appple.com
c0e2b191-f98d-4cf6-b003-039fa55cc0cf,2021-12-14T15:06:40,BRAND5,691.18,agbbief@gmail.com
7e7f3c5b-4dca-4eff-8f83-39eca3d64c5f,2021-12-14T15:07:30,BRAND2,855.15,kiladee@yahoo.com
5c938095-a03e-4c1b-8c72-51983a4b3d86,2021-12-14T15:07:30,BRAND2,155.11,bfhbekh@live.com
b1a5f9a4-1f7d-447b-9379-9f5122eb95a6,2021-12-14T15:08:20,BRAND5,480.25,egaljhf@gmail.com
26f25ef0-ef40-4eeb-9ac6-8bbcdfd97c14,2021-12-14T15:08:20,BRAND2,41.18,"""fhcilfi dcijiai"" <fhcilfi@gmail.com>"
10b14048-adf7-40b5-bd24-71cae42b4ae7,2021-12-14T15:09:10,BRAND5,51.05,fghchak@gmail.com
dbf04446-7e44-431c-b221-960d5384961c,2021-12-14T15:09:10,BRAND4,513.36,"""eacialh jfgikei"" <eacialh@gmail.com>"
a0b2ec7f-da73-4b56-8288-fccf2876f180,2021-12-14T15:11:40,BRAND2,965.35,"""jckdalk ailicfc"" <jckdalk@gmail.com>"
dfc4caa5-5b07-4323-8e0c-c59cec3bc566,2021-12-14T15:12:30,BRAND5,533.99,lkgaaef@gmail.com
05cdcaef-0eb8-48d1-b63d-05ee8b5978ac,2021-12-14T15:13:20,BRAND4,895.53,fejgfbj@yahoo.com
9883e80c-9d38-4bd1-ae1b-e66b819f5711,2021-12-14T15:17:30,BRAND1,979.45,gcejdbb@appple.com
93a3b423-33f6-4da5-9702-1c4079ba1825,2021-12-14T15:17:30,BRAND1,308.35,"""hjkejfk gjcekfe"" <hjkejfk@appple.com>"
abb870d4-6340-4fb3-9f49-f2582132a817,2021-12-14T15:18:20,BRAND2,39.62,"""aihdkdb iablkgi"" <aihdkdb@gmail.com>"
e7a817bd-11df-42cb-bef7-f7183375d1a9,2021-12-14T15:18:20,BRAND2,156.15,faecdcd@live.com
7f492520-d88a-486d-b8e7-f4f995b4410d,2021-12-14T15:19:10,BRAND2,166.00,hijdcbj@appple.com
c5d8f070-f586-4ab2-8aa1-1ebf54bf902f,2021-12-14T15:20:00,BRAND1,995.62,filhkfk@appple.com
7f833202-0f48-4497-8578-e037566c40a2,2021-12-14T15:20:00,BRAND3,951.54,"""bljljda ljdliei"" <bljljda@live.com>"
43ada0d3-f6e3-4e69-9e44-28f0958810c0,Tue Dec 14 15:20:50 2021,BRAND2,344.41,clkjcej@gmail.com
e16c539b-1729-483e-bf9a-b36939663c41,2021-12-14T15:20:50,BRAND2,735.38,"""gdjiahg icleilf"" <gdjiahg@gmail.com>"
2eb57913-59ef-4f16-9a67-8791c8a2d101,2021-12-14T15:21:40,BRAND2,868.61,egfldjl@appple.com
6caa8790-c391-4d81-aa9d-b3b3e20fd665,2021-12-14T15:21:40,BRAND2,711.77,"""lihhilh dgigidj"" <lihhilh@gmail.com>"
b615a376-eac4-4cf9-86a4-c5eb7ec159cc,2021-12-14T15:22:30,BRAND1,334.68,jifelcl@gmail.com
34409dc8-6498-4bde-be93-a0c50ae36cc0,2021-12-14T15:22:30,BRAND2,351.01,liefbfa@gmail.com
07008537-ef6b-4810-b430-42506b7b35bd,2021-12-14T15:24:10,BRAND5,577.85,"""jaebkjh fcbibhj"" <jaebkjh@appple.com>"
1abb52d8-8cb3-423b-9c40-d6ba4c36559a,2021-12-14T15:25:00,BRAND1,70.12,kelhdje@gmail.com
5e90b286-df22-4c12-b14e-b5242fae627e,2021-12-14T15:25:50,BRAND4,492.95,"""aidledl ebiakgg"" <aidledl@gmail.com>"
72887175-6c7f-44c8-91f4-a983b3d99294,2021-12-14T15:25:50,BRAND5,826.74,jlkjbgi@gmail.com
9bd09905-e3a0-4c79-a112-cf94bb7b238c,2021-12-14T15:27:30,BRAND1,257.35,kaichke@gmail.com
a4d9ba4a-29f7-48cf-882d-7c951e7a6020,2021-12-14T15:28:20,BRAND2,838.49,"""clgahgd jkfdagj"" <clgahgd@appple.com>"
ccb2c72e-00b1-4fd0-9b0c-bbad10c34bc2,2021-12-14T15:28:20,BRAND2,271.74,igiidga@appple.com
d537257b-204c-4cbb-9bbc-44e5ec3620c1,2021-12-14T15:29:10,BRAND2,240.83,edblghh@gmail.com
9406dfb6-c132-499a-b589-fb9b1bc766a8,2021-12-14T15:31:40,BRAND2,955.69,eafdfll@appple.com
258e2009-d091-48b4-87e2-16d58a78420a,2021-12-14T15:32:30,BRAND2,692.07,"""ggaajib lbekacc"" <ggaajib@appple.com>"
d846e0f2-1654-4cc4-9ff5-a67c3c6adc5c,2021-12-14T15:32:30,BRAND2,245.71,bjjehkl@gmail.com
86735ad0-c254-4b09-a959-6323d614626c,2021-12-14T15:34:10,BRAND2,27.73,cjllcce@appple.com
8a0cd6e3-f310-4fba-906e-d3980ee172ed,2021-12-14T15:35:00,BRAND5,252.18,aegjbec@appple.com
600f7160-aa53-4848-83a0-fe5ede99fee2,2021-12-14T15:35:00,BRAND2,365.25,"""cdjblaa cgcchig"" <cdjblaa@yahoo.com>"
1282980c-bb54-4ee5-bcd4-278cad6696a2,Tue Dec 14 15:35:50 2021,BRAND5,78.51,"""ljigblb jchadei"" <ljigblb@gmail.com>"
4c65d5ed-008a-452e-a803-3bf986e3b0ed,2021-12-14T15:35:50,BRAND1,444.78,jdldgid@gmail.com
262eb3b8-8886-447c-b707-7dadf90b36b1,2021-12-14T15:36:40,BRAND3,514.93,"""ajheika jbbajfb"" <ajheika@gmail.com>"
41b2c273-ce4e-4270-875e-c25b3a6c2949,2021-12-14T15:36:40,BRAND2,311.20,fgkegcg@hotmail.com
dd24cbe8-d912-4ada-90d2-bf511cfc2026,2021-12-14T15:37:30,BRAND2,339.47,cdbbbik@yahoo.com
56a964ee-7af7-461a-842f-cb2ece64fb5f,2021-12-14T15:37:30,BRAND2,630.71,"""cekgccg iblgjeh"" <cekgccg@gmail.com>"
77b317eb-6d40-4ffd-9f13-8d776aee7772,2021-12-14T15:38:20,BRAND1,673.44,"""debgcea ifbbglf"" <debgcea@live.com>"
2a74ddd4-de80-441f-9973-9d143f8c7902,2021-12-14T15:39:10,BRAND3,822.34,cglbgak@gmail.com
446f513f-4cc2-47b9-b61d-8da606c31168,2021-12-14T15:41:40,BRAND2,943.61,"""efbigea ldcjbfd"" <efbigea@gmail.com>"
c8549553-50e0-4a91-80cb-243691dfe0d1,2021-12-14T15:41:40,BRAND1,942.02,eaeeeic@appple.com
3bfcc1b1-ee83-4846-8492-fa1466834a00,2021-12-14T15:42:30,BRAND5,574.32,"""hdghjcj cjgcglc"" <hdghjcj@gmail.com>"
1a278170-79ca-481b-adb7-3536a92fca1f,2021-12-14T15:42:30,BRAND2,595.53,khjeidb@gmail.com
50fa4e3a-b24d-4f87-af1f-5fc2a0ebf4b9,2021-12-14T15:43:20,BRAND2,865.12,lkgikei@yahoo.com
3dc47d9c-4de4-4d0b-93ce-5e2411e8813e,2021-12-14T15:43:20,BRAND2,694.56,fglakhl@live.com
3f06dd57-311e-4275-bb7b-2c899e10ea81,2021-12-14T15:44:10,BRAND1,477.00,"""aciiajd hehaada"" <aciiajd@gmail.com>"
762a1471-44d3-4c2b-bb07-644910971a88,2021-12-14T15:44:10,BRAND2,348.79,"""icghdhi ilgkeeg"" <icghdhi@yahoo.com>"
d337989b-9209-4d44-936b-e96aa9b53fc6,2021-12-14T15:45:50,BRAND1,726.84,"""igihdjh jdjcjge"" <igihdjh@gmail.com>"
bcd1073a-d026-4207-9c11-30af2d3097b9,2021-12-14T15:45:50,BRAND5,193.13,"""ihiiccl hklcecd"" <ihiiccl@yahoo.com>"
c9f1ccb6-e891-4f33-ad8c-9e08ea1f2f6d,2021-12-14T15:46:40,BRAND5,395.69,eijlhlk@appple.com
a77fc504-8d41-4fc6-8a21-121c3fe92eb6,2021-12-14T15:47:30,BRAND2,678.93,flafaif@appple.com
b38b7237-ce77-4f25-b058-17be3fd0d460,Tue Dec 14 15:47:30 2021,BRAND2,350.39,"""lhihhhf lgfgaff"" <lhihhhf@gmail.com>"
658da865-4530-41b4-902f-fcaafd6799ce,2021-12-14T15:48:20,BRAND2,476.51,"""kadbgbd kajcdll"" <kadbgbd@gmail.com>"
2f240aff-0a77-4e9e-abce-b1faafff493d,2021-12-14T15:49:10,BRAND3,326.60,"""dkeeehb jchkdil"" <dkeeehb@gmail.com>"
5a674b36-f028-4beb-a08b-7483934e39aa,2021-12-14T15:50:50,BRAND5,280.40,hldadgl@gmail.com
2ffe898e-f16c-497b-912d-cb2c0a0cb346,2021-12-14T15:51:40,BRAND3,144.66,jacagjk@gmail.com
67547f13-dc56-40f7-b43d-746cfad4f073,2021-12-14T15:51:40,BRAND1,894.84,jcgjlee@gmail.com
89c9e749-450e-4c67-99d9-8c71fa9a3404,2021-12-14T15:52:30,BRAND5,127.67,jjikdkl@appple.com
3e424a38-4194-428c-984c-6dabf58f71d1,2021-12-14T15:53:20,BRAND5,842.25,ielikai@appple.com
abf47c21-4367-4c19-bf01-92cddd8ca64f,2021-12-14T15:55:00,BRAND5,130.04,keajhik@gmail.com
098a24aa-1fcb-4fef-88eb-0dd11845415b,2021-12-14T15:55:50,BRAND2,113.32,hcechkd@gmail.com
3a0a4e22-6883-4e73-808e-9efe2eca65a3,2021-12-14T15:56:40,BRAND5,177.22,bjffaaf@gmail.com
da4c167c-c2df-495b-b4ac-ef6061f60a13,2021-12-14T15:59:10,BRAND2,699.55,icbfhhd@live.com
16f9d492-a6b7-4692-9cd4-5af816352f03,2021-12-14T16:00:00,BRAND2,716.19,ebklafd@gmail.com
46ecd80f-751c-4bf8-af22-a01094670d56,2021-12-14T16:00:00,BRAND2,962.17,belihbj@gmail.com
f9a40463-997a-4715-9992-a2a6930fee8b,2021-12-14T16:01:40,BRAND1,786.83,jbhfdif@gmail.com
405a26a3-6ba7-47ae-b653-70e0260003b7,2021-12-14T16:02:30,BRAND3,935.45,"""bkkchla bagdieh"" <bkkchla@gmail.com>"
d2d73f9a-0783-4fcb-82d1-9bc7c3926ac7,2021-12-14T16:02:30,BRAND2,301.53,dfjbbhl@gmail.com
0ad40b33-909c-4934-a60b-71b15150d007,2021-12-14T16:03:20,BRAND1,834.04,"""dkiidga jhgjcia"" <dkiidga@gmail.com>"
b561d480-170f-4e9d-8b4d-0f9d3bb719b8,2021-12-14T16:03:20,BRAND2,878.16,ibaccde@gmail.com
67195e3d-ebb9-46c5-9462-5578518c9f10,2021-12-14T16:05:00,BRAND2,354.61,lcjijhc@hotmail.com
52ee8177-436a-433c-9fbe-5352cf17365e,2021-12-14T16:05:50,BRAND1,312.58,fggceee@gmail.com
2ad35ec2-6669-477c-88fa-2f8c27963dcb,2021-12-14T16:07:30,BRAND2,57.65,"""ijbllia ejkbhkc"" <ijbllia@appple.com>"
f1a21bd8-437c-4bca-8c66-b67be8ad76fc,2021-12-14T16:07:30,BRAND2,87.97,iflkghe@gmail.com
f137599c-9a65-42db-85eb-b4cb7ab03f0a,2021-12-14T16:08:20,BRAND1,848.95,"""difhfkf gbedaal"" <difhfkf@appple.com>"
f7ccd8fd-016b-4b30-a08e-ea6be9c9654b,2021-12-14T16:09:10,BRAND5,315.52,"""cjikdif egachkb"" <cjikdif@gmail.com>"
552d44ed-cf78-4ade-9e17-9fe024adc69b,2021-12-14T16:09:10,BRAND2,867.00,"""blieejb ejkcjfb"" <blieejb@gmail.com>"
8d0e5c20-12ca-4e00-b7a8-1f899f438419,2021-12-14T16:10:00,BRAND5,615.01,cliekhf@gmail.com
2719b979-6232-4e5d-b58b-ef600b70a2a2,2021-12-14T16:10:50,BRAND5,690.38,aihhjih@gmail.com
020fbac7-9a1a-440b-858a-98773326ef8d,2021-12-14T16:10:50,BRAND2,29.45,fabhfcl@appple.com
cd927228-743f-4d30-a2f6-0f5e8aecdce4,2021-12-14T16:11:40,BRAND2,203.47,"""cbjfala ljcaffc"" <cbjfala@appple.com>"
e5623a76-c3db-48f8-8486-fd2bdd243885,2021-12-14T16:12:30,BRAND2,490.84,iehleha@gmail.com
8b58732b-ac75-416c-b5f6-15ccaa113a2c,2021-12-14T16:15:00,BRAND2,161.24,ahhgjfk@gmail.com
161bf7b5-ae88-4705-8e8e-4f27cdc98a13,2021-12-14T16:15:00,BRAND2,43.84,"""gbfcfkd eejjdhb"" <gbfcfkd@gmail.com>"
6930cec8-2f5f-440d-b21f-1847429cde77,2021-12-14T16:19:10,BRAND5,839.21,ajhhjfa@gmail.com
2711979a-008f-442d-bcac-f0062651748d,2021-12-14T16:19:10,BRAND4,963.84,cjaihkl@appple.com
7506f4cc-cdd8-4062-aeba-21787c587b78,2021-12-14T16:20:00,BRAND5,267.05,jliahcc@yahoo.com
b2f3e20a-8b6a-4480-b943-4eee011c926b,2021-12-14T16:21:40,BRAND2,311.33,ceebida@hotmail.com
057366e8-257a-4102-8fdf-34edf55a01ad,2021-12-14T16:21:40,BRAND1,255.68,"""lkcefdl eajiekl"" <lkcefdl@hotmail.com>"
b4c396ce-45e6-462b-b06b-2bd9c7a4552e,2021-12-14T16:23:20,BRAND5,440.66,ffjflij@gmail.com
e8665eb0-6159-4c68-b9e0-2a280273504b,2021-12-14T16:23:20,BRAND2,614.04,"""ifdbdfi jhekedc"" <ifdbdfi@live.com>"
8054409c-73a9-48ae-954c-6a8f4cdb8115,2021-12-14T16:24:10,BRAND2,$342.90,klekhjf@gmail.com
962e0d93-360e-4e69-a0b1-57d642d0890d,2021-12-14T16:24:10,BRAND5,915.85,dkkglkj@gmail.com
45363386-e894-482d-82cb-10cabb6c6030,2021-12-14T16:25:00,BRAND5,559.89,gajkhek@appple.com
3702b8f5-e317-4ac4-9c44-becee89b2354,2021-12-14T16:27:30,BRAND2,925.03,cdjhlek@gmail.com
0da4a913-585f-4cb3-9b3a-c98a6c4a958f,2021-12-14T16:28:20,BRAND4,9.76,"""lgbabdi ehaaebl"" <lgbabdi@gmail.com>"
c071df74-3cb2-49f6-a298-5a39699de4a1,2021-12-14T16:30:00,BRAND4,485.78,"""lgajihf gahcbkg"" <lgajihf@yahoo.com>"
c7907aea-edb3-4c54-ace9-4143ce4114a6,2021-12-14T16:30:00,BRAND2,346.09,ldfclle@gmail.com
e7342fc1-de48-4c4b-b9d0-afc68d3c6d4f,2021-12-14T16:30:50,BRAND2,740.79,kbfeibk@appple.com
8b2180e3-dc0f-42fe-961f-10175bce25fe,Tue Dec 14 16:31:40 2021,BRAND5,38.01,"""klafijh bcjgdde"" <klafijh@live.com>"
732292e5-13b0-43da-aaf0-1052a1bbc67e,2021-12-14T16:31:40,BRAND5,315.20,"""dfjhgje ikgghij"" <dfjhgje@gmail.com>"
01ab685f-0229-46d9-8fb1-e93876a7a6fd,2021-12-14T16:32:30,BRAND2,669.12,"""gkajigh kjlbhfk"" <gkajigh@gmail.com>"
7966ee34-16ac-4846-87b2-3095a527a8a1,2021-12-14T16:33:20,BRAND3,844.17,eikgaij@gmail.com
9ac9f260-626b-4055-9c8b-e2023eaf22c8,2021-12-14T16:35:00,BRAND4,300.79,afjbefg@live.com
4b261c97-7415-4b89-bbce-37e9337fed1e,2021-12-14T16:35:00,BRAND3,949.31,bchbjgl@gmail.com
19cec365-ec76-43ed-a289-2b5786a6fc00,Tue Dec 14 16:36:40 2021,BRAND1,607.78,gdiedde@gmail.com
d9d3ce5d-4a68-4daa-b3db-c30fb58f2f55,2021-12-14T16:36:40,BRAND2,910.48,"""hhjedlg fffilhb"" <hhjedlg@gmail.com>"
a59c4b61-14e0-410e-9157-a568493b81e2,2021-12-14T16:37:30,BRAND4,251.75,jhfkddb@gmail.com
173d3c7a-752b-4685-b618-09b0dfe6b56a,2021-12-14T16:37:30,BRAND3,610.86,"""dbhaccf lbgaegh"" <dbhaccf@gmail.com>"
21130cf6-9a0b-4f47-9fe4-22111bcf28ab,2021-12-14T16:39:10,BRAND1,788.12,egffceh@appple.com
c9e75526-0b2c-43d3-acb9-d12ea9d0aa9b,2021-12-14T16:39:10,BRAND5,457.04,dahhjdf@gmail.com
bb93a0ea-c580-403d-b506-d19dfbbc1cb7,2021-12-14T16:40:00,BRAND2,435.87,eeclgce@gmail.com
b1716ca1-43dd-414d-a618-130e8df19d0b,2021-12-14T16:40:50,BRAND2,943.07,gkkfeal@gmail.com
e86525dd-bd31-4091-96f2-d58ddac6b626,2021-12-14T16:40:50,BRAND5,437.65,"""aedfejf aecjfjl"" <aedfejf@gmail.com>"
46ee7fc6-a0c0-44d6-9c8e-8e145eb50bd1,2021-12-14T16:41:40,BRAND5,778.69,efiilah@yahoo.com
c43b1bef-140d-4623-9e0a-6bce35c6d652,2021-12-14T16:41:40,BRAND5,663.90,haiddcd@gmail.com
d30fa392-ddbc-410b-8321-58b3d0da6439,2021-12-14T16:43:20,BRAND3,724.14,fiifgjk@yahoo.com
9f61c49b-f980-4fff-bbb3-5c9e1200096a,2021-12-14T16:45:00,BRAND1,995.80,idcdehl@live.com
e9421534-e4a1-4301-8c65-2f51aaa4cd09,Tue Dec 14 16:45:00 2021,BRAND4,652.02,gacdihf@live.com
e4632e50-b6a1-4e28-b290-a064c9b1c42e,2021-12-14T16:46:40,BRAND2,752.01,bahdiel@gmail.com
dc31967d-ca4d-49b6-a946-1731d438e58f,2021-12-14T16:47:30,BRAND1,100.03,eijcdjf@yahoo.com
05af4eac-3213-426b-a925-475c7c2800ff,2021-12-14T16:47:30,BRAND5,527.06,"""ifddbbd ghkafbk"" <ifddbbd@gmail.com>"
4b996bb6-1e5f-4890-8940-7724a10ef0e0,2021-12-14T16:51:40,BRAND2,443.29,ehlfhld@hotmail.com
dc4873c4-3330-410c-b4aa-3bcec202eb08,2021-12-14T16:51:40,BRAND5,422.51,eijkifa@yahoo.com
be61c7a3-6385-4abf-91af-3427e9679ef3,2021-12-14T16:52:30,BRAND1,729.86,blejdbc@gmail.com
6c8e70ee-afff-4461-b550-a4a23eb9068e,2021-12-14T16:52:30,BRAND2,246.02,"""kjdblih ejfhece"" <kjdblih@gmail.com>"
d70137bd-72aa-454c-8fa9-2af975de5969,2021-12-14T16:54:10,BRAND2,219.39,ibhefjj@gmail.com
d9e26bd4-8124-4587-8f09-b0d9aebd176c,2021-12-14T16:54:10,BRAND2,478.33,ilgkedc@live.com
