id,date,brand_id,trans_amt,email_address
02c528ec-8083-4c4c-b6b9-380e39f2cdee,2021-12-08T23:30:00,BRAND1,318.76,jeklged@appple.com
495a57e3-e160-4f6f-9048-d21467a47efa,2021-12-08T23:31:40,BRAND2,529.60,lahelbk@appple.com
fca60e30-d532-4ed5-80d4-e185960c252f,2021-12-08T23:32:30,BRAND2,503.29,"""igejcbl hbdihfe"" <igejcbl@yahoo.com>"
09f9d3a7-e36d-431e-8d20-79ae88a96676,2021-12-08T23:33:20,BRAND5,950.47,"""fjaahgd balbiaf"" <fjaahgd@appple.com>"
550fb8ac-7408-494e-8cb9-a47713a0ae86,2021-12-08T23:33:20,BRAND2,947.60,achdkcf@yahoo.com
c4337705-6c6d-4618-8032-20c9c750db7b,2021-12-08T23:34:10,BRAND1,850.17,"""fekdbbl gkcgbbc"" <fekdbbl@gmail.com>"
0bd50b19-2823-4f4e-90a3-27d464888817,2021-12-08T23:35:00,BRAND5,678.78,jblkbgg@gmail.com
c5af7802-23d7-46f2-9f05-0f6959a224d6,2021-12-08T23:35:00,BRAND1,205.77,kjibdai@gmail.com
55a872d1-6a17-4e6d-a3f3-bb00f6dba975,2021-12-08T23:36:40,BRAND4,204.45,"""ikeehfb ijhkabd"" <ikeehfb@gmail.com>"
53b91e29-2380-4a28-895a-807a7fa85c06,2021-12-08T23:37:30,BRAND5,660.19,"""kkbgdid lgdefkj"" <kkbgdid@gmail.com>"
a4e09721-32f8-4d55-9ab9-75ecb695649a,2021-12-08T23:38:20,BRAND3,482.70,dekdkie@yahoo.com
2e080585-13cb-4c8b-ad7b-35ffb2f758ce,2021-12-08T23:38:20,BRAND2,765.95,hbiajja@gmail.com
f45a1701-1a1b-47e7-ac59-d6cb084a136b,2021-12-08T23:39:10,BRAND2,$702.34,ikhccjg@appple.com
e28ddfa6-7cbc-4b60-b2a4-755df9f0bd37,2021-12-08T23:42:30,BRAND2,18.56,kjalaaf@gmail.com
d7c6a880-7fd3-4f6f-b820-33bf84f3f77c,2021-12-08T23:44:10,BRAND2,625.85,cikfbai@live.com
08b6842c-d942-423f-8bde-a460afec4365,2021-12-08T23:45:50,BRAND5,618.68,hlkhbej@gmail.com
a390739f-b68d-4989-9b64-03d54f8520c4,2021-12-08T23:45:50,BRAND5,408.84,ghcecih@appple.com
bf189d8c-4b34-472d-a15b-02a14f407f6b,2021-12-08T23:46:40,BRAND2,679.25,cbbbafg@appple.com
0fdc38e1-f489-4219-847d-716c431b93e0,2021-12-08T23:46:40,BRAND2,743.97,bllkehg@gmail.com
b67cd0d6-71cc-4930-8ad6-9acb2a49d8d1,2021-12-08T23:47:30,BRAND2,188.74,"""ilbaikl lhkgdik"" <ilbaikl@gmail.com>"
1509f1a3-c26f-4ff8-8613-8eddb3bebd35,2021-12-08T23:47:30,BRAND1,693.71,fgdgkbi@gmail.com
98f58537-90d2-4f29-a900-905a2b065c32,2021-12-08T23:48:20,BRAND5,437.27,"""edfgcde kjiekaj"" <edfgcde@yahoo.com>"
833d73f5-9e85-4c1a-b047-a9fbcea05160,2021-12-08T23:48:20,BRAND2,408.89,"""kldhaea hebdfcg"" <kldhaea@appple.com>"
5f55c33e-6883-471d-9e52-fa47ed4df882,2021-12-08T23:50:50,BRAND5,649.23,ejicebe@gmail.com
763e0064-5694-4efd-a5b1-f1e82f870244,2021-12-08T23:53:20,BRAND2,155.79,kdhgblf@gmail.com
36ea8833-f868-40de-bdf1-91dcdb136252,2021-12-08T23:53:20,BRAND2,547.64,hlfekia@gmail.com
3a502491-d04a-41f5-a664-70b89ca70ea7,2021-12-08T23:54:10,BRAND2,389.13,"""gelbgbh jlfkhag"" <gelbgbh@appple.com>"
eec4ac50-95be-4b51-b4ec-484cd2466440,2021-12-08T23:55:50,BRAND5,630.05,jhdkeif@gmail.com
e5575a64-ea0c-4a68-8a93-14b1747c9c32,2021-12-08T23:56:40,BRAND1,881.70,hecblch@yahoo.com
b70d9bec-8ead-4d72-9d3d-60c468383474,2021-12-08T23:57:30,BRAND5,734.58,"""dieigbl gdkhhfj"" <dieigbl@appple.com>"
17f9ae7a-8355-41fa-9ddf-dfeae9a30e68,2021-12-08T23:58:20,BRAND2,66.47,cgecjdh@gmail.com
0225cd89-0c0a-4e04-8d49-c6fd869b78aa,2021-12-08T23:58:20,BRAND5,642.62,cdeegdl@yahoo.com
33ac4339-5579-4278-b3ff-0fb707e7ba27,2021-12-09T00:00:00,BRAND2,854.73,"""cchhekb hajbalg"" <cchhekb@appple.com>"
2e928721-a562-4350-91ad-d0a1eefcf0a7,2021-12-09T00:00:50,BRAND4,137.66,hljelig@gmail.com
16135bc5-78a8-4631-a7b8-91fd2bb1fb75,2021-12-09T00:00:50,BRAND2,374.72,gaghlhd@gmail.com
34541ad5-9a9f-4238-810d-505dedeb3144,2021-12-09T00:01:40,BRAND4,241.93,"""begkcak aajecdf"" <begkcak@live.com>"
40ba7ba6-d251-419b-b1eb-15dbe81ca127,2021-12-09T00:02:30,BRAND5,831.24,"""eeijacf eibilik"" <eeijacf@appple.com>"
94e98cc5-a4dd-4bdf-a9b0-d8dc6084ac6a,2021-12-09T00:04:10,BRAND5,560.92,"""jclkcdd cdhikli"" <jclkcdd@gmail.com>"
0bf77b53-5172-4093-9a8a-b74b55534107,2021-12-09T00:05:00,BRAND3,575.78,bjgakbd@gmail.com
fc492b89-19f8-4948-8d10-aaf2cec0a905,2021-12-09T00:07:30,BRAND1,135.25,"""elkbfag fiiajba"" <elkbfag@appple.com>"
07b44f59-bbb4-4a7a-a5d2-deec35ffcfb4,2021-12-09T00:07:30,BRAND2,831.96,hdekbff@live.com
00e16b69-c9b2-4400-98ce-5eb4815c7b2b,2021-12-09T00:08:20,BRAND2,390.53,dkjlcjf@live.com
7f687365-668b-41e4-902f-ef581359c0b5,2021-12-09T00:08:20,BRAND5,592.55,"""jdbeddb gjcjibl"" <jdbeddb@live.com>"
382a4dd4-1537-4ba3-8e6b-80fc5cc5066d,Thu Dec  9 00:09:10 2021,BRAND4,975.72,cljbekf@gmail.com
15e041a8-083e-4951-9492-97c50322d2cd,2021-12-09T00:11:40,BRAND1,783.90,"""eeaihhg deiaaed"" <eeaihhg@gmail.com>"
5ef86ca5-0c3e-47a4-a4d7-8c9acd769c97,2021-12-09T00:12:30,BRAND2,244.06,kahjhkk@gmail.com
437aa520-1db2-4885-99ba-aa6915c437e7,2021-12-09T00:12:30,BRAND5,739.14,eeehkll@gmail.com
dfb7904e-a2fe-4304-941d-ad31b1ef7feb,Thu Dec  9 00:13:20 2021,BRAND5,236.76,hklacfa@gmail.com
80175fd9-72c1-4601-9719-d99c46235d83,2021-12-09T00:14:10,BRAND5,72.14,ldfcgej@yahoo.com
5b3f7d40-ec58-44e8-b6fd-23982e4fcf8e,2021-12-09T00:14:10,BRAND1,20.49,ejkedcj@appple.com
21fd2aa6-1aef-4a28-8e2c-716580431e74,2021-12-09T00:15:50,BRAND4,914.60,cfgihal@appple.com
b045ee30-e047-4b96-9c82-08802105d7ca,2021-12-09T00:15:50,BRAND4,221.00,leckkai@gmail.com
78ac690a-cbeb-434f-9e1e-c7633243882f,2021-12-09T00:16:40,BRAND5,102.76,lkfaiie@gmail.com
c0d75664-429f-4e68-8796-54ba1fa23f68,2021-12-09T00:17:30,BRAND2,957.97,khifdbd@gmail.com
bcb45fb6-3e83-4908-82d4-f1b9ff72b2e3,2021-12-09T00:17:30,BRAND2,117.86,"""khieaja jgiebcl"" <khieaja@appple.com>"
f6969f02-1f6b-4546-ac32-36ad215a0b0a,2021-12-09T00:18:20,BRAND2,189.41,"""dkfgeih kgffjhi"" <dkfgeih@hotmail.com>"
604cdf49-6f59-4495-9a07-342e8965a099,2021-12-09T00:19:10,BRAND2,74.28,elicidg@gmail.com
051148f4-6bce-4d9c-963e-a289412d553b,2021-12-09T00:20:00,BRAND1,43.44,"""ededbjb hghiaee"" <ededbjb@appple.com>"
5eb09250-8534-41ff-a585-43fd4e5fa454,2021-12-09T00:21:40,BRAND2,595.31,"""eklbjea khbkhjl"" <eklbjea@appple.com>"
10954744-1298-408e-bee3-7ef00fcc05d7,2021-12-09T00:21:40,BRAND2,548.97,"""dbihfdg bjclihc"" <dbihfdg@appple.com>"
50c87d3d-7161-4217-9257-0c5f0d4798fe,2021-12-09T00:23:20,BRAND2,737.41,jgiilfe@gmail.com
c1b0777a-474f-4ab7-b333-52feed5647d2,2021-12-09T00:24:10,BRAND1,287.46,cgfejcf@gmail.com
d240a4c6-9ecc-4481-8301-379eeef11277,2021-12-09T00:24:10,BRAND1,59.63,"""didjdfa kflajhd"" <didjdfa@yahoo.com>"
30f1679f-2e30-4631-9027-52998cc6140d,2021-12-09T00:25:50,BRAND2,917.48,"""kghbllg cjkhage"" <kghbllg@gmail.com>"
b25c0982-a528-43d4-83c1-35c428a75be3,2021-12-09T00:28:20,BRAND5,720.55,lbljjhe@appple.com
f9472c8c-1065-46b3-8132-47a387e4c048,2021-12-09T00:29:10,BRAND2,267.24,"""likbcfe dijdidb"" <likbcfe@gmail.com>"
f8bc6a16-bf4f-4b65-839a-400a7f01ed82,2021-12-09T00:30:00,BRAND2,93.78,jlackkj@hotmail.com
fc1fb5fe-a3cc-4904-b47c-1036d874eb3b,2021-12-09T00:31:40,BRAND1,896.35,"""jcleebe gichefa"" <jcleebe@gmail.com>"
5f368643-2724-4c45-978b-66a41d0ea104,2021-12-09T00:31:40,BRAND2,762.82,iblgcfg@appple.com
7e944705-549f-4bc2-89e3-e1bbf91e88f3,2021-12-09T00:33:20,BRAND1,659.50,"""jjdbcdk aceaejg"" <jjdbcdk@gmail.com>"
a43ef643-3186-4269-a4d8-351fc2007d45,2021-12-09T00:35:00,BRAND2,821.59,cgbjkac@gmail.com
6711248d-0c95-4ef5-8bbb-fe1606785677,2021-12-09T00:35:00,BRAND2,166.78,lkhjdcb@gmail.com
60b1f409-b14f-4647-9b0a-78696f751d64,2021-12-09T00:35:50,BRAND5,30.96,"""gdlkkll jbaelch"" <gdlkkll@gmail.com>"
9879409a-e174-4f37-b918-5cedc2d768d6,2021-12-09T00:36:40,BRAND2,941.47,ifhkcgk@gmail.com
3bedf6c5-c1ce-4630-9344-ba2c08549cd3,2021-12-09T00:37:30,BRAND5,585.22,"""ekgbgjg iiaekhc"" <ekgbgjg@gmail.com>"
229e9686-1c6b-4cad-835b-bcff2d036769,2021-12-09T00:37:30,BRAND5,274.30,fibkjfi@live.com
327b6725-5b0e-4e97-b078-094796f920dd,2021-12-09T00:41:40,BRAND5,633.74,"""cgjjicf aaiedii"" <cgjjicf@gmail.com>"
9b40a79e-2a40-4c59-8c3f-d4d0bd858b0c,2021-12-09T00:42:30,BRAND2,289.82,lgafjed@live.com
8c487513-bcde-4c60-8c24-aa67916b9de2,2021-12-09T00:43:20,BRAND5,288.01,"""eggjkah deahede"" <eggjkah@gmail.com>"
f36b709d-6655-4c7a-95cc-8c8d59f69fc5,2021-12-09T00:43:20,BRAND5,108.14,dcggcea@live.com
7e7be076-cde3-41fc-84f2-871fbb5e7ddf,2021-12-09T00:44:10,BRAND5,807.76,"""ahajhad heifakj"" <ahajhad@gmail.com>"
0ec48937-2873-45ed-a79a-ba35c5c00fab,2021-12-09T00:44:10,BRAND2,366.36,hbfjjlk@yahoo.com
25389cba-c3ff-414d-b6e0-04c7ff7fd643,2021-12-09T00:45:00,BRAND1,494.98,fikbaek@gmail.com
ff39a72c-6673-4d59-b94b-e156b839d363,2021-12-09T00:46:40,BRAND4,10.18,aalkdbj@gmail.com
fb270c4a-acbc-49ff-9be2-705176524a84,2021-12-09T00:48:20,BRAND5,654.13,jhfkggc@appple.com
4c5d3b0a-fe41-4cff-b150-123081e2770d,2021-12-09T00:49:10,BRAND2,808.19,hbiidbh@gmail.com
0e07a772-0f85-4766-a178-b130c7b779ce,2021-12-09T00:50:50,BRAND2,29.54,ckejbbl@appple.com
9159f1a9-4a5a-4713-a8d3-0f2c60c1439d,2021-12-09T00:51:40,BRAND2,878.03,"""bfkjlik fgidehh"" <bfkjlik@gmail.com>"
7f110a60-619d-43b9-bd8d-0522d1ed3021,2021-12-09T00:52:30,BRAND1,553.86,"""fgbhblk kilabkg"" <fgbhblk@appple.com>"
438defb1-d9e3-47bd-8bb5-80bbee27c11b,2021-12-09T00:52:30,BRAND4,846.95,"""ghkjhdc hljikla"" <ghkjhdc@gmail.com>"
c0c24fdc-e0e8-463f-9995-77d5492c979b,2021-12-09T00:54:10,BRAND1,73.98,aeliakj@gmail.com
7ce09a74-5133-4a07-97a5-5bec1d28d578,2021-12-09T00:54:10,BRAND2,287.18,"""ejhakck ifdkjkj"" <ejhakck@gmail.com>"
a6f5e41f-cc51-4002-97f9-91cfad63a9bf,2021-12-09T00:55:00,BRAND2,556.27,dghefhi@gmail.com
d84e22dc-9752-4f8f-b041-edf79fd54f13,2021-12-09T00:55:50,BRAND2,544.46,"""bhdahik hbdfeka"" <bhdahik@gmail.com>"
14fac337-4345-4bd8-a44a-1800c2293621,2021-12-09T00:56:40,BRAND5,790.41,dadikde@gmail.com
4e873b55-1c8a-4701-849f-10439d43af40,2021-12-09T00:57:30,BRAND1,797.06,dhhdklg@gmail.com
080373a9-a5c1-429b-a88f-c62971d5e742,2021-12-09T00:58:20,BRAND2,725.32,"""behcjji alajkkb"" <behcjji@yahoo.com>"
0233ba46-1db8-4a6e-b0a6-78ef7d265165,Thu Dec  9 00:58:20 2021,BRAND4,654.50,"""hlbdlfk jlhlcgd"" <hlbdlfk@yahoo.com>"
fa7e52eb-b44e-49c9-b160-6f4880df39d1,2021-12-09T00:59:10,BRAND2,999.23,"""ceiijdl cleejef"" <ceiijdl@gmail.com>"
68dd5c01-44b3-428f-93f7-febbeaf76132,2021-12-09T01:00:00,BRAND2,500.46,jfjaifj@gmail.com
ef448204-dc8f-425e-a6f8-d80d2a45c5d8,2021-12-09T01:00:00,BRAND2,365.97,jhhibid@gmail.com
c4ec183e-ae5d-4548-a615-6ed314769413,2021-12-09T01:00:50,BRAND2,338.11,ggkblid@appple.com
418901ff-7718-464a-a44a-137c9ae39397,2021-12-09T01:01:40,BRAND5,0.52,acddihi@gmail.com
1df56076-2719-4602-907b-586614c206ae,2021-12-09T01:01:40,BRAND4,768.21,"""jkjhcaj kdgfgcl"" <jkjhcaj@appple.com>"
b7b6bb2a-6e44-4237-866d-16a8d78199c3,2021-12-09T01:02:30,BRAND2,65.14,"""kdebelj eahdghd"" <kdebelj@appple.com>"
11cf725c-3e74-4293-b71b-50d9a3c73c09,2021-12-09T01:02:30,BRAND2,510.77,"""liaagkk igkaegd"" <liaagkk@appple.com>"
b663c675-4e05-4842-9ee6-3120803bd603,2021-12-09T01:04:10,BRAND2,164.02,"""gdjgdik ebgibii"" <gdjgdik@gmail.com>"
c9c9ff03-e653-4cc3-9c33-ca7989a7d560,2021-12-09T01:04:10,BRAND2,677.22,akdghkb@gmail.com
c2b7c64b-9824-4056-abae-44697c76636e,2021-12-09T01:05:00,BRAND5,120.40,jeecgei@gmail.com
7e73079f-8956-4b7f-95c5-d894752ec82f,2021-12-09T01:05:00,BRAND5,399.95,dibaabj@gmail.com
7ab0f678-b8ff-4915-8185-ce35a35e6131,2021-12-09T01:05:50,BRAND2,994.76,"""fbeckdk ekahghf"" <fbeckdk@appple.com>"
f884a16a-f822-4938-bdbf-7932ee3340d0,2021-12-09T01:07:30,BRAND2,674.96,jfebihk@appple.com
08594edc-ffde-4d6b-8b44-8031fc31d1fe,2021-12-09T01:08:20,BRAND2,311.51,egalcjd@gmail.com
0adbb7af-fa86-48ca-804d-37c614dc4e41,2021-12-09T01:08:20,BRAND2,891.46,lgaahjd@appple.com
67fe165b-2c92-4f14-97dd-f6278c2a22df,2021-12-09T01:09:10,BRAND2,121.38,cibegfa@live.com
d68a3956-f93b-4edd-86fd-5746c968c437,2021-12-09T01:09:10,BRAND2,875.82,adckgib@gmail.com
c580bd00-e6cb-4ea5-a8d7-2fb48d4ec728,2021-12-09T01:10:00,BRAND4,260.97,bdddlhc@gmail.com
8509cfe5-f103-4647-b320-a22faf10166c,2021-12-09T01:10:50,BRAND5,26.46,"""ljflhka gfhlbig"" <ljflhka@gmail.com>"
ee3591a6-1f57-42a5-8c88-2a65abd2e45f,2021-12-09T01:10:50,BRAND2,611.36,"""bgfdbdh kilaalh"" <bgfdbdh@gmail.com>"
74a96440-dd2c-4f57-961c-be122c242de1,2021-12-09T01:12:30,BRAND2,272.13,"""hebjigf ebjcikg"" <hebjigf@gmail.com>"
297be9c6-7a46-4d85-adee-7622bc60be95,2021-12-09T01:13:20,BRAND1,656.31,kfjkacc@gmail.com
cc36cbd0-3ea8-4f16-bb69-3f6cfcc4cc72,2021-12-09T01:15:50,BRAND1,569.44,jhlddcf@gmail.com
72c4669b-7beb-4be3-a5c0-be6c9150b53a,2021-12-09T01:18:20,BRAND2,478.15,kfkdalg@appple.com
56ad462b-4ccc-4400-be8f-b28cee744c4c,2021-12-09T01:20:00,BRAND2,737.31,eciilia@gmail.com
0f5bcef2-ac5b-448d-bc31-221341e0a3a4,2021-12-09T01:23:20,BRAND5,300.23,"""iajcdga fcdjcaj"" <iajcdga@gmail.com>"
36b66b2b-ccda-4e69-8f96-e0337b6db1d7,2021-12-09T01:26:40,BRAND1,494.51,lleaadg@gmail.com
86da60cb-c698-45cd-8081-cd13814aa824,2021-12-09T01:26:40,BRAND5,$971.97,hhkkgbj@appple.com
c2cab0a0-2085-40fa-a9e6-00fdd997e7a9,2021-12-09T01:28:20,BRAND2,864.45,"""dccldlb dcelahb"" <dccldlb@gmail.com>"
2a795992-1ccc-4d54-8555-b72fecaaa39d,2021-12-09T01:28:20,BRAND5,292.78,acjjfka@gmail.com
c4b8531c-b5a0-4535-9b3e-ac75e0da58da,2021-12-09T01:31:40,BRAND2,716.18,"""kbhkkae diebilb"" <kbhkkae@gmail.com>"
2e7e2db5-aac6-41ed-9220-17bc8c5a7e28,2021-12-09T01:31:40,BRAND1,989.17,"""fciglfh gbljdle"" <fciglfh@gmail.com>"
831063d4-94d4-4a59-901a-4d2f963766ec,2021-12-09T01:32:30,BRAND5,159.60,lkgbbjb@gmail.com
14dde4a2-c6c8-4976-9a1c-69f6a5ec8bdc,2021-12-09T01:35:00,BRAND2,174.87,hjjdiad@gmail.com
88f2d1ca-68d1-4eb9-8eda-17b17a1128ac,2021-12-09T01:35:50,BRAND1,814.81,jhgccdc@gmail.com
58acf79b-5ae1-4e0e-9032-77c8cac3fad8,2021-12-09T01:36:40,BRAND2,373.43,"""idlgcih lglcdke"" <idlgcih@appple.com>"
7cfb18ed-44af-4edd-a81a-fae3508698f8,2021-12-09T01:36:40,BRAND2,380.69,"""elfdfkc ejkahai"" <elfdfkc@yahoo.com>"
7e667498-439f-41d8-acba-e39a9d17a893,2021-12-09T01:37:30,BRAND2,257.47,ieekiak@gmail.com
f532b46a-4585-40bc-baa0-4fa9281fe6cc,2021-12-09T01:37:30,BRAND2,461.48,aahbkhc@gmail.com
27ad85a7-074a-4fe5-91de-f765155e1588,2021-12-09T01:39:10,BRAND2,397.59,"""clkcaki gehabac"" <clkcaki@gmail.com>"
68e8201f-e549-48c7-acb0-8c9cbaf0dcce,2021-12-09T01:39:10,BRAND5,910.88,"""eebdjhl jeaijcf"" <eebdjhl@live.com>"
849ebe0b-e737-40c7-99f3-3ed7e66dace4,2021-12-09T01:40:00,BRAND2,133.24,"""geecjkh cjlfdba"" <geecjkh@yahoo.com>"
a7aca2b2-a26f-44dc-987e-d317c1b2d70c,2021-12-09T01:40:00,BRAND2,200.86,kieldbb@yahoo.com
4832151a-2445-4360-a653-f0ceccc4a5b9,2021-12-09T01:40:50,BRAND5,231.96,"""dkjkgdj fjjadgk"" <dkjkgdj@gmail.com>"
56134233-9422-40f5-8324-bc42dbbacd53,2021-12-09T01:40:50,BRAND1,162.37,gjakhbe@gmail.com
801df34c-84d0-46b0-8ff2-7bb7e49d7a78,2021-12-09T01:41:40,BRAND2,83.97,gjkeael@gmail.com
99d1cb28-5631-4481-8322-128f500b6657,2021-12-09T01:41:40,BRAND4,539.81,"""icfkhcc ecggbfb"" <icfkhcc@gmail.com>"
188fca31-e14e-47cc-942c-f71be2cc6e8a,2021-12-09T01:42:30,BRAND4,330.53,bcfbjkh@gmail.com
5ba30a4a-43f6-4bc0-934b-d775bf5bb5b6,2021-12-09T01:43:20,BRAND3,594.12,bekjkfb@gmail.com
d38a7708-3278-4256-aa1b-ac55e3013f1c,2021-12-09T01:44:10,BRAND2,496.36,"""eacidcb cajealk"" <eacidcb@appple.com>"
d77ddf67-17f1-4e5f-b4cb-c65574f605e7,2021-12-09T01:44:10,BRAND2,265.67,"""heddllb jdfgihk"" <heddllb@gmail.com>"
578d14c1-d5f2-4bb4-a54f-12e2d1e21058,2021-12-09T01:45:00,BRAND2,$41.71,"""gdajehk jhhjeei"" <gdajehk@gmail.com>"
1965e5bf-f9e1-4176-81bb-15882028c3a0,2021-12-09T01:45:00,BRAND4,364.88,"""dgcakcj baebaeh"" <dgcakcj@gmail.com>"
99a220d8-61af-4031-8e09-65bcc0be1fc5,2021-12-09T01:46:40,BRAND5,219.47,"""jfkjkgf lgblgck"" <jfkjkgf@gmail.com>"
8f3ca109-7872-44cf-842c-ae8a34741cdb,2021-12-09T01:46:40,BRAND2,784.40,"""gjdkljc bibkcga"" <gjdkljc@gmail.com>"
c33477db-8277-4e83-8ab9-489b582ff63e,2021-12-09T01:48:20,BRAND2,457.75,"""agkbbfi lfhieff"" <agkbbfi@gmail.com>"
163bffd0-63ba-4a26-8e5a-dfbf0ade44a7,2021-12-09T01:49:10,BRAND2,841.34,jihaiia@appple.com
69db9ca6-4cb0-40a4-b492-124b501cbb90,2021-12-09T01:49:10,BRAND2,821.14,bjdlibh@live.com
24a8e8d9-2144-4cf3-a737-797b146ffd65,2021-12-09T01:50:00,BRAND2,545.64,"""ikjdgdj chjkkgf"" <ikjdgdj@gmail.com>"
61d4feb5-c2f2-4344-92f9-fc2cb41c784a,2021-12-09T01:50:50,BRAND2,101.49,gkgehad@yahoo.com
f3d82809-5597-4ca5-8db1-f94c7b3ad95f,2021-12-09T01:50:50,BRAND2,984.37,"""fcbgllg bhcahfj"" <fcbgllg@gmail.com>"
795b9fa6-9e6d-4888-bbda-07fadb15daaf,2021-12-09T01:51:40,BRAND1,108.95,dhhheaf@live.com
96b39720-ba86-4890-bfbc-af2f8111283d,2021-12-09T01:52:30,BRAND4,272.81,fccbiaf@appple.com
32473916-0b48-4baf-ad05-835bcaa51501,2021-12-09T01:53:20,BRAND2,724.82,lflfddd@gmail.com
2ef74148-4522-4c70-af41-f4ae7bf70bcc,2021-12-09T01:55:00,BRAND5,258.69,fgklebd@gmail.com
fbeba619-be79-4acb-ace0-eec309fab9ed,2021-12-09T01:55:50,BRAND2,655.62,ckbiiik@yahoo.com
a01dea02-5262-42b1-bf6f-b3b283ae400b,2021-12-09T01:56:40,BRAND5,888.56,eldkgje@appple.com
fb1ab54a-5c17-4cea-aaf4-5e44db71ba6e,2021-12-09T01:58:20,BRAND2,375.37,dadhjik@hotmail.com
fc63bb25-c59c-4a90-9185-4a49e6cfec49,2021-12-09T01:58:20,BRAND2,151.58,akecgkb@gmail.com
14587153-b884-4ea9-9ca7-ac0f0e53a869,2021-12-09T01:59:10,BRAND5,853.03,gcjlhfk@gmail.com
2ee36335-5605-4e07-a4b5-3d843c689bec,2021-12-09T01:59:10,BRAND2,477.50,"""kkbfehj dhkkhah"" <kkbfehj@gmail.com>"
1fee39b7-6923-4345-b6f0-7f410a275340,2021-12-09T02:00:50,BRAND2,275.17,geelagb@appple.com
f9af6486-fed2-47a9-bc5e-076b892a44c5,2021-12-09T02:00:50,BRAND5,287.51,ijjdkkj@appple.com
e89d006f-55cd-495c-a1dc-49e2d1cb51ab,2021-12-09T02:01:40,BRAND2,467.95,"""hcdhjgc aalfblg"" <hcdhjgc@yahoo.com>"
bc216d3a-244a-404d-b130-c6b0e98d4ddc,2021-12-09T02:01:40,BRAND1,244.01,"""ejbcild jcdjjeb"" <ejbcild@yahoo.com>"
b5f74052-a20a-4629-b507-a76a4a36e55c,2021-12-09T02:02:30,BRAND1,889.42,"""gbklice bgggijd"" <gbklice@gmail.com>"
24bea76e-e44a-4044-aac2-1b776a66563b,2021-12-09T02:03:20,BRAND3,960.40,"""ckcdedj jfbgibc"" <ckcdedj@gmail.com>"
e48bfafa-1fce-4c73-8d46-549e823c7e30,2021-12-09T02:03:20,BRAND2,488.01,figledj@gmail.com
d8fd02df-604f-456a-9f11-8afac03e2ea5,2021-12-09T02:04:10,BRAND2,190.67,gelghae@gmail.com
473338da-07da-447b-b993-6e8acdb5d404,2021-12-09T02:05:50,BRAND2,70.30,"""hlilgll kldidbk"" <hlilgll@gmail.com>"
5b6537df-ad09-46d6-9eb4-2d37688c9c17,2021-12-09T02:06:40,BRAND2,282.58,"""dkhcail fdaffdh"" <dkhcail@gmail.com>"
6a03c7f1-1e6d-4260-b402-6d43cad8caea,2021-12-09T02:07:30,BRAND2,22.65,bcgjchh@appple.com
223c507f-bebd-47b4-9af0-cea0e620a148,2021-12-09T02:07:30,BRAND2,490.45,flfkbij@gmail.com
50038b77-de73-4c8a-ac0c-a2237a874f8b,2021-12-09T02:08:20,BRAND1,977.42,"""edkhlgd bdfgaif"" <edkhlgd@appple.com>"
bc3b081d-4df3-4b7c-ad6a-298eee1c7954,2021-12-09T02:08:20,BRAND2,869.22,"""ghccbhh jdcglka"" <ghccbhh@appple.com>"
141321ee-2e98-4efd-81e8-44ddfbb4a5d2,2021-12-09T02:09:10,BRAND1,21.74,"""higbkll cabjkkk"" <higbkll@gmail.com>"
0490903b-f6e9-46af-b180-60ddb8c90206,2021-12-09T02:10:00,BRAND2,484.95,lkiljfg@live.com
8be0f250-2f7c-4ac8-a15c-3077c2dc82c4,2021-12-09T02:10:00,BRAND2,958.70,"""hlecigc abbdjlj"" <hlecigc@live.com>"
e8239d6c-4f23-4dbe-a07b-6beed6ea7d3d,2021-12-09T02:11:40,BRAND2,161.11,akghkhh@gmail.com
3285587e-8301-4d78-8a98-2caefe0d5d77,2021-12-09T02:12:30,BRAND1,103.71,kedhgal@gmail.com
b4b4bbe2-cb3e-4f4d-a3a1-e18b27bcd2b3,2021-12-09T02:13:20,BRAND1,644.52,bcjbkcf@gmail.com
bb3d96cb-0be5-487a-8e98-af785c451ba3,2021-12-09T02:14:10,BRAND2,182.31,"""hgfbbee geclfgi"" <hgfbbee@gmail.com>"
50a86608-b7d1-4cd9-ab41-b5d29081a1a6,2021-12-09T02:14:10,BRAND3,664.81,lkcbfeb@gmail.com
19f23a1d-3a32-46dd-80e0-d2a96039ca31,2021-12-09T02:15:00,BRAND4,770.26,"""fcjdkkj dbffcec"" <fcjdkkj@gmail.com>"
dbb8c7cd-5d96-4566-9886-df4a2b2ffd59,2021-12-09T02:15:50,BRAND2,80.31,"""iikhleg bjliihj"" <iikhleg@gmail.com>"
0639941d-08c7-4675-83b8-6838a1978955,2021-12-09T02:16:40,BRAND2,641.59,clfkffg@appple.com
abb5966e-72b3-4f12-8b36-cb4528ae420b,2021-12-09T02:18:20,BRAND2,888.01,cjhehca@gmail.com
82881e53-7794-44ae-a163-1956c2f3985f,2021-12-09T02:18:20,BRAND5,798.70,fhjhbbj@live.com
14cacadf-c3c3-4dac-babe-5788bae66eaf,2021-12-09T02:19:10,BRAND5,$754.30,"""jbcgkhg jabjbei"" <jbcgkhg@gmail.com>"
f6d3be4a-b69d-41b0-9502-e81b05fdab76,2021-12-09T02:20:50,BRAND2,968.57,ffcjcff@gmail.com
11d57024-55d6-4840-aa04-d325c6cf0c88,2021-12-09T02:20:50,BRAND2,870.39,cgebhhk@gmail.com
ab206005-9214-4cd5-b49f-1dd7a4003d42,2021-12-09T02:22:30,BRAND5,173.66,iflgicj@gmail.com
eb809bee-a7de-4f63-a3db-664ebe5451ac,Thu Dec  9 02:23:20 2021,BRAND4,140.94,"""kcfdcda ejhifbg"" <kcfdcda@appple.com>"
00fc1b25-0971-488a-8097-73817e5cbc75,2021-12-09T02:23:20,BRAND2,649.93,"""gifhgef llhdfgg"" <gifhgef@gmail.com>"
d1b27d5e-4cb5-4dc9-bf65-fc269d27dd17,2021-12-09T02:24:10,BRAND2,592.18,"""dgekffj kjikhla"" <dgekffj@gmail.com>"
75ec1f6a-7716-4ca6-ab08-b0e0aba504a0,2021-12-09T02:24:10,BRAND1,396.08,"""abcadel ddhkglb"" <abcadel@gmail.com>"
58e2885b-f95e-418a-865f-daf9ce027cfb,2021-12-09T02:25:00,BRAND2,166.12,idllhji@gmail.com
451f3dde-57d9-446f-8c8f-c0de2bac06b2,2021-12-09T02:25:00,BRAND5,427.06,hkjegad@gmail.com
5fae322c-4149-41c6-b300-cf2c00825114,2021-12-09T02:25:50,BRAND1,971.40,"""efifdje afcgiab"" <efifdje@gmail.com>"
ab01de7b-4c0f-4f8a-9d6e-cffa5c89d5dc,2021-12-09T02:25:50,BRAND4,320.82,"""lhfdjde eacifei"" <lhfdjde@appple.com>"
479d1ede-b62d-4171-920a-31cfd74ffc7a,2021-12-09T02:26:40,BRAND4,215.78,blagjfl@yahoo.com
15550296-e43d-4eb4-b33c-b1936a5999c2,2021-12-09T02:27:30,BRAND2,429.12,lclheeg@gmail.com
0984550b-3828-4616-b0d0-1a2a7f651a99,2021-12-09T02:27:30,BRAND2,438.55,"""dlljgej aijdeil"" <dlljgej@gmail.com>"
92d81738-e164-4d45-b610-9eefe2ffe826,2021-12-09T02:29:10,BRAND5,371.69,"""jgacldj bkjeeka"" <jgacldj@gmail.com>"
6d108a1e-4c76-43c4-8aaf-594044a1a4a1,2021-12-09T02:30:00,BRAND5,991.62,bicljdi@gmail.com
bddae570-2359-449f-944f-623fb20bc8f1,2021-12-09T02:30:00,BRAND3,669.37,kaffibd@gmail.com
e2c91308-96a8-406f-9083-51a35d093e84,2021-12-09T02:30:50,BRAND5,361.03,afkblcg@hotmail.com
eee2d23b-4758-4206-b528-438ef2c0c3fd,2021-12-09T02:32:30,BRAND5,312.39,"""aaadchi fabdkdk"" <aaadchi@live.com>"
9567d0ea-b9af-4c7b-9148-dd6f4b9e828e,2021-12-09T02:32:30,BRAND2,450.21,ikaelcf@gmail.com
8a1fcc8f-0146-4663-b6a6-54ff8df34870,2021-12-09T02:34:10,BRAND2,722.13,djiefej@gmail.com
a8fecde6-e446-4b0c-a4c0-b8316453dc89,2021-12-09T02:35:00,BRAND4,200.22,"""hlhbigf kkkbhcl"" <hlhbigf@gmail.com>"
1396a2da-6e1b-4f57-b23a-55f533e2f0f8,2021-12-09T02:36:40,BRAND5,649.55,dckhffj@appple.com
29610f6d-65fe-4f05-be2e-3c9bde71c69a,2021-12-09T02:36:40,BRAND5,968.86,lcbfflb@gmail.com
ea29f689-f81c-410d-8b63-34d044d56d27,2021-12-09T02:38:20,BRAND1,120.98,"""jlkbkhe gfkclbf"" <jlkbkhe@gmail.com>"
9697328f-55ba-4d46-b344-d7985182b980,2021-12-09T02:38:20,BRAND1,285.37,bfjgaci@appple.com
392376e7-b92d-4817-8165-15c30740df32,2021-12-09T02:40:00,BRAND1,875.64,"""ghjehbk lfkcddd"" <ghjehbk@gmail.com>"
1465e890-209a-4024-b307-c291056ac2ae,2021-12-09T02:40:50,BRAND2,518.76,akccfhh@gmail.com
58fb3565-d1ec-43a8-b147-bf90b8659563,2021-12-09T02:40:50,BRAND2,472.53,"""affdljf jicfgii"" <affdljf@appple.com>"
3e56c5f7-5789-4ab4-a277-f659fab16264,2021-12-09T02:41:40,BRAND5,11.10,leijlch@gmail.com
89c1689f-3078-4881-8dd8-a2202033efbe,2021-12-09T02:41:40,BRAND2,70.35,eahbidj@yahoo.com
611ce95e-177c-4e4c-8c5b-26f76b53cf2d,2021-12-09T02:43:20,BRAND3,254.87,"""ckflfge akbcaef"" <ckflfge@appple.com>"
ca3af7f8-3d37-46d7-abfb-b159acf551a9,2021-12-09T02:43:20,BRAND5,498.63,kkgghih@appple.com
34aa71fe-f6c3-4dd5-8c43-851da2b1daf9,2021-12-09T02:44:10,BRAND5,493.02,"""gabhehk dgbhghe"" <gabhehk@gmail.com>"
e3f990c5-b012-4963-b86e-55d3b145cb3b,2021-12-09T02:45:50,BRAND5,64.22,"""icjeeci bkgdkjg"" <icjeeci@appple.com>"
ddc92121-4153-4713-b498-70bf5ef23caf,Thu Dec  9 02:45:50 2021,BRAND3,945.31,"""akikfdj laghhgf"" <akikfdj@gmail.com>"
31dff0af-9b98-4ce7-8a60-e09541a417b4,2021-12-09T02:48:20,BRAND2,341.77,lfhihki@yahoo.com
6fa92ad5-8382-449b-bd29-5522082de2b4,2021-12-09T02:49:10,BRAND5,123.19,hbiibhi@appple.com
e0d6d045-ba68-4d33-9efb-dc546a69e165,2021-12-09T02:52:30,BRAND2,587.88,bfffcie@gmail.com
44c86fa7-c043-4f57-9b41-61604c34446b,2021-12-09T02:53:20,BRAND1,808.86,"""ghjakgk baekdgk"" <ghjakgk@gmail.com>"
5b5d0474-2a92-465e-91a7-85fa788ecbd1,2021-12-09T02:53:20,BRAND4,297.70,"""kifdcke cejejdk"" <kifdcke@gmail.com>"
aef71e75-f686-4418-98cd-52ffa065d447,2021-12-09T02:55:00,BRAND2,763.25,"""dccaekl gjfebhb"" <dccaekl@appple.com>"
32a75133-fea6-4997-93df-d350ba9bf801,2021-12-09T02:55:00,BRAND4,402.71,ajjckla@gmail.com
de0d7050-e43c-4028-919f-b2fee96372e3,2021-12-09T02:55:50,BRAND2,393.08,"""hdikbkd fccacka"" <hdikbkd@appple.com>"
a35d5634-9489-4fb0-94a4-7c76f163db16,2021-12-09T02:55:50,BRAND5,812.52,"""glafjhe eibckih"" <glafjhe@gmail.com>"
609894f3-d3cc-43c4-81a3-e021d5018850,2021-12-09T02:56:40,BRAND2,943.63,"""gkgghbk kghefbg"" <gkgghbk@appple.com>"
05de4fd8-3b1f-48c0-ab21-9977e5e2beb6,2021-12-09T02:57:30,BRAND5,304.81,"""becfjki lfliaaa"" <becfjki@appple.com>"
a2df8a69-4d06-4397-a0ff-1f467a1f19f8,2021-12-09T02:57:30,BRAND2,648.41,"""lbdjfcf aaejifa"" <lbdjfcf@yahoo.com>"
76c6afd9-2b2a-4014-9141-d0ca98005944,Thu Dec  9 02:58:20 2021,BRAND2,166.39,"""kkdigdc fcaddfi"" <kkdigdc@gmail.com>"
5f9a9ad9-7477-4b43-97c1-abeb1dba995d,2021-12-09T02:58:20,BRAND1,385.88,gbehjee@appple.com
3d290676-74cb-47fe-bf2e-b73626c8c306,2021-12-09T02:59:10,BRAND5,716.53,"""gebckfd dlghadl"" <gebckfd@gmail.com>"
51095576-d36d-4526-83ff-4166dd5b8bff,2021-12-09T02:59:10,BRAND2,348.87,fkigfcg@appple.com
48c24356-3b75-47ff-8969-62d5edde6c09,2021-12-09T03:00:00,BRAND4,289.03,gfbflhd@gmail.com
20d82df9-b73f-4090-a50c-998ca907c34e,2021-12-09T03:00:50,BRAND2,524.72,"""ccdfghh cbfdkll"" <ccdfghh@yahoo.com>"
52ba6e5e-032f-41c7-b0bb-00817663ad24,2021-12-09T03:01:40,BRAND3,828.98,"""jichefh cdbibkl"" <jichefh@gmail.com>"
1d9b055c-9ba8-43b8-9491-5d87549cd6f3,2021-12-09T03:02:30,BRAND2,716.24,cgfhgke@appple.com
1a634bf9-7502-4bc1-971c-9de6c1a07dae,2021-12-09T03:02:30,BRAND2,116.36,"""hhghili iijifdi"" <hhghili@gmail.com>"
a41fad57-f196-46ef-b85a-1c0d516eab1f,2021-12-09T03:03:20,BRAND2,59.02,lhgjdch@appple.com
8d20c3e6-4864-4b96-8857-f55881c5ffa9,2021-12-09T03:03:20,BRAND2,865.70,"""lhbadaf kfceddk"" <lhbadaf@gmail.com>"
82c054d2-bc82-4691-9d69-728f928a95d6,2021-12-09T03:04:10,BRAND5,18.24,"""djbhafk ikedhej"" <djbhafk@gmail.com>"
321bafbf-3333-444a-92ed-6d5fc2476988,2021-12-09T03:05:00,BRAND5,817.65,kigkfjj@gmail.com
146c6f18-b211-4d89-ab17-727e19e64901,2021-12-09T03:05:00,BRAND2,755.45,"""glekbdl jjeeijc"" <glekbdl@live.com>"
e1036a6e-2d55-4ff2-bf97-8f8e7f58ccde,2021-12-09T03:05:50,BRAND2,221.43,"""egbcfea gljafkb"" <egbcfea@live.com>"
8b097faf-c14d-4f0c-99ff-6247c3801e83,2021-12-09T03:05:50,BRAND5,850.15,fieacjb@gmail.com
334b4ef6-5671-4679-b44c-8a88e64cab90,2021-12-09T03:06:40,BRAND4,470.49,fdldejj@gmail.com
f19833b4-b242-403b-bcf5-b91b1b8aadd1,2021-12-09T03:06:40,BRAND1,605.05,lgifebi@live.com
8bc5b0a7-f807-4ea1-ac10-ca777441b8a9,2021-12-09T03:07:30,BRAND5,899.58,ddjheif@gmail.com
b53715f4-e428-408a-8f2b-ce903d7b6d93,2021-12-09T03:08:20,BRAND2,958.88,flkjfdi@appple.com
ee3231b9-9102-44b1-883f-6bc08d1c2fc0,2021-12-09T03:08:20,BRAND2,375.42,lhedkke@live.com
9d19f0e8-14cf-4e4a-ba67-c5f75f145ee5,2021-12-09T03:09:10,BRAND1,290.09,blllcdf@yahoo.com
09335cd1-1bb5-4a60-84e5-eccb558ad124,2021-12-09T03:10:00,BRAND2,429.66,gkhbjgf@live.com
ee77642f-5bda-48b6-af77-8d33b03b8349,2021-12-09T03:10:50,BRAND2,887.96,gechefe@yahoo.com
cc30ef94-26e9-4d46-a104-d7a431569816,2021-12-09T03:10:50,BRAND2,949.95,iefbfkd@gmail.com
f6fe0caf-2619-4bb5-ba78-ca84ae829f08,2021-12-09T03:11:40,BRAND2,524.01,bbbkgid@appple.com
a0e9cff1-96e7-408c-82f1-101eb1a7ddd6,2021-12-09T03:12:30,BRAND2,357.03,fahklha@gmail.com
e7478258-c729-445c-86d4-7427eb3a9241,2021-12-09T03:13:20,BRAND5,432.16,hgajjag@gmail.com
2224af51-070b-4d56-8fa8-57f87d67fd01,2021-12-09T03:14:10,BRAND2,4.29,lldichk@gmail.com
d43897df-b73f-4fd0-8e83-1c88671922a8,2021-12-09T03:14:10,BRAND2,642.72,"""afiglbc kgfifjh"" <afiglbc@appple.com>"
d23434f9-9a0e-4e31-87a1-3bf43d0e9397,2021-12-09T03:15:00,BRAND2,20.72,"""ajeeabf jahfede"" <ajeeabf@appple.com>"
e57aa8f2-8a29-4292-97df-948dd1137947,2021-12-09T03:15:00,BRAND1,808.03,cfacilk@appple.com
4b2f7389-a77d-4b9e-a517-6f6adc9fce70,2021-12-09T03:20:00,BRAND2,971.47,ffbchhh@appple.com
47d8e2ee-bcb6-433c-a002-76a3b1cb0cb3,2021-12-09T03:20:00,BRAND2,723.62,"""gjiadbi cghiegd"" <gjiadbi@gmail.com>"
d02f36b0-2465-480d-a3a1-b9fd4a9727d0,2021-12-09T03:23:20,BRAND4,279.47,jigdicj@appple.com
6295fb62-0a4d-4b6c-b958-0910feb0d8ed,2021-12-09T03:23:20,BRAND3,702.37,kggldaf@gmail.com
c12c749b-f708-4dd1-8de8-b2fbdd8e9d53,2021-12-09T03:24:10,BRAND2,103.77,jbhkkjd@appple.com
55127c5d-851e-4fb1-a82b-8c49ea87335c,2021-12-09T03:24:10,BRAND1,4.05,"""dfbjlfh klkjgkj"" <dfbjlfh@appple.com>"
7140e483-eaa0-4d36-a691-bd6d81fa81fb,2021-12-09T03:25:50,BRAND1,700.39,ejdjalc@appple.com
c6861cb3-2fa6-49f3-ace1-9f4fabb37205,2021-12-09T03:29:10,BRAND2,834.53,lhgljlf@yahoo.com
171acc11-7b23-419f-87e2-84a69461d111,2021-12-09T03:29:10,BRAND1,130.47,fifcage@gmail.com
75a1a766-9738-42ee-8f24-9f20ce0eeceb,2021-12-09T03:30:50,BRAND3,919.75,hlclecb@live.com
14ba1985-a85c-419b-81f1-08bdb0d84f6f,2021-12-09T03:30:50,BRAND2,117.38,gjhcael@gmail.com
146bb00c-8fe2-4848-a260-e97b33ca4b34,2021-12-09T03:31:40,BRAND5,474.27,fickegh@gmail.com
b9111459-0dd1-4484-8e62-8d33a953f573,2021-12-09T03:31:40,BRAND2,114.21,"""acjaigi bgihalk"" <acjaigi@gmail.com>"
3b05a870-1832-48a3-8639-f230f72235e3,2021-12-09T03:32:30,BRAND2,626.24,ilkigkd@gmail.com
1cef4de4-ab23-407c-b482-d532b3f44d0e,2021-12-09T03:32:30,BRAND5,365.76,"""dafhbhb ehdbije"" <dafhbhb@gmail.com>"
50d4bfbe-fe27-4669-8762-a582a04bd33d,2021-12-09T03:33:20,BRAND2,978.37,dckhaih@appple.com
56a8470a-2252-4bbd-bd8d-d8aacbb88613,2021-12-09T03:34:10,BRAND2,136.59,cbgeaka@gmail.com
048383d6-bc13-44ef-9256-812f941b6406,2021-12-09T03:35:00,BRAND3,769.42,iakijbl@gmail.com
f0031a4f-ccfe-46dc-a800-8d647663ff80,2021-12-09T03:35:50,BRAND2,465.90,"""ihgkjbh ifaddai"" <ihgkjbh@appple.com>"
3d7013fa-7dad-43f6-9d4f-6c9f66a72beb,2021-12-09T03:35:50,BRAND2,922.49,"""gjajlba cibidid"" <gjajlba@appple.com>"
3c42b1c1-bb8b-410a-a855-bd1e04ec6cd9,2021-12-09T03:36:40,BRAND1,180.34,"""kcjaehj jdijkeb"" <kcjaehj@appple.com>"
da6115b2-9951-4104-b650-6fa3a64372b4,2021-12-09T03:36:40,BRAND2,877.40,ehageea@appple.com
e91a692b-c4a2-421f-93e1-3d0295fb796f,2021-12-09T03:37:30,BRAND2,304.97,ffbajkg@appple.com
f0c3bd53-9722-4822-b571-96019e328d73,2021-12-09T03:37:30,BRAND2,926.34,"""gfeddba fgejjii"" <gfeddba@gmail.com>"
9fda27bb-d6af-4007-b18c-c3ad2408e518,2021-12-09T03:38:20,BRAND2,299.57,gkegeff@gmail.com
3593a075-9805-48f6-a288-6596a7a087c5,2021-12-09T03:38:20,BRAND5,282.22,fgfeldd@gmail.com
39bfd3af-ec2e-46f0-9754-1639544cfd6e,2021-12-09T03:40:00,BRAND1,102.49,dbfjhdb@appple.com
a04bceed-e600-4dcb-a54c-1dbf9f01cb11,2021-12-09T03:40:00,BRAND1,283.42,"""kajkjbi kfggjjl"" <kajkjbi@gmail.com>"
b6215a53-bf1a-41c7-b923-4f1206818057,2021-12-09T03:42:30,BRAND4,12.62,afbdkeb@yahoo.com
d0cd1372-35e4-4bb3-9c1e-72908e75ccee,2021-12-09T03:44:10,BRAND2,679.37,kbggaag@gmail.com
110809bd-782f-4917-a909-3613a9fc9d1a,2021-12-09T03:44:10,BRAND2,699.49,"""geeigkc gjjbjcd"" <geeigkc@appple.com>"
d12a192c-2a96-4a9e-a1f3-d01103571d87,2021-12-09T03:45:50,BRAND5,470.34,"""aejckbd iiiijhb"" <aejckbd@appple.com>"
b290087a-25e4-4fba-947e-cee7c3ba8382,2021-12-09T03:45:50,BRAND4,873.37,ffgbjij@gmail.com
760fcbd0-f1aa-4d21-a057-1aa85ea36394,2021-12-09T03:46:40,BRAND2,301.74,jfbibkk@appple.com
99e81a68-f3b9-4bb4-9fd2-2c14e29154d0,2021-12-09T03:46:40,BRAND2,168.33,lfejkeh@gmail.com
126b1ba0-8a29-4e50-bb70-5dfe0258303e,2021-12-09T03:47:30,BRAND2,318.28,"""cdabehe hffkbed"" <cdabehe@appple.com>"
0ab0b3f3-8269-43d9-8802-83b4cc5b994b,2021-12-09T03:47:30,BRAND2,700.73,hbbabjd@live.com
c3fe6dae-cb51-4632-823b-709cd42ccfae,2021-12-09T03:50:00,BRAND5,863.88,dlblcgk@gmail.com
d2a2d33b-50c5-481b-967f-f9103fdab5f4,2021-12-09T03:50:00,BRAND5,342.78,"""fchiblg edlfeba"" <fchiblg@gmail.com>"
cd0375c9-0be3-4b75-93a4-2d3000168524,2021-12-09T03:50:50,BRAND5,673.11,jkejcca@gmail.com
4fcb78fb-d189-4a45-b222-c4528193f95d,2021-12-09T03:50:50,BRAND2,151.08,hbejlfh@gmail.com
61d3be58-9bf8-4218-9779-ae9c6f7b7082,2021-12-09T03:53:20,BRAND5,466.28,ddibkdd@appple.com
0c3807fe-daab-4add-af8d-f5a185342234,2021-12-09T03:53:20,BRAND2,958.70,lackgjd@gmail.com
11b2c199-73b7-404e-af60-e51a0049d83c,2021-12-09T03:54:10,BRAND2,233.16,bkljfkc@gmail.com
798e9613-48b6-42ca-a0dd-ceb9395de76b,2021-12-09T03:54:10,BRAND2,864.39,blibhhd@yahoo.com
f57d751c-7f9e-49cb-9dd7-21af4f1cb765,2021-12-09T03:55:50,BRAND2,514.75,eaeefhf@appple.com
d8fd9c05-280c-4c73-8034-864d8b9b3d7c,2021-12-09T03:56:40,BRAND2,126.37,bkebkfa@gmail.com
ad5d6c19-3eb2-451f-a450-a7b7c697a306,2021-12-09T03:56:40,BRAND5,588.45,"""bgajafe hiedcka"" <bgajafe@hotmail.com>"
d17f54db-ecb4-4eff-9577-64d0396df0b6,2021-12-09T03:57:30,BRAND5,87.07,"""fkedadc ggclajb"" <fkedadc@appple.com>"
9f8a1734-9f8a-4ac4-9f1a-1c01a508c7ee,2021-12-09T03:58:20,BRAND5,845.85,gjkkeke@gmail.com
435b552a-602b-4101-bc0b-59a086594377,2021-12-09T03:59:10,BRAND1,643.20,"""blfkgah kkhedad"" <blfkgah@gmail.com>"
dd689d15-380a-4850-9f48-08ae8448b7f2,2021-12-09T04:00:00,BRAND2,856.02,"""ddbaegk hicddea"" <ddbaegk@gmail.com>"
0bac77dd-74d6-4b3c-be50-2461105fcfa1,2021-12-09T04:00:00,BRAND5,92.06,acgkbec@gmail.com
d2edc848-405f-48a0-92e8-346b7bff2912,2021-12-09T04:01:40,BRAND5,450.79,iaklldf@hotmail.com
b5ec2454-095f-4942-8981-b44640f87a57,2021-12-09T04:01:40,BRAND5,422.56,hkjgjld@appple.com
bc514958-2cd0-4e24-8937-253e6f09b04e,2021-12-09T04:04:10,BRAND1,366.31,ijlciaj@gmail.com
aebb76a1-384a-49f6-bd8d-8097a70fb6a9,2021-12-09T04:05:00,BRAND1,921.88,lghhebe@appple.com
ecc340c2-758a-402d-9a61-8cbf5a0b649d,2021-12-09T04:05:00,BRAND3,235.67,fhabljh@live.com
7c9c531a-46fd-4277-84d6-023ffee3a11f,2021-12-09T04:05:50,BRAND1,249.62,ibgdijh@gmail.com
eb5e3234-e9b7-4d6c-b553-ade2cd46aea0,2021-12-09T04:06:40,BRAND2,902.50,dbbadfb@hotmail.com
7c086213-eb05-4eb1-9353-ac6f701c0dee,2021-12-09T04:06:40,BRAND2,945.70,"""agaheia lgfjfhi"" <agaheia@gmail.com>"
2803e317-b5de-42c4-8a68-d2476984f69f,2021-12-09T04:08:20,BRAND5,638.73,"""hfccldk ckhdbji"" <hfccldk@gmail.com>"
fe4a4db7-2303-405f-916b-ec80551ce52d,2021-12-09T04:09:10,BRAND5,91.47,"""bhdbkii bjfbfjj"" <bhdbkii@appple.com>"
8bb33d3a-97dc-4cb6-8902-ad46e3747413,2021-12-09T04:09:10,BRAND2,194.01,"""dhjebbk ebejacg"" <dhjebbk@yahoo.com>"
9f167359-11f6-4f27-a2bc-e284321d0a52,2021-12-09T04:10:00,BRAND1,329.40,ljhikha@gmail.com
7d8653f9-2daa-4fd6-b85d-1602e4bf3aae,Thu Dec  9 04:11:40 2021,BRAND5,280.05,ecdihjb@gmail.com
27ee7ce1-df91-4e5b-82d2-dabbcec87874,2021-12-09T04:11:40,BRAND2,693.54,fdbhjlh@appple.com
3f14b391-cb02-4079-bdd3-58500b975b0c,2021-12-09T04:12:30,BRAND2,96.28,adgjeki@gmail.com
9507df7f-8ca8-49cf-8359-dc201c5d7ab8,2021-12-09T04:13:20,BRAND5,252.12,acacakk@gmail.com
a2c261fa-4fbf-4fb9-892b-ca4c53b4c576,2021-12-09T04:13:20,BRAND1,351.10,bkcalke@gmail.com
a171d868-fdcb-4b9d-8861-de3585b37a94,2021-12-09T04:15:00,BRAND2,724.61,hklklca@gmail.com
0d1afb66-c8f9-4da6-b4d9-7e747b0ae3bc,2021-12-09T04:15:00,BRAND1,425.49,gkbdlkb@gmail.com
a6093d6a-8394-4fdc-a95f-db2f4b0edf30,Thu Dec  9 04:15:50 2021,BRAND3,853.03,aeijjlb@gmail.com
0d76531f-dcd8-462b-832c-87c31e027767,2021-12-09T04:19:10,BRAND4,592.36,kjejgdl@gmail.com
773b6e3f-80f2-45e4-b22f-28ff7937949a,2021-12-09T04:19:10,BRAND1,866.87,"""hejkehi bdeffkj"" <hejkehi@gmail.com>"
b85a4fb3-f5c3-4ba8-a31e-20709b07991c,2021-12-09T04:20:00,BRAND5,626.01,kcaldle@live.com
ff78aa86-2756-4454-a1fd-de960e528668,2021-12-09T04:20:00,BRAND2,884.29,djdedic@gmail.com
5a2039a3-f111-4f49-8ca5-45e255613e25,2021-12-09T04:20:50,BRAND2,358.75,"""jdclfdd cclafik"" <jdclfdd@hotmail.com>"
2f9d317b-fded-4df0-b520-ff91134f868d,2021-12-09T04:22:30,BRAND3,354.75,kdjgjjd@gmail.com
6a3c3c80-57af-401a-8be3-7a2657961954,2021-12-09T04:23:20,BRAND1,51.54,idlgeil@gmail.com
d0c9d262-259f-4dff-8a01-cecdde61ced1,2021-12-09T04:23:20,BRAND4,916.15,kggabig@live.com
cda0a5c7-c794-4e5f-ae68-6d09f58f9fe5,2021-12-09T04:24:10,BRAND3,973.35,"""bjikjcd llijilf"" <bjikjcd@gmail.com>"
baa3c725-607e-41cb-a9aa-7840257c56c0,2021-12-09T04:25:00,BRAND2,831.64,kalggdi@gmail.com
37ef9837-c258-49c0-9a84-e518200e64b4,2021-12-09T04:25:00,BRAND2,827.99,"""kjjidkf clajhgd"" <kjjidkf@appple.com>"
79a4ea08-ee65-4872-b180-9e78ca621ffa,2021-12-09T04:25:50,BRAND2,954.17,"""liabaeh jfcgjdj"" <liabaeh@appple.com>"
c58b7c28-c593-4d34-b2ff-0a3439ce81eb,2021-12-09T04:27:30,BRAND5,463.35,ggjcbbj@appple.com
0b204dab-492b-41f4-b83b-7f98e2a52a03,2021-12-09T04:27:30,BRAND1,470.32,"""becclbe hficaic"" <becclbe@gmail.com>"
fa7d574c-8468-4c83-8ca8-5cd946cd4696,2021-12-09T04:34:10,BRAND5,440.88,"""aklhlbe jcdhceh"" <aklhlbe@gmail.com>"
eb1cd2d4-0be8-4716-a6cf-8f488e37040d,2021-12-09T04:34:10,BRAND2,969.44,"""jfbejdi fkaehaj"" <jfbejdi@gmail.com>"
5dcc7651-7556-4f3c-928f-88f216f3ec1f,2021-12-09T04:35:50,BRAND5,889.50,fkadjhi@gmail.com
1174eec8-9c50-408a-876a-69faf432ff63,2021-12-09T04:35:50,BRAND2,883.23,"""glkedcc ahijhgh"" <glkedcc@gmail.com>"
5626f8f9-7661-47e4-8f09-72d44865ebc8,2021-12-09T04:36:40,BRAND5,584.63,"""jifdlfj dfadjhk"" <jifdlfj@yahoo.com>"
4ed98410-18ed-491c-9299-e6e2d8fe174c,2021-12-09T04:37:30,BRAND2,201.82,gjlehac@hotmail.com
f91e35be-2585-48cd-89e0-a4ea71951aab,2021-12-09T04:37:30,BRAND2,462.43,"""jleechf kfegiad"" <jleechf@live.com>"
bc3d4cf8-ebe5-420c-912f-527719f77d23,2021-12-09T04:39:10,BRAND2,505.46,"""iljclbl abjkkci"" <iljclbl@gmail.com>"
15ee174e-f371-4dec-8700-882cd97811e6,2021-12-09T04:39:10,BRAND1,601.32,dklikcd@gmail.com
37304c01-d364-44de-92d6-322ec2cb2a18,2021-12-09T04:40:00,BRAND2,502.47,"""cgfchjj eckeehl"" <cgfchjj@appple.com>"
249e5d64-9350-403e-90a6-290a856daf8e,2021-12-09T04:40:50,BRAND1,388.76,kjgkkge@gmail.com
33ff58e5-6d55-4167-ab18-2064cf9e421c,2021-12-09T04:41:40,BRAND2,867.87,"""lflcfde ifkjefl"" <lflcfde@yahoo.com>"
9417293e-fc83-4044-b3fc-c4248ad5291e,2021-12-09T04:41:40,BRAND2,729.45,eikbljh@gmail.com
e0bd8188-258b-4040-a371-3d237c11e5cd,2021-12-09T04:42:30,BRAND4,792.15,gfhjifg@live.com
58442ed1-c932-487e-9990-b03e7fce7a89,2021-12-09T04:43:20,BRAND3,282.11,lghjflk@appple.com
023dd0ae-92ea-45f5-ac8a-96ee0119e16c,2021-12-09T04:43:20,BRAND1,860.16,hadailh@appple.com
2388e816-107b-4d46-a332-864a9c99b29d,2021-12-09T04:45:00,BRAND2,68.47,"""ggjibad jfakage"" <ggjibad@appple.com>"
73e64b0d-d129-4797-aca0-153c0f278525,2021-12-09T04:45:50,BRAND2,593.86,"""lkgdcal ekhieli"" <lkgdcal@gmail.com>"
cc355f92-b0b7-451b-a742-76f6e2a095a4,2021-12-09T04:45:50,BRAND2,$122.00,kgfbaba@gmail.com
167fb3d9-3b6b-4fe9-8c72-470aaef0b5ac,2021-12-09T04:46:40,BRAND1,805.01,"""gfhkaae faeeaif"" <gfhkaae@appple.com>"
9c9f6469-e242-498d-9096-1fc14048f47e,2021-12-09T04:46:40,BRAND2,214.05,eahbdgg@appple.com
93a2f502-1b48-4586-add3-dc6be37ce29c,2021-12-09T04:47:30,BRAND2,629.16,cfecaeg@gmail.com
f8c10086-a411-40d3-ba68-5d6e3d24838e,2021-12-09T04:47:30,BRAND2,770.70,"""jiilbei glieeif"" <jiilbei@live.com>"
5d7c74d1-d400-488d-8d17-cb4be09bed9b,2021-12-09T04:49:10,BRAND2,978.22,"""jdlaihl hgcikcj"" <jdlaihl@gmail.com>"
8bafc952-53d9-4a1d-ad2a-3a92d37c3cce,2021-12-09T04:49:10,BRAND5,616.22,cikkjkf@live.com
14cc3aa7-f2be-42c5-98c0-7eafe907543e,2021-12-09T04:50:00,BRAND5,9.89,abdaiah@appple.com
7a0ca7aa-1603-4783-b5c1-f79e6608e0d2,Thu Dec  9 04:50:00 2021,BRAND2,597.68,jdkdage@gmail.com
c8d153ec-b095-4d17-9668-23c50acff0fc,2021-12-09T04:50:50,BRAND2,310.31,gkhefii@gmail.com
e49dc47f-3463-45a5-9083-10f04a5c2d66,2021-12-09T04:50:50,BRAND2,951.69,kdcgfhh@appple.com
5c3f66b4-869a-4850-ad27-fddcc01d948f,2021-12-09T04:52:30,BRAND1,219.62,feciifi@appple.com
1c32aa74-43f9-4562-88c2-af22bac173a9,2021-12-09T04:52:30,BRAND2,244.77,"""gehifki ibkccii"" <gehifki@appple.com>"
f7161897-3921-4b8f-bba1-c0aff084f019,2021-12-09T04:53:20,BRAND2,323.47,jdbhecg@yahoo.com
91bd46f5-f1cd-40c7-95c7-79b4b41fd88d,2021-12-09T04:55:00,BRAND5,765.43,blchffd@gmail.com
d886a4b5-82b2-4ad7-8f80-8361d003e96d,2021-12-09T04:55:00,BRAND4,422.72,"""kfjjbfc ikcahgh"" <kfjjbfc@live.com>"
36b9111f-72c5-4367-9b60-66f477caa983,2021-12-09T04:55:50,BRAND5,937.90,hfkbfih@live.com
c9d394ca-690e-475e-a1b4-db1206e3d67e,2021-12-09T04:55:50,BRAND1,216.24,dcjidla@gmail.com
f31ba9e0-a979-44d9-8820-6ca90e608264,2021-12-09T04:57:30,BRAND2,211.82,lbbfijl@live.com
9e48c114-cc19-44ec-83c0-8a4f01465d2d,2021-12-09T04:57:30,BRAND2,577.30,"""facahhb kbgjbkh"" <facahhb@gmail.com>"
5552053b-adf5-456b-a33f-865a7002e445,2021-12-09T04:58:20,BRAND1,18.15,"""cagicle hekbhgg"" <cagicle@appple.com>"
b345a97b-b45d-4887-afbb-03489a3856ed,2021-12-09T04:59:10,BRAND2,186.47,jfgkhbc@gmail.com
75c5195b-1a04-4954-9b3f-89297aecf703,2021-12-09T05:00:00,BRAND2,330.15,bddljkc@gmail.com
eae761c6-9cb1-480c-b5c0-343bd1edf070,2021-12-09T05:00:00,BRAND1,546.52,jdkhllj@gmail.com
1588cb31-299c-4c99-b769-324f9d13c4e3,2021-12-09T05:02:30,BRAND2,48.23,bahdgaj@gmail.com
254f85f8-dded-43c4-87ab-f40a889d274c,2021-12-09T05:02:30,BRAND3,471.77,"""dalflah fidkahf"" <dalflah@hotmail.com>"
bccf0d73-dca3-405a-91db-84006e867f5a,2021-12-09T05:03:20,BRAND5,10.82,"""alfgbdi ilbakae"" <alfgbdi@gmail.com>"
aa6084a1-892f-4b28-9ce9-8257939050be,2021-12-09T05:04:10,BRAND2,564.14,"""gjckkfg gfhhabj"" <gjckkfg@live.com>"
271f4cc6-0a28-43b2-93be-b5d6f58b1f37,2021-12-09T05:04:10,BRAND5,482.20,"""ihgcdfe abchgea"" <ihgcdfe@appple.com>"
94f336ea-a1ea-4ff2-8360-70e17777964c,2021-12-09T05:05:00,BRAND5,539.37,"""fkdffkb blekele"" <fkdffkb@gmail.com>"
d9594485-6f2a-48fa-a981-4a565e4e66d7,2021-12-09T05:05:50,BRAND5,878.06,gfflgjb@appple.com
a1605419-bbcf-4e45-a657-df1acf517cb1,2021-12-09T05:05:50,BRAND2,589.40,"""blkgeai ifgbghg"" <blkgeai@gmail.com>"
3788a3d3-b213-439f-b714-66b0593253e5,2021-12-09T05:07:30,BRAND5,206.54,"""fldgide gfaffcb"" <fldgide@yahoo.com>"
a7227f07-45e2-447b-9308-e1d444dfa65a,2021-12-09T05:07:30,BRAND2,238.83,jedbilc@appple.com
1e7a1b48-6bcf-4f80-97e9-80f2fb79316c,2021-12-09T05:08:20,BRAND2,948.02,"""akiiiek lakahcd"" <akiiiek@gmail.com>"
cfa2aaed-373a-498d-8a5f-6a9669678da1,2021-12-09T05:10:00,BRAND2,875.13,jcgkaaa@appple.com
c726642b-e251-424e-b157-18cf530e6461,2021-12-09T05:10:00,BRAND2,493.92,"""fbeahdd kffhdll"" <fbeahdd@appple.com>"
dba03e7f-6cf2-484e-add6-5a5ecedca3d3,2021-12-09T05:13:20,BRAND2,979.10,iegaalj@gmail.com
dfcf3c32-2935-4d30-97a2-e37c944645f2,2021-12-09T05:14:10,BRAND1,92.65,ldbbbdk@gmail.com
174049df-99ff-4434-89e8-8c55148b5a3d,2021-12-09T05:15:50,BRAND2,485.87,galidih@live.com
d49da918-098a-490f-8199-a32657026756,2021-12-09T05:15:50,BRAND5,352.31,cgabcak@appple.com
dea97a10-ffe6-43aa-b80f-ba9a3aeab3b8,2021-12-09T05:16:40,BRAND1,20.69,"""jjchhel ilkceih"" <jjchhel@yahoo.com>"
d7efac9b-85da-4b61-82b5-70a4935a9993,2021-12-09T05:16:40,BRAND2,931.36,jjcbgak@gmail.com
9f82f327-884f-41ca-80a0-14f695da4194,2021-12-09T05:17:30,BRAND3,120.10,cjidfeh@live.com
7c1dc700-ae54-427c-84c2-47c59b33870d,2021-12-09T05:18:20,BRAND3,558.00,"""ijkaeeb kbhefkc"" <ijkaeeb@gmail.com>"
b76e41d2-39ea-4530-af01-5e4163be0331,2021-12-09T05:18:20,BRAND2,404.92,hheafff@appple.com
303af787-5bdc-44e0-a51b-f06a9386743b,2021-12-09T05:19:10,BRAND2,297.13,"""hgfbkij icjdbkj"" <hgfbkij@gmail.com>"
45e026ec-2fa5-405a-8373-a19c4b768500,2021-12-09T05:21:40,BRAND4,30.40,"""kdehakl difjfea"" <kdehakl@gmail.com>"
9eb94d8d-b78a-4e64-a50e-4b55b001c0d9,2021-12-09T05:24:10,BRAND2,488.25,"""lfcjgeb bdhbajf"" <lfcjgeb@gmail.com>"
374feeb5-c5bf-4290-b8a7-9baa44030fba,Thu Dec  9 05:25:00 2021,BRAND4,847.77,"""gdkdghi leceijb"" <gdkdghi@gmail.com>"
b5d81eb1-54b8-41a1-8756-b8743d80849e,2021-12-09T05:27:30,BRAND4,$655.68,caklbhl@gmail.com
f5bbc7ea-43de-4f64-a457-c14cbedc3df6,2021-12-09T05:27:30,BRAND5,$917.16,"""khajafa abhbahb"" <khajafa@gmail.com>"
f44c7145-796e-437c-9717-9819dba23387,2021-12-09T05:29:10,BRAND5,847.70,dkgceie@gmail.com
204e40eb-a4b3-4a47-a012-6b2bf4f87b9d,2021-12-09T05:30:00,BRAND5,274.72,behejlg@gmail.com
27ee7ce1-df91-4e5b-82d2-dabbcec87874,2021-12-09T05:33:20,BRAND2,380.58,adeiajj@yahoo.com
cfa199e9-5a7f-42e1-b0d7-b6c7afa7cdb1,2021-12-09T05:33:20,BRAND2,331.29,kejgeel@gmail.com
271fda72-076a-4d37-b3fa-28e3199e9ee2,2021-12-09T05:34:10,BRAND3,312.15,leajebd@appple.com
623f0244-49e0-4d7e-9818-74fe4acd908d,2021-12-09T05:34:10,BRAND5,652.38,"""gakgifa hccdabi"" <gakgifa@appple.com>"
8b2fe4ce-6984-48e0-8d43-39d6f38c6d68,2021-12-09T05:35:50,BRAND2,977.82,llkafdb@gmail.com
95bf4032-b72d-4aa5-ac98-266575ede860,Thu Dec  9 05:37:30 2021,BRAND5,493.41,djfabcc@gmail.com
17d79ce4-ba36-429b-b3ca-01017a241d1c,2021-12-09T05:39:10,BRAND2,743.35,"""dcjaiaa gbkjgfb"" <dcjaiaa@live.com>"
8ea3aa1f-3eb7-4eee-b055-7b53bc50863b,2021-12-09T05:39:10,BRAND5,431.20,akdggkj@gmail.com
cedf22da-5d17-4c74-881c-e9535c105c8e,2021-12-09T05:40:00,BRAND1,554.51,"""bekkbae fjlfeke"" <bekkbae@gmail.com>"
9d8c5d62-96fc-4a5a-82d8-28f5b685777b,2021-12-09T05:40:00,BRAND4,992.97,lgbhfhk@gmail.com
c13e5b7b-2f50-43e9-bd43-30aa940f424f,2021-12-09T05:40:50,BRAND1,694.71,"""ibabaid ehheggk"" <ibabaid@live.com>"
5c51d4fe-2c04-4b9e-ae8c-bcdc299ca48b,2021-12-09T05:40:50,BRAND2,319.44,bfaighc@hotmail.com
592a3843-5697-49ea-8bd8-59ffb39fe2d5,2021-12-09T05:41:40,BRAND2,920.67,"""gcgeajj gddfglh"" <gcgeajj@live.com>"
7f21b33b-c875-47d0-b729-f4abd9cf15a0,2021-12-09T05:42:30,BRAND5,366.73,"""hdgdjcb ckeglig"" <hdgdjcb@appple.com>"
704ce0e8-459d-4406-a250-31260c6a0f3a,2021-12-09T05:43:20,BRAND1,233.81,"""dfagibe gfcigef"" <dfagibe@gmail.com>"
2cd56b3e-a301-4a3c-b2a9-49ad4ae3f045,2021-12-09T05:43:20,BRAND1,620.55,"""jaciglg hkabeeh"" <jaciglg@gmail.com>"
5eb09664-c1de-48aa-b2d3-f26dd5ab0954,2021-12-09T05:44:10,BRAND2,935.43,"""hbdcgah ebaefhg"" <hbdcgah@gmail.com>"
2e20e24f-4fe1-4e90-8159-6e7b79e26b6a,2021-12-09T05:45:00,BRAND2,988.33,"""hcfbdla hgijhec"" <hcfbdla@appple.com>"
5a2852aa-94b3-4a73-9b4d-770e1752bc70,2021-12-09T05:45:00,BRAND2,725.75,"""aeggbab gachleb"" <aeggbab@appple.com>"
4a67426f-5bb3-452b-82cc-5d3378e555f3,2021-12-09T05:45:50,BRAND2,656.58,fgbelgg@live.com
0ee7025a-1dcc-4279-8f3f-e8e12cc326c9,2021-12-09T05:45:50,BRAND2,467.70,hiffhkh@gmail.com
c43e106e-95ec-4e3f-a66e-b08d464e9b4b,2021-12-09T05:46:40,BRAND2,932.63,cdclglb@appple.com
68e90549-9d83-4e58-be66-437c530a2367,Thu Dec  9 05:46:40 2021,BRAND3,807.56,jebljgb@gmail.com
678e5b9f-7a2a-4f92-be60-32f64a804a87,2021-12-09T05:47:30,BRAND2,444.21,kajdijh@live.com
eb40a4ff-afb9-40b8-acce-7bedaa0a1aa1,2021-12-09T05:47:30,BRAND2,470.53,"""igaggkh kiialke"" <igaggkh@gmail.com>"
d69081b0-af27-4a8c-87d9-67d6f2aec884,2021-12-09T05:48:20,BRAND2,989.65,"""hicbcej ekdbgie"" <hicbcej@gmail.com>"
df45e44f-c3ff-43f7-b55f-9e4a0cffe17b,2021-12-09T05:49:10,BRAND2,593.66,ddhgbia@gmail.com
c0006fea-b2e0-4ad8-a1d5-d40baf62bff4,2021-12-09T05:49:10,BRAND2,834.92,ciijije@live.com
a85f5943-d7c9-4516-9d5a-37b21b66c255,2021-12-09T05:50:00,BRAND4,658.78,gbleagh@appple.com
3e6663ea-a356-4494-9229-bb7d9c0d28c0,2021-12-09T05:50:00,BRAND3,26.59,ajihgkb@gmail.com
264c7a31-301b-407a-82e5-57a3d5e9bb3e,2021-12-09T05:50:50,BRAND1,685.44,cifdjif@appple.com
802afb3e-cb2e-42e9-9bdc-4f0d9e972eb3,2021-12-09T05:50:50,BRAND1,499.27,lkahhif@gmail.com
a16269a4-faad-4d7d-9b24-c6e61f7e56c8,2021-12-09T05:51:40,BRAND2,167.34,"""ijigihk gcejceh"" <ijigihk@live.com>"
f3cf8546-b1ab-41bb-ae74-1f2406b759fb,2021-12-09T05:52:30,BRAND4,686.47,"""kcakfii ihlfkha"" <kcakfii@gmail.com>"
54f5b30a-06fc-4dd4-b971-1fd40b9993ae,2021-12-09T05:52:30,BRAND2,810.16,"""ljclcch legkfkh"" <ljclcch@gmail.com>"
769adb07-82e1-4a1e-aae5-5a78faecc0dc,2021-12-09T05:53:20,BRAND5,560.91,"""iajglkg aalccah"" <iajglkg@gmail.com>"
f2d6ac9a-e5ff-4f62-a0a6-4cd90fdaa3d2,2021-12-09T05:54:10,BRAND2,$579.61,dccallb@appple.com
e5939ee6-aabf-44d8-b034-3e6521e35039,2021-12-09T05:55:50,BRAND5,577.17,bjbfbgk@appple.com
d1bcc352-7ed3-48b6-bbfb-949797924346,2021-12-09T05:55:50,BRAND5,126.95,"""edcfjeh dhfadfa"" <edcfjeh@gmail.com>"
7bdefa10-4372-458b-9a95-d0e0973a8b7d,2021-12-09T05:59:10,BRAND5,544.54,eeckadi@gmail.com
0e9a9063-a1f8-4aed-9472-47f81ea754d0,2021-12-09T05:59:10,BRAND1,816.30,ifbgebc@appple.com
4076a868-6b3b-49ad-a4d1-a19f088f1000,2021-12-09T06:00:50,BRAND1,635.58,"""ghgcjhi cbcdhif"" <ghgcjhi@gmail.com>"
93a8430e-eafa-4dee-9961-ffbf3119ab06,2021-12-09T06:00:50,BRAND2,795.90,"""khbcikh lkafbkj"" <khbcikh@gmail.com>"
fb531ac0-1b5b-437e-8e9c-717db5109b41,2021-12-09T06:01:40,BRAND2,569.16,"""hjgefkh ffgcchc"" <hjgefkh@live.com>"
fb6bc2ee-7eeb-417d-95b5-63846d82cc09,2021-12-09T06:02:30,BRAND2,369.99,fbeddaj@gmail.com
e8827855-9cb0-445e-a263-f9cb620e12c6,2021-12-09T06:03:20,BRAND2,752.10,"""idabegb aeaakad"" <idabegb@yahoo.com>"
aad6d11b-630b-4332-99b1-61f8e7cac9cc,2021-12-09T06:03:20,BRAND1,117.92,bejihjd@live.com
6ffd06df-1f68-44ec-8697-a467dc0a8ff4,2021-12-09T06:04:10,BRAND2,612.12,"""jeeajif kdageff"" <jeeajif@live.com>"
9eaeeb2c-8af7-4b4f-b247-6b59499368e4,2021-12-09T06:04:10,BRAND2,962.81,aeghgka@live.com
6100e2e0-ae1a-47c6-ba4c-be7b77657c5a,2021-12-09T06:05:00,BRAND5,545.13,lcgacaj@gmail.com
f2eaf586-c4ef-4785-9e41-f9a4f3869f9a,2021-12-09T06:05:50,BRAND2,617.98,"""kflljbi jajhhbc"" <kflljbi@gmail.com>"
b3752b20-7aa8-4338-bb98-e00f2d810fca,2021-12-09T06:06:40,BRAND4,76.73,diedlfh@gmail.com
aa19e71c-a22a-4a48-8ac9-76b5f1992bdb,2021-12-09T06:07:30,BRAND1,137.73,eklkkcf@gmail.com
dece5d8c-09b3-4064-bfb2-a213b8d52799,2021-12-09T06:07:30,BRAND2,718.19,bdeihje@gmail.com
55b25c9a-1ef7-4644-ac68-2a902c74c09f,2021-12-09T06:08:20,BRAND1,323.89,bcigiej@gmail.com
d72f8582-f8b4-4d08-9818-9511a0094817,2021-12-09T06:10:50,BRAND2,502.79,"""adkglji geafcff"" <adkglji@appple.com>"
30a258ff-60f9-4efd-b9f9-07a3a01e1342,2021-12-09T06:11:40,BRAND2,258.73,kbbffek@appple.com
5572fead-3ec6-4170-b323-2f290423b41d,2021-12-09T06:14:10,BRAND1,62.13,jikghfe@gmail.com
11257767-986d-40aa-ad65-427fee12285f,2021-12-09T06:14:10,BRAND2,983.93,"""fillcji ilelhfc"" <fillcji@gmail.com>"
1a81de8b-c74d-4055-8442-e6ce0d973811,2021-12-09T06:15:50,BRAND5,22.32,"""cakhkbi abcbggf"" <cakhkbi@appple.com>"
fd68245b-e2f8-4ad4-ba42-95901786fefc,2021-12-09T06:16:40,BRAND2,913.92,"""dkeajlj ecgaceh"" <dkeajlj@hotmail.com>"
ae88670c-ac51-444f-a05c-507422e45e61,2021-12-09T06:16:40,BRAND1,266.44,kkfdked@appple.com
4a469903-6869-4d76-a57f-b7e18ad28d74,2021-12-09T06:17:30,BRAND1,316.04,"""flblfgb jjdgifb"" <flblfgb@appple.com>"
0e1fa1ac-052f-4e12-98f3-c5fa0a878e1a,2021-12-09T06:17:30,BRAND2,218.68,"""ilibjad ckjdkia"" <ilibjad@live.com>"
91800ddc-ff14-48c1-9279-e6b6fe52b222,2021-12-09T06:18:20,BRAND5,719.30,jblgghc@gmail.com
a0e08dfe-5e32-4a93-b699-0772e5b1dd3a,2021-12-09T06:20:50,BRAND2,864.08,lchgjgc@yahoo.com
77d80b63-7d5d-4d90-875d-d1356a7bf9e6,2021-12-09T06:21:40,BRAND1,19.13,"""hbbbflk gjjdial"" <hbbbflk@gmail.com>"
dfe1a380-c923-4b16-8786-3ebfd34dbeca,2021-12-09T06:22:30,BRAND5,3.86,"""blchbbl ikldgfj"" <blchbbl@gmail.com>"
9078b0a7-e083-4455-91ea-c402846acf58,2021-12-09T06:25:50,BRAND2,428.51,"""laleeak jhfhdfb"" <laleeak@yahoo.com>"
985b4aa1-f64e-42f4-8a8a-fa87591e6f60,2021-12-09T06:25:50,BRAND2,395.98,"""lhehlge kedhigl"" <lhehlge@appple.com>"
0ec3b3dc-4b13-475e-8619-37342ed3dbf1,2021-12-09T06:26:40,BRAND5,515.35,jjicgcd@gmail.com
694d04e8-18fc-4433-84fd-fa9bdb2f3b19,2021-12-09T06:26:40,BRAND2,287.09,bldejag@gmail.com
41b95469-71d2-42cb-a89d-d6ec339afdc2,2021-12-09T06:27:30,BRAND2,91.59,"""fhgcead elklheh"" <fhgcead@appple.com>"
0a3f9830-b3b1-4449-8302-3c27216b9497,2021-12-09T06:27:30,BRAND2,172.10,adjcfij@appple.com
ed2d3997-184d-4a79-96a6-b96da8a4be1f,2021-12-09T06:28:20,BRAND1,466.12,fgkhfgi@appple.com
2cbf2f73-0908-4b07-9b98-75276adacdb6,2021-12-09T06:28:20,BRAND1,956.83,kclcagc@gmail.com
24976ff6-d5f9-45e1-9481-ea48f3a0ed86,2021-12-09T06:29:10,BRAND2,849.59,hdlkjfc@yahoo.com
aae9ee40-7213-49c7-8710-fb1cf1088f1c,2021-12-09T06:29:10,BRAND2,60.20,"""dihlbca hcjjege"" <dihlbca@live.com>"
df5fee0a-81dc-4762-ab90-e05416d41cdb,2021-12-09T06:30:50,BRAND5,593.48,"""hkjkdea ffaagkd"" <hkjkdea@gmail.com>"
18d060fd-7454-4d0f-95cc-ca417f6d200f,2021-12-09T06:32:30,BRAND2,90.15,cckehfc@gmail.com
309be855-cafe-4d0f-bd87-d0575a68f4cb,2021-12-09T06:32:30,BRAND2,919.93,iikcbal@gmail.com
ecb1c2f1-95ce-4425-bace-f6df336cf490,2021-12-09T06:33:20,BRAND2,241.81,"""agacgab aeklidh"" <agacgab@gmail.com>"
c8bc72d2-926d-4821-b9fe-329bba72fb06,2021-12-09T06:33:20,BRAND1,331.05,"""deldhii labkdac"" <deldhii@appple.com>"
5bd7aa74-07d3-40dd-b547-5e4b20dc7c75,2021-12-09T06:34:10,BRAND5,474.57,igfajch@appple.com
f9b90d3f-3dd1-4592-8eae-292a1c728ce7,2021-12-09T06:35:00,BRAND1,859.41,"""hieaaka hbjakga"" <hieaaka@appple.com>"
3074c708-f0a1-442d-a82d-eea22aca648d,2021-12-09T06:35:00,BRAND2,984.05,dgihehh@appple.com
a3cff167-3d0c-4467-836b-f788cf42971f,2021-12-09T06:35:50,BRAND2,171.10,ajaibld@live.com
eb3c3df2-1ca2-417e-b559-f6e584930dfa,2021-12-09T06:35:50,BRAND1,279.13,ghfcbfh@gmail.com
6c98e430-b46a-4152-bfb1-200b741650b5,2021-12-09T06:37:30,BRAND2,184.06,glejlgd@appple.com
569ff5de-6fdd-4e14-85ab-c7dc2c92e67f,2021-12-09T06:38:20,BRAND2,82.26,"""bdjeabk chjajhg"" <bdjeabk@gmail.com>"
af941d85-adc6-4cf7-8d6e-cf5a8ffe57dd,2021-12-09T06:39:10,BRAND1,736.43,kikbele@appple.com
75841e8a-f994-4f9a-95b4-85db45420404,2021-12-09T06:39:10,BRAND4,593.47,lekeadc@gmail.com
63a0f519-c32f-45ff-a52d-fc3cad708a26,2021-12-09T06:40:50,BRAND3,880.79,"""jehjgcc kfkfffg"" <jehjgcc@appple.com>"
50508e94-804d-4223-b976-dac95fde2154,2021-12-09T06:40:50,BRAND2,279.80,"""ajcdddj ilgfkjf"" <ajcdddj@gmail.com>"
3278d357-c37a-46b8-8785-cde9ecbda712,Thu Dec  9 06:42:30 2021,BRAND5,244.01,"""ejdeack jadegbb"" <ejdeack@gmail.com>"
3d8d791f-8b6b-4d9a-9348-3c5bacbbab73,2021-12-09T06:42:30,BRAND4,241.74,"""elidgja afhhfgh"" <elidgja@gmail.com>"
37b4de29-a6d7-4498-bd5c-24fe804bdb17,2021-12-09T06:43:20,BRAND1,295.23,eidilkg@gmail.com
462b84ce-9fb0-4348-8ba5-124d6f8c300d,Thu Dec  9 06:44:10 2021,BRAND5,462.64,lhdlbdj@appple.com
e3f63004-223c-45db-a4e8-e107cdbf7b6b,2021-12-09T06:44:10,BRAND1,587.62,ijdlagi@live.com
5ffccbab-b425-44d4-8e96-ff5bd57f4ee5,2021-12-09T06:45:00,BRAND1,750.61,djdkfgf@gmail.com
edf3716a-b858-46db-85ea-b5c5ab045200,2021-12-09T06:45:00,BRAND2,272.50,"""fccbblh ghgjhjd"" <fccbblh@appple.com>"
59c1936a-8e2f-47b7-b018-e95ddf51e66b,2021-12-09T06:45:50,BRAND5,$946.94,"""eleiedf kgiecdf"" <eleiedf@gmail.com>"
2e3ada01-5702-4834-baca-fc576cfc83c4,2021-12-09T06:46:40,BRAND3,675.79,cggahgk@gmail.com
f24376e4-6adb-4302-a5f3-1fee4d095c1c,2021-12-09T06:46:40,BRAND5,581.96,jekfccb@appple.com
03e0019c-40e4-4ea5-83a4-60bd9c88ed35,2021-12-09T06:47:30,BRAND1,814.32,"""celkkea bdjcidc"" <celkkea@gmail.com>"
87ad88b9-cba4-4254-9ad0-9fe2b6fd7f56,2021-12-09T06:47:30,BRAND5,609.70,"""bcjefee kbflckd"" <bcjefee@appple.com>"
60b34ed6-c917-4cb9-805c-958823c11b89,2021-12-09T06:49:10,BRAND2,837.67,blhkejh@live.com
588fd00d-0a03-4d40-a097-df742465cdcc,2021-12-09T06:50:00,BRAND3,979.13,ladkiae@live.com
d0d6347b-e44b-403b-a369-e5e371e677d8,2021-12-09T06:50:00,BRAND2,379.00,jaehagi@gmail.com
418cebc0-a6ae-4800-bf18-a703b2ec4b6c,2021-12-09T06:50:50,BRAND5,234.73,"""eicghfc hhgejai"" <eicghfc@gmail.com>"
72285edc-8189-4117-a684-6c4ccf340f25,2021-12-09T06:50:50,BRAND5,550.08,cffeefd@gmail.com
ed699719-abd3-424f-898b-4f21d19c3b20,2021-12-09T06:51:40,BRAND1,651.25,ggbhhka@gmail.com
9ae78d17-f383-43ee-a80e-810f0e7f90c3,2021-12-09T06:51:40,BRAND2,13.43,ddkbdjg@yahoo.com
6bb0df52-c407-4026-84a7-3c702e5d1e5f,2021-12-09T06:52:30,BRAND3,235.54,"""ekdgjhb ijlkegb"" <ekdgjhb@gmail.com>"
9fad7d4e-6c8c-4a09-aa5b-9f77c805d328,2021-12-09T06:53:20,BRAND4,857.24,"""lekcjek igfbbjf"" <lekcjek@gmail.com>"
73e23f58-1ff8-43b3-9835-7cac1306fec1,2021-12-09T06:53:20,BRAND2,63.99,haailkl@gmail.com
f898157a-3ea2-4429-bec7-ff0a4b0f4fba,2021-12-09T06:54:10,BRAND5,$701.99,kdaehhi@hotmail.com
b211467f-854c-461a-881a-4a4dc1bee480,2021-12-09T06:54:10,BRAND3,354.12,"""agilefk jicighd"" <agilefk@live.com>"
89ae1118-b028-4b4a-ac29-c5370daf64dd,2021-12-09T06:55:00,BRAND2,307.07,jhabbdg@gmail.com
15d4a51d-6788-47ea-b959-2367a55e16b1,2021-12-09T06:57:30,BRAND2,677.44,"""bdiddik iifeldb"" <bdiddik@yahoo.com>"
e7529e23-7eb4-4a03-bfa3-b24411779c7e,2021-12-09T06:58:20,BRAND2,207.34,fbibigl@gmail.com
3932df01-45c8-4b60-b9e9-a557fc8e400d,2021-12-09T06:58:20,BRAND1,356.78,jdliakd@live.com
f19a56db-4114-43f5-84aa-9cd2cf9888e4,2021-12-09T06:59:10,BRAND2,31.13,lfghaii@gmail.com
c48042d9-3572-4d4b-bea1-7f8cb46b023b,2021-12-09T07:01:40,BRAND5,783.38,"""elcjcfg lfkdkbh"" <elcjcfg@appple.com>"
f3d5accd-10b0-4327-b767-dc27648dd220,2021-12-09T07:01:40,BRAND5,228.69,dkcfkjd@appple.com
69ddaf3c-19fd-4aaf-96ca-6df5cfdfe773,2021-12-09T07:04:10,BRAND5,54.93,fidbfdg@gmail.com
0490579e-ac2b-4ddf-85e6-caebd64c4353,2021-12-09T07:04:10,BRAND2,462.29,bhlbcil@gmail.com
45b34bc5-a379-4e1a-b6fb-7eb27f93fac9,2021-12-09T07:05:00,BRAND2,331.25,dcballh@appple.com
cd0dcfbe-178f-417f-8455-9c0bd93d1bd7,2021-12-09T07:05:50,BRAND2,697.62,efaiabl@appple.com
57a9b5ea-a9ad-4a25-8158-d96b44d57b9e,2021-12-09T07:05:50,BRAND2,133.25,lfdglij@appple.com
dfb99da1-b353-4a79-b7a9-c69fb70fd729,2021-12-09T07:07:30,BRAND2,33.99,"""jlelbkg gclelbg"" <jlelbkg@gmail.com>"
1f95eae9-3d40-4c9e-bc33-9af43081c2c8,2021-12-09T07:07:30,BRAND2,2.32,bhebicc@appple.com
a87eed6b-8f8f-4ce0-9409-071cac8b2f7a,2021-12-09T07:10:00,BRAND1,740.36,llekfij@gmail.com
8b22b02a-ed7b-4651-8c8b-01bf657c4994,2021-12-09T07:10:00,BRAND2,158.98,"""jigdbhe gkaikcl"" <jigdbhe@gmail.com>"
9ff7fd2b-af17-483a-aa74-72159a230baf,2021-12-09T07:10:50,BRAND2,618.88,hekckcf@gmail.com
2d52b699-4995-46a6-b09e-e15abd87a4ab,2021-12-09T07:10:50,BRAND2,556.50,"""jelcjbb bfbgbee"" <jelcjbb@appple.com>"
a18c4235-1427-4e46-9451-5df38202dd61,2021-12-09T07:12:30,BRAND2,754.60,djjkagb@appple.com
3448912c-4ae8-44e8-a277-ff5c6176268c,2021-12-09T07:14:10,BRAND5,926.57,"""hceecad kccichk"" <hceecad@gmail.com>"
963706e5-4335-410d-981c-009b77972454,2021-12-09T07:14:10,BRAND2,174.39,edjbgcc@appple.com
85dc79b5-e6d4-451d-a671-8b1f6f33996b,2021-12-09T07:15:00,BRAND1,447.43,gbbdddk@yahoo.com
3c6b2eda-f25e-4e6e-a6e3-061cc781f49d,2021-12-09T07:15:00,BRAND2,738.39,leehdga@appple.com
fbf37f86-8151-4d6e-b309-0760912bc8b0,2021-12-09T07:15:50,BRAND1,450.42,"""jfcjlih gbcckhj"" <jfcjlih@yahoo.com>"
19adeac2-f78f-4d3d-ad61-54b1bec8b44f,2021-12-09T07:16:40,BRAND3,180.43,acadafh@appple.com
3cb3fcab-4061-48ff-9e4d-47d805fc9ae0,2021-12-09T07:17:30,BRAND2,784.40,"""bfhabcc kibkcia"" <bfhabcc@gmail.com>"
1159bf49-aae5-464b-b7c4-e8f2fd68cba6,2021-12-09T07:17:30,BRAND2,571.43,kbidgek@appple.com
9401d2af-4376-4a8a-9f27-5d9b0c42962b,2021-12-09T07:18:20,BRAND2,793.78,hhfjakj@yahoo.com
36157945-1066-4c56-92a6-d22b6addc55d,2021-12-09T07:23:20,BRAND1,125.07,hdjcfah@gmail.com
b1e67764-8846-4fc6-82e8-db3889594e7b,2021-12-09T07:23:20,BRAND3,695.72,"""ffgahbi kfdblia"" <ffgahbi@appple.com>"
c89d77f1-aff2-48e0-9c80-9fa2375c9e08,2021-12-09T07:24:10,BRAND2,521.02,ihjlgdc@live.com
8b3a0c4b-56ee-45d7-a466-81c80ec3b6eb,Thu Dec  9 07:25:00 2021,BRAND5,108.90,ccjeeeh@gmail.com
9888ce28-b3f8-477e-81c2-a8f4b80e5818,2021-12-09T07:25:00,BRAND2,$925.91,lfgblhi@yahoo.com
7b41002b-537b-4c16-9d56-2d862bfe48f7,2021-12-09T07:25:50,BRAND2,482.71,"""ceggcdh hclijgb"" <ceggcdh@live.com>"
51bef4e5-4ca8-419a-9c14-633a7a5b84d5,2021-12-09T07:26:40,BRAND1,850.94,"""ejbabca jkfhjbk"" <ejbabca@gmail.com>"
73b37182-c364-458f-8931-c4e446eb6262,2021-12-09T07:26:40,BRAND1,8.15,ldldfil@live.com
e2956083-6650-420e-ab22-19de2d2356bf,2021-12-09T07:27:30,BRAND2,797.39,haghgai@gmail.com
19488e60-c5a7-4564-ab1e-702ef2e1db2b,2021-12-09T07:27:30,BRAND5,513.10,ifehkkh@appple.com
3c8aa9db-f464-40e4-a17b-72cb55babddf,Thu Dec  9 07:28:20 2021,BRAND4,149.04,"""ddbhkgb abaieec"" <ddbhkgb@gmail.com>"
e4b361a7-d502-4689-a4dd-97576286573c,2021-12-09T07:28:20,BRAND1,355.45,"""bicgeba chbilcj"" <bicgeba@gmail.com>"
7cdfde4f-5b0a-44a7-9622-0f012792ec91,2021-12-09T07:30:50,BRAND2,132.84,aclfcid@appple.com
efbd7f82-44e1-4598-984f-bc5ae855bf20,2021-12-09T07:31:40,BRAND2,885.35,"""bldhfje lhbjdbg"" <bldhfje@live.com>"
d105738d-3a77-472d-80c5-897f2918cdc1,2021-12-09T07:32:30,BRAND2,838.05,cbhcfbe@appple.com
63454694-594e-41f0-9ab6-12e1d5d8cffe,2021-12-09T07:32:30,BRAND5,410.89,"""elakdjc fekhjfc"" <elakdjc@gmail.com>"
716ffe76-a46a-482e-a379-c2449d7e7c0a,2021-12-09T07:35:00,BRAND2,739.80,jjigdbl@appple.com
541a0332-e1ba-44a2-a30b-2f5d206c492e,2021-12-09T07:35:00,BRAND5,881.53,jkcfikj@gmail.com
97014810-4ba6-4afb-97d4-2af5b9d4d9b4,2021-12-09T07:35:50,BRAND2,712.49,dfeidla@live.com
4ba30594-0edc-4115-81f5-9dccde171dff,2021-12-09T07:35:50,BRAND2,490.84,"""kkjffbh jkkfllh"" <kkjffbh@hotmail.com>"
65e42969-2766-4469-8b42-bf814c09ddf1,2021-12-09T07:37:30,BRAND2,42.87,"""flfakfj hbbjhhf"" <flfakfj@appple.com>"
2031f561-99ee-4a20-990a-2f7f6de3cf64,2021-12-09T07:40:50,BRAND2,44.73,aijgjgd@appple.com
490f4b75-1623-4f32-9866-9bcfb240a8b6,2021-12-09T07:41:40,BRAND2,828.60,ikddchg@gmail.com
cfad5195-ecec-4ddb-b356-809158e765aa,2021-12-09T07:42:30,BRAND2,$97.50,"""gefkajd bbhdfia"" <gefkajd@appple.com>"
c4c911b9-48b0-407d-8efe-beb73cb450bd,2021-12-09T07:44:10,BRAND2,631.34,"""lkeiiad ebblgak"" <lkeiiad@gmail.com>"
aa9d2ace-6b64-490e-bfc4-6585bda8ff16,2021-12-09T07:44:10,BRAND1,648.17,cadllid@live.com
ebaf48c3-8dbd-4936-8010-267aabfa85b7,2021-12-09T07:45:00,BRAND2,721.18,dhagcff@gmail.com
b0e368ef-d17f-441b-a43c-7b2c74124f68,2021-12-09T07:45:00,BRAND2,911.47,"""fablfff ghjikhj"" <fablfff@live.com>"
f2a57000-72de-4573-9604-4bd2fd67617f,2021-12-09T07:45:50,BRAND1,646.41,"""ghdldde kibdchi"" <ghdldde@appple.com>"
b02afd05-bd4e-4ea9-abef-f8224954059b,2021-12-09T07:47:30,BRAND2,310.25,ckjekgg@gmail.com
ac252ba1-2cb5-4646-a3f1-a7547b43f570,Thu Dec  9 07:48:20 2021,BRAND2,350.09,bhckjhc@gmail.com
c92758d7-9af4-4bbe-b63a-c581ca6e432f,2021-12-09T07:48:20,BRAND2,80.18,jbcgdli@live.com
0ec1b4c2-0f81-4a7e-9b74-88de5ea4653c,2021-12-09T07:50:00,BRAND3,693.45,lgialjh@gmail.com
b085c398-5656-45cb-baf4-5ea8242b2257,2021-12-09T07:50:00,BRAND2,424.46,"""cgbacli lfilfdj"" <cgbacli@gmail.com>"
bc282980-8c5b-4873-8176-c27b2ce5440c,2021-12-09T07:50:50,BRAND2,312.93,ljgccae@live.com
bb2d3ebc-b5f7-4210-8a59-60256de17e88,2021-12-09T07:52:30,BRAND1,558.49,kigjeaf@appple.com
7fd32f2a-5c37-4bc7-9df0-ecb1c9bb56b2,2021-12-09T07:54:10,BRAND2,859.01,ilcdjad@gmail.com
67eb7728-d31a-44bc-aa58-cf9aa7545aa8,2021-12-09T07:54:10,BRAND2,491.58,fibagik@appple.com
ce4755bb-b05f-46f0-a139-6116c959a122,2021-12-09T07:55:00,BRAND4,630.19,bidbckl@yahoo.com
dea9a6f5-05cb-4f10-b9a9-2910bc43ceab,2021-12-09T07:56:40,BRAND5,105.86,"""hfldgfg iaideje"" <hfldgfg@live.com>"
4d7adc84-2fa3-445f-a610-28c27f9b07e3,2021-12-09T07:56:40,BRAND2,29.73,"""ceccaek cfjijlh"" <ceccaek@appple.com>"
20d52baa-35fb-46b0-9589-f5b89e5bfdf6,2021-12-09T07:57:30,BRAND2,638.40,bicbgca@gmail.com
684bb05d-77d1-483c-bf46-4eabda73b178,2021-12-09T07:57:30,BRAND2,61.58,debhdje@gmail.com
e3bfd024-2496-4784-9a3a-069e3b914aa1,2021-12-09T07:58:20,BRAND3,303.19,dcfgeal@gmail.com
d6365894-872c-4c1d-a0a8-1afe760423d9,2021-12-09T07:58:20,BRAND2,921.71,hadihfc@hotmail.com
fc0a9433-c001-454e-acbd-505ffa6f820a,2021-12-09T07:59:10,BRAND1,665.72,"""cegcajd ilkegll"" <cegcajd@gmail.com>"
64e82f79-969d-4804-a41a-aab31140fcdc,2021-12-09T08:00:50,BRAND2,858.94,chglfgf@yahoo.com
268f08f6-757f-47cf-9e9d-fdf797ff3985,2021-12-09T08:01:40,BRAND2,594.07,lfddbgg@appple.com
9a3350fc-eba6-48f3-a699-f3c4f6f6a8b9,2021-12-09T08:03:20,BRAND2,605.50,djdihgh@appple.com
4f49dd06-5504-44e9-86c1-e0e48aa24050,2021-12-09T08:04:10,BRAND1,347.15,"""acgelfe cillbje"" <acgelfe@yahoo.com>"
92efd471-3961-4ea0-b7bd-d93146efc093,2021-12-09T08:04:10,BRAND5,673.67,"""hkffjja clghjki"" <hkffjja@gmail.com>"
fd77d7b1-11a0-447a-ba94-b3eb20ad7bb0,2021-12-09T08:05:50,BRAND2,613.98,"""iiabckk lelcglj"" <iiabckk@gmail.com>"
d48fa1e0-1ff3-452f-b55a-03caf2bea37a,Thu Dec  9 08:06:40 2021,BRAND5,155.01,dlddiee@appple.com
bce2549c-04b2-40a8-9873-46d51e95b408,2021-12-09T08:07:30,BRAND5,348.69,dlcikaa@live.com
7e327352-0560-473b-b1bb-a87ed7542484,2021-12-09T08:07:30,BRAND3,545.64,"""kbcifii eijeeii"" <kbcifii@appple.com>"
e0ab568b-74b8-4415-9df3-4020ca61b431,2021-12-09T08:10:00,BRAND2,740.45,"""fhjfcjj jdffefk"" <fhjfcjj@gmail.com>"
977dcc4c-2bc6-449c-8cc1-b9a98e8b2532,2021-12-09T08:10:50,BRAND2,668.17,bkldfkc@gmail.com
b80d866d-5233-4615-904d-c6bd86a0f4a2,2021-12-09T08:12:30,BRAND2,55.36,illlhcg@appple.com
3c359fc0-3b3b-488c-9af9-d717ebb6ceeb,2021-12-09T08:16:40,BRAND2,389.80,cbjakig@hotmail.com
ea6869c2-8edb-4ac2-8e4d-ca3cf066c670,2021-12-09T08:19:10,BRAND1,518.32,bfbfeif@yahoo.com
7feb942f-92d5-4f52-a387-6f3388ea8bd1,2021-12-09T08:20:00,BRAND1,487.69,fflkhfi@gmail.com
dec16fd3-c5c6-478b-8524-488f16f0a249,2021-12-09T08:20:00,BRAND2,80.08,bbaccac@appple.com
4cdbc226-0b08-4050-be86-7729086be8f7,2021-12-09T08:20:50,BRAND1,416.17,kgckkkf@gmail.com
f73857a6-8466-47f9-8ff3-85a6a25682f1,2021-12-09T08:20:50,BRAND2,612.95,"""cahifig dbahied"" <cahifig@gmail.com>"
f3a5751c-fbd8-49b2-a756-6d09414bc7e2,2021-12-09T08:21:40,BRAND2,331.40,kigdchh@live.com
9a71c39f-2338-40af-bcc4-2d2d3c2a31ad,2021-12-09T08:22:30,BRAND5,878.64,cciecid@gmail.com
bd27cd4e-aaac-45bd-802a-642d2627b571,2021-12-09T08:22:30,BRAND5,983.61,clhjedk@gmail.com
330b1304-b3f5-4059-9572-2ac58892e021,2021-12-09T08:23:20,BRAND5,786.61,"""fhbikaf jfiicbl"" <fhbikaf@yahoo.com>"
a71cac27-aca5-4933-baf8-3399ad06ca5a,2021-12-09T08:23:20,BRAND1,585.34,jihdbkd@gmail.com
88b7798c-9a1f-45ad-9ad6-349609173f5d,2021-12-09T08:25:00,BRAND1,234.20,cbbabde@live.com
94e19a4c-16eb-4dab-96a3-ef916f7c09d0,Thu Dec  9 08:25:00 2021,BRAND2,625.53,faeffaa@appple.com
728de314-44c7-4c98-a627-7d40e44ad98e,2021-12-09T08:25:50,BRAND2,528.08,efehcie@gmail.com
b26144d3-aada-4e80-aa6c-a952d3732865,2021-12-09T08:25:50,BRAND2,180.66,ikkaggh@live.com
a475ef13-c158-43ac-b3a3-70a452709768,2021-12-09T08:27:30,BRAND1,36.01,hhkhgif@yahoo.com
7f13de2b-f2b9-4849-8c23-d14abe01867c,2021-12-09T08:28:20,BRAND2,236.73,"""jefaclb hkjgcij"" <jefaclb@appple.com>"
5c0f2de5-7444-49fc-b5a0-7a5ff51c1e07,2021-12-09T08:29:10,BRAND2,662.74,jhhiecc@yahoo.com
5fd102d5-dd1b-4e47-afcd-4fe6d9e22ee3,2021-12-09T08:30:00,BRAND2,82.34,ifgbfdk@live.com
d3a6a8d8-c9b9-49ef-b75e-1eec8060a7e2,2021-12-09T08:30:00,BRAND2,790.79,fhjcbhc@appple.com
9ef23f67-37d9-4222-af50-7cf5cc47671e,2021-12-09T08:30:50,BRAND1,516.09,hhiechh@appple.com
855787d9-c559-4610-a31e-fc2bd84df672,2021-12-09T08:31:40,BRAND3,246.37,"""jkiagla jlkigbc"" <jkiagla@live.com>"
11643833-c5b6-404e-b47e-889cca80afd5,2021-12-09T08:31:40,BRAND5,946.44,"""hkallik eeblhci"" <hkallik@appple.com>"
3b643f86-30ef-4838-8ace-44b0ef57881c,2021-12-09T08:32:30,BRAND2,123.27,ljfkijl@gmail.com
361f1a1a-880a-43fb-b5f3-83041bb811a1,2021-12-09T08:33:20,BRAND5,516.61,"""lhbfgke kbljcjg"" <lhbfgke@gmail.com>"
0f8da41f-f783-4f6d-8e46-82a6d6814819,2021-12-09T08:35:00,BRAND2,527.91,cecgkfj@yahoo.com
912576f6-d759-463e-ae4a-afdca82c4ae9,2021-12-09T08:36:40,BRAND5,132.50,edelfce@appple.com
d13bd4c9-bdd4-4c56-a240-77d46fdaedf5,2021-12-09T08:37:30,BRAND2,275.39,bcedcdl@gmail.com
f5e6959c-5368-4237-8a32-b2ab4b2aa0ad,2021-12-09T08:37:30,BRAND1,772.77,"""fkcbaif fehfbgk"" <fkcbaif@live.com>"
7b504252-d000-4e14-aa4f-88f340285673,2021-12-09T08:39:10,BRAND1,918.17,jbfbbfg@appple.com
9a48558c-e41f-404d-8d40-b278f21ad13c,2021-12-09T08:39:10,BRAND2,331.73,"""iagbffi kbebcce"" <iagbffi@yahoo.com>"
8b165744-38b2-4dda-bbbb-cc7caeed16bc,2021-12-09T08:40:00,BRAND4,$231.47,"""jflabkh decjdil"" <jflabkh@appple.com>"
3a00a5e2-eb40-414f-9f66-d1df1be88520,2021-12-09T08:40:00,BRAND2,125.53,kbeggbh@gmail.com
35ad0172-a0b9-4416-ab1b-2db5864e4a36,2021-12-09T08:40:50,BRAND3,719.01,"""gcbflcb lkfijkj"" <gcbflcb@gmail.com>"
25b65fe1-19c3-45b2-8abf-5a63aff69dd5,2021-12-09T08:40:50,BRAND3,678.07,"""bigbeci idcldch"" <bigbeci@gmail.com>"
56cad785-afdc-4f1b-a5f2-8bb259d82683,2021-12-09T08:42:30,BRAND2,850.82,khccafl@live.com
0c0640b9-80e6-415a-9595-e4316a12160d,2021-12-09T08:43:20,BRAND2,796.66,dddeica@live.com
8a9aaca4-7c30-45ab-8478-eba1dbe9a692,2021-12-09T08:44:10,BRAND2,131.09,"""jhdgglc gbdcfgc"" <jhdgglc@appple.com>"
2bff0e2a-d7d2-45ee-9ea0-c898cb805238,2021-12-09T08:44:10,BRAND5,840.35,"""chcegeg ejkifhj"" <chcegeg@gmail.com>"
a4529d50-9d7e-4c3f-8a13-8990299bad4e,2021-12-09T08:45:00,BRAND1,183.79,"""hkheela gakjhki"" <hkheela@gmail.com>"
f59f491d-f4bb-4835-8657-a121f3ea8fc9,2021-12-09T08:45:00,BRAND2,858.40,"""agikdac kbfkkjd"" <agikdac@appple.com>"
3c2e1e1e-1bb7-4f2d-9740-f0300934b92e,2021-12-09T08:46:40,BRAND4,748.11,glekefi@live.com
23597b9e-d234-4914-8d03-b1b648f29dae,2021-12-09T08:46:40,BRAND5,51.49,"""dabifgk kggiefa"" <dabifgk@live.com>"
0245676b-5f95-4d84-b360-60d165c3c088,2021-12-09T08:47:30,BRAND2,136.27,icelfdh@appple.com
3b1718e3-c7ae-412e-99be-82a385cbee36,2021-12-09T08:47:30,BRAND5,94.12,ccddfic@gmail.com
319b8dfc-8e65-4e1b-b9b4-cef8cd8806a0,2021-12-09T08:48:20,BRAND5,539.37,flfdbcc@gmail.com
4282d088-7703-49fe-9fb2-e5c0a5b0fec0,2021-12-09T08:48:20,BRAND2,996.52,hcjkifi@gmail.com
62c2e927-db39-4a2d-a972-d3d19cb5ba31,2021-12-09T08:49:10,BRAND5,23.04,leahlec@gmail.com
e09f70fb-185e-4a22-9c61-f78c7e19ef4f,2021-12-09T08:49:10,BRAND2,525.89,"""bjcdhai ekfkibj"" <bjcdhai@gmail.com>"
2a8af62d-0d7f-491f-aab1-20234bac9732,2021-12-09T08:50:00,BRAND2,170.70,gfijkfe@gmail.com
c40c39d3-3417-497c-949b-2d899297f3fd,2021-12-09T08:50:00,BRAND5,16.73,ecghgke@appple.com
9789f80e-5763-4950-89a9-02aa16e96102,2021-12-09T08:52:30,BRAND3,809.86,eaifgfb@gmail.com
cbc1494c-8548-47af-819a-6080347ac680,2021-12-09T08:53:20,BRAND2,314.81,hlddeeh@gmail.com
0b7ab336-2556-4f1c-b51f-ce2353b1dbb9,2021-12-09T08:55:50,BRAND5,241.76,"""dgbjlfj dgkjeck"" <dgbjlfj@appple.com>"
936bbb32-de72-4d68-8e70-2cf0ce8e945a,2021-12-09T08:55:50,BRAND2,38.86,afadaeb@appple.com
0c4eba60-cc21-4509-b3a5-dcacf989833b,2021-12-09T08:56:40,BRAND1,727.82,"""acekfld aeijedf"" <acekfld@live.com>"
60cd7159-68a3-47ed-a39c-1fb17e3b8515,2021-12-09T08:56:40,BRAND2,35.66,"""iggleel baehdbg"" <iggleel@gmail.com>"
2ebf2df0-2134-4797-be20-b5991071a115,2021-12-09T08:57:30,BRAND2,306.80,hadgebk@gmail.com
a027674b-2797-400e-acae-54b3be913416,2021-12-09T08:58:20,BRAND5,323.68,lekecce@gmail.com
becd77f5-dab8-43cb-86bf-ec4e3362ebe4,2021-12-09T08:58:20,BRAND5,590.89,djblajj@yahoo.com
5d8e0d2b-5e15-4460-9385-269e0398a4e0,2021-12-09T08:59:10,BRAND3,970.81,"""geahkig eebjclk"" <geahkig@yahoo.com>"
3c117738-43b7-4f1f-b5ff-077933c487c6,Thu Dec  9 09:02:30 2021,BRAND2,841.79,fficijl@appple.com
972d6296-0f9a-4dea-b23d-5e7a63cbeadc,2021-12-09T09:02:30,BRAND2,301.69,"""ladaibk aakjbde"" <ladaibk@hotmail.com>"
d926be39-a3bc-4d2e-9e5c-59e65c0a1fe1,2021-12-09T09:03:20,BRAND5,219.19,kjblkcl@gmail.com
a0c51af4-4244-41fb-9f92-f825e76e1c1f,2021-12-09T09:04:10,BRAND1,976.56,ejljgkh@gmail.com
1ccb59c2-3825-45bf-a46f-0d2bde4b7fc6,2021-12-09T09:06:40,BRAND5,417.54,hikkjbb@yahoo.com
688640a1-1d52-4d40-a1db-2b5ae1b83f54,2021-12-09T09:06:40,BRAND1,921.65,adakcgk@gmail.com
22cef7f9-df5b-4d25-bcfc-4dd463efbad7,2021-12-09T09:07:30,BRAND3,961.10,icdkcfa@gmail.com
a38b5957-2fd6-4198-8a65-be01dd2f0091,2021-12-09T09:10:00,BRAND1,115.38,"""bfikgil bafggcl"" <bfikgil@gmail.com>"
4d282408-463e-4d43-a36f-166771f3ce8b,2021-12-09T09:11:40,BRAND5,846.48,"""glbdija lbadekd"" <glbdija@live.com>"
da446a1a-281b-4204-9d46-06c3b0d53fd4,2021-12-09T09:11:40,BRAND2,891.43,"""acjbbbd cljfgbc"" <acjbbbd@live.com>"
b135ccf6-4db2-47af-ae4b-33e55e821a43,2021-12-09T09:13:20,BRAND3,455.25,"""ljllfec ejacdgf"" <ljllfec@gmail.com>"
7c562e76-9003-4365-928a-75962037cd13,2021-12-09T09:15:50,BRAND2,27.26,hbackel@hotmail.com
b6fbbcc4-64f7-47f1-9a9e-09c9fde3a7ad,2021-12-09T09:15:50,BRAND2,147.28,llfcggl@gmail.com
3e844d06-d44c-4afe-b16d-8635c3b9d0f5,2021-12-09T09:16:40,BRAND2,321.15,"""eeciehf gdglgje"" <eeciehf@appple.com>"
36b19503-ad9d-416e-adb1-959868a9d23a,2021-12-09T09:19:10,BRAND2,584.63,jeaiaca@hotmail.com
42136e88-9e71-4939-90ce-0b4989716f5f,2021-12-09T09:19:10,BRAND2,0.96,bdghdeg@appple.com
90ccbbde-7e57-4d76-8446-b9f3feb0c0dc,2021-12-09T09:20:00,BRAND4,472.60,"""ldhflel bebhjhl"" <ldhflel@appple.com>"
3faf17ee-313b-49e6-9569-ab613d68b71d,2021-12-09T09:20:50,BRAND1,956.15,hdhbcca@yahoo.com
9c2cfcd0-ee31-45c3-863c-92ba3806cdee,2021-12-09T09:23:20,BRAND2,596.78,"""aaahilk acadikf"" <aaahilk@gmail.com>"
c6544a0f-1f32-4a44-b60c-02365223dd42,2021-12-09T09:23:20,BRAND5,791.32,"""backdjk bfkkebh"" <backdjk@appple.com>"
af076381-ba46-40a4-9f15-d9f18f7a20ad,2021-12-09T09:24:10,BRAND5,842.50,kfchajk@gmail.com
74d226e9-32f6-4482-aeb2-f1442c9e97ba,2021-12-09T09:25:00,BRAND2,259.46,"""cakljac lcaflda"" <cakljac@live.com>"
9e39fe5c-223c-45b8-8ff5-bfba8f216943,Thu Dec  9 09:25:00 2021,BRAND2,928.41,ecfhkal@hotmail.com
eb6a2e86-1676-4193-b5ba-27331edca8b2,2021-12-09T09:25:50,BRAND2,703.43,khibbgl@gmail.com
8626307f-fa33-43d5-9096-fde845cc984b,2021-12-09T09:25:50,BRAND2,47.78,"""jdgjlbh glhjhlj"" <jdgjlbh@gmail.com>"
f96bd3ab-0166-42d8-950f-cc7c2cdde2cd,2021-12-09T09:27:30,BRAND5,728.84,djigbah@gmail.com
a5e334b3-7bdb-4061-88c9-795dd7a41c53,2021-12-09T09:27:30,BRAND2,834.84,jkhcfih@appple.com
8fd474a7-9b26-47b8-901b-779f6975493a,2021-12-09T09:28:20,BRAND2,12.16,icikibf@gmail.com
5ff15db5-c2d6-4073-917e-db6a5f722541,2021-12-09T09:28:20,BRAND2,340.46,gahhgll@live.com
e2476a35-5859-4d2a-b807-8b67152792b8,2021-12-09T09:29:10,BRAND2,339.44,"""gdflhkc dacflgb"" <gdflhkc@appple.com>"
9743fcc3-ba85-48b8-8710-6c4adcbc60b6,2021-12-09T09:34:10,BRAND3,976.18,"""bfaeifb jjldjdj"" <bfaeifb@appple.com>"
7cc4b630-ddce-4373-9282-4384607905c5,2021-12-09T09:34:10,BRAND4,539.73,ehdhfie@yahoo.com
10fc1fd4-4ac0-4fe8-a73f-d7b6ac1634d1,2021-12-09T09:35:00,BRAND2,153.38,biiiagh@gmail.com
cdc0acf5-9a0e-4e0c-bc7f-70772d7976d2,2021-12-09T09:38:20,BRAND3,766.76,"""beidlid cflggca"" <beidlid@appple.com>"
f5da6878-be30-407a-8b00-85463a737caf,2021-12-09T09:39:10,BRAND2,891.02,bfddhcb@hotmail.com
a59f4798-c51f-45da-a406-31fafe2c75c9,2021-12-09T09:40:00,BRAND2,109.67,"""kkhjjde jhfjjed"" <kkhjjde@hotmail.com>"
45d82b98-5d4c-44da-a124-9adf80ec3020,2021-12-09T09:40:50,BRAND2,837.97,jgfblea@gmail.com
1c11e1a3-8914-4e4a-8572-e5254dafc638,2021-12-09T09:40:50,BRAND2,84.34,jjdcfea@gmail.com
1d0609e8-251b-477d-a98f-dfe38d06e598,2021-12-09T09:42:30,BRAND3,301.86,dkfhhgj@appple.com
f255b6b7-1438-481c-8818-442f5ba46375,2021-12-09T09:44:10,BRAND2,711.53,"""acfjafh hedacel"" <acfjafh@live.com>"
6ab8f451-6a58-448f-ba79-9c7139f3c04b,2021-12-09T09:44:10,BRAND5,485.14,glkclda@gmail.com
c0670fcb-7633-4f0c-8c43-f8047948a806,2021-12-09T09:45:00,BRAND2,928.70,deihaid@appple.com
ddffa583-d463-4dbb-a0e9-59f64a7d4fde,2021-12-09T09:45:50,BRAND5,290.00,"""cgjdffi hfjlgll"" <cgjdffi@live.com>"
36f66c4c-c409-4210-9a3a-d62456c207d7,2021-12-09T09:46:40,BRAND5,315.76,kefbjhd@gmail.com
0475a1fa-97b8-4ce0-aa3c-a814036f5422,2021-12-09T09:47:30,BRAND5,666.16,ljlhhgl@gmail.com
5042d605-9465-4b8a-8536-c411ad4b3183,2021-12-09T09:47:30,BRAND2,106.26,"""iihjack dfalfif"" <iihjack@gmail.com>"
6af56510-2b91-468a-af4b-32460610aece,2021-12-09T09:48:20,BRAND5,238.52,"""dlccbdj dlaeacb"" <dlccbdj@live.com>"
3e856bed-2538-41f1-b2ad-76b7d7e8626f,2021-12-09T09:48:20,BRAND5,147.51,djldlig@appple.com
7da651df-ddf3-45f6-87aa-688d1bbc0c24,2021-12-09T09:49:10,BRAND2,631.40,"""egakgii jaacihe"" <egakgii@gmail.com>"
7d37d34d-e88e-4f48-902e-f8e63fc8e963,2021-12-09T09:49:10,BRAND2,627.38,cidbbeh@gmail.com
94c6aa83-f795-4f06-894c-3cdcb8c1823d,Thu Dec  9 09:53:20 2021,BRAND3,$321.58,ibgillc@gmail.com
c72b1914-d3ce-4502-8503-91da3ac95585,2021-12-09T09:55:00,BRAND1,659.62,gefahjl@gmail.com
ae1f06be-aef0-4a62-9955-bc11191c6686,2021-12-09T09:55:00,BRAND2,977.92,flaagkd@gmail.com
37a7e08e-1565-4d07-a92f-0fc1a6fa850a,Thu Dec  9 09:55:50 2021,BRAND2,237.72,lcgjgeh@gmail.com
4d6c5ebb-5186-4739-a587-6300eeec16d6,2021-12-09T09:55:50,BRAND2,187.24,adghldj@gmail.com
90369ca5-a5e9-4b20-bea5-76baf45535b1,2021-12-09T09:56:40,BRAND1,520.72,eclbkej@gmail.com
ff475b06-5914-4b83-b5e9-6d82b38f0049,2021-12-09T09:57:30,BRAND1,667.06,bhabibi@gmail.com
280ceebd-b707-40d8-a9b5-fe9dff22927a,2021-12-09T09:57:30,BRAND5,670.26,dkajlkk@gmail.com
3e54cbef-712f-474c-8f9a-9cdcdd6a9204,2021-12-09T09:58:20,BRAND5,9.73,edkfgdc@gmail.com
7d4e79d4-e315-4e56-892d-1affe762feed,2021-12-09T09:58:20,BRAND2,647.32,"""acggjfg egicjjl"" <acggjfg@appple.com>"
34482685-38bc-4c3c-ae6e-8926d5be1896,2021-12-09T09:59:10,BRAND1,806.29,kbkhacc@live.com
10074e5b-c2aa-4e86-9bab-5f62ada240a3,2021-12-09T10:00:00,BRAND4,$766.82,"""egacdkb haigccj"" <egacdkb@gmail.com>"
2cb1730e-fcb2-4c2f-8187-31e0801914be,2021-12-09T10:00:00,BRAND1,137.28,eigehli@appple.com
6bbaff2e-2174-47b6-8b66-872595cf654f,2021-12-09T10:00:50,BRAND2,925.85,"""djdifck ahgahga"" <djdifck@gmail.com>"
d7302031-8059-4adb-97dc-f68a6f1952fa,2021-12-09T10:01:40,BRAND5,438.68,gcdclac@gmail.com
79aed132-c37e-48bc-bb4c-264187ac48ae,2021-12-09T10:01:40,BRAND2,28.89,ibddegf@appple.com
b2172495-956c-4d5a-80ed-2c64ab88ef26,2021-12-09T10:02:30,BRAND5,528.46,"""fehjidg bhadibb"" <fehjidg@gmail.com>"
f4df281b-d020-4840-a922-5388532ebb00,2021-12-09T10:02:30,BRAND5,137.66,cghjihb@yahoo.com
f414ded9-f197-47ad-8868-8120fc3d1733,2021-12-09T10:03:20,BRAND1,341.99,dciliee@appple.com
e24d10dc-9547-4fc0-b1bf-71805ed1e283,2021-12-09T10:05:00,BRAND2,395.66,kdiffdk@gmail.com
7bc61980-c66a-47d2-ac51-c758edd3c714,2021-12-09T10:05:00,BRAND5,218.88,"""afifidl bbljkjf"" <afifidl@gmail.com>"
99885d2e-566f-4137-9688-05e4c1b3136a,2021-12-09T10:05:50,BRAND1,918.24,"""kceefgg fgdecbk"" <kceefgg@appple.com>"
35b17e4e-98ed-448d-91ab-1296856809ab,2021-12-09T10:05:50,BRAND1,481.43,blegjei@live.com
39f620cd-e549-4e5a-b4d7-ff212cbabcbc,Thu Dec  9 10:08:20 2021,BRAND2,382.79,gaaleja@gmail.com
9783460e-5038-481f-8d58-7f0a7ab2c283,2021-12-09T10:08:20,BRAND5,489.48,"""celbijb feahjjb"" <celbijb@appple.com>"
9aa317f1-0cc9-4194-928a-ae1fdcf6f097,2021-12-09T10:09:10,BRAND1,913.22,jfaejkj@gmail.com
c9e9a3f1-ca88-4903-8379-54e7bc04ef90,2021-12-09T10:09:10,BRAND2,456.27,fabdica@gmail.com
bc323194-9871-422b-bfd4-aa4be807fb4a,2021-12-09T10:10:00,BRAND2,340.87,"""fgahjal igljded"" <fgahjal@gmail.com>"
f16db06a-3af9-4527-b37d-1618658896bf,2021-12-09T10:10:50,BRAND1,349.41,"""ellgiae ekhjaii"" <ellgiae@gmail.com>"
167d4993-4ba2-4e07-ad2c-050a7e89707f,2021-12-09T10:10:50,BRAND2,565.75,eccgilg@yahoo.com
feda9158-f410-4530-b3ca-cfee7c314d61,2021-12-09T10:11:40,BRAND2,429.90,ghjgkai@appple.com
2162b665-77e8-4582-a764-638974a1d212,2021-12-09T10:12:30,BRAND3,549.31,"""dfkhefi alafhik"" <dfkhefi@gmail.com>"
10fadd66-e16e-4eb9-9f14-556be90093f5,2021-12-09T10:12:30,BRAND5,90.77,hkjcekf@gmail.com
b4f0564f-1c5d-4eaa-ae7b-a66147132a76,2021-12-09T10:15:00,BRAND1,910.63,djhfjdb@hotmail.com
919bbbda-6370-4bf0-ae51-29c4d9ac110a,2021-12-09T10:15:50,BRAND5,801.64,kkjahfb@live.com
12415c05-adbf-49f6-9367-12c09e751648,2021-12-09T10:16:40,BRAND2,240.73,ldebdff@appple.com
76abc4fc-deff-4f74-ba76-5a3c8f281aa5,2021-12-09T10:16:40,BRAND1,988.45,hhfjggg@gmail.com
b1f52dc8-efd1-4d47-b3e0-4afb722241cd,2021-12-09T10:17:30,BRAND2,51.11,kkbbcdl@appple.com
6df88d7f-610a-4078-b417-8effeef7f5ea,2021-12-09T10:17:30,BRAND5,197.67,"""ajlefjc ehefiae"" <ajlefjc@gmail.com>"
dfbfb1e2-c27e-415c-9a2a-4157c3cf8c1a,2021-12-09T10:18:20,BRAND5,446.71,"""dihldbj keakkab"" <dihldbj@yahoo.com>"
09afa73b-2250-4625-84f8-4f9fcf247608,2021-12-09T10:19:10,BRAND2,60.12,"""idfdidh gaejled"" <idfdidh@yahoo.com>"
502e479f-6a3f-4ed4-b16f-c9835a2116dd,2021-12-09T10:20:50,BRAND2,312.78,ffclajk@gmail.com
79b5a3ee-d75a-4c52-84f7-b24b58b892df,2021-12-09T10:21:40,BRAND2,122.64,lggkkkk@appple.com
36c467ef-12f3-4194-827f-73a11bbbb8ca,2021-12-09T10:21:40,BRAND2,705.71,"""bklebdd gilgeel"" <bklebdd@yahoo.com>"
88b80e0a-8625-4051-8b39-a336d7e93508,2021-12-09T10:22:30,BRAND4,332.83,libfece@gmail.com
455df95a-b50e-45db-8f8e-f9125e4149fc,2021-12-09T10:22:30,BRAND2,203.78,"""jlalfcg djaedbg"" <jlalfcg@gmail.com>"
f0f5dd91-df45-46ea-87d9-248f0821aed5,2021-12-09T10:23:20,BRAND5,100.42,bkaahij@gmail.com
95995a11-bf22-4166-827a-8edc041e164b,2021-12-09T10:23:20,BRAND2,787.71,fbacaji@live.com
ac3bd198-9ddc-4ce5-8a2f-a2d9e85037ba,2021-12-09T10:24:10,BRAND3,524.06,keihfbe@yahoo.com
9fc5bde6-0538-4e09-b2ac-814c1c46c836,2021-12-09T10:24:10,BRAND1,423.69,"""gjcchkb eefdhej"" <gjcchkb@yahoo.com>"
50450db7-79ee-41a5-931c-73cb2a593933,2021-12-09T10:25:00,BRAND2,784.68,"""fbhjagc figfbgj"" <fbhjagc@gmail.com>"
1086ff11-e918-487f-891b-6776d84676fb,2021-12-09T10:25:00,BRAND4,920.05,blkecjk@gmail.com
096c4b30-3bdd-4fe4-874f-c3fcd337f409,2021-12-09T10:26:40,BRAND2,482.11,"""hiaficb fbcaclb"" <hiaficb@yahoo.com>"
1e485d26-bfee-41d9-89b5-86d18de0cce0,2021-12-09T10:26:40,BRAND1,8.41,cfljiih@gmail.com
7141ea18-eab4-4a03-8ae2-129d22f4e2ea,2021-12-09T10:29:10,BRAND5,108.74,ccjkbdj@yahoo.com
b0a53055-ac31-4f9a-89e7-cfe4d089be84,2021-12-09T10:29:10,BRAND2,312.90,iecgeke@appple.com
689ee08d-dd2b-4909-aba6-03e04401bf68,2021-12-09T10:30:50,BRAND2,140.44,cjhkilf@gmail.com
b161ecf1-47d0-4d15-a256-b41fe67bb59a,2021-12-09T10:32:30,BRAND1,275.79,aflbhcj@appple.com
edcb729f-dde3-435b-909c-f1eb08f29fbf,2021-12-09T10:34:10,BRAND2,331.90,jgabjgd@appple.com
90cf78a0-4cef-4900-ae98-2b172dd80017,2021-12-09T10:35:00,BRAND1,625.90,"""hcbkflj igbbcfg"" <hcbkflj@hotmail.com>"
b37464c5-85be-494a-a8db-fad39625230c,2021-12-09T10:36:40,BRAND2,640.88,kkledgg@yahoo.com
f33da1c7-aae9-4669-baad-0cea37f9e349,2021-12-09T10:37:30,BRAND1,192.64,laciedf@appple.com
ce24dfe0-27d8-411e-81fc-90edbac1a240,2021-12-09T10:40:50,BRAND5,410.90,jfhkeij@appple.com
076ef9ac-5230-451d-97fa-a68d888e9366,2021-12-09T10:44:10,BRAND1,$922.78,"""jfcdcjh fbjfhhc"" <jfcdcjh@live.com>"
850998be-9901-4573-8b18-f299b0693c15,2021-12-09T10:44:10,BRAND2,657.10,"""ejhgfde gjlbedc"" <ejhgfde@live.com>"
5b9567fb-6ec5-4ad3-9418-fc1291027f40,2021-12-09T10:47:30,BRAND1,675.27,ccikebb@appple.com
9b1ba26a-3b93-4769-beb1-91ede07f37f1,2021-12-09T10:47:30,BRAND1,142.15,"""dhhjclf iabehac"" <dhhjclf@gmail.com>"
b02637f8-802b-463c-8c8e-299599a112b9,2021-12-09T10:48:20,BRAND5,618.65,dcjjfej@gmail.com
70669afe-4ef2-438c-b212-616c49229e24,2021-12-09T10:49:10,BRAND2,895.86,acgleka@yahoo.com
f3b669cb-a93f-484d-8665-dee2a8fc8763,2021-12-09T10:50:00,BRAND5,350.19,"""jhejjgk igkhlji"" <jhejjgk@appple.com>"
c921ee69-6493-413a-a813-09adfcfc4d90,2021-12-09T10:50:50,BRAND3,492.32,lakkgbf@appple.com
b2eb4719-cad9-490b-b3e3-bfe5e61ba1a8,2021-12-09T10:52:30,BRAND2,934.61,jeckdld@gmail.com
b9fd1236-3dff-4706-aed4-bca8c8bbd96f,2021-12-09T10:52:30,BRAND2,592.70,jbgafgc@appple.com
9ca96928-cd3c-43eb-8ed3-36418204e7c0,2021-12-09T10:55:00,BRAND1,356.19,jbjkkkl@live.com
9fc434d9-115a-405e-b037-189f85e545d3,2021-12-09T10:55:00,BRAND1,373.91,fhdeaeg@gmail.com
9bfb6fac-1cfb-46be-844f-230d5dd0d9a3,2021-12-09T10:55:50,BRAND2,922.15,cjjhjhd@gmail.com
3cdeae44-b327-4c3f-be94-56f89316f03d,2021-12-09T10:55:50,BRAND2,118.67,"""cajhbkb abifcbj"" <cajhbkb@appple.com>"
904dae67-c025-44e2-b05e-08d6033a74b1,2021-12-09T10:56:40,BRAND4,431.66,hjbejle@appple.com
b9036b6a-46c5-4d85-bcd4-153e2627c5a4,2021-12-09T10:56:40,BRAND2,$69.55,"""ikhjidb bebbcda"" <ikhjidb@yahoo.com>"
b545e0ca-3fd3-4d41-9f68-f01b0e727238,2021-12-09T10:57:30,BRAND2,962.36,"""ijceafl bchlfib"" <ijceafl@gmail.com>"
5b87ad95-f212-4e08-93ad-9a65382b0367,2021-12-09T10:58:20,BRAND5,520.36,hiihejj@live.com
b141b5ea-8b2c-4b62-9c1e-6e6f2a3a6ec9,2021-12-09T10:59:10,BRAND5,662.55,"""bcfcadg dbachhl"" <bcfcadg@appple.com>"
eaa056c9-0ac4-469e-a4b2-959b545a1688,2021-12-09T11:00:50,BRAND3,396.73,kghkfcb@gmail.com
9f1b17d6-f270-4a80-8c77-4ec11d25d66f,2021-12-09T11:01:40,BRAND2,582.57,"""kgjfill hiljajc"" <kgjfill@live.com>"
22495dff-2fd3-41f7-beca-7aedea4e6c1f,2021-12-09T11:01:40,BRAND4,77.53,"""eibgjef lebbdii"" <eibgjef@gmail.com>"
68f45790-e19a-4db8-bed7-221f0a216828,2021-12-09T11:02:30,BRAND5,88.84,"""hldadfa hhdbhli"" <hldadfa@yahoo.com>"
af5eaed1-289e-4479-802c-4f505eadbadf,2021-12-09T11:02:30,BRAND2,212.54,bhaldgd@appple.com
1552800b-2e64-49e7-abd3-fc3400dde1e1,2021-12-09T11:05:50,BRAND5,505.86,"""eahijle eaekceh"" <eahijle@appple.com>"
30e42a92-8559-4535-bf32-a815da8a4ef7,2021-12-09T11:06:40,BRAND2,38.17,hdbakka@appple.com
17c77821-8af1-42e2-be09-196da4c8365b,2021-12-09T11:06:40,BRAND2,916.88,"""dihigkk kfgekai"" <dihigkk@live.com>"
e3e900f1-24b5-45e8-930d-e238ac97b576,2021-12-09T11:07:30,BRAND2,536.48,cehkgha@yahoo.com
c6691f29-767b-4bac-884f-076132a95f4e,2021-12-09T11:07:30,BRAND2,124.64,heaadkk@yahoo.com
2e6887da-6aeb-4101-9972-455ebfef31fd,2021-12-09T11:08:20,BRAND2,962.88,jcgicbb@live.com
45cb2538-70be-4500-bf4f-74b19b6ea45b,2021-12-09T11:08:20,BRAND1,683.01,iacbkak@live.com
b4893033-7374-4168-961c-250f1fbb81ba,2021-12-09T11:09:10,BRAND4,378.04,cafiiah@gmail.com
5f3c0463-7cd2-44bd-9d0b-a9af9c4d4e2b,2021-12-09T11:10:00,BRAND2,56.42,"""jcgjiej eehblga"" <jcgjiej@appple.com>"
23addbff-e982-473a-abfc-037f216de8ee,2021-12-09T11:10:00,BRAND2,604.65,jlifkci@gmail.com
701c8281-a337-4332-8b48-170e788610e6,2021-12-09T11:10:50,BRAND2,964.04,gifkcha@yahoo.com
97f15b74-15a0-45c2-9b88-de4450f4741b,2021-12-09T11:10:50,BRAND5,601.43,"""giabgbk dbefchk"" <giabgbk@appple.com>"
729b509e-fad6-4737-bab0-a219560c1d3a,2021-12-09T11:12:30,BRAND5,321.43,gekdggl@yahoo.com
5c8ab589-3f17-4ef7-a41c-f1a82fa712e6,2021-12-09T11:13:20,BRAND2,646.51,ffddldl@appple.com
020acb2c-9bd9-4fef-833d-48ef1d070666,2021-12-09T11:13:20,BRAND2,363.41,hfkebce@live.com
ea86f291-7502-47c2-91d6-25d24e2ce2ea,2021-12-09T11:15:00,BRAND5,915.37,hjkliaf@appple.com
b7eed5a5-5a7b-4974-abd9-9eb19020aa3a,2021-12-09T11:15:50,BRAND2,710.62,aeiddlc@appple.com
c94bd512-8731-4ef0-81e1-2fe50b38d12f,2021-12-09T11:15:50,BRAND3,332.48,iglhihh@gmail.com
487afe2e-bf0e-4112-9e67-ea8bbee6876d,2021-12-09T11:17:30,BRAND2,522.24,gjjdlha@live.com
0a62d635-6787-466f-8251-78d3658923ab,2021-12-09T11:19:10,BRAND2,632.03,akaihfd@gmail.com
3da5250c-220b-4fc6-8d5f-f2cee314e16d,2021-12-09T11:19:10,BRAND2,106.86,"""ekidgkg dheadfg"" <ekidgkg@gmail.com>"
cb2c98e8-cf42-4dd0-8b12-171f780f0f50,2021-12-09T11:20:00,BRAND4,81.22,defiagb@live.com
f2255427-7cf9-4910-b177-8263ee1b3e79,2021-12-09T11:20:50,BRAND2,807.59,glidadh@live.com
459c70cd-e242-43fd-bd5e-48286b5cff77,2021-12-09T11:22:30,BRAND3,481.86,aalbaje@gmail.com
cb40327f-5ac2-4712-8658-be235c7bc3d2,2021-12-09T11:23:20,BRAND2,630.99,fgcieha@live.com
7c98751e-689e-4232-b97c-247e0c4e95af,2021-12-09T11:23:20,BRAND2,936.05,"""cgfllic gcjlkii"" <cgfllic@appple.com>"
0be0ca66-eee3-4784-bab9-77c7c8cb9d2b,2021-12-09T11:24:10,BRAND2,96.71,"""fkdjjfd baldgll"" <fkdjjfd@appple.com>"
844a5418-9d3e-425f-bd75-42b6d16e0fd9,2021-12-09T11:24:10,BRAND2,5.39,jckjcll@gmail.com
e27c3151-068b-4d96-903b-3705d7380615,2021-12-09T11:25:00,BRAND5,467.81,"""decfhaj gdbidfg"" <decfhaj@gmail.com>"
01deff03-bbbf-4107-8d97-936012e8d0d4,2021-12-09T11:25:00,BRAND2,157.85,"""filihia caafjcj"" <filihia@gmail.com>"
6b12fbe9-fc15-46dd-b0fe-dadf5014325c,2021-12-09T11:25:50,BRAND2,480.23,"""cfcadgl kaihdkb"" <cfcadgl@live.com>"
b5a6683c-6f65-4f4f-b00d-35c6f51f6f14,2021-12-09T11:27:30,BRAND5,142.37,"""igelilk jabgjfb"" <igelilk@gmail.com>"
ce08d49f-fb28-43c2-a7c9-b8032e0305d8,2021-12-09T11:29:10,BRAND3,59.12,gabbell@gmail.com
600c38a0-bec3-4e62-b488-dce1f0af94ca,2021-12-09T11:29:10,BRAND5,227.20,eifjchc@hotmail.com
b0a3cac5-bc84-4cf0-a19e-e37c2493951c,2021-12-09T11:30:50,BRAND1,565.36,ekhkdah@live.com
ae067305-65b1-4ea8-9583-d98ac83bfa57,2021-12-09T11:30:50,BRAND2,729.00,"""fbelggh khcehlg"" <fbelggh@yahoo.com>"
7328a69e-337e-4153-b91d-056a96bc4c66,2021-12-09T11:31:40,BRAND2,953.67,"""cibgjli aejbjel"" <cibgjli@live.com>"
af2fea26-0cdd-4a34-8d01-59179cca7bd2,2021-12-09T11:32:30,BRAND2,395.15,fdheldl@gmail.com
50ac6208-59fe-42d4-a43a-f56324006eb6,2021-12-09T11:32:30,BRAND2,250.76,adhlkkf@live.com
9fafd5d6-fdbd-4b1d-aec7-730c555f4357,2021-12-09T11:34:10,BRAND2,700.82,"""dlkdehl didbfcd"" <dlkdehl@gmail.com>"
65e27e50-140b-47a4-8489-b0911227486d,2021-12-09T11:35:00,BRAND4,68.38,ifkkjfa@gmail.com
b2d3dac0-178a-4c0b-b8ea-0b06b8e638e2,2021-12-09T11:35:00,BRAND2,786.24,afliiaa@live.com
88e35a27-74bd-4767-acfb-4f6ca7c6d2f5,2021-12-09T11:38:20,BRAND2,667.21,"""ccahddb iaicfjd"" <ccahddb@gmail.com>"
40de20be-cb43-488a-bc8a-ac309a3e1fd5,2021-12-09T11:38:20,BRAND2,76.24,"""dcdkidc cjfiaka"" <dcdkidc@gmail.com>"
d07d91a9-3b88-483f-91f4-4380323a11e9,2021-12-09T11:39:10,BRAND5,535.81,jkckahf@live.com
3e404df2-a226-4a03-b413-94ce6e34b909,2021-12-09T11:39:10,BRAND2,586.84,"""ebbfkif ajjciff"" <ebbfkif@gmail.com>"
046d251e-9715-4675-9fde-352cc293782b,Thu Dec  9 11:40:00 2021,BRAND1,740.78,"""lcfahdg hkbiidg"" <lcfahdg@live.com>"
f9fc05e3-e396-46e9-92c7-72820e7e719b,2021-12-09T11:40:00,BRAND2,540.36,"""khjgbig jhdacaj"" <khjgbig@gmail.com>"
467c4b39-a7dd-4826-a2fa-e5277fd8ba97,2021-12-09T11:40:50,BRAND5,632.97,kgacija@gmail.com
f3c1bfd0-5299-4f07-9591-22f48b44b276,2021-12-09T11:40:50,BRAND1,257.80,jblbbia@hotmail.com
7155c14f-9b6e-4771-a371-e5406eebd922,2021-12-09T11:41:40,BRAND1,689.86,ediclid@live.com
5abacdae-ab02-48b4-812b-9cb551fd8901,2021-12-09T11:43:20,BRAND5,148.12,bafhhdb@gmail.com
e7fd38c3-2984-4508-af7b-781b1c88d391,2021-12-09T11:43:20,BRAND1,$386.64,"""hcdcdia aldibcl"" <hcdcdia@appple.com>"
eeb05cde-c63f-4a77-bdb4-f1d98c6d2165,2021-12-09T11:44:10,BRAND2,649.44,"""jgefgid ffjkdca"" <jgefgid@appple.com>"
bacb35a8-b38b-4e3b-a5d4-cc2ab127411b,2021-12-09T11:45:50,BRAND3,206.71,afkhdfe@live.com
fec98357-b9a0-4e83-a95e-7fabc039a43d,2021-12-09T11:46:40,BRAND2,211.70,dfbhaci@appple.com
973778bc-3230-465a-b949-385a13c22fe8,2021-12-09T11:46:40,BRAND3,799.97,"""ggglkkf bfdhjdg"" <ggglkkf@gmail.com>"
d2e98574-7c57-4af3-a120-d915310fab62,2021-12-09T11:47:30,BRAND2,39.31,"""klbdfde bkfebea"" <klbdfde@appple.com>"
9e77cd61-d1e7-4d7e-9c88-791303c7590c,2021-12-09T11:47:30,BRAND2,732.02,"""dicgbge kkdfhbb"" <dicgbge@yahoo.com>"
2a996f91-afdb-42e3-bc7d-eb581cf749cc,2021-12-09T11:49:10,BRAND1,511.45,kdabcli@gmail.com
80727fb9-3bd3-4679-bfa2-53f5ba0915a6,Thu Dec  9 11:49:10 2021,BRAND4,750.93,abkidjc@gmail.com
9dcd674c-6a5d-4306-b02e-167fd3e74ec7,2021-12-09T11:50:00,BRAND5,425.35,gabafgh@appple.com
b85f270e-14d4-4ef3-94c1-bee2d1837d32,2021-12-09T11:50:00,BRAND2,62.17,"""gihdgic dbdelld"" <gihdgic@appple.com>"
c1d7b754-b899-464f-94f9-107e92382deb,2021-12-09T11:51:40,BRAND1,$396.03,bbhcafi@gmail.com
ec852e36-7a7a-4e00-a81b-471dcaaf9f53,2021-12-09T11:54:10,BRAND5,304.19,"""bgigcgj eljckfk"" <bgigcgj@hotmail.com>"
7d9605f6-b684-480c-a44b-bad0b3937639,2021-12-09T11:54:10,BRAND2,712.94,jkgcdla@yahoo.com
cf81c727-a402-41a6-9f8e-d9efd07f688c,2021-12-09T11:55:00,BRAND2,489.03,aibikjc@appple.com
3cdb02e2-9942-40d7-9c81-40c7c606d249,2021-12-09T11:55:50,BRAND2,579.23,alkbbhd@gmail.com
901dfcf6-786c-4b52-b658-0ee67d1e973d,2021-12-09T11:55:50,BRAND5,914.08,"""cchiike bfcjeie"" <cchiike@appple.com>"
3256a374-44f2-42af-be9d-e8e2da0eb085,2021-12-09T11:57:30,BRAND2,754.45,"""fbgceeg aadbhdh"" <fbgceeg@appple.com>"
4aeeb4da-678e-49d9-92d7-634c84b1cee1,2021-12-09T11:57:30,BRAND2,674.66,lhidkbe@yahoo.com
45f2a108-f91b-4d85-9a0a-4401052b52d4,2021-12-09T11:58:20,BRAND2,665.19,fcdekla@gmail.com
047ff261-1a95-434d-b9d2-29784fdf5bba,2021-12-09T11:59:10,BRAND1,401.36,hhiaadd@gmail.com
7437f558-b610-416e-82aa-0fd7fe3dcb24,2021-12-09T12:00:00,BRAND1,89.58,iceiied@appple.com
b75d22c8-f26d-4a91-98dd-6c17ff40b26d,2021-12-09T12:02:30,BRAND2,834.11,"""kjajgak belkjik"" <kjajgak@yahoo.com>"
495aab34-c0fd-4289-8d48-9a63aaf90a07,2021-12-09T12:02:30,BRAND5,557.95,"""gfkkgbj bcejjeb"" <gfkkgbj@yahoo.com>"
37ad4626-d69b-4dc5-b0b8-085cc4f14bb8,2021-12-09T12:03:20,BRAND2,123.19,jhkfidi@gmail.com
7dd790e8-f13f-4d43-8bb2-4985824c4b45,2021-12-09T12:03:20,BRAND5,313.64,"""keeeldg ijbigjh"" <keeeldg@gmail.com>"
7a01e430-d809-409b-993f-d9d171e9ee03,2021-12-09T12:04:10,BRAND5,400.24,"""dbiiijf dhdihfb"" <dbiiijf@appple.com>"
f39aac49-99e6-4b25-8610-a0055ba91275,2021-12-09T12:05:00,BRAND4,942.26,bjafecg@live.com
1517e055-2a46-46f1-b96a-6040697bf7a7,2021-12-09T12:05:00,BRAND5,225.75,"""hhagbde aliliij"" <hhagbde@gmail.com>"
4439e5c9-61af-4ae3-a206-14afe9eb02c0,2021-12-09T12:05:50,BRAND2,332.49,"""bakaljj cdflahg"" <bakaljj@appple.com>"
8d54e470-c70a-4484-9ac4-1d45770c922c,2021-12-09T12:06:40,BRAND2,100.41,ikfadle@yahoo.com
630b3575-b7da-4f21-b1a3-c9ebddda7604,2021-12-09T12:06:40,BRAND1,133.79,gdhljfi@gmail.com
c9cfa26b-b565-4069-933d-2f7d8a6f192d,2021-12-09T12:08:20,BRAND2,4.54,dbkjdje@live.com
743202b8-e5da-4a59-a6a2-ff9b1c74fd7c,2021-12-09T12:09:10,BRAND2,885.78,dcekkeh@gmail.com
bf252613-fdb6-4910-ad77-dc535693038b,2021-12-09T12:12:30,BRAND1,925.74,"""eikbdle lljjhid"" <eikbdle@gmail.com>"
d084db73-4084-4424-bcbf-2dbdde016ee6,2021-12-09T12:12:30,BRAND2,994.13,"""dfehadh kcedkjl"" <dfehadh@live.com>"
d9650e9a-ca50-497c-9e90-61619c010ff3,2021-12-09T12:13:20,BRAND5,106.94,kggalhd@appple.com
b1627001-5a1e-47f1-9177-681b6a84969e,2021-12-09T12:15:50,BRAND5,398.95,"""ibhlbbb hkheaec"" <ibhlbbb@gmail.com>"
1d306c81-80a2-4758-a0ea-aac1d5d76cff,2021-12-09T12:15:50,BRAND5,235.20,"""jebcdlk gadflfe"" <jebcdlk@gmail.com>"
1a0f7fae-1531-4e8b-81e0-007089115452,2021-12-09T12:17:30,BRAND2,97.18,"""biiagaj agaffgd"" <biiagaj@gmail.com>"
a162e6f5-d24d-4101-b565-f123d92bdadf,2021-12-09T12:17:30,BRAND2,118.92,"""bdjedca cfljeak"" <bdjedca@gmail.com>"
76d2ba64-654a-42a9-be91-bfd453b70bfc,2021-12-09T12:19:10,BRAND5,$760.54,"""kefhiie clbkfdc"" <kefhiie@live.com>"
fb4d0651-2dc6-408d-9f71-a2b3ae7c65f4,2021-12-09T12:19:10,BRAND5,46.17,belgagk@appple.com
ed7bfe80-b31d-4cdc-890f-31847d0db77d,2021-12-09T12:20:00,BRAND2,113.63,"""dfgejik cdicefj"" <dfgejik@gmail.com>"
7b227627-075b-4acf-aa94-87705ec97287,2021-12-09T12:20:00,BRAND2,88.78,kdcldlj@appple.com
c79ba8a2-f726-4df5-86e0-e662f980eb82,2021-12-09T12:20:50,BRAND2,242.85,icjkbhg@appple.com
59aaf92b-da27-4910-a0f5-c3fa49667ee6,2021-12-09T12:20:50,BRAND2,109.87,ghfaggd@gmail.com
f4fd6817-5f0d-4b52-8585-3163112fe818,2021-12-09T12:21:40,BRAND2,329.80,eifcahk@live.com
410e1b88-a98a-4960-9dfe-a0c5bf0dd160,2021-12-09T12:22:30,BRAND5,267.67,ahejgfl@gmail.com
781b0f6f-a66d-4c58-a17a-aa3fee1e0dca,2021-12-09T12:23:20,BRAND5,821.31,"""bbdckke iibgcal"" <bbdckke@live.com>"
f1147064-9d3c-41de-a93e-e274607e4531,2021-12-09T12:24:10,BRAND2,738.00,ieggdcd@live.com
8e2f2e78-2099-4dce-a0d4-611c0fc4ac10,2021-12-09T12:25:00,BRAND4,511.46,elicajh@gmail.com
143339ce-324f-456f-9788-fe1414ab300e,2021-12-09T12:25:50,BRAND2,434.46,llfkdgk@appple.com
5ea0af2a-caa5-44c6-885e-328684acdd97,2021-12-09T12:25:50,BRAND2,329.72,llhedag@gmail.com
ad2b2589-7dbc-4b5c-bdaf-2006f03e47af,2021-12-09T12:27:30,BRAND5,517.43,iichfdf@gmail.com
bab30955-310b-46e1-a742-8773bc52b014,2021-12-09T12:30:00,BRAND5,321.83,lcjidee@gmail.com
36520a9e-34f2-4120-a2a3-a2cd38c61a83,2021-12-09T12:30:00,BRAND2,546.88,"""jaiakkh llhibkf"" <jaiakkh@gmail.com>"
116f73c6-ab8b-412b-8485-778447faa5a8,2021-12-09T12:32:30,BRAND2,553.15,dgdhllj@gmail.com
050c8ab7-6a9f-475c-9f3b-9b4d0b22256e,2021-12-09T12:32:30,BRAND2,807.33,"""cdhjalk gdfkhll"" <cdhjalk@appple.com>"
d4f4c523-3081-4ecc-b45c-b19e714908e5,2021-12-09T12:33:20,BRAND5,948.13,jaddijc@gmail.com
9bbd5106-0b9c-4bf1-bd09-efb79cfe9410,2021-12-09T12:34:10,BRAND2,220.44,fhcfbbg@gmail.com
1dfd8bff-ed5c-4e12-823d-809a4afac456,2021-12-09T12:35:50,BRAND5,499.68,gdjkajk@gmail.com
e0487c4c-bd60-491b-be1e-008dc1a4f9b3,2021-12-09T12:37:30,BRAND2,831.68,"""fijjeee cgglhkh"" <fijjeee@appple.com>"
68203f43-ef39-4dac-ac9d-88804040d6ef,2021-12-09T12:38:20,BRAND5,$90.07,alddahg@gmail.com
f840e78a-8bbf-4d79-87d0-ff11a37a8532,2021-12-09T12:38:20,BRAND5,368.14,gcfffga@gmail.com
e0a3ba5a-a881-4c33-8fa9-8d86b496afa5,2021-12-09T12:40:50,BRAND5,48.18,clgjdib@gmail.com
5a7c868f-a606-4875-b5bb-829623949199,2021-12-09T12:40:50,BRAND2,893.60,"""ikdihjd hbjldgg"" <ikdihjd@gmail.com>"
f72aa2b3-3161-4aa3-8a1b-fdc413595a14,2021-12-09T12:41:40,BRAND2,400.61,iehgfci@live.com
86267bb3-31aa-467f-8336-2358a2b70e14,2021-12-09T12:44:10,BRAND5,369.97,hhlbjed@gmail.com
6e5365ea-6180-4a12-95cc-b5c94a7e58a4,2021-12-09T12:44:10,BRAND2,597.43,ljfcece@yahoo.com
c4079853-2b0b-41fe-b405-0dd387dccfa9,2021-12-09T12:45:00,BRAND1,765.77,"""klkdiib jglaieh"" <klkdiib@gmail.com>"
a511cfd3-5861-41b9-905f-b1b1af8a081b,2021-12-09T12:50:00,BRAND5,342.79,kfdalcc@live.com
56330dd0-5b84-4f37-a012-cd59f0be767e,2021-12-09T12:50:50,BRAND5,763.86,jfbkjgb@appple.com
d5edbf1d-af8f-4538-aff6-e5030d41bcd8,2021-12-09T12:52:30,BRAND2,804.72,"""dfachad gdbfdgh"" <dfachad@yahoo.com>"
90e0e059-495d-458f-ad30-e3b5f9e72369,2021-12-09T12:52:30,BRAND2,403.37,ahaccjb@gmail.com
7f9cdeba-0a74-4ed7-801e-911dba8ddda6,2021-12-09T12:54:10,BRAND5,632.71,"""ikdheek dgcgjee"" <ikdheek@gmail.com>"
f775bd78-abcc-4c52-8561-695c5f03b39a,2021-12-09T12:54:10,BRAND1,903.26,eikkfag@gmail.com
684130f3-d5a5-4ea2-ac8f-4ee1f81c017b,2021-12-09T12:55:00,BRAND1,913.59,"""hklckhg abcgdcl"" <hklckhg@live.com>"
e365214e-4303-47d6-bfd9-a335b0777806,2021-12-09T12:55:50,BRAND2,769.05,cgiilld@live.com
fe89d1b1-2ee5-46cd-9647-5934125fa9b9,Thu Dec  9 12:55:50 2021,BRAND2,277.52,"""hlckdlj gadgjeg"" <hlckdlj@appple.com>"
2e53f5a3-6e29-4dde-9d7b-7af1c571fede,2021-12-09T13:00:00,BRAND2,136.42,bglagcg@gmail.com
7301c611-b391-491d-b7e0-5811f7a9424a,2021-12-09T13:02:30,BRAND2,984.65,hhjbfbi@live.com
60ff55a1-9ba8-431a-b3b8-028e5aa5f370,2021-12-09T13:02:30,BRAND1,602.51,"""bfbkahj abakhfe"" <bfbkahj@gmail.com>"
c84a12dc-570b-47f1-ab84-30fcb8390bdd,2021-12-09T13:03:20,BRAND2,438.96,ijegdha@live.com
3e71563f-9acd-4330-b3b1-084970ab4f68,2021-12-09T13:05:00,BRAND5,257.99,kdicglj@hotmail.com
582cd860-32ab-4179-a896-bc5020049cc0,2021-12-09T13:05:50,BRAND2,236.06,glccgak@gmail.com
b3dc3a53-1943-4c9d-9bf6-7df25829f2bb,Thu Dec  9 13:07:30 2021,BRAND5,471.06,ieheecg@gmail.com
4176bf2c-d0b8-4a54-a93c-98098ffcd5c3,2021-12-09T13:07:30,BRAND1,244.76,"""ghhffde eejfbfa"" <ghhffde@gmail.com>"
4cf238bd-6ef2-4c59-8aea-08644680ca85,2021-12-09T13:08:20,BRAND3,574.90,affefei@appple.com
c05c1320-e5c8-4004-a1e4-eeae97024634,2021-12-09T13:08:20,BRAND5,730.60,ldbcfff@gmail.com
a2f233b1-dcfc-4f82-9635-34c6c8191c7b,2021-12-09T13:09:10,BRAND2,985.72,"""hggghkc akalgjc"" <hggghkc@gmail.com>"
c03e5b17-d37a-4081-879a-39aa9e28d956,2021-12-09T13:09:10,BRAND2,124.33,gdggfdd@gmail.com
504a920a-7750-417d-85da-567c927a76d2,2021-12-09T13:10:50,BRAND2,102.98,hbblglh@appple.com
ebcbe539-5cdf-4f25-b49f-21da46d7ede9,2021-12-09T13:11:40,BRAND2,573.08,gdlffee@gmail.com
db14aafd-e031-4e0a-9039-31e580f2d90d,2021-12-09T13:11:40,BRAND1,537.44,fkgabfk@gmail.com
30579457-f02a-486a-b82c-98c9580a71a8,2021-12-09T13:14:10,BRAND5,355.24,"""fejakgc hdeejcj"" <fejakgc@hotmail.com>"
90806191-1c43-450c-b68e-2c8f48d251e7,2021-12-09T13:15:00,BRAND1,443.86,"""ccidkgl iekijgj"" <ccidkgl@gmail.com>"
7d69c45d-2508-45bb-99be-4bd28599c7db,2021-12-09T13:15:50,BRAND5,676.48,"""jgcckal khcbgbg"" <jgcckal@appple.com>"
bb30d563-43fd-464b-a3f7-1055013bc41d,2021-12-09T13:15:50,BRAND5,285.60,ebffehl@gmail.com
465995ee-cb02-4537-be7d-20e39af4b678,2021-12-09T13:16:40,BRAND2,278.30,"""bcglekb llalfeb"" <bcglekb@gmail.com>"
b6328691-1339-42ce-b9c1-d56f6777d867,Thu Dec  9 13:16:40 2021,BRAND5,344.47,"""edfegha ibfagkf"" <edfegha@gmail.com>"
26955834-1e0d-46f6-85cd-3e847d47fc2d,2021-12-09T13:17:30,BRAND2,534.07,"""ddagfja lbbljhf"" <ddagfja@appple.com>"
44cbecb5-23db-427b-bb52-8651c9b7ae45,2021-12-09T13:17:30,BRAND5,807.36,ihclkcb@gmail.com
cc9a1a28-cc72-4e29-8db8-7fe88059e937,2021-12-09T13:18:20,BRAND1,39.89,ifeeehd@gmail.com
b9b041fc-cd55-450b-9b82-a62383c6b887,2021-12-09T13:18:20,BRAND2,920.74,hiehffk@gmail.com
38e1ac9f-2332-462b-968c-42ae28230840,2021-12-09T13:20:00,BRAND5,147.94,"""hecldki cedfdek"" <hecldki@live.com>"
c186838d-4cf0-4f26-9b32-c2dd7ae5cfb3,2021-12-09T13:20:00,BRAND5,453.79,"""ejalaak idedihe"" <ejalaak@gmail.com>"
9f3b2042-c0b1-498e-aeb8-cee3a46ca303,2021-12-09T13:20:50,BRAND2,296.44,"""jdccggg kfakckk"" <jdccggg@gmail.com>"
f05cb827-7a06-4db3-b8a8-011702749997,2021-12-09T13:20:50,BRAND5,415.05,bfceeae@appple.com
