id,date,brand_id,trans_amt,email_address
aa806f14-560b-42fc-8e7e-cbd1c8382c18,2021-12-18T18:23:20,BRAND2,426.41,gihgjll@gmail.com
24e04e7d-368a-4238-a8ce-051d0b77ef0e,2021-12-18T18:23:20,BRAND4,493.49,"""kcdkgka gfkdhie"" <kcdkgka@gmail.com>"
f77d0458-24bc-471d-8b89-62a6f7fcbdf4,2021-12-18T18:24:10,BRAND2,300.99,"""baafhdf bgflkhf"" <baafhdf@gmail.com>"
6b353748-098b-42d9-ac8d-b360359d3f6a,2021-12-18T18:25:00,BRAND2,905.99,ikdgiei@live.com
2c6393b9-6cc3-438a-b84c-3462c73a17be,2021-12-18T18:25:00,BRAND2,727.67,hgcbcbg@gmail.com
ad9cc00d-07ee-4552-b16a-19fba46da379,2021-12-18T18:26:40,BRAND5,373.12,kgellhi@gmail.com
3eee8f3a-0f8f-41c4-ad4c-4e71fe96010e,2021-12-18T18:26:40,BRAND2,304.44,idbflaj@gmail.com
e6adddf0-8514-4515-97b4-bd51894ea02a,2021-12-18T18:28:20,BRAND2,784.63,lafjjgb@appple.com
2062afac-c20a-4c42-950c-09405e6cb74b,2021-12-18T18:28:20,BRAND4,635.36,leicjac@hotmail.com
16db0b85-5f2d-4bb8-9a9b-6713e3b9e0a9,2021-12-18T18:29:10,BRAND2,73.67,bgggfbe@gmail.com
30b14dc9-1796-412e-b589-4371d5f93132,2021-12-18T18:30:00,BRAND2,899.02,"""jkhhbhf gheejek"" <jkhhbhf@gmail.com>"
7d5fcb50-3fc1-415b-9e56-3b3553dce919,2021-12-18T18:30:00,BRAND5,404.21,cdhihlj@appple.com
158866e1-c2fe-4cf0-aafe-99fa259a3ea0,2021-12-18T18:30:50,BRAND5,115.15,ddiadjl@yahoo.com
e6ff5fc7-e0ac-40b0-978e-103618f44c5e,2021-12-18T18:31:40,BRAND2,98.60,"""kaeeakk cgfkjcc"" <kaeeakk@appple.com>"
a5c07f7b-c0f9-48cf-9316-4a47f2b020e9,2021-12-18T18:32:30,BRAND4,212.20,ekijgkb@live.com
2091b9b7-e3c6-422b-90c8-c2efbc8d6bdc,2021-12-18T18:33:20,BRAND2,631.38,geliddc@live.com
ea2d1267-3237-4278-9bc7-b8b8f2786969,2021-12-18T18:33:20,BRAND5,796.65,jhgikid@gmail.com
c6eb6caf-6658-4e2f-82b7-03ee3eb4af61,2021-12-18T18:34:10,BRAND1,226.39,adhcbhk@gmail.com
38ed399b-622d-468c-915d-563baf7d3963,2021-12-18T18:34:10,BRAND5,376.53,klaegid@appple.com
5a45053d-119b-4680-8e54-dc301df48b23,2021-12-18T18:35:00,BRAND2,438.77,ljljdjg@gmail.com
12759a59-f8d6-42a1-8441-7493d2f5e0cb,2021-12-18T18:35:00,BRAND2,457.02,acbecbf@live.com
8a10bf7f-02b0-4ecb-838b-e5ec9fd1ad81,2021-12-18T18:36:40,BRAND2,868.84,jejbkkd@gmail.com
d095f733-4ae7-421b-8c17-c69ae1c27e22,2021-12-18T18:36:40,BRAND1,560.03,"""bdacbdk achaaik"" <bdacbdk@gmail.com>"
e0323817-16e3-4248-8c64-4a079dd64750,2021-12-18T18:37:30,BRAND5,8.39,gliclei@live.com
668f7a5f-8ada-4c97-be56-d3a62cc75aa5,2021-12-18T18:38:20,BRAND1,$592.07,bcbjahj@gmail.com
f511ca16-7f39-4d11-9330-7560cb785cb8,2021-12-18T18:39:10,BRAND2,463.44,"""hcjihbc ghfhill"" <hcjihbc@gmail.com>"
6aa457cf-67e2-4713-be91-dfd14b8fb4f0,2021-12-18T18:39:10,BRAND1,883.42,glakjhk@gmail.com
47165c42-9d85-4727-a4b8-eb90d0d0a51d,2021-12-18T18:40:50,BRAND3,888.78,bkfdfbg@gmail.com
5d952cac-152d-4968-834f-97f4facc943b,2021-12-18T18:41:40,BRAND2,742.67,"""aljdfia bbceelb"" <aljdfia@live.com>"
b35efb25-ee31-4029-b51c-4ce30afd2f44,2021-12-18T18:41:40,BRAND5,655.14,"""ailjagf ildbbce"" <ailjagf@appple.com>"
504dea7b-8d76-4444-b7e2-564ee316b29d,2021-12-18T18:43:20,BRAND5,255.88,"""hjalikh gifkabg"" <hjalikh@gmail.com>"
16096b77-9a9a-4391-a3ed-f767e13b47f5,Sat Dec 18 18:43:20 2021,BRAND1,116.51,"""dfaccfg dbbihfb"" <dfaccfg@gmail.com>"
fbe1ba52-c0b1-491b-abb9-914cae03f8a7,2021-12-18T18:44:10,BRAND1,134.73,ecfealb@hotmail.com
c887d310-9f97-49bc-8522-66f14cf31a52,2021-12-18T18:44:10,BRAND2,720.72,ilkjklh@gmail.com
8634490d-338b-4a8b-aae9-71d535250305,2021-12-18T18:45:00,BRAND1,901.34,"""adbajaf aejlljk"" <adbajaf@gmail.com>"
f9f99b62-bf62-489b-af69-2e1c434964cd,2021-12-18T18:46:40,BRAND5,419.39,"""jjkaeca kkgllhk"" <jjkaeca@gmail.com>"
4ac7769e-c6a5-4c13-b8b3-9fccdb499f33,2021-12-18T18:47:30,BRAND2,687.56,affidbe@gmail.com
ef8287af-aa30-4c47-a95a-009b86877414,2021-12-18T18:48:20,BRAND5,490.00,gheifll@gmail.com
0325fd2e-2519-4df7-af89-bdc4cb5361a5,2021-12-18T18:49:10,BRAND2,570.93,"""ifbljaj faikiaf"" <ifbljaj@gmail.com>"
cd1d11cb-b6b7-4dd6-bc44-71664ad8faaf,2021-12-18T18:49:10,BRAND2,760.19,dhkikid@gmail.com
2cb4dec9-78a4-46ca-b7f9-601838b1cfe9,Sat Dec 18 18:51:40 2021,BRAND5,922.86,cgkeihc@hotmail.com
18817936-6977-486f-9c95-bed4df9992b9,2021-12-18T18:51:40,BRAND2,813.55,"""kkccehg efgkbdb"" <kkccehg@gmail.com>"
a6cfeede-3ada-489e-97d7-d671f4b4f6bf,2021-12-18T18:52:30,BRAND1,734.78,"""ldhhbed cbjkjla"" <ldhhbed@gmail.com>"
5f409e75-7eb0-4504-b8e3-e69d2ba67aa5,2021-12-18T18:54:10,BRAND1,468.53,"""kehjbel keflibb"" <kehjbel@gmail.com>"
0fcdb2f4-82bb-4501-ad6f-83c4675b782f,2021-12-18T18:54:10,BRAND5,99.78,"""aejaifc jcfgjie"" <aejaifc@gmail.com>"
013c8bd2-ef4d-40b4-9e57-121fee203eb4,2021-12-18T18:56:40,BRAND5,479.69,fhcjlah@appple.com
b8d3b72f-fb21-4ddf-9ddd-db11824f60c5,2021-12-18T18:56:40,BRAND5,105.57,jaibkhe@gmail.com
034fa760-4340-4a07-b977-d2e56d29b331,2021-12-18T18:57:30,BRAND2,618.22,eeaibji@gmail.com
769c2c40-e270-4c78-872b-8e37d6b323b6,2021-12-18T18:58:20,BRAND1,100.47,didfaag@gmail.com
edcf2d14-2297-4c8e-a81a-a854de09b3ae,2021-12-18T18:58:20,BRAND2,513.83,ejikbkc@appple.com
3ff3198e-8993-44dc-8b3f-31bde7ecbf40,2021-12-18T18:59:10,BRAND5,533.38,"""kdllfck cikbbeh"" <kdllfck@gmail.com>"
c22715c1-9fba-4a64-b0c2-5f9acab18f0f,2021-12-18T18:59:10,BRAND5,361.65,fegcagl@gmail.com
5df58c64-1191-4b7f-b3b9-15f064909de6,2021-12-18T19:00:00,BRAND2,182.65,eaiakeg@appple.com
8942a819-9e8f-4abb-aaa5-e6ae62f4ef28,2021-12-18T19:00:50,BRAND1,766.61,fllaffg@yahoo.com
813ddd36-6056-4e37-b0dd-b05f71753578,2021-12-18T19:02:30,BRAND1,282.22,gcdkell@gmail.com
af4e60e4-c700-48cc-b5f2-b00d21d84baa,2021-12-18T19:02:30,BRAND5,520.95,jljjili@live.com
b6b06cf3-6714-4c75-9ff8-7aca6a3783af,2021-12-18T19:03:20,BRAND5,248.40,"""lgjchcf bbgjcjh"" <lgjchcf@appple.com>"
ec02fafd-ded0-4c75-852b-6984c9858d2e,2021-12-18T19:03:20,BRAND1,840.68,"""ijihcjb hjdikdf"" <ijihcjb@gmail.com>"
3e0d9957-71fe-4129-a8b8-c6930966f986,2021-12-18T19:05:50,BRAND5,553.02,"""ahifgcc jjjeeih"" <ahifgcc@gmail.com>"
98b1d6a0-b482-4b2e-8463-02509b6dc706,2021-12-18T19:08:20,BRAND2,696.87,"""iafhkib flefjja"" <iafhkib@gmail.com>"
df335567-69ab-41fc-b9b2-6334f64d9a40,2021-12-18T19:09:10,BRAND5,258.43,cbickhg@appple.com
c0602b80-d65d-470d-aa2a-a2ce66a63bdc,2021-12-18T19:09:10,BRAND4,345.80,iaeicbk@gmail.com
3527332c-db11-4eeb-a07d-725bada705e3,2021-12-18T19:10:00,BRAND2,928.81,"""jihhkbe kkehfcd"" <jihhkbe@live.com>"
1cf7287e-d1f4-4252-bb13-3b5f09ea044e,2021-12-18T19:10:00,BRAND4,413.39,"""ajdafaf hbhedgi"" <ajdafaf@gmail.com>"
e4c68619-ba6f-4936-8b38-d577e4f5aaa5,2021-12-18T19:11:40,BRAND2,488.46,cahiikg@gmail.com
4acd8d18-d5c2-4a82-8c66-34a0247981f9,2021-12-18T19:12:30,BRAND2,94.39,jfhjejj@gmail.com
c8cd4d46-65c0-43b7-8ca9-c59829a0ad3b,2021-12-18T19:13:20,BRAND2,695.07,cagdaki@gmail.com
54a67f6b-45a0-4341-bf27-13db1cfb0f10,2021-12-18T19:13:20,BRAND2,996.33,igiekbc@gmail.com
2bf3f54b-cf3e-41ea-b5cf-d12cd66b2977,2021-12-18T19:15:50,BRAND3,384.38,"""fddcggh cahedba"" <fddcggh@appple.com>"
8ee6698a-e496-48bc-95c6-b10296e7f265,2021-12-18T19:18:20,BRAND2,469.24,jhcjdcj@appple.com
63f05cdf-d03b-456d-9610-b19cc5e48134,2021-12-18T19:20:50,BRAND5,395.26,"""ifkgdgl afibfkk"" <ifkgdgl@gmail.com>"
06797e71-fcab-4e46-9470-6c7f217ee62c,2021-12-18T19:20:50,BRAND2,590.02,kebbgel@live.com
ecbf4839-9399-48b7-8d51-f8006df150b0,2021-12-18T19:25:00,BRAND2,733.48,fkhieff@gmail.com
f7a9451d-dacb-41ab-b05f-6fc40f6efee9,2021-12-18T19:25:00,BRAND1,898.07,jealkgg@yahoo.com
68aea8f3-9080-4289-96f1-346d127943d8,2021-12-18T19:25:50,BRAND2,980.15,"""lcjhefk gigdjgl"" <lcjhefk@gmail.com>"
bd8b809f-ff1c-49cd-8e22-f695547f1739,2021-12-18T19:26:40,BRAND4,849.28,"""kejajgl bjgcbic"" <kejajgl@gmail.com>"
713d6139-325d-4aa9-bc05-f9c7890d5611,2021-12-18T19:27:30,BRAND1,$250.47,jcfiahg@gmail.com
ba643d1c-27b4-40c4-8019-b24911657eee,2021-12-18T19:28:20,BRAND4,374.51,geejbbg@gmail.com
1e130057-8877-49b8-869d-4805c3d6555f,2021-12-18T19:30:00,BRAND5,581.43,kjbkdjh@appple.com
3be66170-9c4e-44cc-85c6-7cd3148db848,2021-12-18T19:30:00,BRAND1,856.40,"""gklabcf eclhhlh"" <gklabcf@gmail.com>"
0377ffdd-d1bb-4ba5-8b58-8a21e3b44f1b,2021-12-18T19:30:50,BRAND2,21.46,hjcgajh@gmail.com
b6419a69-3c4e-40c6-af91-a0c37f6f9541,2021-12-18T19:30:50,BRAND2,377.77,idfbclh@gmail.com
47554aee-6df9-46cb-8e5c-61cab12d2aa1,2021-12-18T19:31:40,BRAND2,104.05,dcjldbl@gmail.com
89c1a093-38d0-4344-b904-c66647514854,2021-12-18T19:31:40,BRAND3,688.52,cgbdigi@live.com
e41b7820-aaca-4418-92bd-3c258c55a9a0,2021-12-18T19:32:30,BRAND5,945.89,gcheagi@appple.com
951e4330-da81-4f67-b48a-a7fc63416f72,2021-12-18T19:32:30,BRAND2,174.45,"""biifjlf dgkchkb"" <biifjlf@appple.com>"
dc18ff83-dbcc-44aa-8485-b2dbb24cac54,2021-12-18T19:33:20,BRAND5,548.35,jkjcgli@yahoo.com
afef3ca7-b302-4260-8191-742a1af9054d,2021-12-18T19:34:10,BRAND2,297.96,"""ggfbhhk dadckja"" <ggfbhhk@gmail.com>"
c288c9d8-9af7-44ea-9432-3645de81b49c,2021-12-18T19:35:00,BRAND1,40.78,alghdfh@gmail.com
be30f698-ab58-4332-8ab4-f328c13809f5,2021-12-18T19:35:50,BRAND4,985.10,kbbaeee@live.com
f796e4a9-6ed8-49c3-b1fb-f286fc30abee,2021-12-18T19:35:50,BRAND2,9.01,cikhiid@appple.com
815695e8-5763-435a-a08f-3384c68a2680,2021-12-18T19:36:40,BRAND5,442.04,"""djbabfh eckgdfj"" <djbabfh@appple.com>"
20fbd44b-031c-41ef-add8-c4596bf5a990,2021-12-18T19:36:40,BRAND2,633.44,"""bihadke bikhkic"" <bihadke@appple.com>"
11a0203b-23f6-4f72-9bf2-bf52bb865439,2021-12-18T19:38:20,BRAND1,530.62,"""elcakil belgkhb"" <elcakil@gmail.com>"
26ce61a1-a8ad-48f5-9ead-7af4e28ee0e1,2021-12-18T19:38:20,BRAND2,438.59,"""jkcihka ldfcfld"" <jkcihka@live.com>"
5b1ab17c-4a88-4afe-ae51-0a4cdee5c8f5,2021-12-18T19:40:00,BRAND3,456.18,cfalbhj@gmail.com
9d978646-e756-43c6-8a65-e97f0e1bd582,2021-12-18T19:42:30,BRAND2,12.97,bllkhgg@gmail.com
9e9ce6f3-a475-44fa-b529-894f6d7f4f07,2021-12-18T19:44:10,BRAND5,970.30,ihkbfgb@gmail.com
fac11b6a-6853-440d-8ee9-a2881cd82689,2021-12-18T19:45:00,BRAND2,768.94,dlighll@appple.com
96d0dfca-4832-4310-a813-a95df9717a75,2021-12-18T19:45:00,BRAND5,666.06,"""kdihkcf ailieej"" <kdihkcf@gmail.com>"
b6570aa5-e8fd-48a3-955a-f01f63f104c2,2021-12-18T19:45:50,BRAND2,584.11,"""eijefce egfdfcd"" <eijefce@live.com>"
f2ff3b22-9fbd-44d8-bba2-9cb3fdb14f65,2021-12-18T19:46:40,BRAND2,34.82,"""kffbjfd jdlhdcf"" <kffbjfd@appple.com>"
292f14a7-c8ee-4cd8-a0cd-38ae1c439ce8,2021-12-18T19:46:40,BRAND2,374.77,"""cicifdf ihiflgg"" <cicifdf@gmail.com>"
ab86ac21-5b9d-4752-bbbb-c06bd2059555,Sat Dec 18 19:47:30 2021,BRAND2,789.29,"""lkbadkj edhbcfj"" <lkbadkj@gmail.com>"
d026d047-a8ea-4022-8174-392aa179c4ed,2021-12-18T19:50:00,BRAND2,856.62,"""ciagdgk bgaibie"" <ciagdgk@gmail.com>"
2d0b0bd1-d242-48ae-8044-dbdc16c4e619,2021-12-18T19:50:00,BRAND4,426.31,bacjdaa@appple.com
afceb5fc-e06c-4017-b088-adf0c3d54bd6,2021-12-18T19:50:50,BRAND2,320.22,"""ihfkbif kdghjfc"" <ihfkbif@gmail.com>"
60f7897c-354d-4411-92b3-e4395c73a125,2021-12-18T19:50:50,BRAND5,777.28,"""jkgagha cbkkjci"" <jkgagha@appple.com>"
0d16f3b8-35aa-4c7e-87b3-48221e8fcf21,2021-12-18T19:52:30,BRAND2,64.62,klikjff@gmail.com
f424b681-736b-4ab0-a43e-5e9acce98b53,2021-12-18T19:53:20,BRAND1,708.42,dekjdji@live.com
9e5fffca-b824-4dd5-a7fc-3fae33aceb2c,2021-12-18T19:53:20,BRAND1,106.33,jjkcbbe@gmail.com
2987acac-791b-4358-a79a-0302fc217ae8,2021-12-18T19:54:10,BRAND5,784.27,dibhaah@gmail.com
4f318496-984c-41f0-b0ee-86b1f9124589,2021-12-18T19:54:10,BRAND2,651.94,bhdfakc@gmail.com
149841b3-9e75-4d3e-8979-7e6e0de38095,2021-12-18T19:55:00,BRAND2,714.97,kfllahc@gmail.com
b460197a-e528-4145-909d-e18de6e4aa02,2021-12-18T19:56:40,BRAND2,627.82,beffhai@live.com
19888713-f252-486b-b75a-30273950ba5c,2021-12-18T19:56:40,BRAND2,973.80,"""ifbiglg ggblhdg"" <ifbiglg@appple.com>"
d217d6e1-2276-4d4e-9376-0529ead48b5a,2021-12-18T19:57:30,BRAND4,475.86,gjhcdgg@gmail.com
ddc4547b-619c-4477-89c0-0a4be1819db2,2021-12-18T19:57:30,BRAND5,381.61,ghfciii@gmail.com
f3db8fde-0980-49ae-99ba-bfbc434dff1f,2021-12-18T19:58:20,BRAND2,224.64,acdaejh@gmail.com
fe068368-1e9b-4a1a-ac11-75fa1d2a02f4,2021-12-18T19:59:10,BRAND3,744.24,fgheiif@yahoo.com
3c3f2e40-5c68-45d6-ad8d-7fd771c34cde,2021-12-18T20:00:00,BRAND2,771.64,efajffd@gmail.com
0ee6232c-01bc-41f3-bab3-67ab8ae0f9d6,2021-12-18T20:00:00,BRAND2,356.05,"""ckgajdj ecklgaj"" <ckgajdj@gmail.com>"
62a96cae-84b6-4bc9-b01b-5c7d14bc1699,2021-12-18T20:00:50,BRAND1,959.22,hclffie@appple.com
87856dbe-1f0c-4f4e-bf09-6b43dee949c0,2021-12-18T20:01:40,BRAND2,6.93,"""aahjihg fcdelhg"" <aahjihg@gmail.com>"
902e03bb-d092-4ca5-9fd7-35c75aaa12a6,2021-12-18T20:02:30,BRAND2,798.16,"""jdadija dlajjee"" <jdadija@gmail.com>"
a94271a0-b64a-4472-8641-87fbc08ccd4a,2021-12-18T20:04:10,BRAND2,165.94,ielfdhc@live.com
7490d78b-d8dc-4295-8a8e-3ee45ae271db,2021-12-18T20:06:40,BRAND5,405.96,dhchklg@appple.com
5008a4f1-1124-40ce-bd3a-a786eb142238,2021-12-18T20:06:40,BRAND2,665.71,"""ghljfbf icefggb"" <ghljfbf@live.com>"
0da46173-5fb0-4ee1-bc5b-9e50b612d20d,2021-12-18T20:07:30,BRAND2,265.30,iekkbjh@gmail.com
1609c015-78ee-49bd-a0af-ed547a155b04,2021-12-18T20:08:20,BRAND5,709.77,elckbbc@gmail.com
5fc2333e-ed9c-47f9-a489-3aa8bf5232c1,2021-12-18T20:09:10,BRAND5,62.11,"""dheeikl lfifdkg"" <dheeikl@gmail.com>"
fd867148-8221-4110-92b0-58b5368d8a7a,2021-12-18T20:10:00,BRAND5,745.49,fckljkf@gmail.com
0d5f4b9f-91c2-48c6-ad6b-d0768c70c6dd,2021-12-18T20:11:40,BRAND5,293.59,"""eifdacb ffbfhgl"" <eifdacb@gmail.com>"
ac749a77-c268-484f-b337-6057e2267ad2,2021-12-18T20:12:30,BRAND2,455.80,"""eahjiil ljccfki"" <eahjiil@yahoo.com>"
e8db71ca-bee5-477b-b1e1-eae130ce70df,2021-12-18T20:12:30,BRAND5,998.23,lbdckcf@gmail.com
7cde9010-f0e2-4d0b-a13a-df83c58e92a3,2021-12-18T20:13:20,BRAND1,183.24,ebeflbg@appple.com
0cf82e71-f97f-42b0-b2ff-c936f8cafdfe,2021-12-18T20:13:20,BRAND2,732.17,"""hkdblee daaacgi"" <hkdblee@gmail.com>"
a5706c26-8c14-4c63-a69d-b63237925377,2021-12-18T20:15:00,BRAND5,864.32,"""ffeigdg akdgdgf"" <ffeigdg@appple.com>"
21fe263a-5b7d-45c6-89af-8e60ae73d00e,2021-12-18T20:15:00,BRAND5,695.24,lbbhedi@gmail.com
ec284e13-c359-4381-a5be-87f12dda7697,2021-12-18T20:15:50,BRAND1,353.29,ibfkhhi@appple.com
2c6bbc32-501e-4fb6-a320-2f5a29529d53,2021-12-18T20:15:50,BRAND5,201.07,"""ahechhd iaelgcc"" <ahechhd@appple.com>"
3cd2b4dc-edbe-4a3a-ad5f-c0ad111f9e6e,2021-12-18T20:16:40,BRAND5,357.70,glbhije@appple.com
e8942209-cb36-49b5-910f-1712be29d9a7,2021-12-18T20:17:30,BRAND5,624.96,"""ggfgdfl dklcjff"" <ggfgdfl@appple.com>"
0c5c508b-5cfd-4f93-a21f-b844d486fdea,2021-12-18T20:17:30,BRAND5,276.58,"""hecgbeb chkcbhk"" <hecgbeb@gmail.com>"
7283ca32-41a6-4ad9-8b63-46afe747e5f4,2021-12-18T20:19:10,BRAND5,59.24,"""dhecdef hlhbjdj"" <dhecdef@hotmail.com>"
aafd6ede-7e33-4968-bcca-3cf4936b1466,2021-12-18T20:20:00,BRAND1,192.15,fgjlbfj@gmail.com
2b47e3bf-6c45-4da4-8e8c-8c53373bb2bf,2021-12-18T20:20:00,BRAND2,651.17,fjcbjjh@gmail.com
e2eae642-6438-4d25-abad-a8fb13957f88,2021-12-18T20:20:50,BRAND2,761.47,hdfchbj@gmail.com
c9ae3379-4017-4a2d-b79f-66c5dc1d515a,2021-12-18T20:21:40,BRAND2,727.74,"""dbbbcai fjkikle"" <dbbbcai@hotmail.com>"
92996442-5f46-46c6-8bf6-4ff15ba46c54,2021-12-18T20:21:40,BRAND5,290.62,ilbfgec@live.com
8f156e71-168f-484d-9ea8-617f79ac4514,2021-12-18T20:24:10,BRAND5,241.69,ckijgkf@appple.com
63d988ce-38cf-4f96-ac2c-ec18dd39a0e9,2021-12-18T20:28:20,BRAND5,768.45,dfbjblh@gmail.com
a402e5fb-90e4-4fd2-8565-bbdcd6a8eded,2021-12-18T20:28:20,BRAND2,243.90,gklgcih@live.com
d67091fd-770b-47c0-bb2b-28d638039fdd,2021-12-18T20:29:10,BRAND5,856.90,igjgfgf@appple.com
9e6904cf-cb27-4b02-91bf-bb25612f6a27,2021-12-18T20:29:10,BRAND1,250.74,aelgkbg@gmail.com
071bec49-130d-4443-9dea-fc3fc79e97db,2021-12-18T20:30:00,BRAND2,283.90,"""ckecahb iikiahj"" <ckecahb@gmail.com>"
5096cace-e000-45d1-8cea-23b35b3b80af,2021-12-18T20:31:40,BRAND3,404.20,"""halbkhk ejfdlfb"" <halbkhk@appple.com>"
a7de9bba-6d0d-409f-a0c4-d6fb9572433f,2021-12-18T20:31:40,BRAND2,983.39,"""lfjdihj cfdkbjd"" <lfjdihj@live.com>"
a99abbce-3a28-4252-8fed-44f1869e227d,2021-12-18T20:32:30,BRAND5,42.24,ahjjfbl@yahoo.com
71d57879-b3b3-4d15-a514-3710e486e788,2021-12-18T20:32:30,BRAND5,505.63,cbhjffi@gmail.com
979449a8-1249-4600-8ff4-dd7b8b867f17,2021-12-18T20:35:00,BRAND5,830.45,"""dikgala dehekhg"" <dikgala@live.com>"
c2946702-e904-42fc-8e53-ace364841637,2021-12-18T20:35:00,BRAND2,286.17,difgjde@gmail.com
b0ac1ec1-5712-4c7a-b532-86e475f08420,2021-12-18T20:35:50,BRAND2,917.53,"""gdldill hbgcjkd"" <gdldill@live.com>"
f3299847-25f8-4740-b5af-970db755574d,2021-12-18T20:36:40,BRAND5,80.96,fijlbgj@gmail.com
5ceb5992-436c-459a-9bdd-467d138390a0,2021-12-18T20:37:30,BRAND2,84.64,"""gakchek hidgkgb"" <gakchek@gmail.com>"
b4d4e846-53ef-42ff-8b05-83dfa50e4225,2021-12-18T20:37:30,BRAND2,304.82,efjcghh@gmail.com
d3d85e03-305c-4b2b-b075-3fa7a25a7dc6,2021-12-18T20:38:20,BRAND1,792.44,kfhcfda@gmail.com
33a4cc99-7e95-425c-a22d-12a56334124e,2021-12-18T20:38:20,BRAND2,943.15,jhedhek@live.com
1304cea9-c50d-41fd-aafc-8e2182d504fa,2021-12-18T20:39:10,BRAND5,551.08,"""dieaehe cjeifie"" <dieaehe@yahoo.com>"
911be3bd-3876-460f-a533-31a6ddb230d0,2021-12-18T20:39:10,BRAND2,693.54,"""iejggjc gjfjhhc"" <iejggjc@gmail.com>"
05958194-5fb1-47a9-ac58-2a57d4affd12,2021-12-18T20:41:40,BRAND5,327.28,"""lhbcihd dhildkl"" <lhbcihd@gmail.com>"
e71094e3-e28b-4e39-9639-6dc40d6efc2a,2021-12-18T20:42:30,BRAND5,529.08,chdifjk@gmail.com
22667a28-7a94-4177-95f3-d439bed58e92,2021-12-18T20:42:30,BRAND2,493.69,"""ileekba adgfffd"" <ileekba@live.com>"
4d15f432-fff9-4385-ab32-bacb82cbc70e,2021-12-18T20:43:20,BRAND2,333.43,akkijkj@gmail.com
1d53f135-f128-4d90-ba0a-52d7fb82dcbf,2021-12-18T20:43:20,BRAND5,781.00,"""hcfgljj hkhkahe"" <hcfgljj@live.com>"
4cdaed39-6a56-4cb7-94b2-6d440d21ad53,2021-12-18T20:44:10,BRAND1,570.11,"""jhjakjh dfebgib"" <jhjakjh@appple.com>"
6487e4bc-d4c3-40ac-86e2-ae034cfc9582,2021-12-18T20:45:00,BRAND1,147.97,ffagick@yahoo.com
dd4a9d96-4874-4898-91e5-8018328c9430,2021-12-18T20:48:20,BRAND2,660.05,efiigai@live.com
c67dc9dc-4a85-41db-81e9-10df9f122f29,2021-12-18T20:50:50,BRAND2,359.75,"""bcigfgk hfebjjj"" <bcigfgk@live.com>"
3780e687-ea72-4ddb-ae16-cc93d81d24f6,2021-12-18T20:54:10,BRAND2,523.63,kehhelh@gmail.com
e7134b09-f841-4856-b2a1-381a4ed6b354,2021-12-18T20:54:10,BRAND2,494.62,"""hjkbjdd kfgehgg"" <hjkbjdd@gmail.com>"
ec12b73f-80d6-4f0a-948f-1e418f7eebbe,2021-12-18T20:55:00,BRAND2,474.84,eiaccji@gmail.com
f6a7026e-ffe9-403b-9df2-5560144101da,2021-12-18T20:55:00,BRAND5,666.31,"""bgeedcj lbefehj"" <bgeedcj@gmail.com>"
3e060674-9e56-4834-8edf-378e2aa3e222,2021-12-18T20:55:50,BRAND2,501.68,adfjaih@gmail.com
414af206-96e9-429b-98a4-c3555b23cc6b,2021-12-18T20:55:50,BRAND2,435.40,"""agjcfab bbikgjj"" <agjcfab@appple.com>"
0d56a0ce-a2ce-43bd-b105-5118cebad260,2021-12-18T20:56:40,BRAND5,210.34,"""ajfidca lgglagb"" <ajfidca@gmail.com>"
5033a211-02a1-4118-ac55-67fa1cb805f4,2021-12-18T20:57:30,BRAND2,897.69,hflabkj@appple.com
b2cd6a7a-280e-4d9f-84a3-488e09b51ad3,2021-12-18T20:58:20,BRAND2,996.40,ailhlhi@gmail.com
e83d3c98-5b4c-416c-b82c-156b5ca1f5e5,2021-12-18T20:58:20,BRAND3,711.17,jfhadde@yahoo.com
beba81db-e15d-40aa-b080-4a9d8812f235,2021-12-18T21:00:00,BRAND4,872.32,gceggfk@appple.com
7b6734a5-7ada-4206-b48f-89ddf0b6aa19,2021-12-18T21:00:00,BRAND5,592.40,"""kkkbhec bcjehgl"" <kkkbhec@gmail.com>"
b65f60f0-3bff-4c1e-a1df-38c77c7c5c3f,2021-12-18T21:01:40,BRAND2,37.19,"""ibhidab lajflfi"" <ibhidab@gmail.com>"
b8bef151-4a22-4b5b-8996-276647de2f9b,2021-12-18T21:01:40,BRAND2,928.05,kckflbb@yahoo.com
49c2b1b3-a8d3-4f44-a403-43fbfabe94ab,2021-12-18T21:02:30,BRAND2,421.66,"""hhbgble akcjedk"" <hhbgble@gmail.com>"
4c348c20-c846-4a6b-b37f-db39043529fd,2021-12-18T21:03:20,BRAND1,402.16,bkbchdl@yahoo.com
2ba0e0a7-c74d-472f-993d-c6699dafaba2,2021-12-18T21:03:20,BRAND2,823.29,cikhggi@yahoo.com
478e8048-9178-4d29-8156-83ef168e8c04,2021-12-18T21:04:10,BRAND2,585.68,"""adbkgbd aglfkkb"" <adbkgbd@live.com>"
b27e87f5-d91e-4edc-a981-2ec79e51b57f,2021-12-18T21:06:40,BRAND2,558.29,"""lkfgbjd belekfi"" <lkfgbjd@gmail.com>"
4457ce1c-4647-4532-b6a8-4717fbfd4e06,2021-12-18T21:08:20,BRAND2,647.19,cahabfi@gmail.com
a68c3cef-1e17-4a28-a1bd-a5c49da1ff44,2021-12-18T21:08:20,BRAND3,30.63,kijkkih@gmail.com
7326a222-8984-42a5-b621-dc2344713045,2021-12-18T21:10:00,BRAND2,411.06,"""ichgecd ejdafli"" <ichgecd@yahoo.com>"
45e5b469-849e-44f4-b828-004244bbbc5f,2021-12-18T21:10:50,BRAND2,125.89,"""lflihie bkegigk"" <lflihie@live.com>"
97049736-742e-4446-9197-2bfff018cf92,2021-12-18T21:10:50,BRAND2,337.84,iekldkj@gmail.com
73275766-81c4-431b-9863-a1bd61311861,2021-12-18T21:12:30,BRAND2,866.73,icjgfjl@gmail.com
0f47b4e8-14bc-42e3-8212-faf589e228c3,2021-12-18T21:13:20,BRAND2,82.02,"""dbeaajb iijckfl"" <dbeaajb@gmail.com>"
c278ca95-cbd1-4b4f-9d55-440745b7bde9,2021-12-18T21:13:20,BRAND5,639.95,"""fgdbbdb flkhlgb"" <fgdbbdb@gmail.com>"
8b4bbb61-38a1-4a83-9fdc-5088d5174e5c,2021-12-18T21:14:10,BRAND4,352.35,"""eiiiegb jdcelje"" <eiiiegb@gmail.com>"
9fcd3e7a-0d10-4b58-b240-5fa6397e9f96,2021-12-18T21:16:40,BRAND2,730.58,"""gdlccfg eejlljb"" <gdlccfg@gmail.com>"
b35f3c1c-05b6-4911-815f-167e7ea7dd5d,2021-12-18T21:17:30,BRAND1,250.46,"""dcefgak bffkikh"" <dcefgak@gmail.com>"
ad066696-566d-45cb-863e-7cf4b13478c7,2021-12-18T21:17:30,BRAND2,838.16,lakbedd@gmail.com
7175c8b1-55c5-420f-933f-223d95cb9832,2021-12-18T21:18:20,BRAND2,146.07,gjilfjl@gmail.com
52e0afb2-f171-4f82-a0d8-465f584fa0e3,2021-12-18T21:20:50,BRAND3,77.03,iaeecib@appple.com
959c2813-53fb-4fc5-bf9b-f9425e8fd8eb,2021-12-18T21:20:50,BRAND1,208.79,"""hflhedj ieeffgg"" <hflhedj@gmail.com>"
776c2abf-342a-4820-ba15-ab4777e0a9dd,2021-12-18T21:21:40,BRAND2,537.94,djciflk@gmail.com
fbe1cd3f-f11a-4444-9ce8-a31e38b63459,2021-12-18T21:21:40,BRAND2,302.34,gdeglej@gmail.com
cb0a4c11-a048-4098-b7ba-9bd86a2b5b0e,2021-12-18T21:22:30,BRAND1,248.70,"""bfkeebg bgdjbac"" <bfkeebg@gmail.com>"
1b5ad353-6b12-41fa-b5d1-a0b238901a41,2021-12-18T21:22:30,BRAND2,981.43,"""gfidjac llfbeca"" <gfidjac@hotmail.com>"
66df3027-3cb9-4309-a2cb-e2f1f4966ce2,2021-12-18T21:23:20,BRAND2,855.55,kilifci@yahoo.com
fb9f46d7-f901-4469-a871-ae4875a0084c,2021-12-18T21:24:10,BRAND5,106.66,"""kfdkffa hbkaadk"" <kfdkffa@appple.com>"
d79d5972-7fc0-4bfe-97c8-06c0c8079d60,2021-12-18T21:25:50,BRAND1,332.73,ldcekhc@gmail.com
ded1476a-b901-42eb-852a-c8ca88536528,2021-12-18T21:25:50,BRAND5,874.49,ecilalk@gmail.com
bdb9ef3d-4ae1-4030-a8f7-16e515a80ed3,2021-12-18T21:28:20,BRAND2,261.51,"""jjkejfa fgjiffj"" <jjkejfa@gmail.com>"
0d94a1e1-14f5-4a79-9af9-c849ce5ac1ff,2021-12-18T21:28:20,BRAND2,129.36,"""edgilfe lhkkiea"" <edgilfe@live.com>"
ec9856bb-e7fe-4ad5-ab61-a3d11abcd3c7,2021-12-18T21:29:10,BRAND1,469.97,"""bgljaec adjfafa"" <bgljaec@appple.com>"
e372e487-1a03-4f06-b56f-d44f097cc585,2021-12-18T21:32:30,BRAND1,714.82,cbhajgl@appple.com
c66e4ec2-4e9b-4766-8483-869e1a96568f,2021-12-18T21:34:10,BRAND2,19.17,chjddel@gmail.com
87216fe2-e36a-4937-aba9-94c4ff2b4b1e,2021-12-18T21:35:00,BRAND1,522.51,"""lcdekhj gcglcbj"" <lcdekhj@gmail.com>"
8a200744-1471-4b78-8fb7-8d84a132b24e,2021-12-18T21:35:00,BRAND5,106.41,"""ealjgid adkfjlh"" <ealjgid@gmail.com>"
d4a59979-90a3-4582-9914-5754904e06f6,2021-12-18T21:36:40,BRAND2,580.72,"""hkhkhcf dfcgdeh"" <hkhkhcf@appple.com>"
65684834-21f0-487f-850b-c557bc435ed8,2021-12-18T21:36:40,BRAND1,990.31,aglecac@yahoo.com
d24e293c-a44f-4d29-977b-f1c74a2e0a7c,2021-12-18T21:38:20,BRAND2,492.10,kajdcda@gmail.com
fc0a7fba-a3f4-4f2f-9c81-2ce77c8ba9f8,2021-12-18T21:38:20,BRAND2,739.05,"""delakle icdijfc"" <delakle@appple.com>"
1b140db1-36eb-40c5-86b9-19e6665226de,2021-12-18T21:41:40,BRAND2,603.45,aeffkjb@yahoo.com
1ad37b87-6e2f-4702-81b8-61d366e8069c,2021-12-18T21:41:40,BRAND2,824.20,"""hdgdeda kjlkkef"" <hdgdeda@live.com>"
32a1ba62-a247-43d3-bedd-47c2b92b944b,2021-12-18T21:42:30,BRAND5,881.05,"""ddfhlkb fehbaeg"" <ddfhlkb@gmail.com>"
3db84f73-d4c1-4485-863f-cc28d730154d,2021-12-18T21:42:30,BRAND2,928.07,hdlaedh@hotmail.com
bc25cf71-2deb-4680-8fae-ef320b006a8f,2021-12-18T21:43:20,BRAND2,651.99,gheijkh@appple.com
391f28be-47e8-4a1b-a6e5-8dc8dd4a6283,2021-12-18T21:43:20,BRAND4,990.78,"""fabllle hjcdifa"" <fabllle@appple.com>"
7a1248a9-1857-4db7-a5d9-27736fa7ca60,2021-12-18T21:45:00,BRAND3,643.42,"""kfjfedc idffkfj"" <kfjfedc@gmail.com>"
6d1fe0a5-cf52-4bc5-9b2e-9d530c9d4b0b,2021-12-18T21:45:00,BRAND3,631.43,llhagjd@gmail.com
04bd4e9c-8894-42a0-be0f-6c0ca0eded96,2021-12-18T21:45:50,BRAND1,34.41,"""hglkeih fkgejld"" <hglkeih@gmail.com>"
bd2f5a51-6260-438f-ab8d-827e8dfaebf7,2021-12-18T21:45:50,BRAND2,244.67,iflfifi@gmail.com
968ab52d-be4f-4cca-b848-490cf3e67ce9,2021-12-18T21:49:10,BRAND2,608.78,fhlahkg@appple.com
8ee6e108-3ab5-4ff5-86c2-e9b012e67bf6,2021-12-18T21:49:10,BRAND5,32.92,jihlckh@gmail.com
4d383069-438c-45cf-b6dd-ea0831e42a6b,2021-12-18T21:50:50,BRAND5,879.84,flhkkfg@gmail.com
aa4afcfc-e310-4cce-b6a0-8e3a5e558b87,2021-12-18T21:50:50,BRAND2,18.90,dlbfbcj@appple.com
e6e608c5-a914-4880-aa62-08f02e98c7d0,2021-12-18T21:51:40,BRAND1,839.81,jllgbhg@live.com
208891e3-a4db-4715-bee1-82d91e28f4dd,2021-12-18T21:52:30,BRAND2,313.44,"""ldajfkg ggkfhll"" <ldajfkg@appple.com>"
27fab3eb-4486-4d10-9412-ebe22a71dbff,2021-12-18T21:52:30,BRAND2,630.24,alafklg@live.com
8f28c91c-4ef3-4e46-bce6-0d9105e56d33,2021-12-18T21:53:20,BRAND2,566.37,gfagajf@gmail.com
de8f857f-462c-4415-aed7-1b22f486fde2,2021-12-18T21:54:10,BRAND2,775.26,jgcdhla@gmail.com
cab63ae1-cad6-4dab-9092-89fbb4b595af,2021-12-18T21:55:00,BRAND1,608.23,"""lejlkfb glhcahb"" <lejlkfb@gmail.com>"
9fdc3c81-f154-4a93-b01e-e205ec6845fc,2021-12-18T21:55:00,BRAND5,517.09,"""hiicjbg gkbkfhh"" <hiicjbg@gmail.com>"
ccb71f91-602e-46e1-8c3d-f53485a15aaf,2021-12-18T21:55:50,BRAND3,335.29,"""kaefabe jjigedb"" <kaefabe@appple.com>"
baafa855-98e1-434b-8bf4-99ede205a44a,2021-12-18T21:55:50,BRAND2,291.36,bccggcg@gmail.com
34f52fe3-9837-4eb0-9981-5c6539cca699,2021-12-18T21:56:40,BRAND2,645.78,dheaack@gmail.com
69ee62ed-dd29-4bc2-95f4-2b5c31e41c05,2021-12-18T21:56:40,BRAND1,501.16,gchkceb@gmail.com
966563b3-d6ea-43b1-a9ba-ea3b9c8f3c9c,2021-12-18T21:57:30,BRAND2,910.25,achkkci@gmail.com
2a70aaf8-977f-44cc-a7e6-578a6a979a2c,2021-12-18T21:58:20,BRAND5,204.40,"""kabcgef gehacfe"" <kabcgef@appple.com>"
0cc99060-98a4-4d56-8ff4-5a29322ed8a5,2021-12-18T21:59:10,BRAND5,584.33,aiciikl@gmail.com
e00c1dc6-9974-40f6-9552-829c95617851,2021-12-18T21:59:10,BRAND1,438.80,"""hcdghje blebjbe"" <hcdghje@yahoo.com>"
872f08bf-51a8-4511-80c3-177512470c5a,2021-12-18T22:00:00,BRAND2,353.26,bijgifa@gmail.com
cf475cba-863c-49ea-8749-f8a04e55d370,2021-12-18T22:00:00,BRAND4,130.56,gdhghig@live.com
a192dde8-ff61-49f0-8d4e-2e8948c74602,2021-12-18T22:02:30,BRAND4,380.46,"""cgelchl llchigg"" <cgelchl@gmail.com>"
50197d17-d6fe-4008-b8bd-24470e387d8a,2021-12-18T22:02:30,BRAND2,790.08,bgjekdl@appple.com
34cfa912-9993-41f8-8311-02938c09aebe,2021-12-18T22:03:20,BRAND5,432.99,"""ccaikic fkkflgb"" <ccaikic@gmail.com>"
a54accfd-e69b-44b6-82fb-c49a11f071be,2021-12-18T22:03:20,BRAND5,565.71,"""hhkclbj bbadehi"" <hhkclbj@appple.com>"
3546aae1-9cc8-4ded-9c10-7692e95fc606,2021-12-18T22:04:10,BRAND2,345.15,ffkhilg@appple.com
7eb6ef32-2c52-42b2-b45f-dfa43034a168,2021-12-18T22:05:00,BRAND2,575.44,"""bjbdibi iajkldk"" <bjbdibi@appple.com>"
e03ba01f-4fa7-4a94-b103-332c7cccb750,2021-12-18T22:05:00,BRAND2,522.33,gacaalg@appple.com
dad0a19b-da0d-46cf-a6f9-adeebd25ae8b,2021-12-18T22:05:50,BRAND2,355.66,"""dicglbi lbhjlaj"" <dicglbi@gmail.com>"
97507480-758d-44b7-b3de-b2788c7f6867,2021-12-18T22:05:50,BRAND5,699.07,fbjcjhd@gmail.com
d95cbc83-2def-429c-93a5-1f2c84b2f77d,2021-12-18T22:07:30,BRAND3,483.83,aifjbej@gmail.com
c090b0a1-f0b2-407c-84ad-4fb69280cec6,2021-12-18T22:07:30,BRAND2,162.31,ceaeakd@gmail.com
94494356-4d7f-4b4e-87c5-5cc6205a69a5,2021-12-18T22:08:20,BRAND2,961.73,efdbaaa@appple.com
6c1730fa-4d00-40a5-9adf-af21d06fabaa,2021-12-18T22:09:10,BRAND2,966.77,"""bdbgbci lihbbif"" <bdbgbci@gmail.com>"
df741487-e748-46c6-a395-604e1bb4f85a,2021-12-18T22:10:00,BRAND1,17.01,"""hbfeich ajelcif"" <hbfeich@yahoo.com>"
d3f0b3ef-a897-495e-93ee-f86cecefece1,2021-12-18T22:11:40,BRAND5,927.25,hclebag@live.com
f4e910d1-a7ab-48b1-a9f5-75ec7e2412e0,2021-12-18T22:12:30,BRAND5,919.71,"""jaibfll kjbceig"" <jaibfll@gmail.com>"
a1465dab-6e75-4f55-909b-e7f4ff682703,2021-12-18T22:12:30,BRAND2,987.76,"""ighbfka hikkkle"" <ighbfka@appple.com>"
3f50fdea-e2b9-46ff-9857-0463a19208d3,2021-12-18T22:13:20,BRAND2,752.83,dcfigak@gmail.com
26a5d336-ec79-4874-84b8-659be0731449,2021-12-18T22:13:20,BRAND2,102.93,bbleiaj@appple.com
2238e81f-a3c2-4bef-8480-4ba0cf8ca59b,2021-12-18T22:14:10,BRAND2,495.78,ccgglil@gmail.com
1cab919a-82a9-47b9-aed7-55f5b8d27e6a,2021-12-18T22:14:10,BRAND2,665.21,"""fcgeaec fhieebe"" <fcgeaec@appple.com>"
fb0313bd-60a9-4b72-bb22-dc1eb345aea7,2021-12-18T22:15:50,BRAND2,808.41,ekfehed@gmail.com
7b848d5a-58b2-4ebe-9888-38c92cc5afd7,2021-12-18T22:17:30,BRAND2,984.09,ehjigjd@appple.com
686db543-0c65-4dc7-b621-26c9c58d39d5,2021-12-18T22:19:10,BRAND2,627.88,"""acgkech bjekcdi"" <acgkech@appple.com>"
5ceaf761-ce0f-4f82-87c2-de96e264dc05,2021-12-18T22:19:10,BRAND2,812.05,daakhlf@gmail.com
5add0dec-fef6-4fb3-b00f-77bbb597e05c,2021-12-18T22:20:00,BRAND2,685.11,bcjflfk@yahoo.com
5900f34a-eaf1-4787-9116-debbb1916dc1,2021-12-18T22:20:00,BRAND2,552.53,"""ijajjhd igkbajh"" <ijajjhd@gmail.com>"
c74afdf5-4da2-4cd6-8a28-11afff4754e7,2021-12-18T22:20:50,BRAND2,384.22,ghhlfai@gmail.com
8cc41110-860c-4b3c-941f-bbf6c721bb3b,2021-12-18T22:20:50,BRAND5,518.94,"""fiiblcg ecfecbl"" <fiiblcg@gmail.com>"
f9cd2c22-bb47-4f8e-9427-dfcf408d6737,2021-12-18T22:21:40,BRAND2,653.95,igldekc@gmail.com
f8e66b87-edd4-41c1-b1d8-d0f4b7423be4,2021-12-18T22:22:30,BRAND1,769.33,clkkkak@gmail.com
63b88862-7a22-4714-9f3e-1b0a761a11ac,2021-12-18T22:22:30,BRAND2,351.33,iglfgie@appple.com
154be5fa-58d0-4adf-97b4-7ae058ff31ee,2021-12-18T22:23:20,BRAND2,244.94,kekhgie@gmail.com
4c4f1555-d618-4472-bd96-2370549ee2c6,2021-12-18T22:23:20,BRAND5,777.76,cekiccd@appple.com
3ab093e5-637c-4c06-8719-a9f17d6a782a,2021-12-18T22:25:00,BRAND2,$144.89,bhjfifc@gmail.com
d88dc13b-49ba-47a1-8b7a-9e62b862f9c8,2021-12-18T22:25:50,BRAND1,838.27,fdhbchi@yahoo.com
0eb5d655-08ed-4b43-b6f5-23197f27de5d,2021-12-18T22:25:50,BRAND2,230.46,kffelai@appple.com
1537ccc3-ff98-40d9-a410-ba6ba3b958be,2021-12-18T22:29:10,BRAND1,740.03,bdgeafj@appple.com
0ce32594-4397-4933-822a-018289cd926a,2021-12-18T22:29:10,BRAND2,890.14,"""aadiifh albkcac"" <aadiifh@appple.com>"
147e7b9c-f3ba-461c-9ace-914d20a84414,2021-12-18T22:30:00,BRAND1,80.08,hieccgf@gmail.com
b61d4758-d7e0-4b32-8c05-d5a25db6c61f,2021-12-18T22:31:40,BRAND2,119.34,billbhc@gmail.com
8f4a6447-0fb4-479c-b1f6-0911ac5bd879,2021-12-18T22:32:30,BRAND2,888.70,gaccdff@appple.com
3f4af703-f854-4a0c-a81e-a4f1eaa78b0a,2021-12-18T22:32:30,BRAND3,880.41,"""hbjdije fcegedh"" <hbjdije@gmail.com>"
bf283dd0-2538-457b-a5ce-bc9afa20ed88,2021-12-18T22:33:20,BRAND5,968.35,jidliaa@gmail.com
e753dbe1-f732-41d1-9140-c56af8d640df,2021-12-18T22:33:20,BRAND2,220.67,ghbiiig@gmail.com
63b8438e-cace-4efc-8825-ff6243540f71,2021-12-18T22:34:10,BRAND2,74.76,"""clkkeib kfjhgab"" <clkkeib@appple.com>"
fd2038fb-a875-4e66-a848-08144969869d,2021-12-18T22:35:00,BRAND2,643.75,alkbild@gmail.com
cd0ee769-d3b9-4448-ae40-2f777eca9d27,2021-12-18T22:35:50,BRAND5,636.12,lllbflk@yahoo.com
7886d106-32ab-4a66-877c-4469d20c6e8d,2021-12-18T22:35:50,BRAND3,496.44,laebhii@appple.com
e3586890-7567-487f-9b63-ab996a49bebf,2021-12-18T22:38:20,BRAND2,25.52,"""iigfeka aekbcal"" <iigfeka@hotmail.com>"
59694dc8-20c6-4d3c-835f-e9ee9c92628e,2021-12-18T22:38:20,BRAND5,394.95,gakcddl@gmail.com
58c52b84-0ec3-4302-9fea-22f0f3ccb42a,2021-12-18T22:39:10,BRAND2,245.95,"""ejblbhe idffhhb"" <ejblbhe@live.com>"
6354916e-b5d4-4158-beb0-e8dd4c2fb3e5,2021-12-18T22:39:10,BRAND1,754.42,hlkaflj@appple.com
644a859a-d379-472e-8f6a-ec348901ff70,2021-12-18T22:40:00,BRAND2,378.44,laiebeg@appple.com
d7d8c5e5-60fc-481f-a994-b6e449c99c92,2021-12-18T22:41:40,BRAND4,37.16,"""biiaalg hhjghbb"" <biiaalg@live.com>"
fbb5cace-59c4-4164-811d-e8715ffbbead,2021-12-18T22:42:30,BRAND2,657.49,eiegeji@gmail.com
bdb3862f-8082-469f-993b-4524a44bb326,2021-12-18T22:43:20,BRAND5,894.50,"""agfflca idijcdj"" <agfflca@gmail.com>"
3a404f39-1fc5-4194-9984-6f1c10140fcd,2021-12-18T22:44:10,BRAND1,663.43,"""hiikbja gdhieli"" <hiikbja@appple.com>"
aeb18a7b-d159-4a26-be93-c072c54d1a11,2021-12-18T22:44:10,BRAND1,866.76,dffjfdl@gmail.com
7ffbe57f-965a-4ca0-92da-b925f208691d,2021-12-18T22:45:00,BRAND1,373.39,ebjkhgg@gmail.com
f1a4eca7-21fa-427f-9c5c-86d94ef1310a,2021-12-18T22:45:00,BRAND3,786.32,lggajjc@gmail.com
dcc9dc6f-6ddd-46a3-9956-fe5c5edec283,2021-12-18T22:46:40,BRAND2,251.45,ejkijfa@appple.com
1f0ad34b-68c0-4c92-b998-bf64fd8a7ada,2021-12-18T22:46:40,BRAND4,743.98,"""iaddife kghcdei"" <iaddife@gmail.com>"
7c80b969-31c1-41c6-bddc-5ca19ba52e66,2021-12-18T22:47:30,BRAND4,278.86,jiihihk@gmail.com
11dc2a0d-3582-49de-992b-593808ef6315,2021-12-18T22:47:30,BRAND1,892.60,"""jgidbjg hidljec"" <jgidbjg@gmail.com>"
a20f0151-62e6-4769-b737-74b11b2c3f17,2021-12-18T22:49:10,BRAND5,593.06,bhjclfi@yahoo.com
97b95788-2bd7-4e64-b3b7-2bf780b7f87a,2021-12-18T22:49:10,BRAND5,14.08,hdilaec@yahoo.com
a3814a87-5101-4fbe-976b-67497cc82cfb,2021-12-18T22:50:00,BRAND2,935.11,"""dbakilb lkblblc"" <dbakilb@live.com>"
ca231599-3bba-4fcf-a8dc-513390117a4c,2021-12-18T22:50:00,BRAND5,184.98,ejfkdka@live.com
fc904eeb-8479-4a35-94b8-eb5c1d1e4ef4,Sat Dec 18 22:52:30 2021,BRAND5,102.02,"""afjahbj bjihjek"" <afjahbj@gmail.com>"
08c28eb6-0950-45cf-9726-f535a08be7dc,2021-12-18T22:53:20,BRAND2,334.21,leclaeg@gmail.com
0c48099f-9982-42df-bb31-d45ab113b6a0,2021-12-18T22:54:10,BRAND2,251.11,dbjgebl@gmail.com
ed8910d2-4556-4749-8180-1b67de020707,2021-12-18T22:55:00,BRAND1,497.38,"""eeheebk ecjlcig"" <eeheebk@gmail.com>"
6a64fb99-d55d-41b9-982e-1fc1552d1fad,2021-12-18T22:55:00,BRAND5,169.77,ljlgcgi@appple.com
f94a52e1-ff78-4b69-b6e2-1c1ce75ea0d7,2021-12-18T22:57:30,BRAND2,755.88,eidbifl@appple.com
c9b4e53d-a09b-4435-ab54-48056c33cf63,2021-12-18T22:58:20,BRAND5,64.31,"""kbdblij kfijkdf"" <kbdblij@appple.com>"
c8f4a24e-6c6e-4872-854d-9c1e2206f4a8,2021-12-18T22:58:20,BRAND5,11.61,bkekceb@appple.com
e1951ee6-fa50-409b-8887-1bef30d61d64,2021-12-18T22:59:10,BRAND2,763.52,fbheekc@appple.com
e1df3bda-a090-46e7-9924-a71b8abbbe1f,2021-12-18T23:00:00,BRAND2,968.12,"""ggdkjlj kleadcg"" <ggdkjlj@gmail.com>"
339a896a-c944-4446-b3b6-93f980d7c799,2021-12-18T23:00:00,BRAND5,467.12,"""aajjbjh fdlfehb"" <aajjbjh@gmail.com>"
cbf470a8-1d44-47ae-b835-f2d9ce68bab9,2021-12-18T23:00:50,BRAND1,918.60,"""chjajkd jigeaji"" <chjajkd@live.com>"
011a893d-437e-4af5-976e-aeb3fe9bdde1,2021-12-18T23:01:40,BRAND2,48.72,decgjkl@live.com
373dfc74-8da2-451a-99df-4bc2d3942bcb,2021-12-18T23:02:30,BRAND1,814.13,fchcgbk@gmail.com
5d99f827-02fb-4452-aa5a-3a7303036edb,2021-12-18T23:03:20,BRAND5,94.15,gbjccib@live.com
1c545cc6-11e3-4b8c-9a70-ac8784fa7b48,2021-12-18T23:03:20,BRAND1,193.91,"""gdhglgd ikjeihe"" <gdhglgd@appple.com>"
163c3634-ae8e-4235-a2da-17dc231c2d5d,2021-12-18T23:05:00,BRAND1,26.75,baddelh@gmail.com
d0daac02-fd26-49d0-a4be-3d934280d31f,2021-12-18T23:06:40,BRAND2,311.22,degkbcj@live.com
680d3b7b-9a4d-4faf-99e5-1fb32dd762a2,2021-12-18T23:06:40,BRAND2,101.22,khfllkk@gmail.com
b92edc0f-0ee4-453c-8428-8b8231512f02,2021-12-18T23:07:30,BRAND2,153.24,babkhlk@gmail.com
e7957cdc-bac5-41af-9ba6-b94a954a1f59,2021-12-18T23:07:30,BRAND3,470.34,daikgaa@gmail.com
41eb1c38-e0ad-431c-9198-e4d14300206d,2021-12-18T23:09:10,BRAND2,189.45,feaelbb@yahoo.com
07da6feb-b6d6-4168-b059-ccf0238e82a6,2021-12-18T23:10:00,BRAND2,652.67,adihafb@gmail.com
8f14ba1a-b162-4d1e-866a-bc941c327501,2021-12-18T23:10:00,BRAND2,457.42,likdbbk@gmail.com
c07b876d-b399-4ab9-9e8e-428a1e475e25,2021-12-18T23:10:50,BRAND2,693.74,lhfcfbg@gmail.com
ae9b28ac-a8e8-45c0-8a0c-0c636f93db01,2021-12-18T23:11:40,BRAND2,80.97,ihkjgfh@gmail.com
c12bfea0-738b-4356-afc0-9d5474294bd6,2021-12-18T23:12:30,BRAND2,458.74,kibbegg@gmail.com
7e51ac35-d41a-4c20-889d-6c0650b3cc8a,2021-12-18T23:13:20,BRAND1,44.68,ehjgjak@gmail.com
efb43c32-ad35-4d01-bfb0-e99f3f622649,2021-12-18T23:15:00,BRAND1,895.20,"""edllifa kkeibei"" <edllifa@appple.com>"
82dceca0-2619-4dbd-acc9-047c33200d10,2021-12-18T23:15:00,BRAND2,726.47,"""kgagbkg flelgib"" <kgagbkg@live.com>"
77f0c957-3357-4aae-8eb8-fde9acd6726b,2021-12-18T23:15:50,BRAND5,330.17,adajhdj@yahoo.com
c1416d29-1d8f-4f3f-90f4-3ee5d29fb7ad,2021-12-18T23:19:10,BRAND1,3.33,ffjlfbf@live.com
b3fc666b-5e76-4d0e-9b18-6554aacb258e,2021-12-18T23:19:10,BRAND2,425.38,fiiljlg@gmail.com
aebc8d93-87c5-4a4d-a480-2db1fead5149,2021-12-18T23:20:00,BRAND5,928.45,"""hflgbff efbeekl"" <hflgbff@gmail.com>"
3dae1a1a-3a5e-4c3b-9042-876481632b65,2021-12-18T23:21:40,BRAND5,81.60,"""daeaiag cfihekf"" <daeaiag@gmail.com>"
bd69118d-7079-44b5-af3b-a69bcc388e58,2021-12-18T23:23:20,BRAND2,642.35,"""bfbdkac efjabfe"" <bfbdkac@appple.com>"
9b72282d-f969-4d75-b7ab-ed5a6bd86aee,Sat Dec 18 23:24:10 2021,BRAND2,83.54,"""jgkfkla ihkfbjg"" <jgkfkla@gmail.com>"
2df9be90-ea5c-43f9-ab02-5b48e139375f,2021-12-18T23:24:10,BRAND2,807.11,ifjdegl@appple.com
228ec0e3-c710-45b0-9511-16f99152d5b7,2021-12-18T23:25:00,BRAND2,204.49,lieffjc@appple.com
0fe117a0-25cb-44f5-8ddc-fc5794a64c90,2021-12-18T23:25:50,BRAND1,772.13,jdbbdgf@gmail.com
109daa8d-fffc-49d5-8d2c-b7736e4ccef8,2021-12-18T23:26:40,BRAND2,827.24,filheeh@gmail.com
fc2729a3-e640-4cf5-9f5b-1e0c62fbea20,2021-12-18T23:26:40,BRAND5,911.83,jbfdgik@live.com
0daaf837-d6bd-44d2-b235-c516634b202f,2021-12-18T23:27:30,BRAND3,674.74,jjagalb@gmail.com
a3b7d5eb-fa7b-4929-9071-cbe602bd6101,2021-12-18T23:27:30,BRAND5,979.36,gehlgfe@gmail.com
eb238e9d-3e72-4aa2-a71f-541c617f1243,2021-12-18T23:28:20,BRAND5,415.51,fjgdcij@gmail.com
0880567a-2403-4d89-a8b8-d596dd73b278,2021-12-18T23:28:20,BRAND1,643.87,"""aekilbe iigclii"" <aekilbe@appple.com>"
d2f1d74e-e592-40ed-84c4-d62a433d330c,2021-12-18T23:30:50,BRAND2,13.50,ckgkdbd@appple.com
a6d834e0-251c-45b5-9f0d-50ea0a245087,2021-12-18T23:31:40,BRAND2,782.39,lchdlje@gmail.com
31ded344-d06c-4c28-b46f-136a0d5e1b9f,2021-12-18T23:32:30,BRAND2,90.31,"""hbacbga kihddfe"" <hbacbga@appple.com>"
2ba122cc-3d0c-4d79-b5e2-350e902d004d,2021-12-18T23:32:30,BRAND2,985.86,gbdkdhd@gmail.com
696a4195-2552-4977-a6ab-92f5442c9b3d,2021-12-18T23:33:20,BRAND5,94.99,"""ielalkl lldblll"" <ielalkl@appple.com>"
2bf34fb5-ea2b-4bd0-a8ca-e7037aaf253d,2021-12-18T23:34:10,BRAND1,188.12,"""cbdkicd ebkejkh"" <cbdkicd@live.com>"
31b84ce2-97ef-49e7-bf62-cb7a955bcfd1,2021-12-18T23:35:00,BRAND5,78.12,"""bbkiegc agidhjd"" <bbkiegc@gmail.com>"
76a986cb-d8a0-4498-b9ae-5601320dd140,2021-12-18T23:35:50,BRAND2,583.97,"""ckllgkl efliggk"" <ckllgkl@live.com>"
846dd1eb-2656-468f-8c4d-3dcd16cc0c0b,2021-12-18T23:37:30,BRAND2,106.11,"""beilila dhbfcjf"" <beilila@hotmail.com>"
69a1709f-a7d5-4a89-b8e9-6f05ca02f0b1,2021-12-18T23:40:00,BRAND5,253.69,"""acelhge hiddjki"" <acelhge@gmail.com>"
79ea37a2-7b5b-45d7-94b9-38f9bb12ac90,Sat Dec 18 23:40:00 2021,BRAND2,848.68,"""fcedhak jkhjdel"" <fcedhak@appple.com>"
9506ef9b-fd14-46db-bb62-d03d76d18afb,2021-12-18T23:40:50,BRAND2,883.43,"""kabgeha cgjijhb"" <kabgeha@yahoo.com>"
995946dc-4328-4ac2-844c-6a047feb197d,2021-12-18T23:40:50,BRAND2,545.77,idbaice@gmail.com
f6341540-cb9a-4631-aa6d-36d9e4284bd7,2021-12-18T23:41:40,BRAND1,95.18,ceabgla@live.com
74103a16-d87a-4331-8205-5eba37b9e72d,2021-12-18T23:41:40,BRAND2,596.27,egfbdgb@appple.com
2692582d-4ce9-4002-b8fd-1b1ad86f98f3,2021-12-18T23:42:30,BRAND1,583.95,gehkdjd@gmail.com
5debd712-609c-4f43-a74e-7d03f52e906e,2021-12-18T23:42:30,BRAND2,265.26,aiadcje@gmail.com
50604e7c-356e-406b-b878-a8d8005a69ba,2021-12-18T23:45:00,BRAND5,$138.19,iaifljj@yahoo.com
1a42f201-f79d-4253-a493-b655d7e49aa6,2021-12-18T23:45:00,BRAND1,135.03,"""lkbibff bgakgei"" <lkbibff@gmail.com>"
724c853b-01e5-43ae-aaab-826c9624a355,2021-12-18T23:45:50,BRAND5,8.57,"""bcgjkih afjdghd"" <bcgjkih@gmail.com>"
aa3e8f27-56aa-43ec-928f-2387acfa032f,2021-12-18T23:46:40,BRAND2,737.83,bgbfada@gmail.com
7295cc2d-cddc-41cf-923f-97857fe2b5a2,2021-12-18T23:46:40,BRAND2,369.48,"""kadggil ddaeicg"" <kadggil@appple.com>"
a139e88c-165c-4ef9-9fec-c68eaeed2e79,2021-12-18T23:47:30,BRAND5,90.26,aghghfc@yahoo.com
b9057c90-5469-4cf7-babe-7891f9f50073,2021-12-18T23:48:20,BRAND2,197.15,giliegl@live.com
19e7ae0a-09e0-4695-85d5-983a2ec2b9b4,2021-12-18T23:48:20,BRAND1,778.65,hdebjgf@gmail.com
5af7fdb1-edfd-422d-aa7f-de01c14f775e,2021-12-18T23:49:10,BRAND2,763.22,dkldacb@gmail.com
a992ced2-82b8-4d7c-845a-523284780823,2021-12-18T23:49:10,BRAND2,690.60,fkjijab@gmail.com
7b19edd2-9636-4382-811d-e556b9734f1a,2021-12-18T23:50:00,BRAND2,310.56,jebabij@yahoo.com
4e8e65cd-1448-4d87-b203-0696f5bc3e12,Sat Dec 18 23:51:40 2021,BRAND2,320.45,iiblegh@yahoo.com
f2221b5c-f13e-41d1-872d-27d828f14807,2021-12-18T23:52:30,BRAND2,475.38,"""bcgljfh dcelklf"" <bcgljfh@live.com>"
b1172b91-a726-4805-9ec3-612b85e06b1a,2021-12-18T23:53:20,BRAND1,278.83,"""idhkiaf didgbal"" <idhkiaf@live.com>"
c8016edd-8c38-43c8-b791-6422c27a00ef,2021-12-18T23:54:10,BRAND5,599.23,ggihlbi@gmail.com
f20c6e21-0404-4beb-b281-92f12c740442,2021-12-18T23:54:10,BRAND1,62.18,"""hdchkjc jaikgbi"" <hdchkjc@gmail.com>"
65cf7d7b-37ae-48a1-94e5-859c39578a49,2021-12-18T23:55:00,BRAND2,392.47,"""ilbdjai ckiebfc"" <ilbdjai@gmail.com>"
0a4fb2dd-a491-4a40-bbd3-31b89158178f,2021-12-18T23:55:00,BRAND3,894.09,"""bejidjg afcdkfl"" <bejidjg@live.com>"
7b631e39-20ac-4cab-bf4a-59507d33a524,2021-12-18T23:55:50,BRAND5,74.35,"""djdfbij kfibfji"" <djdfbij@gmail.com>"
8a59a72f-a131-45f5-8c2d-996bf7b4b79c,Sat Dec 18 23:55:50 2021,BRAND2,780.88,cbbblfd@live.com
b379dff3-b9d4-4cc1-8aba-2ece8c4f6142,2021-12-18T23:57:30,BRAND1,677.29,ckhedbk@gmail.com
8e111492-a73f-4809-b38d-cefe963cf299,2021-12-18T23:57:30,BRAND2,569.96,djdbfjh@appple.com
055faa61-64ed-4bfb-9b9e-fd48c00851b0,2021-12-18T23:58:20,BRAND2,917.27,"""flkegel hedjack"" <flkegel@gmail.com>"
ee0c62f5-567b-4b8c-8126-2a75140660b6,2021-12-19T00:00:00,BRAND1,677.49,"""eggbdda gkjkjke"" <eggbdda@appple.com>"
