id,date,brand_id,trans_amt,email_address
77684e90-4741-495f-b9a2-1f86ce1a3b4f,2021-12-14T16:55:00,BRAND3,114.84,eagccgi@gmail.com
20bc1184-2042-46b4-a2f6-2181795072cb,2021-12-14T16:55:00,BRAND5,961.40,"""akdcied falhelf"" <akdcied@live.com>"
255ea2fc-d8a1-4c1a-8d5d-056e50952ea0,2021-12-14T16:55:50,BRAND3,730.94,hdljdgk@gmail.com
bfd56ea7-5081-4862-8946-48ccda62b25c,2021-12-14T16:57:30,BRAND2,712.34,fffdbdc@appple.com
059154e9-d0f3-46fb-ad37-d64ab1ab32d3,2021-12-14T16:58:20,BRAND5,728.13,kcbbdlf@gmail.com
b0b3ec66-9a29-4653-955e-5aa8750043a5,2021-12-14T16:59:10,BRAND2,972.67,ijahgic@live.com
de43bfd5-484f-4367-b852-a8c0daaa3d47,2021-12-14T16:59:10,BRAND5,406.72,"""jbheddi elgieaf"" <jbheddi@yahoo.com>"
a0a673ab-a9ac-4901-bcf0-6ce9fb603d24,2021-12-14T17:00:50,BRAND1,308.03,"""ddlaiii jahkbgi"" <ddlaiii@appple.com>"
07ae3093-95e9-45a0-bd1b-8f20202ce68e,2021-12-14T17:00:50,BRAND5,664.28,"""flckifc jgckikj"" <flckifc@gmail.com>"
3d89934b-1f84-4867-aa21-b5ad22edfcf4,2021-12-14T17:01:40,BRAND3,334.91,"""fijgabj cdceklc"" <fijgabj@yahoo.com>"
f5342f07-51fb-4582-b732-072530b16f90,2021-12-14T17:01:40,BRAND1,306.42,hjdckhf@gmail.com
e493347f-ee6c-4a33-a76b-899a0738c5ae,2021-12-14T17:02:30,BRAND1,138.98,"""ehkjlba dghikdd"" <ehkjlba@live.com>"
e0e7941c-d5a1-4c06-815e-97fb37b77ee2,2021-12-14T17:02:30,BRAND5,16.19,ikhjilk@gmail.com
f6ffea8b-705e-43da-a27c-3e42c285beba,2021-12-14T17:05:00,BRAND2,759.08,ckjjhii@live.com
d7945dba-1a10-4d56-b1eb-5fe09d8c4b55,2021-12-14T17:05:00,BRAND3,790.91,"""aljkhha keeigbh"" <aljkhha@gmail.com>"
01397a9a-aa28-4546-914f-57c27062f886,2021-12-14T17:07:30,BRAND3,527.82,hddjaac@gmail.com
17282950-9419-4c4c-9c0d-1501d89edca6,2021-12-14T17:07:30,BRAND5,315.95,"""debdjbg lcbbldc"" <debdjbg@yahoo.com>"
407b7894-c75e-4135-85a5-692598f125c7,2021-12-14T17:09:10,BRAND5,149.96,dbechhg@gmail.com
a2c4cd5c-1f21-4d18-a440-1c801a2417b5,2021-12-14T17:09:10,BRAND2,962.53,"""agcfhke ejlagba"" <agcfhke@gmail.com>"
f411bf04-1045-4a2c-8164-833270f7f043,2021-12-14T17:10:00,BRAND2,$904.18,"""dihfied efghdcc"" <dihfied@gmail.com>"
4961a0bc-d4fc-4cc4-81fe-ccdb6866c3dc,2021-12-14T17:10:00,BRAND2,101.11,"""fkhfedh ejligkf"" <fkhfedh@gmail.com>"
3ae66b90-0093-49a6-bf00-0388b1b85be4,2021-12-14T17:10:50,BRAND2,102.97,bfhjlag@live.com
c30c573b-4ecf-47a7-a02b-655402d2f6d7,2021-12-14T17:12:30,BRAND1,350.29,"""cgaeeld aicjlgl"" <cgaeeld@yahoo.com>"
34695594-4df6-4bf8-8cca-4aa1a3c33973,2021-12-14T17:13:20,BRAND2,164.94,jijidcl@gmail.com
3427ddba-ea14-4d43-8901-e5d644ab5cb0,2021-12-14T17:15:00,BRAND5,266.34,belijae@appple.com
023355f9-c465-4826-9ea9-8765c628384c,2021-12-14T17:18:20,BRAND2,519.76,dlbfaca@gmail.com
3a9e1169-c573-4403-b5b9-9bc565db267c,2021-12-14T17:18:20,BRAND5,606.10,"""ialfaib ehhbief"" <ialfaib@gmail.com>"
3e6a6ece-9e6e-48d5-9a5f-f00ea12ada3a,2021-12-14T17:20:00,BRAND4,241.44,"""gghkakl adkbcda"" <gghkakl@appple.com>"
325d9bc1-3109-47d3-a45b-0103ac2d9308,2021-12-14T17:20:50,BRAND2,852.75,elfhekj@gmail.com
b5997d78-1738-4694-9994-9999ffe04c03,2021-12-14T17:21:40,BRAND2,221.70,dkbkcbk@live.com
50ca073b-8d80-403b-8f73-feca6562a2bf,2021-12-14T17:23:20,BRAND2,459.98,"""elgcdke ifblahj"" <elgcdke@gmail.com>"
83c43a2e-66e7-4438-9388-ad8222af5805,2021-12-14T17:24:10,BRAND2,907.58,"""jhagfci kblcacl"" <jhagfci@appple.com>"
8fbb2be0-3745-4af3-8f78-659deb88328e,2021-12-14T17:24:10,BRAND3,333.43,eajhhcg@gmail.com
eb78b9a3-4f1d-498d-9de6-1f97b1047eef,2021-12-14T17:25:00,BRAND5,442.62,"""fkhiika alhbdbj"" <fkhiika@gmail.com>"
5cc565f6-1b55-41f2-aba6-d66c6e3c6033,2021-12-14T17:25:00,BRAND4,128.85,ccihffj@appple.com
f8701697-60a5-482d-b9cf-a5bda2670d30,2021-12-14T17:25:50,BRAND2,10.94,"""ifidllb bigfbfg"" <ifidllb@appple.com>"
e5d6dd40-96f4-453a-83c0-b0a510ad3e98,2021-12-14T17:25:50,BRAND2,324.81,"""ajijade ejikkjl"" <ajijade@gmail.com>"
c127f982-6879-46ca-9c55-973d555997e5,2021-12-14T17:27:30,BRAND2,109.09,ehdkafk@gmail.com
66bf176a-e928-4e62-ae7a-9964dcb6ac90,2021-12-14T17:28:20,BRAND1,652.29,dagcgic@gmail.com
19747055-e543-44d3-aa4f-b9082b184bd2,2021-12-14T17:29:10,BRAND2,783.50,bciblkb@hotmail.com
7c7f6e2b-39ff-4704-82dd-2950e4474e5c,2021-12-14T17:30:00,BRAND2,160.19,cjlchfc@gmail.com
ab586a4c-c9ae-4fad-8d22-fc63a7f85443,2021-12-14T17:30:00,BRAND5,440.71,ihgaekf@gmail.com
05a681ff-1514-4c9e-92ea-16677cdfeab5,2021-12-14T17:30:50,BRAND2,885.79,lbaibel@appple.com
78882aaf-3af5-41b5-bea6-45fe2d3c6ad9,2021-12-14T17:31:40,BRAND5,823.70,kegidda@gmail.com
59de0c7a-be55-4b25-a892-251d77f99415,2021-12-14T17:32:30,BRAND5,516.06,hgalhjb@appple.com
0c422afb-5616-4b88-93fb-820e91a5ebc1,2021-12-14T17:32:30,BRAND2,75.17,jbkbafd@gmail.com
ff16bcad-bd82-457c-b428-48a57bfbc1ba,2021-12-14T17:33:20,BRAND2,55.30,"""bbileig ijahgjc"" <bbileig@appple.com>"
a1bc6de8-7915-430e-a939-36e7607e1096,2021-12-14T17:33:20,BRAND2,815.56,"""hjbbicc bdgcllf"" <hjbbicc@gmail.com>"
dae8b0f5-55cd-4718-95bc-db3130426df7,2021-12-14T17:35:00,BRAND2,601.41,jkcecej@appple.com
2601e03a-211d-49e2-addc-3ae78ad2334f,2021-12-14T17:35:50,BRAND1,242.79,ebagkal@gmail.com
880ff6ba-bbe5-48c3-a11e-6f1962e89db3,2021-12-14T17:35:50,BRAND5,89.58,illfaij@appple.com
60c97c7a-9125-49e9-b135-f11c389db7db,Tue Dec 14 17:36:40 2021,BRAND5,356.49,"""jgldefi agfkjaa"" <jgldefi@live.com>"
2a06dc53-ba5b-42f9-bbef-8fbf90a58363,2021-12-14T17:37:30,BRAND2,666.99,gbafiji@live.com
7f4daeb7-aecc-4e5b-83c7-37314f291c8b,2021-12-14T17:38:20,BRAND5,548.23,kakhjdf@gmail.com
d8e11460-f10f-4569-acc8-e31eb59f9f12,2021-12-14T17:38:20,BRAND2,867.05,jiekjai@appple.com
c8ed593b-d90c-44ce-ae5f-695f06c188ae,2021-12-14T17:39:10,BRAND2,400.31,"""bgjflbj hkjhkjb"" <bgjflbj@live.com>"
b3aa6d9b-9eb3-4ada-bb34-fa6e2ac6a110,2021-12-14T17:40:00,BRAND1,544.06,jcaffdc@hotmail.com
ce94b4d9-b824-4519-8ba9-cd0927594e4f,2021-12-14T17:40:00,BRAND5,28.61,"""aidfkaa ecebfeg"" <aidfkaa@gmail.com>"
aa0c1b94-4e59-49fd-b434-f0bfac258d05,2021-12-14T17:40:50,BRAND5,543.93,faeklde@gmail.com
99e33863-a793-4eef-8899-050fb6363ccb,2021-12-14T17:40:50,BRAND1,740.63,iefgcef@live.com
7fbdd9b0-3b59-4fe1-9eb3-c84c9dc7cf82,2021-12-14T17:42:30,BRAND2,629.36,"""ggblkia eeckhkh"" <ggblkia@gmail.com>"
c6f9059d-876c-4f84-b858-3384f65a4dc2,2021-12-14T17:42:30,BRAND2,951.28,"""jkfkdel bjbclkk"" <jkfkdel@live.com>"
e2ef557b-41f7-4dfa-872e-ea7e5d04d0cb,2021-12-14T17:43:20,BRAND3,882.44,deekdcb@gmail.com
8e110284-f8d5-408f-b3ad-0a1a15fd9e35,2021-12-14T17:45:00,BRAND2,830.70,dihaffg@appple.com
4ba930ba-8c91-464e-acb1-f237f02c2511,2021-12-14T17:45:00,BRAND1,475.20,dgbicge@gmail.com
f0ba9711-09c2-49ac-87e7-b5a2f78073ee,2021-12-14T17:45:50,BRAND2,456.62,cbbbeea@gmail.com
6d51c004-fcd4-461e-a62f-5ed4acceaa92,2021-12-14T17:46:40,BRAND2,480.13,ldgcgbe@appple.com
5c9abcfd-5f99-4b1c-861b-e3cc46d12fc3,2021-12-14T17:47:30,BRAND5,214.21,lbkdabk@yahoo.com
e69d6c67-debb-43ab-976b-166dd59e5f63,2021-12-14T17:48:20,BRAND5,157.14,eificga@live.com
36a28581-740a-4961-8e9f-4c3451d6d026,2021-12-14T17:48:20,BRAND2,236.42,hifikka@appple.com
9909c69f-a6f7-4883-a060-c587ca0e6f1b,2021-12-14T17:49:10,BRAND5,865.84,"""fdcdkgl hkackhf"" <fdcdkgl@appple.com>"
019e237d-276c-45cf-b400-bc73c92c611f,2021-12-14T17:49:10,BRAND2,508.68,"""bdgfekc jcahefa"" <bdgfekc@gmail.com>"
9f866c17-9c8a-4227-aa26-a5123ec837d1,2021-12-14T17:50:00,BRAND2,600.82,aikdlhb@yahoo.com
654c449e-b829-4f95-a860-9391d25d5379,2021-12-14T17:50:50,BRAND3,206.02,gkiicbb@appple.com
0baf356c-e5ac-48bc-8c80-9126bfff6c68,2021-12-14T17:51:40,BRAND2,220.69,fjkdabj@yahoo.com
339272e4-9eea-4617-9ecb-c31470832449,2021-12-14T17:53:20,BRAND1,618.66,ldecgeb@gmail.com
9d61e729-4fc4-456b-896b-c33ed9359299,2021-12-14T17:53:20,BRAND2,562.43,iljebkd@gmail.com
6f894341-0ca5-4497-a40a-aaacbfd4ca54,2021-12-14T17:54:10,BRAND2,865.13,dblgjec@appple.com
16f989ff-c2c0-403f-bb99-7ca76e3a5a2b,2021-12-14T17:54:10,BRAND1,802.28,aeajidi@gmail.com
4e9c7c83-efa5-4004-bee6-738edfdd7939,2021-12-14T17:55:00,BRAND1,361.43,bffjahg@gmail.com
83d7eb09-7766-4a82-825d-c99a95674ca3,2021-12-14T17:55:00,BRAND5,836.11,dcfbdjf@gmail.com
1d13bb5b-08e0-4f3e-9492-35405d3f4698,2021-12-14T17:55:50,BRAND5,443.79,cefdjji@gmail.com
c7e99e64-1a04-416e-abeb-4d97d83d1f30,2021-12-14T17:55:50,BRAND5,952.72,"""jbkflgh ccljgdb"" <jbkflgh@appple.com>"
e26dfc07-2470-4b06-848a-baf7deba9db8,2021-12-14T17:58:20,BRAND2,412.30,eejehdh@appple.com
e1fd4901-d9ec-41af-b32f-a8f44fd63303,Tue Dec 14 17:59:10 2021,BRAND5,318.43,kkceidl@gmail.com
2ad74b00-5835-45c9-9559-fe4c154c20e6,2021-12-14T17:59:10,BRAND1,$555.94,igffcef@appple.com
183c6421-156d-4338-9cf6-6cabce4dc063,2021-12-14T18:00:00,BRAND2,768.36,kjcgbfh@gmail.com
34960641-67e3-4728-a2f1-41d99064bb37,2021-12-14T18:01:40,BRAND5,342.03,dlcklgk@gmail.com
9472c3e3-df72-4cbb-882a-a36df436b864,2021-12-14T18:01:40,BRAND5,953.40,"""hedkgae jlabcld"" <hedkgae@gmail.com>"
945915a3-76c5-4b84-8bb0-f6de5a5e3be1,2021-12-14T18:02:30,BRAND2,941.68,ahlllgg@gmail.com
f7e60df4-bbbc-4489-a4ec-f05887fa05af,2021-12-14T18:02:30,BRAND5,431.40,"""dcbbega fffdgge"" <dcbbega@gmail.com>"
d31c2131-be57-4484-9203-a92e893cd3f7,2021-12-14T18:04:10,BRAND2,162.15,"""jijgalh iadladh"" <jijgalh@gmail.com>"
70239abd-2fdf-44c3-89b4-114324556f03,2021-12-14T18:05:00,BRAND5,664.41,jadghhj@gmail.com
26d2c79a-5927-4d89-8178-8f6efcdc0277,2021-12-14T18:05:50,BRAND2,364.95,akhfgjl@gmail.com
3c1c3542-e56b-4a55-885c-f11ea99bfee2,2021-12-14T18:05:50,BRAND1,663.09,kcilhll@gmail.com
28217b45-819f-4a28-a212-60764246f6b5,2021-12-14T18:08:20,BRAND2,738.51,llhadji@gmail.com
838efa47-6855-4844-9fc9-208ef271fc0e,2021-12-14T18:08:20,BRAND1,803.69,cdichgh@gmail.com
a2ab477c-8a1d-42e5-ab8a-f1a3b5007a94,2021-12-14T18:10:00,BRAND3,965.08,"""kfliccc bkkedab"" <kfliccc@live.com>"
596c20bd-2877-4dd8-b4c0-d197c9f15e1e,2021-12-14T18:10:00,BRAND4,479.64,iccejid@gmail.com
085276b7-4b17-45b4-adfe-c53a6c2077e9,2021-12-14T18:10:50,BRAND2,536.91,jededdg@yahoo.com
38e47088-ae5f-4619-9457-5c6f524bd342,2021-12-14T18:10:50,BRAND2,$790.32,lafjjdl@appple.com
066a8fc1-2ba7-4e7d-be80-1366bd953e16,Tue Dec 14 18:11:40 2021,BRAND2,424.05,dbajgig@gmail.com
62eef779-b626-4cb7-b1f1-2164259e57e5,2021-12-14T18:12:30,BRAND5,614.49,ilafkld@gmail.com
05224ddb-8f2d-4582-99cc-5e5ed30a2d49,2021-12-14T18:13:20,BRAND2,614.96,"""ijkkehd lheeelg"" <ijkkehd@hotmail.com>"
0e7ef043-f9d6-495a-b1b9-a468a4987dcf,2021-12-14T18:13:20,BRAND4,211.38,ejalclh@appple.com
7e35f7d6-acdb-4b72-beac-efc1e2cd1950,2021-12-14T18:14:10,BRAND2,293.08,bjiajfd@gmail.com
5f699514-e836-442f-922e-d41ec9750cf0,2021-12-14T18:15:00,BRAND2,227.94,ccehebl@live.com
28724a0b-4219-4a25-b1b6-3d51d3c1b7ed,2021-12-14T18:15:00,BRAND2,896.72,deebaji@gmail.com
4cc027fb-f3f2-4887-8292-0d912dc913ce,2021-12-14T18:20:50,BRAND2,318.29,jibhgle@appple.com
01834bae-c22c-47c7-9fcf-01337d2eb623,2021-12-14T18:20:50,BRAND2,217.94,ajchfkl@gmail.com
8c15a74f-8dd6-42a3-bccd-9553422949b3,2021-12-14T18:21:40,BRAND5,837.23,kkcdgld@appple.com
8d56cf05-1081-45db-8784-0cf6698e9430,2021-12-14T18:21:40,BRAND5,844.21,hjifkji@gmail.com
117dab90-280c-4e9c-9f4e-b3aebe8d2ded,2021-12-14T18:24:10,BRAND2,713.71,aagfejb@live.com
e7d912e3-133e-4e43-8ce4-aa35107ff7f2,2021-12-14T18:25:00,BRAND5,8.60,dlldgcf@appple.com
e56c9a1b-fce6-413e-8823-36f469e0ea82,2021-12-14T18:25:00,BRAND2,906.53,"""ddhcbjl haiaail"" <ddhcbjl@hotmail.com>"
d2fb9b5e-8d69-445b-8d41-c61145555b4c,2021-12-14T18:28:20,BRAND2,233.39,kefgfle@yahoo.com
9ef54700-a547-4e2a-9c48-944333dd6143,2021-12-14T18:29:10,BRAND1,$518.23,"""iflejil ekcfgcj"" <iflejil@live.com>"
98278b93-fa80-468c-8b06-159c1d3819bd,2021-12-14T18:29:10,BRAND4,435.84,jgbdjkk@gmail.com
63e094d8-316d-4981-bdea-1d01871a1ce6,2021-12-14T18:30:00,BRAND2,67.58,daeijll@hotmail.com
4da248bd-1cfa-461f-b337-b063e4afd783,2021-12-14T18:32:30,BRAND5,268.48,bcceckc@gmail.com
750490a1-4eb5-409c-ac88-3cff8c2ccc6e,2021-12-14T18:32:30,BRAND2,276.38,"""edhgckg ejeeagd"" <edhgckg@gmail.com>"
b2de370c-dfb8-44c6-9ab8-c5094803d766,2021-12-14T18:34:10,BRAND5,314.77,fadbeca@gmail.com
a8e05031-5226-4a37-afc6-f50b407eb026,2021-12-14T18:34:10,BRAND5,397.64,beidkjg@gmail.com
6f11b2e7-955b-4ae2-a29a-55f959c9e22d,2021-12-14T18:35:50,BRAND1,957.80,"""faijice kiflkfe"" <faijice@gmail.com>"
4d68610e-1da8-4bed-98d7-ae6d7577b36a,2021-12-14T18:35:50,BRAND5,909.16,dbegchi@appple.com
99735928-53d9-41ab-a5cb-d9672346af0f,2021-12-14T18:37:30,BRAND2,220.03,"""bifbbfa ageclki"" <bifbbfa@yahoo.com>"
c91c2d13-b854-4e95-9e31-e4fd5b038d99,2021-12-14T18:37:30,BRAND2,713.19,jegecee@appple.com
c4b8442e-ef4d-48ab-a235-36dcd733f6f8,2021-12-14T18:39:10,BRAND5,721.50,"""diafcgf cldkaah"" <diafcgf@appple.com>"
683821f4-a60f-4e5b-82ef-e726c4f940a4,Tue Dec 14 18:39:10 2021,BRAND2,154.74,"""aaejkak bbbcikj"" <aaejkak@gmail.com>"
33826a38-7be4-4749-8cef-2f896b0ccc76,2021-12-14T18:40:00,BRAND5,808.01,"""keflgii ajhckhh"" <keflgii@live.com>"
05c951e0-11a7-477c-80ae-769297a1b846,2021-12-14T18:40:50,BRAND2,67.49,igfjege@gmail.com
6e72fbfc-8743-4a4b-a96f-3f3958b2f4fa,2021-12-14T18:40:50,BRAND2,116.36,klfjbak@appple.com
b89febe3-5155-4b4b-a2ad-32d010d23546,2021-12-14T18:41:40,BRAND2,270.07,"""echbgka gckdlke"" <echbgka@appple.com>"
bd086fc6-2367-4e51-8aff-35ecbda2cb12,2021-12-14T18:42:30,BRAND5,819.74,kdecldi@yahoo.com
d0212672-f2b4-438e-b852-f15c1efef4eb,2021-12-14T18:42:30,BRAND5,342.33,idfifec@appple.com
7e26b904-0c3a-4232-8624-f3120387dfc2,Tue Dec 14 18:45:50 2021,BRAND2,484.09,bhbkche@gmail.com
86e3982e-1afc-4597-bc36-238a6816d2ac,2021-12-14T18:45:50,BRAND2,956.16,galcfhj@appple.com
b60a4a30-f216-4a80-b237-6328dfb6f6c7,2021-12-14T18:49:10,BRAND1,805.90,"""lajkgkk eihckck"" <lajkgkk@gmail.com>"
60afef80-2745-4832-90e7-54c5dd7d7ae2,2021-12-14T18:49:10,BRAND2,751.34,fikhhdc@live.com
c3c2939e-4bf8-44f3-b6e5-4c72e524585b,2021-12-14T18:51:40,BRAND2,$458.95,haihdgc@gmail.com
fa3cb7c8-ac64-47cc-bc12-6b0e957af7de,2021-12-14T18:51:40,BRAND5,577.85,ekabfcg@gmail.com
75b1d9ab-ac47-4c5c-a48d-8122f308ccb9,2021-12-14T18:53:20,BRAND2,219.98,hbjbjgk@gmail.com
406a313d-fc6c-46d2-bb36-f0c305d550c1,2021-12-14T18:55:00,BRAND5,305.69,"""cjfdgbg bedidab"" <cjfdgbg@gmail.com>"
b4dff50f-b2b6-4170-be56-2d2e630f0322,2021-12-14T18:55:00,BRAND4,259.66,"""ddjikig akbkidl"" <ddjikig@appple.com>"
3e57e61e-4145-4527-b3a0-41a6922c7158,2021-12-14T18:56:40,BRAND2,165.71,"""akaljhf jliehdd"" <akaljhf@gmail.com>"
7aa7f923-b8c4-437f-a616-54e49066ae0b,2021-12-14T18:56:40,BRAND5,304.31,"""flghiii jbbflea"" <flghiii@yahoo.com>"
da4eb996-9e40-487c-bba9-902708df1436,2021-12-14T18:57:30,BRAND5,913.75,acjgbkl@gmail.com
11c41732-ed61-441a-9d84-afc4e894c43b,2021-12-14T18:57:30,BRAND5,136.04,"""kilffjc hdakbcb"" <kilffjc@gmail.com>"
56640070-a06c-41cd-babd-e785a35e4e01,2021-12-14T18:58:20,BRAND1,706.66,kgfelae@gmail.com
0394af8d-b91c-4e28-a090-041dcc5c69c9,2021-12-14T18:59:10,BRAND5,284.17,"""dkcidff defkcje"" <dkcidff@gmail.com>"
d953d15f-f648-406f-b7b0-549ef74eba54,2021-12-14T19:00:00,BRAND2,690.39,giihiej@gmail.com
67792173-a704-424b-bda3-3a4389a8b6e4,Tue Dec 14 19:00:00 2021,BRAND1,224.49,"""bgiacbg lgfkjfl"" <bgiacbg@gmail.com>"
80a763d9-5a6e-47ed-a31d-b2fd80deb7fd,2021-12-14T19:00:50,BRAND2,$614.80,gfachhj@gmail.com
6bfc02e2-e119-4149-842b-524d122e9d70,2021-12-14T19:00:50,BRAND5,126.59,fdflgca@appple.com
804db03a-2bda-4bc3-b16d-e87cec9e68ba,2021-12-14T19:02:30,BRAND3,184.15,"""ckefgka eijdflc"" <ckefgka@gmail.com>"
d2f5a358-d4b4-4f26-95c0-5f4efa669898,2021-12-14T19:03:20,BRAND5,715.80,fdfbeei@yahoo.com
930c91ca-dfb5-4840-844b-054a412aaa3e,2021-12-14T19:03:20,BRAND1,404.73,lbedjfe@gmail.com
bd3605e4-6082-440e-be05-b3d497b36602,2021-12-14T19:04:10,BRAND5,$744.65,cchfbfk@appple.com
51093302-5e96-402c-9f9e-f72927f36ab0,2021-12-14T19:04:10,BRAND1,760.61,"""egdejej icabcik"" <egdejej@gmail.com>"
14ac24e5-36f7-4672-9f94-f150254277ae,2021-12-14T19:07:30,BRAND2,761.61,hklbfil@gmail.com
887131a8-22e7-435a-9c26-358bb08d17b4,2021-12-14T19:08:20,BRAND5,385.54,eejdjak@yahoo.com
44e7ae56-8ccb-4720-a176-1cc9ef343727,2021-12-14T19:09:10,BRAND2,689.64,afcaiai@gmail.com
e17f184d-1cf1-45a0-a412-9f46392f0724,2021-12-14T19:10:00,BRAND2,203.61,"""jlafbib gdgcjhg"" <jlafbib@gmail.com>"
a805aad7-2fea-4c3e-a554-6949fb7c2864,2021-12-14T19:10:00,BRAND5,90.70,icakjcj@appple.com
02e7512d-fa02-47a3-8c64-d38531496e50,2021-12-14T19:10:50,BRAND4,399.43,kacajlj@gmail.com
02d3c40f-5cc2-42e4-b36e-340172478dd1,2021-12-14T19:10:50,BRAND4,552.86,cehijjg@appple.com
c4b77345-2a4c-4e31-b7e8-6630d93a88e1,2021-12-14T19:12:30,BRAND2,$817.35,ggheccb@appple.com
4f044231-cfeb-4771-b740-d18378a2bced,2021-12-14T19:12:30,BRAND1,186.77,"""djfjafe bflijhj"" <djfjafe@gmail.com>"
a8bba15b-e33e-4efc-b436-ef653e65f8ae,2021-12-14T19:15:50,BRAND5,146.12,bakalhd@appple.com
ae05a790-0f29-431a-8ed5-a999bc7d584a,2021-12-14T19:15:50,BRAND2,58.81,"""cbcdlhc chhlkjd"" <cbcdlhc@appple.com>"
b7f2da5b-44a7-4eb1-8587-5db6865c18c7,2021-12-14T19:19:10,BRAND2,683.22,kjjdhdl@gmail.com
ab7cafc2-d35e-433d-a1ad-10256bc1734b,2021-12-14T19:19:10,BRAND2,261.96,ledjbll@appple.com
883e1b9c-faef-4652-8f3e-3c7fcddad046,2021-12-14T19:22:30,BRAND3,283.02,jbdkbfb@hotmail.com
eb3a0ddf-a59e-4643-8171-fcbbf790b6b7,2021-12-14T19:22:30,BRAND1,396.18,hlacffk@live.com
c6c50d78-122a-44ca-bea1-0887855f7b97,2021-12-14T19:24:10,BRAND1,430.82,klbdagl@gmail.com
4a517467-122b-422c-8f23-5306dddaa906,2021-12-14T19:25:00,BRAND5,227.66,"""jdckebb elllbla"" <jdckebb@appple.com>"
ee87c9da-cfe6-4a50-86ce-a10b4dbb53dd,2021-12-14T19:25:00,BRAND3,831.29,caljada@live.com
a5caea9a-fa75-4e0e-b298-d7723556b743,2021-12-14T19:26:40,BRAND2,72.63,"""dkjbdei ibffleh"" <dkjbdei@gmail.com>"
80dfb45f-7e58-46ff-a999-fbaa880e853d,2021-12-14T19:26:40,BRAND5,940.13,acejfif@gmail.com
cdf3504e-2502-4597-bddc-60f4f413f7ff,2021-12-14T19:27:30,BRAND2,577.98,jkkdeej@yahoo.com
e0318f38-ffec-4a0e-9788-c9896dc5fba0,2021-12-14T19:27:30,BRAND5,152.51,bhajged@yahoo.com
ead897cb-1f29-46de-95f4-8a887e40370f,2021-12-14T19:30:00,BRAND3,292.32,"""eaidkbk ilekfal"" <eaidkbk@gmail.com>"
57881718-d9a4-46f5-b9bf-cca81c7b741e,2021-12-14T19:30:50,BRAND3,292.71,eeebfhg@appple.com
3b977c0f-0cab-484f-a4f5-ed5b90695cb6,2021-12-14T19:31:40,BRAND2,236.64,keaglek@appple.com
ff7c7b21-b046-486c-8590-f561b0bfdae4,2021-12-14T19:34:10,BRAND4,558.89,"""ejblbkj ahakdak"" <ejblbkj@live.com>"
ffb1c4a0-84f3-4257-8f2f-92de37fdfebb,2021-12-14T19:34:10,BRAND2,603.66,bklekik@gmail.com
f8fb6eef-9abe-4f9e-a317-0e17373b850f,2021-12-14T19:35:00,BRAND2,86.59,ijfeadl@gmail.com
d4ddcc7b-4a95-4a12-8882-5abb4a4bf5df,2021-12-14T19:35:00,BRAND5,551.96,ikeaaai@appple.com
4d879383-c4f0-4490-8b53-52c04e6339c1,Tue Dec 14 19:36:40 2021,BRAND2,290.22,ihcjkba@hotmail.com
38fadf07-0b99-484f-87e3-46377734e470,2021-12-14T19:39:10,BRAND1,163.36,kklegib@appple.com
c41bd6e5-f87f-4a5e-8c1a-5d69816cf4a5,2021-12-14T19:39:10,BRAND1,375.43,"""cgkjejk bbaiiea"" <cgkjejk@gmail.com>"
0b2fa783-2ccb-4e32-aff7-6388cbe0f847,2021-12-14T19:40:00,BRAND1,244.90,"""elfbgkl bggcbbk"" <elfbgkl@gmail.com>"
9b57254b-28b4-4739-bfa0-c685ca03c850,2021-12-14T19:40:00,BRAND2,772.61,"""iakkicf ehaibjg"" <iakkicf@appple.com>"
d0bba3d5-5205-44dc-be96-9a536b1d706f,2021-12-14T19:40:50,BRAND5,$750.48,jljadbj@appple.com
eb785c46-f43c-49a2-bf15-f0b7e002117b,2021-12-14T19:41:40,BRAND2,139.68,"""jiefilj bjibcef"" <jiefilj@appple.com>"
08ea1be8-d46b-44ea-97b8-a9b035f32d6a,2021-12-14T19:41:40,BRAND2,957.97,fjlhlgg@gmail.com
2843ed38-61b3-4d92-8de9-2f007a5a99da,2021-12-14T19:42:30,BRAND2,956.15,echfghk@gmail.com
24581662-b0b2-4e7f-acf6-936a5bb1e892,2021-12-14T19:43:20,BRAND2,637.07,dijkcjk@appple.com
82d7c83a-2dd1-4b48-8676-8965f3ed446c,Tue Dec 14 19:43:20 2021,BRAND4,127.32,hbaddhg@live.com
39681ed7-6b1c-4315-b71c-afd508a12d2a,2021-12-14T19:44:10,BRAND2,863.48,"""cggaeeg gdlhdil"" <cggaeeg@live.com>"
ae34cfbd-9edb-492f-a5d3-60f87d709760,2021-12-14T19:44:10,BRAND2,975.62,deafigc@appple.com
c2592c5b-93a2-467a-b66b-7d431b20796a,2021-12-14T19:45:00,BRAND2,642.20,"""idjaaec bajdjcl"" <idjaaec@appple.com>"
efd0d92e-0e1c-433f-9af2-d5a22f130855,2021-12-14T19:45:00,BRAND2,812.47,beghegi@gmail.com
ba89d115-8f4b-4f4b-96c5-dd3c474a54a2,2021-12-14T19:46:40,BRAND5,223.81,ikcehfh@gmail.com
5ef557ab-ac7f-46fb-a9bf-11a3c7f715c2,2021-12-14T19:47:30,BRAND3,452.09,"""ahbddle ccldbje"" <ahbddle@gmail.com>"
a850ff6a-94be-4209-9679-67bb0bc18373,2021-12-14T19:47:30,BRAND5,376.66,cgcbbec@gmail.com
8a144935-a87f-4443-b062-8068ae85f27d,2021-12-14T19:48:20,BRAND2,654.65,"""lbebkbi kgghbjf"" <lbebkbi@yahoo.com>"
207e59c6-ce9b-42f9-9826-7dbfe21df736,2021-12-14T19:48:20,BRAND1,773.45,afjdafa@hotmail.com
45ed4943-a461-45e4-911b-ad457c1b5d69,2021-12-14T19:49:10,BRAND2,340.30,hdeifeb@gmail.com
40e94c4d-3200-4274-b5f6-c1ab38064249,2021-12-14T19:49:10,BRAND2,10.38,affieeh@live.com
9f0c0ebe-cec5-46b9-a460-c2ff8bf60c3c,Tue Dec 14 19:50:50 2021,BRAND5,250.58,gidcdaf@gmail.com
72b4d238-56b0-460d-8479-910648d6ee49,2021-12-14T19:50:50,BRAND2,937.27,lciidea@yahoo.com
2f82ad30-ce17-4d3a-9e62-bb15d02dfb4d,2021-12-14T19:52:30,BRAND2,515.57,"""bcfkedg chbfcec"" <bcfkedg@live.com>"
27a6b555-88fd-4f67-b73b-a4206df2924c,2021-12-14T19:52:30,BRAND2,354.14,bklfbcc@gmail.com
37e1180a-f350-47ca-b787-4f027e6e563f,2021-12-14T19:53:20,BRAND5,315.93,jaahfff@appple.com
b313ba7a-5198-4ddb-a654-ed32c1be1c3f,Tue Dec 14 19:54:10 2021,BRAND1,846.52,"""gbeccbf bbehggg"" <gbeccbf@gmail.com>"
d7107437-f1bf-4337-bc92-d1556312eddd,2021-12-14T19:55:50,BRAND2,411.66,beefibd@appple.com
b36551d5-9fb0-4fd3-9925-e70e9d66fd4f,2021-12-14T19:58:20,BRAND2,446.75,"""hljegjb gkfhjef"" <hljegjb@gmail.com>"
08570645-4dfe-4d09-bd7b-b78eb65ffbd5,2021-12-14T19:58:20,BRAND2,686.70,"""kdlfakk aejfefd"" <kdlfakk@gmail.com>"
b13facdf-5817-4b7d-9233-2d5dcfcb4c34,2021-12-14T20:00:00,BRAND2,124.39,ddllkfh@gmail.com
79f68665-7a6c-4ef3-8e0d-1696262999bc,2021-12-14T20:00:00,BRAND2,973.51,bfkhcle@gmail.com
10b68665-3420-4d8e-a601-8caed4378416,2021-12-14T20:01:40,BRAND2,471.22,dibceea@gmail.com
8daf4c96-1f2b-462a-b2db-e481c10e506f,2021-12-14T20:01:40,BRAND2,727.95,gkeclie@appple.com
a220e803-c1d6-4551-88ed-5f8d0da2c9ca,2021-12-14T20:02:30,BRAND2,722.32,chcfbfa@appple.com
9a3adc08-e557-4df9-adba-72f1d8247190,2021-12-14T20:02:30,BRAND3,232.35,ijedgfh@gmail.com
aee77e6e-dc6a-45a9-b5c7-2054c88b3568,2021-12-14T20:03:20,BRAND2,954.31,"""kljljie ckfdeff"" <kljljie@gmail.com>"
b875d253-fc22-4e71-a7dd-3388ef544d52,2021-12-14T20:03:20,BRAND2,459.16,dlafihj@appple.com
d0cd1372-35e4-4bb3-9c1e-72908e75ccee,2021-12-14T20:04:10,BRAND2,431.98,ajfjkbk@gmail.com
79b8378c-de2d-44c0-ba36-76a1f928690c,2021-12-14T20:06:40,BRAND2,81.87,jedcjee@appple.com
9833a43f-b98e-4fed-aeb5-03e346f2418d,2021-12-14T20:06:40,BRAND5,70.33,cbkhjjk@gmail.com
030fa3ee-4d70-401a-8fdb-11a1f40edc3a,2021-12-14T20:07:30,BRAND2,870.67,clbhaag@appple.com
e1d7cfbc-226e-423b-b268-df4d0ca7e6b2,2021-12-14T20:08:20,BRAND2,16.57,"""bcdekkb dalfkcf"" <bcdekkb@gmail.com>"
8a949747-8487-4205-aa6a-7c9c93db8c23,2021-12-14T20:08:20,BRAND2,134.21,ifajbhc@gmail.com
ed4ca30b-7a35-4749-bfce-95ba5ae49fbf,2021-12-14T20:09:10,BRAND2,585.36,"""fkicjlf lldaaca"" <fkicjlf@appple.com>"
48ac69a7-c68c-43c0-9c0f-5b43437aaa6b,2021-12-14T20:10:00,BRAND2,587.75,"""dkjhcee kghkgid"" <dkjhcee@gmail.com>"
db2cf436-411d-4d38-9672-9aa7672fe3b7,2021-12-14T20:10:50,BRAND2,952.90,jkfggfg@live.com
c3c27f5f-0222-499a-b55c-d6fe99aebe6d,2021-12-14T20:10:50,BRAND2,40.50,ggclkil@gmail.com
d5663a1b-e9c6-401a-8fb0-76b343d4ad78,2021-12-14T20:11:40,BRAND4,134.30,lblfcgj@live.com
010545c3-f2ef-4ff1-be0e-1c0c12345896,2021-12-14T20:14:10,BRAND2,894.95,eddkghj@appple.com
93911ba3-821f-4eee-91b7-579d644686fd,2021-12-14T20:14:10,BRAND5,41.58,kiblfdb@appple.com
4292774d-6b6a-4b08-ae02-a114400cf13f,2021-12-14T20:15:50,BRAND5,501.43,"""lhebbbf aiielhb"" <lhebbbf@gmail.com>"
9eb351bb-abc6-465e-9810-16119a69ec0c,2021-12-14T20:15:50,BRAND2,420.05,agehedl@gmail.com
2023ecdc-987c-4b7f-a369-5fa510065ddf,2021-12-14T20:16:40,BRAND4,445.23,ilibigi@gmail.com
e3f5a7f8-aa9c-451d-88e1-99dde4c528be,2021-12-14T20:16:40,BRAND2,72.06,"""bhibecl gelebck"" <bhibecl@yahoo.com>"
f3c2eb78-b139-40d6-8376-d05d4afeb5e4,2021-12-14T20:17:30,BRAND5,80.64,"""geblhid kiihjfa"" <geblhid@gmail.com>"
6909a987-2754-40dd-a9cb-72b629b393e0,2021-12-14T20:18:20,BRAND1,943.25,"""fdfcflg ibjgfdc"" <fdfcflg@gmail.com>"
e5f40d3c-d2dc-495b-84d0-e6215c8bd711,2021-12-14T20:18:20,BRAND2,178.89,gbhkkci@appple.com
c9cb4181-cdc0-400c-aefa-8a42e068d1d7,2021-12-14T20:19:10,BRAND2,834.82,"""dkcgald lgeglai"" <dkcgald@appple.com>"
5c05afd0-31fc-42bb-b528-69837126fde0,2021-12-14T20:19:10,BRAND1,364.11,bjiieab@gmail.com
4546bff6-aa16-4c44-8b77-39a2495c0316,2021-12-14T20:20:50,BRAND3,288.58,ccjbjid@appple.com
55a77861-4bad-420e-899f-f80d8215b158,2021-12-14T20:21:40,BRAND2,$664.30,llidchj@gmail.com
6e86b87a-da51-4982-97dd-d2e2c8957d93,2021-12-14T20:21:40,BRAND5,210.44,fgdhhke@gmail.com
a20cd329-885c-408b-bd93-e192ea1d9a79,2021-12-14T20:22:30,BRAND5,153.21,"""ldcfkaa ghijgbf"" <ldcfkaa@live.com>"
6890cea7-011b-4a69-b188-35072ae76f58,2021-12-14T20:22:30,BRAND5,955.72,fcediac@gmail.com
344e49fb-552f-4243-a726-24e2e071ef87,2021-12-14T20:24:10,BRAND2,699.80,bkjbdjh@gmail.com
6a2e8208-9423-4823-87c2-3d4040a80a02,2021-12-14T20:24:10,BRAND2,995.01,jbjefgc@live.com
17cba760-b677-4427-97bb-2996d506e950,2021-12-14T20:25:50,BRAND2,370.82,"""ilelefi bbjggea"" <ilelefi@live.com>"
38fb4b22-02d6-498e-8990-c1022fe4fc6b,2021-12-14T20:26:40,BRAND5,650.66,iiabdcc@appple.com
e9444fa8-9445-440c-892a-cc44630d30a2,2021-12-14T20:26:40,BRAND3,487.87,"""fafgdle gclkeda"" <fafgdle@yahoo.com>"
2188d348-9293-434e-a9e1-4e484bcefcc6,2021-12-14T20:27:30,BRAND2,730.42,kefclbi@gmail.com
6ba4ea66-d7f3-4923-9983-35efdcc73abb,2021-12-14T20:27:30,BRAND3,746.26,"""lkekakj ekjcgac"" <lkekakj@gmail.com>"
20059084-36fa-4504-8f48-9a2877f9558e,2021-12-14T20:28:20,BRAND2,468.41,egcibha@gmail.com
08e5c2d5-963a-47cf-8fb3-9d81cf273e27,2021-12-14T20:28:20,BRAND5,229.37,"""khlbegi ieabkij"" <khlbegi@appple.com>"
10a5bf4f-3a06-4fe8-82ff-cd58f37746f8,2021-12-14T20:30:00,BRAND1,600.73,"""aagckjk dbdjgih"" <aagckjk@gmail.com>"
afed34a4-4203-46af-866b-ef53b142aecb,Tue Dec 14 20:30:50 2021,BRAND2,345.62,idijgie@gmail.com
c40f7c07-bf63-496d-ad33-6f0f207b15c2,2021-12-14T20:31:40,BRAND5,984.89,fbjkgcf@gmail.com
973148fb-e891-4235-9dd2-d129ac0833db,2021-12-14T20:32:30,BRAND2,601.49,"""bfcljjc leljhfl"" <bfcljjc@live.com>"
3c0aff2d-aba8-4d69-9238-76a5b0c3e49b,2021-12-14T20:35:00,BRAND2,498.56,jaejfll@yahoo.com
690e6ee7-44c1-4fd0-8263-0aa2f7a48b7a,2021-12-14T20:36:40,BRAND3,629.27,hjjkhfb@gmail.com
9fe2d37e-0140-4c68-8881-5e7c9237da4a,2021-12-14T20:36:40,BRAND4,156.72,"""iegahkb khdaclf"" <iegahkb@gmail.com>"
6de33bc6-8100-424a-8fde-12b19cac3b2e,2021-12-14T20:38:20,BRAND1,703.76,cjfjeeh@live.com
c6932782-f850-442d-a312-977a76a2982b,2021-12-14T20:38:20,BRAND2,942.80,hcahidd@appple.com
d2e8999d-d296-4048-b2c9-12403590cf78,2021-12-14T20:40:00,BRAND2,523.02,jajbeek@appple.com
e88c4aad-e749-4d8c-9fc7-f92f6c77eb91,2021-12-14T20:41:40,BRAND3,489.93,bifjhll@appple.com
8cadb41a-0f8b-4a40-8cd1-0c56bb81ef77,2021-12-14T20:41:40,BRAND5,83.83,jahfdkg@gmail.com
c489cf31-28d6-4ad0-9d75-9eb39866eb18,2021-12-14T20:42:30,BRAND2,540.02,"""kalgbdf eichffl"" <kalgbdf@gmail.com>"
ec7fedfd-4187-4207-b413-47dbec856b89,2021-12-14T20:42:30,BRAND1,46.06,"""cehegff jeleiac"" <cehegff@gmail.com>"
1106c8d3-94ad-495f-99e8-c4617e644a69,2021-12-14T20:43:20,BRAND1,208.96,iigeiab@hotmail.com
0d60dd12-d6ec-4650-9207-aceda8743e6e,2021-12-14T20:43:20,BRAND5,942.10,aeffdkf@gmail.com
91d6c804-510c-42ed-aa6c-f4c178714d45,2021-12-14T20:44:10,BRAND2,449.22,kcjiggj@yahoo.com
cd3302da-0558-4a29-9579-739b7a6f62c6,2021-12-14T20:45:00,BRAND2,108.99,hkbifjc@appple.com
fbdea904-29a4-4714-8651-1d6cf2c15bbf,2021-12-14T20:45:00,BRAND5,196.34,kdlebdh@live.com
d3e5ceff-2c3d-4b93-9ce9-f5ca0d3bf527,2021-12-14T20:45:50,BRAND2,34.37,fiekchk@live.com
ae4348cc-d4eb-4a66-b197-d627d4c8a07a,2021-12-14T20:46:40,BRAND1,484.78,ddhlfal@gmail.com
d8b0a32b-1b1b-42be-b4d6-75d0d5048c75,2021-12-14T20:46:40,BRAND5,880.78,liaikdk@gmail.com
155b6079-73de-4629-853f-0d5777650605,2021-12-14T20:48:20,BRAND5,467.10,"""adjgfff ddabecf"" <adjgfff@appple.com>"
1e99fb1a-d95b-4ff8-9d02-802739e625c4,2021-12-14T20:49:10,BRAND2,75.90,"""dbeljkf khgljll"" <dbeljkf@appple.com>"
03f90012-60ac-4166-9bd2-1913de01cae2,2021-12-14T20:50:00,BRAND3,213.50,ebihcaa@yahoo.com
75dc870a-82eb-48e6-af55-0f82b16618e8,2021-12-14T20:50:50,BRAND2,120.09,edaejde@appple.com
8f203f95-8d96-40c1-9542-6548b77c6783,2021-12-14T20:50:50,BRAND2,497.07,cehffik@gmail.com
bf85cbb8-c61d-424b-a0f6-efeb7a5e2712,2021-12-14T20:51:40,BRAND5,837.92,kjiahdi@hotmail.com
fdd5f5e3-3ff5-4067-b008-7db49cfa84e9,2021-12-14T20:51:40,BRAND2,531.37,aabhlhb@gmail.com
94ea3d55-13b5-4c65-8c52-6ad843bec003,2021-12-14T20:52:30,BRAND5,171.13,"""jfeclff iglcbfl"" <jfeclff@yahoo.com>"
ce322614-2e2f-4095-adc8-c2a82fffa871,Tue Dec 14 20:52:30 2021,BRAND2,548.28,bdlgkbd@appple.com
66cd7439-5c9d-4c86-b7e2-bb11161900fe,2021-12-14T20:53:20,BRAND3,232.14,cdilill@appple.com
6ccce553-c282-4ae8-bf59-2bf3d0408bb1,2021-12-14T20:54:10,BRAND2,182.62,abjcjek@appple.com
5ff9d534-4e05-4364-8542-da3d3cc23ce0,2021-12-14T20:54:10,BRAND3,249.98,ecbbecg@gmail.com
81321960-2f32-4aeb-98c0-669411e1e1bd,2021-12-14T20:55:00,BRAND2,610.87,hebejgl@live.com
1d7e740a-2c00-405f-9703-0aa3fadfddf1,2021-12-14T20:55:50,BRAND5,357.32,kjahkhb@gmail.com
d176475d-cf3e-411e-a51b-a84fe8fde6b8,2021-12-14T20:55:50,BRAND5,185.26,djcjfdg@yahoo.com
127ed488-a666-45a9-970b-a850a4bdfb2c,2021-12-14T20:56:40,BRAND5,879.37,jhlbbjb@gmail.com
b1449377-aea4-447a-af05-e22d124ea5ee,2021-12-14T20:57:30,BRAND5,349.96,kbhdfif@gmail.com
e33601bb-acf7-48f8-8d64-79c53f20eabf,2021-12-14T20:57:30,BRAND2,914.88,lhkfiha@gmail.com
a894e265-9b81-4a17-acfb-0650059ad4c7,2021-12-14T20:59:10,BRAND2,799.39,"""eiahjcg cbjgdhk"" <eiahjcg@gmail.com>"
04b40638-4a45-4543-bd6f-9994b62e9225,2021-12-14T20:59:10,BRAND3,246.89,aajagef@gmail.com
717197ae-0723-4ffd-9e7f-04386be901f7,2021-12-14T21:00:00,BRAND5,770.89,"""felhilg fikjdda"" <felhilg@appple.com>"
3644e7ce-7ca5-498d-825d-972e76f7c442,2021-12-14T21:00:00,BRAND1,78.65,"""fieljia lheickj"" <fieljia@live.com>"
9aebd06d-d840-47b6-b351-78ff463e2c55,2021-12-14T21:00:50,BRAND2,260.88,bilbeec@gmail.com
805deeac-5791-4168-b89b-8aeab14bd00d,2021-12-14T21:00:50,BRAND2,471.62,"""hlblded glhjhbj"" <hlblded@gmail.com>"
d33f5c5c-5ee4-4232-a9e7-c4da444b509e,2021-12-14T21:02:30,BRAND5,405.38,agilgbl@live.com
bc730c2c-c93d-42ae-9164-eb59d5abba7a,2021-12-14T21:02:30,BRAND2,270.53,kcladkb@gmail.com
af09908f-2b83-4570-a00e-8cf3c0f92f48,2021-12-14T21:04:10,BRAND3,424.12,jigcdii@live.com
a29f1dc7-2f99-42dc-93e9-4f401e581c55,2021-12-14T21:04:10,BRAND2,326.15,hbcjcll@appple.com
dfec533a-f590-443e-96db-cd7ca2b3d1b1,2021-12-14T21:05:00,BRAND2,407.70,"""daijaje jclbklb"" <daijaje@gmail.com>"
8e1f6952-f544-4f3e-a608-36abfbf2ad06,2021-12-14T21:05:00,BRAND2,253.38,jiaghaa@live.com
be432813-a540-4b89-9fda-bce5e10c05cc,2021-12-14T21:05:50,BRAND1,830.47,lkjckga@gmail.com
eefff2d3-bcd2-4b05-ae08-728bd9a6e817,2021-12-14T21:06:40,BRAND5,5.70,afbjljd@yahoo.com
244d6a87-c963-4ea9-b783-8e66d549f558,2021-12-14T21:06:40,BRAND2,360.03,"""lkgibik kcblegb"" <lkgibik@yahoo.com>"
15addbc8-a42d-430c-b805-4dc5c641be1c,2021-12-14T21:07:30,BRAND1,760.71,efadkaj@appple.com
91095718-9301-41b9-a504-70ddc0e16f2b,2021-12-14T21:07:30,BRAND2,422.03,cgkehad@appple.com
da6491dc-e008-4513-a06d-0e8867bd0560,2021-12-14T21:09:10,BRAND2,395.23,"""jgffdek aggbijf"" <jgffdek@appple.com>"
da7eb324-e8db-473b-b113-d8fbd6d53eb2,2021-12-14T21:10:50,BRAND5,293.65,"""agdlhlk eiggckh"" <agdlhlk@live.com>"
63592974-2f0f-4584-ad47-6e065034c004,2021-12-14T21:10:50,BRAND2,601.50,dihaibf@live.com
77a3985d-4d7b-4217-a80b-2dc643e326f1,2021-12-14T21:12:30,BRAND5,479.06,abkhiel@gmail.com
bf444ee2-966d-48f1-84a8-72b03b5a5edb,2021-12-14T21:15:00,BRAND1,569.03,cglaalb@gmail.com
7f113fe1-0deb-4123-beee-261f9f334140,2021-12-14T21:15:50,BRAND2,260.97,"""ihkcbgj iklhlae"" <ihkcbgj@gmail.com>"
9356790c-79f1-41bd-b77d-3fffb08d8cd7,2021-12-14T21:16:40,BRAND5,927.19,dflhjkd@appple.com
854fe164-e369-4995-8e9f-0e132f9440ba,2021-12-14T21:16:40,BRAND2,27.44,"""lihlcgc gdajdal"" <lihlcgc@appple.com>"
0f12a61e-f875-4ea8-8cdf-beea6c105e8a,2021-12-14T21:18:20,BRAND4,559.78,ckeclja@appple.com
808d2280-ebb3-4c60-905b-2b568cef48f1,2021-12-14T21:18:20,BRAND2,315.25,"""aafaclh jicfffd"" <aafaclh@appple.com>"
45902387-3cef-43fb-b9f3-24a206465822,2021-12-14T21:19:10,BRAND5,16.15,ibcicee@gmail.com
07167b2f-cbbf-4fdf-9fe8-f84cd583f3d4,2021-12-14T21:19:10,BRAND5,797.15,"""fdidchg cjaclcb"" <fdidchg@gmail.com>"
7be2b05b-d4ba-4587-8d0d-7726d0be4c4a,2021-12-14T21:22:30,BRAND3,58.07,"""fahkbia fhhkgee"" <fahkbia@gmail.com>"
1e901302-a24a-4f2c-83be-bf5dd8185e81,2021-12-14T21:22:30,BRAND5,211.02,iheldkb@gmail.com
d9459346-8a0e-4697-826e-32ad9efff7fb,2021-12-14T21:24:10,BRAND2,571.25,jblhbih@live.com
b2006809-6b6a-4fb7-8035-b3e0f59bb316,2021-12-14T21:25:00,BRAND2,591.55,"""gfdeeij khbkklk"" <gfdeeij@gmail.com>"
3b828ba4-30f1-4655-a9a9-453ba4c610fe,2021-12-14T21:25:50,BRAND2,20.49,dacdfcl@yahoo.com
627d684e-fb62-4c9f-b090-95810b37fab3,2021-12-14T21:25:50,BRAND2,22.09,"""kjijghg akcfjic"" <kjijghg@appple.com>"
8704a568-48a2-425a-80f7-5ebcfb281014,2021-12-14T21:26:40,BRAND4,328.83,"""ijddded lbifkfk"" <ijddded@gmail.com>"
a29269fd-6f80-43ca-b369-19cf6ce255ea,2021-12-14T21:26:40,BRAND2,759.14,glkblej@live.com
149793af-9e8d-4041-b24b-d90ddc9febed,2021-12-14T21:27:30,BRAND5,245.01,"""dakiagj iffbckd"" <dakiagj@gmail.com>"
aaf0c16e-fcc1-4916-a5ae-67ac28095726,2021-12-14T21:27:30,BRAND2,287.45,"""kdkfjeb fhdddla"" <kdkfjeb@appple.com>"
79051abb-394c-408a-bfe5-b5e5f99c0afc,2021-12-14T21:28:20,BRAND2,423.21,heikcib@hotmail.com
09591069-6768-4f3e-999f-2b1ca1049b03,2021-12-14T21:30:00,BRAND2,40.02,bliahde@appple.com
89e124dc-c8d4-49a0-ac85-c30420701b57,2021-12-14T21:30:00,BRAND1,275.73,bjgiica@gmail.com
d7e740e9-a346-4c63-ba04-08761f872939,2021-12-14T21:31:40,BRAND5,19.42,"""ddjiebi kedafad"" <ddjiebi@gmail.com>"
3d8d6bed-765d-4c1e-a005-b1c70c799be3,2021-12-14T21:32:30,BRAND1,638.01,ikhbkaj@gmail.com
72ba8c79-b3cd-4090-a012-5b0fdd9d6a99,2021-12-14T21:34:10,BRAND4,193.59,"""kccklea bjdeaic"" <kccklea@live.com>"
cd015aa8-29cb-4db6-a62b-39f443270c23,2021-12-14T21:34:10,BRAND5,375.01,"""ldklfcf hcifdfe"" <ldklfcf@gmail.com>"
38b3b68d-97f1-4193-b64a-8eb41fce5f24,2021-12-14T21:35:00,BRAND4,646.02,bckjiec@gmail.com
e91a8ea7-800d-49d0-b9e8-c0f840ca24d7,2021-12-14T21:37:30,BRAND1,625.10,gklekhh@gmail.com
c06848f3-cf53-46c4-bdc9-dbbf3bee23aa,2021-12-14T21:37:30,BRAND1,506.78,"""hdagcfb bhjkhdj"" <hdagcfb@gmail.com>"
ebbc4bba-1079-45de-a76a-5374dfecbbd4,2021-12-14T21:38:20,BRAND5,620.62,"""jajlffg kiajfjh"" <jajlffg@gmail.com>"
104c5522-849b-4f29-8edf-e10a107ddd53,2021-12-14T21:38:20,BRAND5,400.41,"""fkdhafb jdabica"" <fkdhafb@yahoo.com>"
43d96ec8-d762-4593-a2f9-749db94f0fd9,2021-12-14T21:39:10,BRAND3,987.81,hhdkela@gmail.com
f364fdb7-d505-420b-af32-fd5a3d86ce25,2021-12-14T21:42:30,BRAND5,545.06,hhefbgk@gmail.com
bffdc9d0-ad39-4ba8-931a-1a2643c610a9,2021-12-14T21:42:30,BRAND2,719.05,"""jkdgcba cchjadl"" <jkdgcba@gmail.com>"
124fac16-c6b1-4c7f-b168-b0bcb8c8ab29,2021-12-14T21:44:10,BRAND1,256.92,"""ijjaidj affekac"" <ijjaidj@yahoo.com>"
9fe57ca1-d467-4717-a703-9588f7ced625,2021-12-14T21:44:10,BRAND1,964.94,"""icggbei hhljhgi"" <icggbei@gmail.com>"
6031c767-72fe-4094-9d8e-6aa66e3cd4ef,2021-12-14T21:45:00,BRAND5,$561.09,eicjlgc@appple.com
205259e6-66c5-4d73-9b18-44e4a1c1bcf7,2021-12-14T21:47:30,BRAND2,563.09,djeggja@gmail.com
64cce927-59a6-456b-8a7a-79956cc5ce47,2021-12-14T21:47:30,BRAND4,942.89,"""ldllili djckgbj"" <ldllili@appple.com>"
24842d55-5aec-4c2e-8cfd-21d9df160222,2021-12-14T21:50:00,BRAND2,420.09,dejlkke@appple.com
8d638d49-cc7b-4ffc-ab4f-95ae306dfd58,2021-12-14T21:50:50,BRAND2,450.90,"""eijaggb gghbjgd"" <eijaggb@live.com>"
0bd52b75-08d1-40ff-a571-c85293839baf,2021-12-14T21:51:40,BRAND2,51.55,gdbdjfl@gmail.com
bf7c72ea-255e-4a7c-b1a9-bd1ab4c51266,2021-12-14T21:54:10,BRAND5,141.18,ighlkga@live.com
ac0dae46-5879-4612-959b-87b0785414d9,2021-12-14T21:55:00,BRAND2,664.24,hjdkiia@yahoo.com
d57c9d0e-f854-4587-818c-c32d4dbb1f4e,2021-12-14T21:55:00,BRAND4,525.31,"""ieleele dkgjaaj"" <ieleele@appple.com>"
cf33cb21-8e74-4c7d-b07e-b75a46e0b44e,2021-12-14T21:56:40,BRAND2,312.38,hccjcdc@appple.com
3046a2de-ebbf-4238-ad8a-c48d6fd09a72,2021-12-14T21:56:40,BRAND2,646.59,abahchb@gmail.com
0752da7d-eb1e-4930-a345-49c3f8b22140,2021-12-14T21:58:20,BRAND1,841.75,"""eidhifa cffjchb"" <eidhifa@gmail.com>"
33561b8b-80f6-4492-a230-18513f47e820,2021-12-14T22:00:50,BRAND2,387.21,"""gaifjdh iafahed"" <gaifjdh@gmail.com>"
43b93007-47d4-4d91-ac57-d52ffaa2db8e,2021-12-14T22:01:40,BRAND2,672.10,"""fgbbhbl fhiijdc"" <fgbbhbl@gmail.com>"
46a88dab-3147-479f-ba00-50056e1b3a65,2021-12-14T22:02:30,BRAND5,253.51,"""jjddeje hihielj"" <jjddeje@live.com>"
5828913d-7394-42dd-b3c4-d0f234b0517a,2021-12-14T22:02:30,BRAND2,187.91,dfdbkab@yahoo.com
1f1b4d63-d087-46c1-a7c1-10713c439925,2021-12-14T22:03:20,BRAND4,339.66,khljcig@live.com
75dfc58d-e5b9-4b3d-9b7d-6d0c8f918014,2021-12-14T22:03:20,BRAND2,717.00,"""jifglie ckgelda"" <jifglie@gmail.com>"
1de2fb2a-f9b2-4f6b-b225-3774396f8cab,2021-12-14T22:05:00,BRAND1,838.72,ggdlgjb@appple.com
688c1888-6c6f-4e51-80ab-8f564555be14,2021-12-14T22:05:00,BRAND5,339.69,"""lbakddc cjgilad"" <lbakddc@gmail.com>"
ad88dfae-901d-4d43-9531-523293f9de13,2021-12-14T22:05:50,BRAND2,727.20,kgkebei@gmail.com
a9898ceb-d576-4b68-bef9-44d1e5962cc9,2021-12-14T22:06:40,BRAND5,214.08,aaldgfl@gmail.com
9179ccce-aa70-423f-8659-922728607660,Tue Dec 14 22:07:30 2021,BRAND5,71.46,gkhadgc@gmail.com
4b991373-a415-4bd7-b5d6-c2df6e0cc11d,2021-12-14T22:08:20,BRAND2,728.48,dfaffbj@gmail.com
601e0ab8-2c76-4f64-b93b-acb80efad921,2021-12-14T22:08:20,BRAND2,248.20,"""iicfcbe efaeadc"" <iicfcbe@appple.com>"
a61e6bf9-c25b-440b-b666-60519b510cbc,2021-12-14T22:09:10,BRAND5,369.75,hcfgble@live.com
4f66bf8a-22de-4b82-9532-c8588b3cbcb6,2021-12-14T22:10:00,BRAND2,619.52,ekkadbg@appple.com
5cc43263-eac2-40a9-81bb-9f4c6327b083,2021-12-14T22:10:00,BRAND2,329.20,"""lfkfhjl gdbjagg"" <lfkfhjl@gmail.com>"
30f0c67f-3de4-40e7-946b-166dadebd5b9,2021-12-14T22:10:50,BRAND5,487.75,bjiaehk@gmail.com
55000840-1ac1-4469-a731-f7d96cde9ec4,2021-12-14T22:12:30,BRAND5,630.38,"""kkhikdk aljacid"" <kkhikdk@gmail.com>"
9a375687-dba0-4eeb-87a2-02bd3c644d06,2021-12-14T22:12:30,BRAND2,989.51,glahegd@yahoo.com
533f7c64-6f44-4b74-ac4c-545eae72d55d,2021-12-14T22:13:20,BRAND2,157.38,"""cjliggd dlcjkig"" <cjliggd@appple.com>"
f08dcde5-4803-495f-b92a-d8fdb3e01ca0,2021-12-14T22:14:10,BRAND5,$133.65,"""hihbbjb helggke"" <hihbbjb@live.com>"
3522964d-a89f-41cb-ad83-4e9c815502a6,2021-12-14T22:14:10,BRAND2,$927.58,eiaigje@appple.com
62d7cc24-f8be-4d9d-8223-b5998055ba20,2021-12-14T22:15:50,BRAND4,586.67,"""jjbcbcj lcclegk"" <jjbcbcj@yahoo.com>"
af52bab7-55b0-4fbe-b978-1f13d1baa558,2021-12-14T22:16:40,BRAND2,2.28,"""hegfece kjhikcl"" <hegfece@gmail.com>"
367803cb-dd25-45fd-ab20-2dd226c02fe6,2021-12-14T22:16:40,BRAND2,225.90,"""dlccihg jlhalgd"" <dlccihg@appple.com>"
92324bfe-136e-4e15-9136-b68e662836e5,2021-12-14T22:18:20,BRAND2,610.86,"""hhdabcj ceekdfg"" <hhdabcj@hotmail.com>"
33ea43ab-ffb1-4558-8219-79e0c8e958bb,Tue Dec 14 22:20:50 2021,BRAND1,237.54,ehfeiia@gmail.com
e4e5db32-3090-45c3-97cc-83afa2390622,2021-12-14T22:21:40,BRAND2,499.13,eiladee@appple.com
d0dfc5be-df7a-4f2b-9df9-932bf571427d,2021-12-14T22:22:30,BRAND2,76.16,jbciail@appple.com
3dc47ccc-a02c-4021-9d17-b0e106c42a55,2021-12-14T22:23:20,BRAND2,377.81,"""kalbhhg jdcjgaa"" <kalbhhg@gmail.com>"
a67e0fd1-3f9a-4590-a12a-b9903620ae87,2021-12-14T22:23:20,BRAND2,782.19,"""feeidgj edclgjc"" <feeidgj@gmail.com>"
480a263b-4fcc-48c1-aaa6-ba61886f2765,2021-12-14T22:25:00,BRAND5,342.10,lcidfka@gmail.com
0b97a387-0785-48b7-b9ca-b21b147f6cc1,2021-12-14T22:25:00,BRAND2,73.92,"""acdgalc ggadkjh"" <acdgalc@gmail.com>"
a069f6c2-e7c2-45f7-9621-4a42680b9a84,2021-12-14T22:25:50,BRAND5,827.09,hfcgflc@yahoo.com
750ac12c-935a-4990-a929-9384b03494bf,2021-12-14T22:26:40,BRAND1,28.14,"""cieacii jjjeehc"" <cieacii@hotmail.com>"
d5f07107-de20-47e0-bd61-4cd62e86e2ea,2021-12-14T22:27:30,BRAND2,334.14,jalfehf@gmail.com
4c57c21b-bc49-444c-925d-497a1ab131f4,2021-12-14T22:27:30,BRAND5,955.92,iigiikl@live.com
8a6240b0-d114-4afb-b6af-6aefe8efb6d0,2021-12-14T22:28:20,BRAND3,747.06,kfiadlk@yahoo.com
99b61f20-48c0-4f9f-8c06-27074eeb9f22,2021-12-14T22:31:40,BRAND2,308.71,"""kkadgib dbehcgj"" <kkadgib@gmail.com>"
d644767d-1f9e-4c1b-8958-4faebce6502b,2021-12-14T22:33:20,BRAND5,514.96,idhlggh@gmail.com
5fda82cd-c6f7-4d85-9815-3dff675b4163,2021-12-14T22:33:20,BRAND5,900.65,"""kcbjkdl ebachig"" <kcbjkdl@yahoo.com>"
b2add488-7091-4681-b6e5-4e6d7a64aeac,2021-12-14T22:35:00,BRAND2,170.94,kgeeaia@appple.com
ebbae968-858a-4533-ab99-aa8d858ae5d7,2021-12-14T22:35:00,BRAND5,234.01,bffdbed@gmail.com
66b394d9-ca13-4457-856a-88773a7dbd0e,2021-12-14T22:35:50,BRAND5,457.83,khaieej@gmail.com
e07df64e-d413-4549-97bf-00e88cfb51f3,2021-12-14T22:35:50,BRAND5,550.05,cgdedke@appple.com
2267448c-d21d-4649-aa4e-fda6173ee4ac,2021-12-14T22:36:40,BRAND2,521.22,kdgicfc@gmail.com
40bec1a6-b82b-42f1-9e81-782dfdffb9f0,2021-12-14T22:37:30,BRAND2,75.46,jjibhjg@gmail.com
09c507b2-d4a4-4713-babd-b028ffab7e58,2021-12-14T22:37:30,BRAND5,9.49,dhljbha@live.com
daf8344b-c519-40da-ad42-93a8fa5d9447,2021-12-14T22:38:20,BRAND5,263.06,ddjleke@appple.com
7d968edc-3e0a-4622-b08e-28a56746efb7,2021-12-14T22:39:10,BRAND5,914.70,"""iieghff hjkbakc"" <iieghff@appple.com>"
30fe5087-29f4-421b-a82f-d6fe6b956f14,2021-12-14T22:40:00,BRAND5,126.68,"""ifggfki jabifik"" <ifggfki@yahoo.com>"
b1ef20fb-7451-4af1-86ad-a2cd1b03e0b1,2021-12-14T22:40:00,BRAND4,415.61,"""idhdgai bhfaahd"" <idhdgai@gmail.com>"
49860be7-0868-4456-b0ff-dfbd18831df8,2021-12-14T22:40:50,BRAND2,281.33,hkdfgbe@gmail.com
716d0d79-9405-459d-90a6-0903c6b868e4,2021-12-14T22:41:40,BRAND2,743.71,hlcaiig@gmail.com
1e4b4c34-f8ba-4123-af4d-e5747db2adc1,2021-12-14T22:42:30,BRAND5,441.55,"""bllkggj albkdla"" <bllkggj@gmail.com>"
4eb4ba3d-d706-47ff-b6ce-cc48e859acc2,2021-12-14T22:43:20,BRAND2,704.71,ebaedbf@live.com
23c2c1ed-e5da-4593-9d49-7a37cfdd349b,2021-12-14T22:44:10,BRAND2,998.63,dakjdbk@appple.com
e40626cb-e5af-479d-9a3f-33889d8bb9da,2021-12-14T22:44:10,BRAND4,244.89,biblfja@live.com
15af8f17-7de9-4e83-9475-834b05669c4c,2021-12-14T22:45:00,BRAND2,612.70,"""ajhikcb ldgacbc"" <ajhikcb@gmail.com>"
ac07fec2-f548-447d-af56-deaf3135acc3,2021-12-14T22:46:40,BRAND3,281.95,ahgblje@gmail.com
a27b39fe-4fa2-4407-a345-4e7699f6231b,2021-12-14T22:48:20,BRAND5,248.93,"""hjfbcih cdajjfh"" <hjfbcih@gmail.com>"
05a0de70-4af3-4b47-895e-367291d45838,2021-12-14T22:49:10,BRAND4,764.15,ifedfgg@gmail.com
894f54b3-4e94-4697-aba7-a72bee28f4d6,2021-12-14T22:49:10,BRAND2,108.69,cabichh@gmail.com
12565b5d-6472-40f1-9be2-6bdad687dc42,Tue Dec 14 22:50:00 2021,BRAND2,947.56,dadebgd@live.com
a03d11f8-bfce-478a-b9ce-807d99d7a068,2021-12-14T22:50:00,BRAND5,141.74,ajekfjc@gmail.com
820ea46c-9de7-46a4-88c1-f15a4b4debf2,2021-12-14T22:50:50,BRAND2,423.41,bikbkgc@appple.com
b9435218-017c-4b3a-b975-196a3ad4d300,2021-12-14T22:51:40,BRAND2,807.25,hibkebb@hotmail.com
3df44ab8-0827-4d98-ba45-4789a3766ac2,2021-12-14T22:51:40,BRAND2,617.27,"""hakgafi egkhgdk"" <hakgafi@live.com>"
6963518c-4327-41bc-b0df-5a6411e65c8e,2021-12-14T22:52:30,BRAND2,204.78,bblbbbd@appple.com
293bd4c5-12d2-44d6-9c99-648256936ff8,2021-12-14T22:52:30,BRAND2,223.61,"""ccdbadl hkbkgla"" <ccdbadl@live.com>"
8c41e391-a716-4f39-894b-8db0bf9598db,2021-12-14T22:53:20,BRAND1,764.10,flllgbl@live.com
e0bdd7f0-fafc-4a9a-9d37-a0712b5c9af8,2021-12-14T22:53:20,BRAND2,770.26,"""bdjadae gighbda"" <bdjadae@gmail.com>"
11dac9fd-d077-46a7-8660-c78493b7ceea,2021-12-14T22:55:00,BRAND2,234.74,fibdjhl@gmail.com
0260c136-0895-46e9-9405-5f7340f59760,2021-12-14T22:55:00,BRAND2,277.17,"""babfdeg ibbfafi"" <babfdeg@gmail.com>"
6fe52a1e-8ffb-4b05-8df9-15c4d06677df,2021-12-14T22:55:50,BRAND2,615.01,"""cjefhej blchacg"" <cjefhej@gmail.com>"
b317b328-bdc5-477c-be72-637adf3c1147,2021-12-14T22:56:40,BRAND5,391.07,"""dffdahi debgcab"" <dffdahi@gmail.com>"
773cd0e8-5904-40be-acee-833e00043279,2021-12-14T22:56:40,BRAND1,442.87,hjbldhi@live.com
8483c5b8-1db0-4fb0-9ef9-45db34881718,2021-12-14T22:57:30,BRAND3,13.39,jekeiic@yahoo.com
b743a4ba-2028-41be-89b9-8c6b86f3d54e,2021-12-14T22:58:20,BRAND2,204.64,"""ekelbgk ilbkcel"" <ekelbgk@appple.com>"
b47fc085-0e4d-428c-83eb-e7fea1bb93a2,2021-12-14T22:58:20,BRAND2,803.31,bkakada@gmail.com
9e989774-21e3-4e40-b6c2-d240e94bd56b,2021-12-14T23:00:50,BRAND2,755.14,klcgdbi@live.com
89e55b29-400b-4cd6-8b12-208e317109b6,2021-12-14T23:00:50,BRAND5,421.91,kcajjcl@gmail.com
0617dcb0-0a0c-485f-85ba-e59d33745dec,2021-12-14T23:02:30,BRAND5,811.91,labhbfb@gmail.com
66b3683d-f5db-4ab3-958d-a9c4e7fd2f52,2021-12-14T23:02:30,BRAND2,725.95,kkbfcal@appple.com
cb53d96b-9061-48e9-83a9-0216fa3ec409,2021-12-14T23:03:20,BRAND2,362.42,"""blbllfj jbeabki"" <blbllfj@appple.com>"
76ec1fdb-b548-41ec-874b-4266384a5062,2021-12-14T23:03:20,BRAND2,764.46,kcdildd@gmail.com
69a6d217-0b61-41b7-bad1-631405fc797f,2021-12-14T23:06:40,BRAND5,33.87,bbkbihe@gmail.com
f8725713-86ac-4290-9b9d-4abb18301ae5,2021-12-14T23:06:40,BRAND2,711.78,"""ifechdf dkdhfjf"" <ifechdf@gmail.com>"
e71c6c29-e99b-44b2-bc72-8213e90e8d1b,Tue Dec 14 23:08:20 2021,BRAND1,948.96,"""jigliig icjljkh"" <jigliig@gmail.com>"
e8b44c37-d024-4daa-bb19-46ded13c4bd2,2021-12-14T23:08:20,BRAND1,872.12,"""dhehcid kahahcc"" <dhehcid@gmail.com>"
4b489f64-71e4-4fd9-b0d8-26abc42297a1,2021-12-14T23:09:10,BRAND5,759.71,fabbdel@appple.com
4ba38b58-e305-4aff-8ab2-7158228b93e9,2021-12-14T23:09:10,BRAND2,376.02,"""fifhdhl lhehkbc"" <fifhdhl@appple.com>"
c34772b4-47ad-4d70-8356-8b6c49238161,2021-12-14T23:10:50,BRAND2,799.99,hhjkbel@appple.com
343df346-b1a3-4bfa-a720-8ae1aaaec6b8,2021-12-14T23:13:20,BRAND2,647.91,cjglfah@appple.com
b71665a1-8afe-4ed9-b5d6-3b940666e90c,2021-12-14T23:14:10,BRAND2,986.99,hddkajl@appple.com
9f97a490-55c7-4b15-930f-058dcda908d2,2021-12-14T23:14:10,BRAND2,951.23,"""kakdihi giiljjj"" <kakdihi@appple.com>"
caff608a-49bd-459b-90f7-104b63b89513,2021-12-14T23:16:40,BRAND1,743.62,ahfbafj@gmail.com
1e7bd8cb-1cc2-4a47-8785-3e62352610c2,2021-12-14T23:17:30,BRAND2,587.29,chbigad@live.com
871d781d-c19d-495a-84f0-c4cc4a708951,2021-12-14T23:17:30,BRAND2,674.28,"""jehaagk lkgblbi"" <jehaagk@gmail.com>"
29b2227d-06ec-4be4-bfcb-59e491c86761,2021-12-14T23:18:20,BRAND2,22.04,"""keifjjk ekihlkh"" <keifjjk@gmail.com>"
e0767b9b-0ab8-4051-94a1-30ce6f38df0c,2021-12-14T23:18:20,BRAND1,584.23,"""bdhcjgf hbkahkc"" <bdhcjgf@gmail.com>"
324b7a6b-9f34-4d44-b982-ef7276d7a9f0,2021-12-14T23:20:00,BRAND5,511.17,dibedgg@gmail.com
7a2ed7e6-e48f-428b-b7e2-47fe10d0c46d,2021-12-14T23:20:50,BRAND5,610.50,dejjejh@gmail.com
13673f68-038b-4582-90a0-e40e010c0453,2021-12-14T23:21:40,BRAND5,757.51,hbkjklg@gmail.com
4f31b538-dc29-4fe9-b808-d34d2148e1cd,2021-12-14T23:22:30,BRAND1,698.11,gdhleif@live.com
fba4ad4f-f41a-46fa-a3e4-46f87749afaa,2021-12-14T23:23:20,BRAND2,239.15,kgckjbc@yahoo.com
60d556e9-d1a9-4bde-912b-3077529b3f6d,2021-12-14T23:24:10,BRAND2,337.93,cjidhke@appple.com
a449b001-6879-4469-8a84-4a76661fb347,2021-12-14T23:24:10,BRAND5,478.13,"""iadecjd ladddcj"" <iadecjd@appple.com>"
cd03b049-aa09-4430-9750-df52ce36d7b6,2021-12-14T23:26:40,BRAND1,879.66,fggggah@gmail.com
6df93efc-9c30-4859-87a6-eb61238d09ea,2021-12-14T23:27:30,BRAND1,766.14,"""eejgjkd cfelhfd"" <eejgjkd@gmail.com>"
12f4220e-1253-4199-b974-0c3cf06a20ab,2021-12-14T23:27:30,BRAND5,250.25,lacagfk@gmail.com
4fbfadb5-76eb-4de1-a089-9e8f729d0f99,2021-12-14T23:30:00,BRAND2,293.83,ahkfaef@gmail.com
ac69dc92-c455-4bed-ac42-d92f4c4b229c,2021-12-14T23:30:50,BRAND2,602.06,"""khdecja chceich"" <khdecja@appple.com>"
14415540-15c0-4008-b018-ad522e044224,2021-12-14T23:31:40,BRAND2,17.62,"""jjhijca ijkefcl"" <jjhijca@gmail.com>"
d38a67f5-8067-404f-8291-c68136176e62,2021-12-14T23:33:20,BRAND5,86.97,ciedaje@gmail.com
9a8c866e-572d-4ca3-b186-02fc5add036b,2021-12-14T23:34:10,BRAND2,399.68,jfddkbk@live.com
3fc0f90c-499c-4f97-8675-c2cc9e658a7f,2021-12-14T23:34:10,BRAND1,570.85,"""ffideki alhkhee"" <ffideki@gmail.com>"
5e115fa8-91e1-4985-89ba-111357c072fa,2021-12-14T23:40:00,BRAND1,157.29,"""ddljadc ffggejf"" <ddljadc@gmail.com>"
8caf7f1f-da50-4454-9e7b-0102464b12f3,2021-12-14T23:40:50,BRAND2,268.78,"""dillhhf abecilj"" <dillhhf@appple.com>"
e3bae82a-3679-4258-870c-0e538b0cca61,2021-12-14T23:41:40,BRAND2,527.01,lkeicee@appple.com
6f3cf2e8-2078-400b-8270-a3a49503ef90,2021-12-14T23:45:00,BRAND3,464.21,ijhgefe@yahoo.com
2f2e83d4-8f92-421f-a5f6-fe4d1603f44a,2021-12-14T23:47:30,BRAND2,37.37,chcadil@yahoo.com
28cce111-79e3-4b60-a520-2d0f11ace7ae,2021-12-14T23:50:00,BRAND5,613.74,"""fbajjgj dkcifle"" <fbajjgj@gmail.com>"
2fbe022f-f942-41b6-86cc-1d326748bd41,2021-12-14T23:51:40,BRAND2,289.02,kfaffjl@gmail.com
5abff880-94eb-460f-b2f6-01dbcdc1a178,2021-12-14T23:51:40,BRAND5,971.71,"""djceakb lhegdgf"" <djceakb@gmail.com>"
408576a2-41f1-4f5a-9068-88d13588227c,2021-12-14T23:54:10,BRAND2,870.89,dhlcdcb@live.com
b2e5390d-8be7-4b30-ab6f-4201cf238e5a,2021-12-14T23:54:10,BRAND5,206.30,gegidlj@yahoo.com
e305472d-cdfc-4331-982a-910c840d8c4b,2021-12-14T23:55:00,BRAND4,396.74,bkgeajj@gmail.com
f752a8bd-3d74-49ba-a805-70f956383659,2021-12-14T23:56:40,BRAND5,238.81,lhehlfa@gmail.com
93206029-83cb-4b89-9254-c7f7adb93630,2021-12-14T23:56:40,BRAND1,175.02,ecebgjg@live.com
07080d06-d84e-4239-aeb4-773537c65bb8,2021-12-14T23:59:10,BRAND2,671.81,gfehhla@appple.com
013c5c99-8b96-4f8b-959a-c6bd51197f05,2021-12-14T23:59:10,BRAND1,387.08,ahlacea@live.com
f850c53e-f555-4a7d-9d53-c2eb0da7cebf,2021-12-15T00:00:00,BRAND5,203.45,bcilkje@gmail.com
1274f71e-46c5-4026-a5bb-32bc0f6a5474,2021-12-15T00:00:00,BRAND2,829.33,"""llcaake bgbckbc"" <llcaake@live.com>"
8dfbd546-efa0-4552-b08b-2ae304f4d167,2021-12-15T00:00:50,BRAND2,353.19,"""cfigdke ifaegif"" <cfigdke@gmail.com>"
04827d0d-e032-446e-a962-ecd7de941860,2021-12-15T00:01:40,BRAND1,565.45,"""cfdfbkd idcjadg"" <cfdfbkd@gmail.com>"
109a8154-783a-465e-94ed-e4b08e4cb5a0,2021-12-15T00:03:20,BRAND2,828.17,icehege@gmail.com
f5b42593-363c-4e97-97de-2b32d62124b6,2021-12-15T00:03:20,BRAND2,787.56,"""efcbhgl ffkiabg"" <efcbhgl@gmail.com>"
7db05370-8250-4dfd-a693-f0a166223fd5,2021-12-15T00:05:00,BRAND2,179.08,gjidfha@appple.com
9fb30553-95eb-4fb0-90b8-d0488cc133b7,2021-12-15T00:05:00,BRAND2,662.27,"""dhbcjlh hifjhjh"" <dhbcjlh@gmail.com>"
d7b33f2a-6ae9-460c-8823-0fa68c9b7233,2021-12-15T00:05:50,BRAND5,662.97,"""agfiegd jjgfgjk"" <agfiegd@hotmail.com>"
eed15530-546f-45ab-b4a0-d1911dc5e9ea,2021-12-15T00:05:50,BRAND5,536.76,"""afjaebc cficjhj"" <afjaebc@appple.com>"
797f9155-0b9e-47ad-acbf-67ded7c232af,2021-12-15T00:06:40,BRAND4,206.68,cdcakge@live.com
c15aba9d-94e3-4cc1-ab75-0d1cbda69949,2021-12-15T00:07:30,BRAND2,534.90,"""kcechee kfjdiki"" <kcechee@live.com>"
5ca7ab79-dc39-4a84-b796-81528153642a,2021-12-15T00:07:30,BRAND2,667.70,"""ilfkklb iefekgh"" <ilfkklb@appple.com>"
35e20b8b-19b6-4c57-984a-9b0ace447a16,2021-12-15T00:09:10,BRAND2,252.27,"""cicdkad bbihbgk"" <cicdkad@appple.com>"
ae18001a-4e1f-43cf-9176-930c78aaf49e,2021-12-15T00:09:10,BRAND5,131.08,aajalfd@live.com
d1c3a0ae-f7d6-4991-a735-181496000997,2021-12-15T00:10:50,BRAND5,92.97,dgjkjcc@gmail.com
1f031c1d-f549-4297-af49-2bdfebeac9a0,2021-12-15T00:10:50,BRAND5,205.01,"""jfclaij bhdfblf"" <jfclaij@live.com>"
bc180ea1-602a-4752-819d-0eba563791a3,2021-12-15T00:11:40,BRAND2,139.92,fhcbdga@gmail.com
10a7abaf-25a5-4fc4-951b-0aaa6efd249b,2021-12-15T00:11:40,BRAND5,903.16,lhiaiic@live.com
dda00e60-2409-4722-938e-3ce90acfa000,2021-12-15T00:12:30,BRAND3,560.35,ldglcjh@live.com
6674b3ca-7930-4f82-bc25-7f4c8b62b1fe,2021-12-15T00:13:20,BRAND5,504.62,"""dblfjbe dhiakdd"" <dblfjbe@gmail.com>"
681c1e10-7fbd-48d6-b56b-7191190790a5,2021-12-15T00:14:10,BRAND2,628.31,"""gfkjhcf hiaiiae"" <gfkjhcf@gmail.com>"
112e35d4-1409-4547-a0ef-88f2840dbd74,2021-12-15T00:14:10,BRAND2,220.21,ebclfhd@appple.com
982fe39b-f54b-4bc5-9b60-ef6046fbe610,2021-12-15T00:15:00,BRAND1,989.32,"""fcgceee cabhcgi"" <fcgceee@appple.com>"
6a79ca11-cb06-4d97-9ef0-0559d84a1ee2,2021-12-15T00:15:00,BRAND2,601.86,"""jjcgadk fehfibb"" <jjcgadk@appple.com>"
e4820a65-c438-4bc8-8654-9197f8ce2c2c,2021-12-15T00:15:50,BRAND5,672.19,cffichb@appple.com
cc70cf5b-2730-48e5-abcc-c0aa915a5fcf,Wed Dec 15 00:16:40 2021,BRAND4,926.95,daifdbl@gmail.com
cf5de3b4-ca52-45c5-ac5f-8205d75379b3,2021-12-15T00:16:40,BRAND5,689.97,bafbheh@gmail.com
8bc53fc3-860e-476d-964e-3f43ad106a0a,2021-12-15T00:18:20,BRAND1,529.70,lldjlij@gmail.com
27b7571b-d7f1-4722-abae-7f552fc07f54,2021-12-15T00:19:10,BRAND2,$474.92,cehfcei@appple.com
7d5bd783-c2d8-4cd2-8eb0-b5a62a64c759,2021-12-15T00:21:40,BRAND2,481.38,iflcjii@appple.com
1c9e891b-50cd-48ee-a375-4d15d88da40e,2021-12-15T00:22:30,BRAND5,603.40,"""igijibd ldejakl"" <igijibd@gmail.com>"
d96e9613-ebc7-41db-9e18-1f58b805952c,2021-12-15T00:23:20,BRAND2,909.07,egchccc@gmail.com
2b1ee9b9-501e-4886-8e59-6ab0cb731960,2021-12-15T00:24:10,BRAND2,515.95,bflgiil@live.com
a54ea129-0497-49e8-9fb2-162e4b6c6a58,2021-12-15T00:24:10,BRAND2,385.05,"""fcdjdhe ccfegfi"" <fcdjdhe@appple.com>"
2f391783-92b7-47ea-acfb-b80974d31ada,2021-12-15T00:25:00,BRAND2,709.71,"""fhadfgd gflhijb"" <fhadfgd@gmail.com>"
bc88c8a1-f2b6-4a90-872f-23f57d336ec7,2021-12-15T00:25:50,BRAND4,767.44,keljjjg@appple.com
16317c54-224b-4658-a5f1-b67674173d01,2021-12-15T00:25:50,BRAND3,163.67,"""hfedafe adcflji"" <hfedafe@appple.com>"
1079efbc-061a-496e-8867-d75123e3bcbe,2021-12-15T00:26:40,BRAND2,415.59,eigecgc@live.com
3f72335b-abb6-4786-a8b8-969ba0972ce9,2021-12-15T00:26:40,BRAND1,416.76,cejidfa@appple.com
8c5a9046-6b3e-405c-b15b-f943779cb28e,2021-12-15T00:27:30,BRAND2,459.07,ifailei@live.com
a16eb90c-1d2c-4a42-941f-c0151b2745d1,2021-12-15T00:28:20,BRAND1,231.67,hjdbbef@live.com
38c2ca05-1e02-4adf-a403-15a0358acdb8,2021-12-15T00:29:10,BRAND1,188.00,hbhaahi@gmail.com
4e9fb52d-ed3c-4ecc-9264-613f16c577c3,2021-12-15T00:29:10,BRAND2,455.37,"""hgceeda igfggij"" <hgceeda@appple.com>"
af5bf60b-ee2a-470b-82bf-8a4be365115a,2021-12-15T00:30:00,BRAND2,593.03,ehahbja@appple.com
cf3b108b-0ea9-4463-bd82-8c180e4f12c4,2021-12-15T00:30:00,BRAND5,596.02,hdbaifl@gmail.com
e31b46ed-c5b7-4382-87bb-adf768f84578,2021-12-15T00:30:50,BRAND2,158.32,"""iidgafj ccajabb"" <iidgafj@appple.com>"
2eef73fa-13ff-4c01-8c02-ec4c10955d89,2021-12-15T00:31:40,BRAND2,426.00,afageje@yahoo.com
fa1159e0-275c-4b7d-a2ef-8deeb7378cf7,2021-12-15T00:32:30,BRAND2,520.42,"""gfbjece eejieeg"" <gfbjece@gmail.com>"
f75ae58b-553d-46b4-a2d1-98bbf430fb61,2021-12-15T00:33:20,BRAND5,628.31,ijhcghl@appple.com
8456bbb8-e7c3-41e5-a3bd-b0ccc84ef490,2021-12-15T00:34:10,BRAND1,98.53,gcllifb@gmail.com
2a0209de-6cdc-4cc2-a5f8-c1d3f0f0fea6,2021-12-15T00:36:40,BRAND1,65.07,"""gaadaec hgahbil"" <gaadaec@gmail.com>"
a4293795-f316-4bf8-8d51-df822bcfee8b,2021-12-15T00:36:40,BRAND5,892.84,lcdkgii@appple.com
7ff16171-ce2b-48fd-866b-b19db5eb1476,2021-12-15T00:37:30,BRAND2,553.83,bkbeihe@live.com
f333cba2-a07d-4581-a11a-aaa8d73dbeed,2021-12-15T00:38:20,BRAND2,562.33,gdfkaad@appple.com
d10c6ae6-e8ab-4099-bee4-3a47bdb2f105,2021-12-15T00:38:20,BRAND1,658.72,"""aifeifj jciijea"" <aifeifj@live.com>"
08bb1422-a95e-448a-b450-f93a4c1fb0f1,2021-12-15T00:40:00,BRAND5,774.69,"""hdgcjdd cefcjcc"" <hdgcjdd@gmail.com>"
32de95ba-5114-4054-8abe-6a2174fdf764,2021-12-15T00:40:00,BRAND4,10.33,ibeifjb@appple.com
dcdc57d6-78d5-4cef-8bb1-5d16b963cac2,2021-12-15T00:40:50,BRAND2,667.94,diikgai@gmail.com
be5d2d74-04fe-4595-9d4f-e69bacedae40,2021-12-15T00:41:40,BRAND2,491.60,iiejeej@gmail.com
824431c0-f803-4696-ae70-3dffc2ff60ad,2021-12-15T00:42:30,BRAND2,777.34,fcaajed@appple.com
b42a7226-11c9-4f29-9cf2-c896d8453982,2021-12-15T00:42:30,BRAND2,574.07,"""bdlbblc ijfjadj"" <bdlbblc@appple.com>"
6a1cc3c3-b8cc-4204-93ab-e50765af733a,Wed Dec 15 00:43:20 2021,BRAND2,595.76,"""ddflkcb afcgllk"" <ddflkcb@gmail.com>"
d3682a93-87a3-453e-a6b8-d12bdde3327e,2021-12-15T00:43:20,BRAND5,852.31,gcbjeek@live.com
ccf325ea-19b2-4521-88af-35227cacd8fe,2021-12-15T00:46:40,BRAND2,442.36,"""kicbggi aaigjdj"" <kicbggi@gmail.com>"
20c2b27a-ae03-42fa-9c0e-5776574a942b,2021-12-15T00:46:40,BRAND1,855.84,"""ikebhgh cfdjhgb"" <ikebhgh@yahoo.com>"
9089ffd5-4078-4cca-8eda-f59d54206d64,2021-12-15T00:48:20,BRAND2,350.56,"""bfggbig bledgcd"" <bfggbig@appple.com>"
c04f5826-e29f-4ad4-8a09-e92b08a02464,2021-12-15T00:49:10,BRAND5,273.56,"""fehccae lcfdhdi"" <fehccae@gmail.com>"
d2088011-a7cb-4c3a-a193-ee677f5f0d8a,2021-12-15T00:50:00,BRAND5,718.63,fjlkhjh@appple.com
f1499a51-6614-4629-99ea-44328869b9cc,2021-12-15T00:50:00,BRAND1,833.18,"""igchhel gcfahkb"" <igchhel@gmail.com>"
28f6ce18-c65d-4f7b-8253-20bf80efae13,2021-12-15T00:50:50,BRAND1,648.26,"""ecbiibh eglfdfd"" <ecbiibh@appple.com>"
4311dd13-d7fb-4333-8898-11eb903fafe3,2021-12-15T00:50:50,BRAND2,910.86,fijdkla@gmail.com
223f82b3-b0f4-45a8-a473-da56c5eba6a1,2021-12-15T00:51:40,BRAND3,399.69,fbjdhaa@gmail.com
429ee3e0-0b2e-47d6-8a4f-9e85ce6140f0,Wed Dec 15 00:51:40 2021,BRAND2,380.13,"""lgfeghl kibbkgk"" <lgfeghl@appple.com>"
a1ceb3ef-0ca1-4259-bb23-f82a4a7916e1,2021-12-15T00:52:30,BRAND2,435.19,"""hghkhhh fgfeeff"" <hghkhhh@gmail.com>"
f7e30831-dd74-4847-b5cf-4d0eb830facd,2021-12-15T00:52:30,BRAND4,867.65,"""cldaela blfkbjb"" <cldaela@gmail.com>"
1d695b94-ccc1-4bae-b5eb-bd775d4f05bc,Wed Dec 15 00:53:20 2021,BRAND1,23.43,hlfgbhd@yahoo.com
b519ca29-6c97-478c-b3d9-52588490cefb,2021-12-15T00:53:20,BRAND5,93.72,clckgja@appple.com
accb78e6-233b-42e5-a94a-fccee4b02464,2021-12-15T00:54:10,BRAND5,597.80,aaakadd@gmail.com
7cf4a18f-94de-4e62-8d29-f4517630cf3a,2021-12-15T00:55:50,BRAND2,794.34,"""bfclhhe cjghcej"" <bfclhhe@gmail.com>"
c375cc6a-fb1e-41d8-bb1a-a7c2aeba3410,2021-12-15T00:56:40,BRAND1,800.42,"""alfcjja cidbidj"" <alfcjja@live.com>"
57696bb9-7d8b-4ae9-8f53-26e5f1b99489,2021-12-15T00:58:20,BRAND2,191.73,ffaacej@gmail.com
057d41e9-946f-4a57-a6b9-6ee88b49e4f0,2021-12-15T00:59:10,BRAND5,117.74,"""ghdhbba hakliei"" <ghdhbba@gmail.com>"
bd9774ee-9d10-4a24-9605-f1bc236d79e0,2021-12-15T01:00:00,BRAND2,515.54,jcgihij@appple.com
ebf92674-2c27-4f3b-b2c2-711047ff54d6,2021-12-15T01:00:50,BRAND3,316.31,"""dbdlkda lhfdbfa"" <dbdlkda@gmail.com>"
0d0e33e1-f56e-4aee-bb80-d260e5325310,2021-12-15T01:01:40,BRAND1,226.34,idiffhf@gmail.com
d59d6638-dd6e-4e32-9f6d-db9babbb7264,2021-12-15T01:05:00,BRAND1,567.39,cldfbhj@gmail.com
f511ce65-a566-4512-917b-8c1b04d472bb,2021-12-15T01:05:50,BRAND2,79.93,caadlfg@gmail.com
d48fbc2d-615b-4006-a905-e26152f39fcc,2021-12-15T01:05:50,BRAND4,74.16,flhekil@appple.com
a65f0db2-e7e6-4f5a-80f1-fa1a11b2cb51,2021-12-15T01:06:40,BRAND3,339.85,elbgkji@yahoo.com
87852b1b-2e7f-4974-b81d-396dbbbb2456,2021-12-15T01:07:30,BRAND2,300.08,hlgijkh@gmail.com
08cf9a52-cd13-4cac-b36f-c5590369de23,2021-12-15T01:08:20,BRAND2,312.45,dcaikfb@yahoo.com
8d175f83-00ae-49e7-a19a-391921b62604,2021-12-15T01:09:10,BRAND2,$216.12,"""gdjkahl ealkjlg"" <gdjkahl@gmail.com>"
9ffce44f-6dd0-498c-8d63-5115d0f3557f,2021-12-15T01:10:00,BRAND3,253.66,kbgedld@live.com
2e465b47-5d04-4ded-abb6-6939e738dd86,2021-12-15T01:11:40,BRAND1,739.78,"""khehfkc kgbaldj"" <khehfkc@yahoo.com>"
7b784f13-34e6-42ae-92ab-749a7b1a92a4,2021-12-15T01:11:40,BRAND1,384.40,"""bbcaklc dacejdk"" <bbcaklc@gmail.com>"
39cc2cc7-8c49-4cf2-9023-bd1168468098,2021-12-15T01:12:30,BRAND5,396.08,jhbkkfl@live.com
b5291684-7412-41f0-b1ba-16c235319ce7,2021-12-15T01:12:30,BRAND1,885.32,ajdbalj@gmail.com
349508b4-8a4f-494d-a115-4545fd8c5e7b,Wed Dec 15 01:13:20 2021,BRAND2,704.96,fdglkfb@hotmail.com
5ad26cf6-20ba-47af-82ce-4f7b8f8c769f,2021-12-15T01:13:20,BRAND1,782.39,"""lblkkjc dhkfagh"" <lblkkjc@live.com>"
7b14744d-74ea-456d-b08b-393414b15ddb,2021-12-15T01:14:10,BRAND2,365.75,dahgckg@appple.com
5002078d-c580-43d4-b397-0b1d66ae7685,2021-12-15T01:15:00,BRAND2,705.60,"""efbkela eeegkge"" <efbkela@gmail.com>"
dff91848-16e3-4089-8686-8e2b7fdab606,2021-12-15T01:15:50,BRAND1,596.31,lcijijc@gmail.com
e1b1eeff-5348-4f9e-af25-ca649c92e80e,2021-12-15T01:15:50,BRAND2,56.62,"""khijlia laggbah"" <khijlia@gmail.com>"
ae62db1c-ffd4-4d0d-becb-aa5b9e563d70,2021-12-15T01:16:40,BRAND5,630.95,"""afblbil ebhkfdf"" <afblbil@gmail.com>"
aa3bff74-8fea-4c45-8544-3a69f37d0d51,2021-12-15T01:16:40,BRAND1,596.73,"""filidif ggefjkc"" <filidif@gmail.com>"
d12bfb15-5972-4393-96ea-bdc51d6ee1e8,2021-12-15T01:17:30,BRAND1,908.61,lbgffgg@appple.com
e230f803-7e30-4033-9dda-f999aba3861a,2021-12-15T01:17:30,BRAND3,517.04,cigbgag@gmail.com
f7f0fa6c-969c-4a3c-a7ae-d879e74f3b47,2021-12-15T01:19:10,BRAND5,652.79,aagegfg@yahoo.com
c61a213c-1e4b-42b4-a9b0-d944c48c1708,2021-12-15T01:20:00,BRAND2,5.62,"""ihgdikj addghlj"" <ihgdikj@gmail.com>"
959482fc-aabd-4573-9cac-e4b8ba9ba6c4,2021-12-15T01:20:50,BRAND2,$667.47,"""iibfjff djfjhdj"" <iibfjff@appple.com>"
a4513349-0c44-4432-956b-ffa0aa56dbab,2021-12-15T01:20:50,BRAND2,287.80,affcldd@gmail.com
dc583f72-5a6e-4d99-9cf2-ec4a8163a369,2021-12-15T01:21:40,BRAND1,70.66,ahlkbfd@yahoo.com
e2bbb9c4-09b2-4bb8-b67a-04b8fc2e6887,2021-12-15T01:23:20,BRAND2,571.59,"""akgdhdb ahdajlb"" <akgdhdb@gmail.com>"
5cccee0b-d012-4306-96bb-a34caebc789a,2021-12-15T01:23:20,BRAND2,717.00,"""alcjejl glkhjdc"" <alcjejl@yahoo.com>"
36540eb7-e3db-458e-8c06-3914ad71106d,2021-12-15T01:24:10,BRAND2,855.55,jcfcfai@appple.com
2df60db1-f182-48eb-8024-e8b65f801733,2021-12-15T01:24:10,BRAND2,383.67,"""kkbhghe fkhkdlh"" <kkbhghe@gmail.com>"
19f7301a-5ec3-4659-beca-e435f03a0911,2021-12-15T01:25:00,BRAND2,661.02,ccchfel@appple.com
6e82484a-4fcc-4488-967e-66bfe27bb758,2021-12-15T01:25:00,BRAND2,469.83,"""ilibgec ffijgbg"" <ilibgec@gmail.com>"
9402d287-b743-4d57-bcb2-746adbf4a144,2021-12-15T01:26:40,BRAND1,440.00,bjaejfi@gmail.com
a0947d67-d16b-4e0b-8e5d-eedff12bca95,2021-12-15T01:26:40,BRAND2,526.10,"""hgcfjcd eagbgcc"" <hgcfjcd@appple.com>"
7fa0429e-b595-4436-8e62-32b6c6a57940,2021-12-15T01:27:30,BRAND2,679.47,dckffgf@appple.com
f457e20e-21de-4c64-bf36-b3fdfaedb64a,2021-12-15T01:27:30,BRAND2,673.20,jfdbejk@gmail.com
f60af808-0fa9-4787-a25a-f96725203918,2021-12-15T01:28:20,BRAND5,294.21,"""lieihbi ejaaaee"" <lieihbi@live.com>"
0894b76d-787a-4052-b886-26549f9a9d3d,2021-12-15T01:29:10,BRAND5,815.82,icbhjec@live.com
285d3434-f480-4bdf-9c05-1a3ea8dc9ec4,2021-12-15T01:29:10,BRAND5,274.37,"""flfeflc jjlhgde"" <flfeflc@live.com>"
bfd9d977-2f39-427b-8ad8-5569008f4970,2021-12-15T01:32:30,BRAND5,936.30,cjadhbb@live.com
bd47396e-4ff9-4d75-a38d-82896b2da672,2021-12-15T01:33:20,BRAND1,155.98,hekllee@appple.com
c5117ad9-a007-4c78-8dc4-385a5e79e67e,2021-12-15T01:34:10,BRAND5,549.72,"""dihilll ehjkfdd"" <dihilll@gmail.com>"
07e90d5c-6618-4757-9d51-9fb36e335d3f,2021-12-15T01:35:00,BRAND5,990.02,laikhkb@gmail.com
188f1d46-0a71-4b95-a472-b0f9b73352fc,2021-12-15T01:35:50,BRAND2,701.13,fbfchje@gmail.com
702ad56b-2f78-42fc-809b-8c235526a0bf,2021-12-15T01:35:50,BRAND2,869.45,"""hgkleaa klggbai"" <hgkleaa@yahoo.com>"
280db579-6ec8-443e-b0f4-0a4d3dc33162,2021-12-15T01:36:40,BRAND1,$340.78,ckgchhd@gmail.com
0e21e8ce-5876-40da-a821-3139403a27b0,Wed Dec 15 01:36:40 2021,BRAND2,194.07,jfegkle@live.com
3a47585a-6d04-411d-95d8-0945b41e099e,2021-12-15T01:39:10,BRAND1,79.00,"""bkajedc dlbleaa"" <bkajedc@gmail.com>"
0749d880-0432-419a-b12d-4006452b06bb,2021-12-15T01:39:10,BRAND2,278.59,"""jlecjee dkcggjb"" <jlecjee@appple.com>"
925605eb-c372-4551-8caa-3f7feba2c8f3,2021-12-15T01:40:00,BRAND2,137.58,blkicfh@hotmail.com
ad18fbb6-ea66-4544-92e6-9e0e29879bf1,2021-12-15T01:40:50,BRAND2,410.72,"""kajhkib akkgcjd"" <kajhkib@gmail.com>"
96f05fe1-9e29-4363-905d-fe4a6fa5a4ad,2021-12-15T01:40:50,BRAND1,562.39,"""ijahjdd jkcihec"" <ijahjdd@gmail.com>"
f805e130-5500-4b5e-b2b1-a6eedcd773d2,2021-12-15T01:42:30,BRAND5,217.83,gackfjk@appple.com
934aded9-73ed-4c1a-8a40-fc7b85f8eb3d,2021-12-15T01:45:00,BRAND2,836.65,djcggbf@gmail.com
d3b48b5b-a5be-40b8-b10b-16966c06cafb,2021-12-15T01:45:50,BRAND2,143.73,"""hibfeib degldii"" <hibfeib@gmail.com>"
c505eb10-c767-4dd9-bfb6-9f0c7f37c5d0,2021-12-15T01:45:50,BRAND2,618.18,"""dkbjfif gjgilcl"" <dkbjfif@gmail.com>"
c658053d-bed4-4006-8381-1a2122de6b8f,2021-12-15T01:48:20,BRAND2,136.70,"""kfflglh gceljhf"" <kfflglh@yahoo.com>"
b88c6675-a706-4195-bc90-f166d0682342,2021-12-15T01:49:10,BRAND5,27.35,"""daajhlc ijfbdbc"" <daajhlc@gmail.com>"
288092ff-e984-4c97-bc6f-14062ce391f0,Wed Dec 15 01:50:50 2021,BRAND2,495.07,iiailjd@gmail.com
8d2ef4ef-b0b4-48ff-84c0-b8ff66c9dbbe,2021-12-15T01:50:50,BRAND3,295.05,ilcjike@live.com
3f5bf51f-bee7-4fe1-b1a3-576f21014187,2021-12-15T01:51:40,BRAND2,281.23,"""chjakcb jkjjehf"" <chjakcb@gmail.com>"
a975fa3d-9604-453c-a023-b23412c7dcda,2021-12-15T01:51:40,BRAND1,799.41,"""hhhbali fjdfcke"" <hhhbali@gmail.com>"
a42cd052-363c-4863-bfd2-cc785a098e8f,2021-12-15T01:53:20,BRAND2,184.91,deljfhg@gmail.com
21ee0ccc-d93c-4728-b8e7-89b2efe2eb6c,2021-12-15T01:53:20,BRAND2,828.97,ddbfica@gmail.com
1b32ad06-af78-438a-94f4-387c6b145ffe,2021-12-15T01:54:10,BRAND2,836.72,"""ajkbdgh gjcclcf"" <ajkbdgh@gmail.com>"
be05068d-6962-415e-adce-de661edf597b,2021-12-15T01:55:00,BRAND5,291.83,"""bblaheh iegdgfl"" <bblaheh@gmail.com>"
9b4c82c8-b14b-4194-ae36-c031a91faf6b,2021-12-15T01:55:00,BRAND2,810.68,kljjhlk@yahoo.com
44fb7944-9252-4670-8827-cec5c776a822,2021-12-15T01:55:50,BRAND2,450.02,bifbgjc@appple.com
b9e6b888-2ffa-4c68-adc5-d2de11bdc02d,2021-12-15T01:55:50,BRAND5,200.56,kdachfl@gmail.com
f108756c-e398-45a2-9f80-3a0c080ff0ca,2021-12-15T01:56:40,BRAND5,789.13,"""efajacg blbdaec"" <efajacg@gmail.com>"
1ffb811a-b103-4d17-ba40-b07fe76b94e5,2021-12-15T01:56:40,BRAND1,551.32,hcjgcea@appple.com
7f68852b-73f9-40d5-ad30-1a2de4396b57,2021-12-15T01:58:20,BRAND2,788.97,calcedb@gmail.com
8e5ca05b-1c39-4051-bc1a-9d49068f6d63,Wed Dec 15 01:59:10 2021,BRAND1,858.53,cgbeice@gmail.com
bbfa91d5-014f-49a0-a465-be6e42f598bc,2021-12-15T02:00:50,BRAND1,522.44,"""gbhbcaa fcacidg"" <gbhbcaa@gmail.com>"
957da64d-7ead-438a-8202-1b143bf8133c,2021-12-15T02:00:50,BRAND2,283.66,hciihfk@appple.com
9e223236-dfef-462b-b136-c50683536ab4,2021-12-15T02:01:40,BRAND5,575.81,lfbaekh@appple.com
ba9d52f8-7cec-4f4d-8c47-7e84b282a988,2021-12-15T02:02:30,BRAND2,417.65,dgffeda@gmail.com
509bf228-e246-4ffe-99f6-d6bbae814fbc,2021-12-15T02:03:20,BRAND2,258.52,kahcbba@live.com
52874d6b-67a1-428d-af23-a827e6ca64c3,2021-12-15T02:04:10,BRAND5,279.83,lgjidff@gmail.com
740e7a17-a96e-48b3-8714-f6fdbcfecd31,Wed Dec 15 02:04:10 2021,BRAND2,548.77,elaahli@gmail.com
8404533b-1b5e-420d-b047-7fb1d07ebee2,2021-12-15T02:05:00,BRAND5,372.53,gcfjfff@yahoo.com
728ef6a9-135e-4764-9771-ae1e075ccc4b,2021-12-15T02:05:00,BRAND2,156.56,"""echfcbe deicedj"" <echfcbe@gmail.com>"
b16eaa87-043b-4594-97e0-de85f4fba120,2021-12-15T02:05:50,BRAND2,293.93,"""bfbbcle dfdddeb"" <bfbbcle@gmail.com>"
d6a1241d-4950-45fd-932d-c8113ef7f8ee,2021-12-15T02:08:20,BRAND1,386.06,cddikbe@gmail.com
7f4db0d0-2bc8-4cf2-9bf9-b8ca60aaa1a1,2021-12-15T02:10:00,BRAND2,690.38,fcbdiaa@live.com
fc3df618-5297-41fe-90be-dae85b0078f9,2021-12-15T02:10:00,BRAND3,822.33,kahkeaj@yahoo.com
1622ad03-26fe-4a00-ae3c-0380a202731e,2021-12-15T02:10:50,BRAND2,152.26,ffklbbi@gmail.com
86f840d0-6966-4be3-ab76-bebda056917b,2021-12-15T02:11:40,BRAND2,372.95,"""aahicil bfabcjj"" <aahicil@appple.com>"
0a8e043b-f2b4-4cdb-b2bb-0c250b561249,2021-12-15T02:12:30,BRAND2,953.27,"""flghedi fhfebee"" <flghedi@yahoo.com>"
c8a96654-b472-45ad-9c71-be36646dacba,2021-12-15T02:12:30,BRAND2,743.43,"""eegleib dbkfiia"" <eegleib@appple.com>"
0f01cc96-9b79-4cb8-b973-fbdb0ccf95c3,2021-12-15T02:15:50,BRAND2,822.00,lfdafbf@gmail.com
4ea43bcc-ef9a-46aa-b4f8-a802aa406e10,2021-12-15T02:18:20,BRAND2,643.07,"""efhkial cfifded"" <efhkial@gmail.com>"
b301e926-532a-4b21-a8af-82e7d15a6c45,2021-12-15T02:18:20,BRAND2,761.18,"""gcklabc cjhjdgc"" <gcklabc@appple.com>"
c0e6226f-f0c4-48fa-9286-d80e9c927b2c,2021-12-15T02:19:10,BRAND5,527.12,"""ildbaii ihcfhgg"" <ildbaii@live.com>"
0265ea02-35a5-435d-b473-aed078e8bf55,2021-12-15T02:20:00,BRAND5,645.11,aijibjb@gmail.com
55ad64c9-619a-4a7b-9f28-0421dddcae8f,2021-12-15T02:23:20,BRAND2,145.44,aahgagh@gmail.com
f5ce3dbe-e836-4a20-909e-e8db67ba898e,2021-12-15T02:24:10,BRAND2,439.87,"""jefhjig gelhbca"" <jefhjig@gmail.com>"
6f70c8ff-d450-470a-9e17-7fd438202a9c,2021-12-15T02:24:10,BRAND5,295.32,"""cdgiija kbbhlfc"" <cdgiija@gmail.com>"
e974f07b-24db-4439-8413-2b858e090425,2021-12-15T02:25:00,BRAND1,164.15,dgecgld@gmail.com
2c9c1e40-82e0-4abe-8a8b-f6b897589b8b,2021-12-15T02:26:40,BRAND5,316.88,kajakhc@yahoo.com
3b2ce365-e82d-4ad0-bc12-22f79e33bb18,2021-12-15T02:27:30,BRAND2,712.74,"""lkhfeki hhfefkd"" <lkhfeki@appple.com>"
1253d233-a01c-48fb-8181-172a4dae688e,2021-12-15T02:28:20,BRAND1,853.21,dbdcelj@gmail.com
a54b355f-cfa9-49a1-9299-82b4b4289173,2021-12-15T02:28:20,BRAND4,474.60,ahcfcjc@gmail.com
273ae89e-0176-40ea-920c-c56dae1540a6,2021-12-15T02:30:00,BRAND2,736.22,fkdflfj@live.com
29207d38-0858-4278-9c2d-66c66a94b045,2021-12-15T02:30:00,BRAND2,501.02,"""dckbhaa fcedhlj"" <dckbhaa@gmail.com>"
45027943-9340-4513-93a7-b95b57a14f99,2021-12-15T02:30:50,BRAND2,545.83,gjlfdec@gmail.com
fe835e2c-fdca-4a7b-92f1-359b4f9e422e,2021-12-15T02:31:40,BRAND1,417.76,"""aikjekg blldkkd"" <aikjekg@gmail.com>"
518cbee1-ab03-4fe7-8894-0cd63ddfd6ee,2021-12-15T02:32:30,BRAND5,17.75,"""ejfelkj edbcjbl"" <ejfelkj@gmail.com>"
9771dc8a-65fc-4660-bdd7-906acb0a1b81,2021-12-15T02:32:30,BRAND2,796.48,"""idifiga kejbgeg"" <idifiga@appple.com>"
5dada7b3-e98a-487f-a6aa-003dfd4e30f2,2021-12-15T02:33:20,BRAND4,747.60,flghhei@yahoo.com
83fda8fc-390f-41ae-b3ef-ac6c43fbff77,2021-12-15T02:33:20,BRAND5,627.06,"""ifelicj bjajcdj"" <ifelicj@gmail.com>"
4ee2bc38-9c2c-4041-9c59-1a555be13f81,Wed Dec 15 02:34:10 2021,BRAND2,954.20,"""icjgehg dfehgdh"" <icjgehg@appple.com>"
1df89bfe-53cd-4135-836d-19a9bc29dff7,2021-12-15T02:34:10,BRAND5,151.91,bacghgl@live.com
9b99d1bc-0eee-475b-961d-10f6f686e2c6,2021-12-15T02:35:00,BRAND2,403.87,"""cekjjfk elhjaka"" <cekjjfk@gmail.com>"
c4c4a2bf-797f-438e-bb15-0bef47ff6dd5,2021-12-15T02:35:50,BRAND1,315.05,"""llfjgbb gebblhe"" <llfjgbb@gmail.com>"
bb3a7b64-38bf-4d50-95fb-e88bf75f9a2a,2021-12-15T02:36:40,BRAND2,315.33,"""djegjch kihjbha"" <djegjch@appple.com>"
be1971f1-8d18-4241-b0bf-d47c6e48aca8,2021-12-15T02:36:40,BRAND2,105.63,hckjhkc@gmail.com
43c08fb2-2697-47ae-8049-36839bd78b27,2021-12-15T02:38:20,BRAND2,381.97,babgcci@gmail.com
55eab25f-7c1f-4ad6-85c9-42e37a057647,2021-12-15T02:39:10,BRAND2,606.63,"""kajfkhi jeiecgb"" <kajfkhi@yahoo.com>"
3e77d2c1-14bf-4b26-8f5b-88632401fc7a,Wed Dec 15 02:39:10 2021,BRAND2,891.16,"""lihiafj hkjbdlg"" <lihiafj@gmail.com>"
b510f5b1-0370-4115-a665-4704f6942753,2021-12-15T02:40:00,BRAND2,$896.47,dakjjcj@live.com
27eb301a-e549-4d73-8b56-ff28aa9d6c2b,2021-12-15T02:40:50,BRAND2,77.96,eijkjel@live.com
6337d006-8b63-42d6-ba19-f028f167f2a8,Wed Dec 15 02:41:40 2021,BRAND2,870.82,figchcg@appple.com
5a838085-8cea-4741-a621-f9131af23f3f,2021-12-15T02:42:30,BRAND2,200.74,"""jhkhkji lehgckk"" <jhkhkji@gmail.com>"
e4a22a0e-3be5-4d9b-bb07-93229df968e7,2021-12-15T02:42:30,BRAND2,719.19,eifakle@gmail.com
8a31fa94-a21e-46a2-a454-55b2d97c4d52,2021-12-15T02:43:20,BRAND2,539.36,ldklffc@appple.com
c2c77559-1813-4f55-8165-148af0cb0a6a,Wed Dec 15 02:43:20 2021,BRAND5,612.12,bcbicjg@gmail.com
69d6090e-0e19-4a7d-aa39-3feda1ff1d98,2021-12-15T02:44:10,BRAND2,249.53,ihjgbad@gmail.com
729bbfbd-5b21-4d08-9218-59973cd29f09,2021-12-15T02:44:10,BRAND5,368.73,lckffbc@appple.com
4076b338-b967-4b3e-8a13-bb859f8e9db1,2021-12-15T02:45:00,BRAND1,715.88,"""kkffjba kdfbfed"" <kkffjba@live.com>"
ff63194a-ebaa-4834-a70d-82bc0c25a160,2021-12-15T02:45:00,BRAND2,878.57,jfjfakd@gmail.com
0a27bac6-408e-4202-bb6c-3b27c2bcb04f,2021-12-15T02:45:50,BRAND1,747.19,dcgkjcg@gmail.com
22f97359-95f6-4784-a644-266396e62e1a,2021-12-15T02:46:40,BRAND2,666.02,edjcdde@gmail.com
5ab5796b-8163-49fa-a5af-dbdd578d9877,2021-12-15T02:47:30,BRAND2,736.64,bkifhfd@appple.com
ebd3a808-0f7c-462f-896e-e0576bbc8a55,2021-12-15T02:48:20,BRAND2,624.03,jihkkjd@gmail.com
d8a25b03-5863-43e4-a3fc-9ea66391aec5,2021-12-15T02:49:10,BRAND4,903.32,bkabcke@gmail.com
3a33eea9-321b-4b1d-b814-d1bc6dcf3911,2021-12-15T02:50:50,BRAND2,874.74,eibadkh@appple.com
7b62e5fa-ed09-4a88-a8c2-5cf780f0221e,2021-12-15T02:51:40,BRAND2,274.79,"""jbeliab gddkage"" <jbeliab@yahoo.com>"
c7277307-fcf7-4f3a-8096-637ec30064e6,2021-12-15T02:53:20,BRAND2,148.71,"""gadechd hifbgif"" <gadechd@appple.com>"
66dab149-7813-4b4c-9fdd-e69d4f7e79b0,2021-12-15T02:53:20,BRAND2,976.73,dcfdcka@appple.com
0b7b1ce9-fc9f-44fc-8bc8-e6df350e1343,2021-12-15T02:54:10,BRAND1,973.70,"""fffkcad chbfhil"" <fffkcad@appple.com>"
d17fcc9f-f16e-41f8-8945-4ebb9cf71e86,2021-12-15T02:55:50,BRAND5,185.02,"""jjabhdb fgcfedh"" <jjabhdb@live.com>"
5c76bcc6-e965-466f-b24b-36675da64d4d,2021-12-15T02:55:50,BRAND2,575.75,"""lbbdfbh aaflage"" <lbbdfbh@gmail.com>"
627ca3a4-0ad0-4140-9be5-f79073171376,2021-12-15T02:56:40,BRAND4,957.08,"""ccghljg dgkdiji"" <ccghljg@live.com>"
d1d063c6-7376-4315-ac86-7f2dc1a91afd,2021-12-15T02:57:30,BRAND5,854.45,"""gidjbjk bcgecif"" <gidjbjk@gmail.com>"
c9fedcaf-6071-4954-ae84-45645b656066,2021-12-15T02:57:30,BRAND5,833.91,ieihdfg@gmail.com
03f391da-119d-451f-b931-42e5d09fc1c3,Wed Dec 15 02:58:20 2021,BRAND2,839.43,jfkfich@appple.com
c5a421d8-b491-45a6-8681-5abf98d37698,2021-12-15T02:58:20,BRAND1,42.81,aadldii@appple.com
85860ab8-91fa-47b7-ab48-f9e5fb6a6ea8,2021-12-15T02:59:10,BRAND5,464.52,elfigbe@appple.com
3e4d3dd1-b2ee-4107-a660-31097111c7fe,2021-12-15T02:59:10,BRAND2,117.52,jihdbae@gmail.com
a4a1396e-d374-4c61-a9d0-7a6af629f6bb,2021-12-15T03:00:50,BRAND3,860.67,"""fcclfbf ieigeed"" <fcclfbf@gmail.com>"
084bfa62-4184-4ccf-8803-b9ae223ebb29,2021-12-15T03:02:30,BRAND2,554.87,"""gdhfcic lkblcgf"" <gdhfcic@gmail.com>"
6408eea8-0554-4524-9570-b2e25e95f81a,2021-12-15T03:03:20,BRAND2,603.70,feclkjg@live.com
c9a092e5-52e7-4d99-8345-e1b8fb31ce6c,2021-12-15T03:04:10,BRAND5,416.06,"""ekbfdad iddcgjd"" <ekbfdad@appple.com>"
f56c423e-69c3-4ccb-b9f3-72c84c7a19be,2021-12-15T03:04:10,BRAND1,335.28,ecfekei@gmail.com
8a26bf52-4599-4b76-8fa4-41ac597c0990,2021-12-15T03:07:30,BRAND1,662.33,khdaggg@appple.com
c1f4ac13-69c0-49fc-b899-038831b0a664,2021-12-15T03:08:20,BRAND2,254.12,hhigcff@appple.com
3f15329d-dad8-4c4a-9574-cce96eecd35e,2021-12-15T03:08:20,BRAND2,806.37,ghdhiah@gmail.com
8e51d181-657d-4682-a5f7-e62531eebf8b,2021-12-15T03:09:10,BRAND5,736.95,"""jjicijf ddlhlgd"" <jjicijf@hotmail.com>"
a9d84a85-22f6-4256-b80e-5742ad1f134b,2021-12-15T03:10:00,BRAND5,968.31,"""eflcbfj ifleekc"" <eflcbfj@appple.com>"
87482f52-324d-414b-b866-69feefea5a25,2021-12-15T03:11:40,BRAND5,475.52,kjfhbfi@yahoo.com
b35e6408-2c54-4831-99b4-0459d1fd36c8,2021-12-15T03:11:40,BRAND2,181.17,"""glbjkga aedllhd"" <glbjkga@appple.com>"
8b13b427-16d4-41f9-a325-8e77d9fd912c,2021-12-15T03:12:30,BRAND2,771.74,hcdffcc@yahoo.com
f1399b02-f4bf-4ad4-af0d-f5783ab5ddc0,2021-12-15T03:15:00,BRAND3,653.07,ldakcai@appple.com
3f77d7a8-69db-4f5e-b6d1-296e70c30a08,2021-12-15T03:15:00,BRAND5,417.52,edafgik@gmail.com
c386f489-0b90-4fdd-a970-17445e4a17ce,2021-12-15T03:15:50,BRAND1,496.90,cighial@gmail.com
430524b0-2d4c-403b-b5da-f8488ecd6438,2021-12-15T03:15:50,BRAND1,99.56,edadghl@gmail.com
86bee6eb-a488-4366-936a-85f924ab2afb,2021-12-15T03:17:30,BRAND2,837.45,ceelchb@gmail.com
7721c0db-798b-435f-8bf6-d14abd919bb9,2021-12-15T03:18:20,BRAND5,671.34,egibgkl@gmail.com
1a0a8abe-3ef0-4416-a932-44527a04ec6b,2021-12-15T03:18:20,BRAND5,416.33,hhddcjf@gmail.com
f3add6f7-814e-4798-bf42-8c5ff716583d,2021-12-15T03:19:10,BRAND4,919.49,dflbifk@gmail.com
0faf5552-d865-42bf-8db0-45f594adb491,2021-12-15T03:20:00,BRAND3,670.39,"""bidgbdk hkhhegb"" <bidgbdk@appple.com>"
a1fefc45-a6e8-40be-89aa-1218f37a0e4b,2021-12-15T03:20:00,BRAND5,592.40,"""hheielg jghgaec"" <hheielg@live.com>"
cb0f1545-2aaa-49ad-848f-7dd48c40f1bf,2021-12-15T03:20:50,BRAND1,182.11,ajlehfk@gmail.com
135ec753-802a-4cec-b1a0-a867168d2398,2021-12-15T03:20:50,BRAND4,100.99,"""ijdaich agfllie"" <ijdaich@hotmail.com>"
0ab4d8af-ad88-42af-bebe-049d8cbad96e,2021-12-15T03:21:40,BRAND1,$625.04,iekcjib@appple.com
c1b5d9e6-8421-49fc-b127-d49c2e1a7c51,2021-12-15T03:21:40,BRAND5,641.65,"""fehheka jhffbbh"" <fehheka@gmail.com>"
7624e27b-29ae-4f5b-a937-403144a9fcc1,2021-12-15T03:22:30,BRAND5,281.29,iklggei@gmail.com
972d9a83-aa46-4f32-a9fb-9bf2e93e33bc,2021-12-15T03:23:20,BRAND2,665.13,"""icchcbk aleafai"" <icchcbk@live.com>"
cd77213f-f8b0-4005-a170-2e2206f36077,2021-12-15T03:24:10,BRAND2,59.23,dlaadai@yahoo.com
0a098b4a-9b9f-4327-953e-a7c9b78c6fdc,2021-12-15T03:29:10,BRAND2,430.52,jghekbg@appple.com
8a44aeef-26ed-4de9-b6e6-f407592f562b,2021-12-15T03:30:00,BRAND2,529.61,"""feflaji dhjgchi"" <feflaji@gmail.com>"
4361b7a3-85c8-4869-8716-a0a5afeed451,2021-12-15T03:30:50,BRAND1,942.10,kcfacha@appple.com
b4c7316f-2127-4de4-8f67-8e7d8941d9ef,2021-12-15T03:30:50,BRAND2,338.41,aifklgc@gmail.com
40d9a6ef-ecd2-4078-b85d-d786ad914181,2021-12-15T03:31:40,BRAND4,412.27,"""ekbejhh kkjjlak"" <ekbejhh@live.com>"
04982256-b10b-4e6d-8e07-160878d7f697,2021-12-15T03:31:40,BRAND2,477.17,cadehgl@gmail.com
9f8088b6-6229-492d-b47d-7ec4956e122c,2021-12-15T03:35:50,BRAND5,795.81,"""kjigeeb calccgl"" <kjigeeb@gmail.com>"
85f9de73-6eb2-41e1-9f09-89aa282ad7f8,2021-12-15T03:36:40,BRAND2,409.86,jkkgddg@gmail.com
31b871ce-d7f1-464a-918f-b4c08d8f2b1f,2021-12-15T03:36:40,BRAND2,341.34,liffhge@gmail.com
fff1da4b-6a4e-4f99-a46e-c841c86a900b,2021-12-15T03:37:30,BRAND2,45.52,gcilkgg@gmail.com
26969c27-b45a-4920-9a7a-8c5b8e753182,2021-12-15T03:38:20,BRAND2,692.86,bjfjiek@gmail.com
01019e59-18c9-43d8-ac69-471796a6e411,Wed Dec 15 03:40:00 2021,BRAND2,888.82,"""jgfihkj iikkgci"" <jgfihkj@gmail.com>"
c648e628-1ff9-4e8e-b683-9096339e46a8,2021-12-15T03:40:00,BRAND3,508.58,bfgidgh@appple.com
4695d549-b3fd-4157-b48c-fac9720d53c8,2021-12-15T03:43:20,BRAND2,184.61,cjdaidl@gmail.com
a3d1612d-4af8-4905-8a27-bf28b15b45a5,2021-12-15T03:44:10,BRAND5,100.77,jblbaci@appple.com
cfe4773f-e5aa-4191-83c5-65cbd629de07,2021-12-15T03:46:40,BRAND5,758.41,"""baeaggf lfafdfj"" <baeaggf@yahoo.com>"
e7cdfde4-8a28-4fe8-b38f-af2b5d2eac91,2021-12-15T03:47:30,BRAND5,533.75,fedbiae@appple.com
88804672-24a3-49fb-8cb1-3153e4c69ac3,2021-12-15T03:48:20,BRAND1,654.14,ejcgfbi@live.com
4e6b3d97-4dfe-416e-8fea-7c509a2eff82,2021-12-15T03:48:20,BRAND2,943.01,kbflbai@gmail.com
023ca3db-e76d-4899-ba79-a08cdee3ff9d,2021-12-15T03:49:10,BRAND2,328.91,"""laakala ibfjbha"" <laakala@gmail.com>"
3fd452df-967c-4613-869e-fdfc818299bc,2021-12-15T03:49:10,BRAND2,130.88,"""lfjcccb dbkccjc"" <lfjcccb@appple.com>"
719b16a3-d27e-4df1-ab11-d18c259e5198,2021-12-15T03:50:00,BRAND2,190.39,cagkgkd@yahoo.com
688a10e8-3d3c-47e2-9f60-f7dd899ebb56,2021-12-15T03:50:00,BRAND5,52.40,"""bgahhbg fhicfkg"" <bgahhbg@gmail.com>"
d71d87cc-5d1c-4950-80b0-09b7eea5b702,2021-12-15T03:51:40,BRAND1,958.17,"""bljcefc fjbidkb"" <bljcefc@live.com>"
f3cad5db-9e68-412a-b2b6-3c3a4f3d29e8,2021-12-15T03:51:40,BRAND5,546.68,cdbhakc@gmail.com
68894f89-798d-4ccc-97a1-21bfd73306d1,2021-12-15T03:52:30,BRAND2,414.39,"""akbichc fekaiag"" <akbichc@gmail.com>"
b0cc27cf-2a1e-4856-9910-2ded228c8459,2021-12-15T03:52:30,BRAND3,778.46,bkjjlde@appple.com
7a064f25-f3fe-42c3-82f8-ca672f8131d1,2021-12-15T03:53:20,BRAND2,316.47,ikgddfc@gmail.com
d49a7fdd-39aa-4a59-9390-ab068e2386ba,2021-12-15T03:53:20,BRAND5,603.42,afekccc@live.com
260e8201-addd-407c-bf47-98ae92a54dbc,2021-12-15T03:55:00,BRAND2,57.85,llhdgfe@gmail.com
38b6fc7d-78df-4a44-9d3f-82e6e9f8a01c,2021-12-15T03:55:00,BRAND2,508.79,iekigfj@gmail.com
872294ef-951a-4607-871c-90abf804827e,2021-12-15T03:55:50,BRAND1,772.69,"""fbgjggj lbdecej"" <fbgjggj@gmail.com>"
85d19aa4-3f89-4359-b373-b9ed4afbc572,2021-12-15T03:59:10,BRAND5,284.04,"""bgdjjdg dlbkaje"" <bgdjjdg@appple.com>"
6554e31a-c38e-4de9-bc23-17ee6062e1f8,2021-12-15T03:59:10,BRAND2,344.71,bgdccec@gmail.com
caf4883d-b1a8-49e6-b83f-cc8785e7dd17,2021-12-15T04:00:00,BRAND2,667.05,"""eahiiad iafcbha"" <eahiiad@live.com>"
a105b07d-ced6-407c-9015-18506ef992b0,2021-12-15T04:01:40,BRAND1,207.22,hfgfdak@gmail.com
33dd7bff-5a60-48af-9b97-e8a3b76f16b7,2021-12-15T04:02:30,BRAND5,586.96,lkckfcj@appple.com
b141fdb8-7e71-416f-a5be-4668f2a42d25,2021-12-15T04:03:20,BRAND2,708.53,aclbhcg@appple.com
199a34ff-a3ae-4e70-880e-fafc988b39b9,2021-12-15T04:03:20,BRAND2,630.11,gclkbjj@gmail.com
6a7dbd72-9494-4891-bd50-03a40a96632d,2021-12-15T04:04:10,BRAND2,977.41,cbfgffd@gmail.com
f33c0d50-7507-459f-98d5-137f92dc9669,2021-12-15T04:05:00,BRAND4,634.95,"""kbfbbkj bghdceg"" <kbfbbkj@gmail.com>"
de393927-bacc-4f7a-8aad-7b5ff97dbc35,2021-12-15T04:05:50,BRAND5,367.04,glklldd@yahoo.com
4965d0fe-9b5c-4cec-9c90-909d7a289baa,2021-12-15T04:05:50,BRAND2,894.73,"""dcfjdka ibgaaih"" <dcfjdka@gmail.com>"
fe77cb76-477a-441e-a644-455a784885cd,2021-12-15T04:06:40,BRAND2,81.14,laigkdh@gmail.com
200900c2-0485-45a7-8019-7230fcf53f19,2021-12-15T04:06:40,BRAND5,608.25,bcafhaa@live.com
aa3aec7f-20d9-45c3-aa5a-bb49fd7140bc,2021-12-15T04:07:30,BRAND5,679.14,ecdjica@appple.com
e6869d5f-7c7c-4b98-9d7e-fd0cef3a6d92,Wed Dec 15 04:07:30 2021,BRAND1,188.74,feladdd@hotmail.com
6bcfff11-ca6e-4463-b47e-fbeba09e278b,2021-12-15T04:08:20,BRAND5,55.64,cajgkig@live.com
3666e5db-830a-44e5-b5b4-fc328bba6c61,2021-12-15T04:09:10,BRAND1,78.61,bbdehhk@gmail.com
2ebae3b8-3f85-4245-9374-76c918376d03,2021-12-15T04:09:10,BRAND2,101.21,"""dfflgji cfchfdl"" <dfflgji@gmail.com>"
dbce685a-4145-404b-98ee-d6258259fd69,2021-12-15T04:10:00,BRAND2,687.23,ljickee@gmail.com
a188f782-929a-416f-a756-0b6711a63d2c,2021-12-15T04:10:50,BRAND1,804.13,aiaibbc@live.com
da5f489a-0c4a-4614-a34a-ef1b16a23a62,2021-12-15T04:10:50,BRAND2,$350.96,aejfifb@gmail.com
ca57913b-023b-4cd3-b73d-98b98bee650f,2021-12-15T04:11:40,BRAND1,282.81,hcegdhd@appple.com
ce848897-6cf8-43a0-abb7-8cebe225adb4,2021-12-15T04:13:20,BRAND2,868.01,ijidjle@live.com
b9f61d27-6c6d-4ae6-9589-161561bb0ec1,2021-12-15T04:13:20,BRAND5,870.47,bagigle@gmail.com
2fb0300b-cee7-4d1c-af2d-017914f477c5,2021-12-15T04:14:10,BRAND5,301.58,dgikeea@appple.com
d1f7de26-6f4e-4e98-938e-127c7c1c4831,2021-12-15T04:15:50,BRAND2,174.52,"""bekblfc fhjaggk"" <bekblfc@yahoo.com>"
53b5f84e-1024-42e2-bbb5-7cf21bc230e1,2021-12-15T04:16:40,BRAND1,291.13,ajdallk@gmail.com
7b98bc13-6762-484f-a385-baf9ae2211b5,2021-12-15T04:17:30,BRAND2,600.25,"""djjiajg bidhjdb"" <djjiajg@gmail.com>"
d0ed15e8-7f9f-43a1-8d29-f26034ba0120,2021-12-15T04:18:20,BRAND5,161.25,haigcgk@gmail.com
c167b163-2204-4818-b942-f0b8d146919b,2021-12-15T04:18:20,BRAND2,391.21,"""ihbkldk kceahil"" <ihbkldk@gmail.com>"
7f80e3ac-74ab-483e-bf3f-c99649a86362,2021-12-15T04:20:50,BRAND4,203.56,"""lkghhag iakkeja"" <lkghhag@yahoo.com>"
c4986caa-11b1-4b0b-929e-3152b54f21a8,2021-12-15T04:22:30,BRAND5,251.85,bafejce@appple.com
8e77cf63-8074-410d-8ab6-3d52ca714ca1,2021-12-15T04:22:30,BRAND5,874.67,lhklfld@gmail.com
c378eb33-558e-4d0e-900e-c22e6cb0a18b,2021-12-15T04:24:10,BRAND2,210.28,kdljfae@gmail.com
fd763ca0-8622-4c57-8d46-35994e94c4b1,2021-12-15T04:25:00,BRAND2,196.74,hgddlbk@gmail.com
507839ed-c404-4ce9-bb8c-a22d90c54b97,2021-12-15T04:27:30,BRAND2,327.05,efjaffb@appple.com
c20efaee-330d-43e7-a564-d0d49d955224,2021-12-15T04:27:30,BRAND4,795.41,"""cfglgbg bebilca"" <cfglgbg@gmail.com>"
c779dbd1-2573-49a1-9afb-f2a7ceea1bb6,2021-12-15T04:28:20,BRAND5,173.75,"""jigldjf lfkhkff"" <jigldjf@gmail.com>"
7feebea0-f6e8-4577-a420-8fbc5848e933,2021-12-15T04:30:00,BRAND3,366.40,"""hfjldld bhdbbae"" <hfjldld@appple.com>"
e25321f8-8c4e-42e8-930d-987df2c2c7c6,2021-12-15T04:30:00,BRAND1,719.54,hffhega@gmail.com
30148394-2ea6-4a09-b60c-a4417f17646f,2021-12-15T04:30:50,BRAND2,155.50,gdkegae@gmail.com
9d1072a6-9620-4d2e-8a20-aeedc6cb379a,2021-12-15T04:30:50,BRAND1,299.59,liajjak@gmail.com
a8868919-7bd0-4c35-bad5-5140e932b55f,2021-12-15T04:31:40,BRAND5,207.82,gheffdk@appple.com
7f3b2c33-603f-444e-a7d8-ece0520fd4f3,2021-12-15T04:32:30,BRAND2,829.23,bcglkak@gmail.com
2f731ba6-a429-48ed-95a7-960f26edcabd,2021-12-15T04:33:20,BRAND2,326.14,igffafd@appple.com
96462e4b-ec49-467f-b72f-0b73aabfb4cd,2021-12-15T04:35:00,BRAND5,977.84,fbijhea@gmail.com
167543a1-51bb-4d65-ba4a-92d0889782cd,2021-12-15T04:35:50,BRAND2,248.08,ieakhec@yahoo.com
49b81816-2ad1-434f-a49e-fa5cf45e27e1,2021-12-15T04:35:50,BRAND2,592.88,kjafcfi@hotmail.com
15c81979-d137-462f-9c36-a0755af1c0e0,2021-12-15T04:37:30,BRAND5,902.30,dfgicek@appple.com
a1ddb8c6-4414-434b-9547-a718e0ce39d5,2021-12-15T04:38:20,BRAND2,145.16,ebiljce@appple.com
85e1d328-7c59-4d56-8da5-9a7b778cccaf,Wed Dec 15 04:38:20 2021,BRAND5,671.08,dkgddje@appple.com
a2f856ec-f6c6-463d-b002-85e146bd2da0,2021-12-15T04:39:10,BRAND5,213.76,edajlga@gmail.com
dcd85d80-1015-4b3d-b1e1-650a70da8627,2021-12-15T04:41:40,BRAND2,$513.62,acahkck@gmail.com
1bf1f12f-0f5a-44e3-a247-c4571e19ecc5,2021-12-15T04:41:40,BRAND1,$49.00,"""djllefb clfhial"" <djllefb@gmail.com>"
43bb09f2-ee7b-4873-8e5d-7b02a28afdc3,2021-12-15T04:42:30,BRAND5,136.41,"""kcaelbl lhfejil"" <kcaelbl@gmail.com>"
93833286-252e-4e7c-8609-770d1c9661b1,2021-12-15T04:42:30,BRAND1,597.35,"""bbghlcj abkgfdj"" <bbghlcj@appple.com>"
e1344cb9-ea6f-4265-831f-1bf7007a24f0,2021-12-15T04:44:10,BRAND2,353.76,ihbfhch@appple.com
6c138d29-c02a-4750-bde0-8d2807522818,2021-12-15T04:45:00,BRAND2,118.73,"""aicgllb kfgaaeh"" <aicgllb@gmail.com>"
4d3340e6-2999-4b85-9e69-f50d64cf89ca,2021-12-15T04:45:00,BRAND2,331.79,kjkfiig@gmail.com
65149abe-4cb8-44bd-a021-d257af107ee8,2021-12-15T04:45:50,BRAND4,615.13,"""ajgifdd ghjkeda"" <ajgifdd@gmail.com>"
605fe6b4-3625-4a88-8db8-3de5777dda5a,2021-12-15T04:45:50,BRAND5,315.72,kdjldgk@gmail.com
8e78e1f5-4120-40ab-a8e0-6825625c71f4,2021-12-15T04:46:40,BRAND1,456.06,jdkkdig@gmail.com
94a9a8e6-0b2a-4605-86c0-18c5d0241972,2021-12-15T04:46:40,BRAND2,922.93,"""dfadlea kegikbi"" <dfadlea@appple.com>"
a0ba998d-298f-4287-a798-38a962afdbee,2021-12-15T04:47:30,BRAND2,0.14,fhejhaj@appple.com
63a36acc-ff74-4c09-a73b-d0eb07fe7bb7,2021-12-15T04:48:20,BRAND4,355.33,clkjada@gmail.com
9716e143-a737-40d7-ae61-7cd4c7035195,2021-12-15T04:48:20,BRAND5,273.30,geddlfh@gmail.com
2d7538e1-121d-4d20-8352-295fd5bdf0bd,2021-12-15T04:49:10,BRAND2,506.11,jfhcflb@gmail.com
ca3b5c84-3d2c-4fb5-bc2e-c2442777e250,2021-12-15T04:49:10,BRAND2,676.54,"""kechbkj gklegjk"" <kechbkj@gmail.com>"
e730ed4f-6a06-45fb-b060-330478af39da,2021-12-15T04:51:40,BRAND5,643.57,"""glkghej adkgdea"" <glkghej@gmail.com>"
d8face3f-be7b-4717-9e41-f5dc22971ab0,2021-12-15T04:52:30,BRAND5,274.93,ilhjbgl@live.com
e64f4ed5-ba04-47b0-96c2-e48ee0d44f12,2021-12-15T04:52:30,BRAND5,893.02,jajbjhb@appple.com
5e2bbdbb-2841-4625-be1c-60d4318fe767,2021-12-15T04:53:20,BRAND1,902.22,djjahdh@gmail.com
56a0c8c1-cc14-469f-90f4-c38f14c9a974,2021-12-15T04:53:20,BRAND2,73.20,iehdjge@gmail.com
8cd0d742-f08f-4289-9f94-ecce262a81cb,2021-12-15T04:54:10,BRAND3,808.33,"""lghceha kdhfcic"" <lghceha@gmail.com>"
13093e51-fdd9-4a8e-b424-1773dfd0a3bd,2021-12-15T04:55:00,BRAND2,312.47,ajegakb@live.com
3317449e-06cb-4c31-9264-594748ef414a,2021-12-15T04:55:00,BRAND1,981.54,jalldcd@yahoo.com
9a028bfb-951a-4c0d-bd59-906514d9d08b,2021-12-15T04:55:50,BRAND2,837.48,"""lclbkcf bcdhhfb"" <lclbkcf@appple.com>"
0919ae2a-1987-4bb0-8a52-c5e73655ae94,2021-12-15T04:56:40,BRAND3,451.77,"""lfjckjb ahfkdcl"" <lfjckjb@yahoo.com>"
232a7d05-83fb-41f1-8b40-c059cf44e50f,2021-12-15T04:56:40,BRAND2,408.95,"""jjbfiec ejiadgg"" <jjbfiec@gmail.com>"
56504659-55a0-4bff-b212-2814bab74382,2021-12-15T04:57:30,BRAND5,297.60,abechie@gmail.com
165adaa4-1b6f-45e7-94ed-b5f863c95cbf,2021-12-15T04:58:20,BRAND1,981.75,"""ibbfijj lgdfail"" <ibbfijj@appple.com>"
1eaefb9f-c4cc-4ae4-91c2-021feeeb2e29,2021-12-15T04:58:20,BRAND2,866.80,"""hjkiced dgkkhhh"" <hjkiced@appple.com>"
b7404ed4-dd16-4747-a6ec-89cd783e04fe,2021-12-15T05:00:00,BRAND5,608.68,cadilfj@gmail.com
2d944098-4d1e-40ce-a4a1-315fa6f55110,2021-12-15T05:00:50,BRAND5,491.36,"""cdifkaa jgjcfbi"" <cdifkaa@gmail.com>"
74183740-6a78-4027-aaa0-887a57e3754e,2021-12-15T05:00:50,BRAND1,725.42,afdakhj@appple.com
7499d240-efc1-44a3-87f6-39305ec85b5d,2021-12-15T05:03:20,BRAND1,719.09,"""hgijlid fhkgajh"" <hgijlid@appple.com>"
938bf297-98ef-4253-8370-124c0167b512,2021-12-15T05:03:20,BRAND2,257.76,cglfhdk@gmail.com
14fa9b2b-d36d-4f5e-b692-2669c86b9f6a,2021-12-15T05:04:10,BRAND2,926.76,"""dceflgc jafklde"" <dceflgc@hotmail.com>"
8d5b9e52-f757-4ca1-9591-4cf73122ae46,2021-12-15T05:05:00,BRAND2,725.93,"""lcaljfb lhglfae"" <lcaljfb@gmail.com>"
f6575d9a-87ad-4d45-8e42-8bb7920b286e,2021-12-15T05:05:50,BRAND2,573.55,lcgjbel@gmail.com
c2c575a4-ba49-496f-9c0c-6804a659131b,2021-12-15T05:05:50,BRAND2,589.81,"""ljhkldk hihbhla"" <ljhkldk@live.com>"
ff4e2d02-0fe0-44f3-9f65-7279cec427c2,2021-12-15T05:07:30,BRAND2,10.64,"""hlkejig hkajfaa"" <hlkejig@appple.com>"
bf81555a-0fc6-489c-be34-623a507971cd,2021-12-15T05:08:20,BRAND1,953.54,"""jciecjc ckbehcd"" <jciecjc@gmail.com>"
cbfbcd6a-6f29-421b-bcc9-4fbec1c97263,2021-12-15T05:08:20,BRAND2,491.64,ijbkfgd@appple.com
10344777-e970-4df5-afcd-080740e48d6d,2021-12-15T05:10:00,BRAND2,71.80,hflfjdk@appple.com
47ea29b1-326b-4b7e-806b-cacf9f876ae9,2021-12-15T05:10:00,BRAND2,212.87,labjicg@gmail.com
43f9737a-d3e8-4f53-b2d1-8a31749d1441,2021-12-15T05:10:50,BRAND2,546.69,"""cbeijag jcfaeik"" <cbeijag@gmail.com>"
b15adb54-f855-4031-b953-e3700f9d1a2a,2021-12-15T05:10:50,BRAND2,571.91,"""ifjcleb lfadede"" <ifjcleb@gmail.com>"
1b671232-4f6c-426b-9f84-2269b7d0a542,2021-12-15T05:11:40,BRAND2,895.11,"""jlglbkf jjadalg"" <jlglbkf@appple.com>"
2ed85376-b792-4bb0-aa8a-380806cb9889,2021-12-15T05:12:30,BRAND2,821.28,"""dbicjhb fhefkde"" <dbicjhb@appple.com>"
d9f77f04-4cd1-4131-8481-5ae81e3525ec,2021-12-15T05:14:10,BRAND2,576.25,klbaklh@gmail.com
cdc4b9fa-7e7c-4e4f-81d5-45392084916d,2021-12-15T05:14:10,BRAND2,875.82,gghggdh@gmail.com
9978207d-f956-4607-bb07-9c27baa172bd,2021-12-15T05:15:00,BRAND2,394.78,"""defegje lhaeakf"" <defegje@live.com>"
41e48de3-c778-49e0-80cb-3cba8c095de8,2021-12-15T05:15:50,BRAND2,23.30,hgeekgk@gmail.com
81ebfb28-6eb1-4837-96ad-956592d38771,2021-12-15T05:15:50,BRAND4,763.16,"""eddkifb eadgkld"" <eddkifb@appple.com>"
37af0c31-6fa9-4dd8-b4d2-788c8b19bc06,2021-12-15T05:16:40,BRAND2,141.42,"""gkgdcij bagcicc"" <gkgdcij@appple.com>"
6b24b849-144d-4229-88bb-55acc6bf20d6,2021-12-15T05:17:30,BRAND2,681.73,"""dkbehlk bejkgge"" <dkbehlk@appple.com>"
d8934600-a24a-48d0-b9ad-87185907662e,2021-12-15T05:18:20,BRAND2,541.46,ecgacdj@gmail.com
a68c6f51-46b3-49a6-a6c3-472b3ce2dd3c,2021-12-15T05:18:20,BRAND2,431.03,hdjlklc@hotmail.com
224ef135-1e1c-49d2-bdab-7f257a29ed25,2021-12-15T05:19:10,BRAND4,186.67,bbhlcll@gmail.com
389dade7-b1bb-4f86-a078-cd74fe0056cb,2021-12-15T05:19:10,BRAND2,13.85,"""kafjjfd ieecajj"" <kafjjfd@live.com>"
6976cb4e-d94a-4a5c-a0ff-0a013e6412fa,2021-12-15T05:20:50,BRAND2,183.12,"""kkkkecc ggedaag"" <kkkkecc@hotmail.com>"
f49cf6f8-ce19-440f-9744-63107109a22a,2021-12-15T05:20:50,BRAND2,50.13,jcgebfg@gmail.com
79e122d6-c0c3-4b17-985a-2c4cb0544daf,2021-12-15T05:23:20,BRAND5,415.21,ikgifig@yahoo.com
c2cb9367-c76a-4473-be98-68088fa06497,2021-12-15T05:23:20,BRAND2,609.90,"""clgkkfc fbdhage"" <clgkkfc@yahoo.com>"
66ec9a4d-80ff-4200-9436-9052bba85919,2021-12-15T05:25:50,BRAND2,374.93,"""ghaljfb kcifebk"" <ghaljfb@appple.com>"
c8116174-2132-45c4-9270-bfaee718a8c8,2021-12-15T05:25:50,BRAND5,427.75,eblebdj@gmail.com
8b2e318a-17e1-443a-916d-0a6bf15d2d8b,2021-12-15T05:26:40,BRAND2,983.14,hbikahc@live.com
82dee8a8-a9a1-4921-80fe-ee419a636888,2021-12-15T05:26:40,BRAND2,647.40,gghclci@live.com
fcb7bae6-15ba-41ac-9207-3c4ef57ad51f,2021-12-15T05:28:20,BRAND3,683.12,cbeigai@gmail.com
5182d1ee-e0ba-454c-b38d-5dda4bfa8df3,2021-12-15T05:28:20,BRAND1,219.05,"""ajlifbe lafdbjl"" <ajlifbe@live.com>"
dc38c427-9c34-4dfe-9f94-8fd18a3cd0f5,2021-12-15T05:30:50,BRAND2,881.21,kgfalhe@gmail.com
9301fb52-389c-4e8b-b05b-3cbf988dee5f,2021-12-15T05:30:50,BRAND2,675.91,iifeihf@gmail.com
58a66509-0869-4335-b3ed-dd0ba92c63e8,2021-12-15T05:31:40,BRAND5,444.64,"""eblhjfl adfgbaj"" <eblhjfl@gmail.com>"
994462fc-8d6f-4cf4-9d24-229e956f9641,2021-12-15T05:32:30,BRAND5,807.87,"""aiekdke dgcljdg"" <aiekdke@hotmail.com>"
65bb7e17-5c39-4575-b3d7-c4211edc02f1,2021-12-15T05:32:30,BRAND2,959.41,"""jbcjkck ilcddjb"" <jbcjkck@gmail.com>"
8dcd2dca-43f0-4bf5-99b5-4c9984aba218,2021-12-15T05:33:20,BRAND5,56.25,"""ecgeagc kkfdaei"" <ecgeagc@gmail.com>"
47be2d5e-b9eb-4393-a5b1-326f9172cc79,2021-12-15T05:33:20,BRAND1,598.66,"""bbdfhef hlgjfcd"" <bbdfhef@appple.com>"
1eb5d55e-bf2a-4fb7-b466-315112b348ef,2021-12-15T05:34:10,BRAND5,98.80,"""laefflb bbchiig"" <laefflb@gmail.com>"
125c837c-006f-4316-afac-fa25dbb0940f,2021-12-15T05:34:10,BRAND2,405.63,"""kialicd eellhdg"" <kialicd@gmail.com>"
01125fe9-6a0c-46b5-a4bc-7a474fc00dcc,2021-12-15T05:35:50,BRAND5,848.00,licgbgl@gmail.com
80c027a4-4507-473a-8724-bd4c864e8b94,2021-12-15T05:35:50,BRAND2,200.63,lhclajh@live.com
a5ed2b44-1458-4f3e-8119-69140ed4bf3c,2021-12-15T05:36:40,BRAND5,157.13,aibhkaj@gmail.com
45ea65ad-431d-4c66-9a1d-56db72d049b0,2021-12-15T05:38:20,BRAND3,805.76,"""dhdcdie kkidcdk"" <dhdcdie@gmail.com>"
e31b2100-c2d5-4fdb-954b-f17753a90770,2021-12-15T05:38:20,BRAND2,504.42,"""dehhllc iilljek"" <dehhllc@gmail.com>"
203eeabe-4e39-496f-912e-715b410d3e12,2021-12-15T05:39:10,BRAND2,198.60,icgiheb@appple.com
13ef930a-9f78-4197-80c6-07368d42131c,2021-12-15T05:40:50,BRAND2,$937.99,"""elfcfhf bfhgfhb"" <elfcfhf@gmail.com>"
2492fb63-81c3-40f2-8b70-3f061f31815f,2021-12-15T05:40:50,BRAND5,458.27,"""iaifhkb akcelkd"" <iaifhkb@appple.com>"
09affa1e-c172-4ca9-b19d-3fddce0efd54,2021-12-15T05:41:40,BRAND2,269.74,igjelfa@gmail.com
0fea6949-6b66-4996-b676-934d8add1407,2021-12-15T05:42:30,BRAND2,459.73,gacjhjd@gmail.com
c352d255-8269-4096-b699-343257df5581,2021-12-15T05:42:30,BRAND2,305.14,llddklg@live.com
fc93b69e-466a-4e0b-9c66-08b700b3cf1e,2021-12-15T05:44:10,BRAND2,873.19,jhecddd@live.com
40ffd318-8862-4df1-aa4f-0d5989eff4b5,2021-12-15T05:44:10,BRAND5,788.53,hfaglkb@live.com
be6fd535-4856-4025-a6c3-fe0fdf63be7e,2021-12-15T05:45:00,BRAND5,758.86,"""bdfldbc giccjlh"" <bdfldbc@yahoo.com>"
cb66bfce-4fd1-4776-8317-fbb8272a1962,2021-12-15T05:45:50,BRAND3,609.13,jifjika@appple.com
7868cc8f-4d11-40b5-b454-847c832c27e8,2021-12-15T05:46:40,BRAND2,152.03,"""cidbkfh jhdlccc"" <cidbkfh@yahoo.com>"
5776be4e-139c-46cc-894f-0e08d156a35f,2021-12-15T05:47:30,BRAND4,694.94,"""eegeiei edjdijb"" <eegeiei@live.com>"
c0f146ae-f4a7-4d52-9b8b-4bdba019df42,2021-12-15T05:47:30,BRAND2,$687.68,lcbbdab@live.com
a3370253-e54f-481c-ab39-c45c298defb6,2021-12-15T05:49:10,BRAND5,868.67,dgibcec@gmail.com
023f72fd-8cbb-440f-96fa-c78ed1227dbe,2021-12-15T05:50:00,BRAND5,903.06,bfbcgcg@gmail.com
ac61fe51-ff46-43f9-950e-17d69895f5a7,2021-12-15T05:51:40,BRAND3,759.22,"""gehilkj ldgdbci"" <gehilkj@live.com>"
5d69d668-ca0e-4f39-8ec7-bea423c0dc0e,2021-12-15T05:51:40,BRAND2,984.71,cbbffgd@yahoo.com
96f1947b-9263-43fa-80b2-4390762664d9,2021-12-15T05:52:30,BRAND5,257.32,"""dkalakc fbfigdh"" <dkalakc@yahoo.com>"
4142a73c-5727-4a09-bafe-b88289073868,2021-12-15T05:53:20,BRAND5,789.21,fdkikii@appple.com
9d34f61d-59b0-41a7-a1ec-f2b6cb6b881e,2021-12-15T05:54:10,BRAND2,623.73,kjhcgbh@gmail.com
3e6d52b6-1ca6-485d-ae9c-da76dd25204e,2021-12-15T05:55:00,BRAND4,696.60,dgdggac@gmail.com
3bd80e2b-5c37-43a3-ae34-17be290a1aac,2021-12-15T05:55:50,BRAND1,568.68,"""bcibedb cjggkha"" <bcibedb@gmail.com>"
04ba9f7d-2586-4de3-b189-8f20977e26dc,Wed Dec 15 05:56:40 2021,BRAND2,949.48,"""babbifc kiaffai"" <babbifc@appple.com>"
c8d79dc5-fc7f-4b5b-9681-986a7b26e3e6,2021-12-15T05:56:40,BRAND5,982.56,"""eilgall fkefjki"" <eilgall@appple.com>"
10dfc6b2-1e08-4414-aa6d-c1bf30a68775,2021-12-15T05:57:30,BRAND2,412.58,bhcihkk@appple.com
0b79c294-9b77-40de-b288-8d6dce6e9cbc,2021-12-15T05:58:20,BRAND5,401.22,"""jdkekfa hhibckd"" <jdkekfa@live.com>"
a52efad4-1ae0-40f2-9dc2-356c8900c513,2021-12-15T05:59:10,BRAND2,163.70,"""kkfiilg eailjfe"" <kkfiilg@gmail.com>"
a855c189-e051-40e0-b7d5-2f898250cec1,2021-12-15T06:00:00,BRAND2,78.80,iihglcb@gmail.com
4a99fa7a-6c0d-49be-b48b-23b30a55622c,2021-12-15T06:01:40,BRAND1,863.60,kcdflih@live.com
fbede2cc-640b-415e-aa86-c9b027e15d21,2021-12-15T06:02:30,BRAND1,230.61,backdci@gmail.com
5e7299f8-8466-4580-8e4e-949a03e2c110,2021-12-15T06:03:20,BRAND2,530.62,"""fgkkcji khbllkd"" <fgkkcji@yahoo.com>"
e0652714-41bc-48cd-9701-66d6a653e1b4,2021-12-15T06:04:10,BRAND2,174.08,"""kiicaaf bjgiald"" <kiicaaf@gmail.com>"
bacbfdd7-b154-47a5-b5c4-8cccb096f305,2021-12-15T06:04:10,BRAND2,328.90,fjalkgb@hotmail.com
82754909-4432-426a-ac4d-60d2d40e11c9,2021-12-15T06:05:00,BRAND5,680.04,fdgkbcc@gmail.com
b18f1ffe-2420-4120-baf9-6e218098042a,2021-12-15T06:05:50,BRAND5,427.34,lacdhah@gmail.com
6a84f9cc-4d2c-47c5-981f-7b8f941627c7,2021-12-15T06:06:40,BRAND2,497.13,bkcifid@appple.com
977e3870-a47f-41d2-a2a1-9cf06ddf507b,2021-12-15T06:06:40,BRAND2,423.27,giigafe@gmail.com
be9f0787-37e0-4ea5-922a-25473ec0186a,2021-12-15T06:07:30,BRAND2,638.21,ibiddkl@gmail.com
53399d9b-e099-4249-8001-8ff21bd0801b,2021-12-15T06:09:10,BRAND5,448.88,jhdilie@gmail.com
931c52b2-5574-466f-b208-1eb3486a813e,2021-12-15T06:09:10,BRAND2,691.76,cabdbfi@gmail.com
5d20911e-f4db-4d64-9b1d-766feb119378,2021-12-15T06:10:00,BRAND5,899.76,clikifh@gmail.com
c7368791-8caa-4bed-a135-edc570934976,2021-12-15T06:10:50,BRAND2,533.53,iclbhjk@gmail.com
e989ab3f-fdb8-4b6c-b6c0-41d3a0c46688,2021-12-15T06:11:40,BRAND2,213.12,"""affjfkk gbdcigc"" <affjfkk@appple.com>"
cc695693-aa91-4016-8912-faccc4e07b3b,2021-12-15T06:11:40,BRAND1,691.97,kjjihjg@gmail.com
ddbed9f2-5db3-4418-b015-e29a1603cbd5,Wed Dec 15 06:12:30 2021,BRAND5,716.65,kiileej@gmail.com
5a5432f5-29dc-4232-8829-a5e302b53bf9,2021-12-15T06:12:30,BRAND2,959.22,bckfhef@gmail.com
faff72e2-d341-4eb3-93a6-4b29af5d38e7,2021-12-15T06:13:20,BRAND5,402.70,cflehgi@live.com
679a87ee-3ed0-4497-8cfb-2b9f840e21d3,2021-12-15T06:15:50,BRAND2,27.72,jebebdf@gmail.com
44df5c58-d654-496b-a1d8-59d4c3271ac6,2021-12-15T06:16:40,BRAND5,505.80,"""cgdgfkj dhdegha"" <cgdgfkj@gmail.com>"
341be45a-ebfc-4e0e-8463-c25f84f1323b,2021-12-15T06:16:40,BRAND5,466.82,illgjjd@appple.com
8a28f2aa-da3a-4613-b28e-87aa9fb5dea1,2021-12-15T06:19:10,BRAND5,267.56,"""kcacbjh dkkgaaf"" <kcacbjh@live.com>"
70e2cd63-8dc6-4ce3-909c-7824241d6947,2021-12-15T06:21:40,BRAND1,205.30,cefhcgg@gmail.com
718758c5-b373-4fd7-b9df-93adc942074e,2021-12-15T06:21:40,BRAND2,227.63,"""ahjlbll kbbhbcl"" <ahjlbll@gmail.com>"
1526fc75-5968-449c-babd-5b84d5ed917f,2021-12-15T06:24:10,BRAND2,945.82,kbkjckh@appple.com
3f2d3723-2273-4274-bb0c-c23a54479db9,2021-12-15T06:24:10,BRAND5,132.72,"""bcfigii bbfeaal"" <bcfigii@appple.com>"
1410db77-8559-4d05-8929-3c672e64fa4a,2021-12-15T06:26:40,BRAND2,129.37,"""cgfjicg bhgahcb"" <cgfjicg@gmail.com>"
4fc01527-e43b-49a1-a3da-0b9f6cc9ffd8,2021-12-15T06:26:40,BRAND2,737.83,"""jelahah jgejbae"" <jelahah@gmail.com>"
8347af7b-eee1-4e2b-a04b-f557bdf9bdd3,2021-12-15T06:27:30,BRAND2,502.96,faaaldj@appple.com
b84e999a-feb7-43d9-b4c4-0cabcbc98b23,2021-12-15T06:28:20,BRAND1,647.58,akhleia@gmail.com
14121a8f-772f-4f01-807e-1adb0d7b14ce,2021-12-15T06:28:20,BRAND5,233.10,iadcgkh@appple.com
5494f568-c2f1-4386-964d-a67852e470bb,2021-12-15T06:33:20,BRAND1,32.23,gjkccla@gmail.com
e1f03961-461f-4474-bb20-c615b2700c1d,2021-12-15T06:33:20,BRAND2,980.37,"""jchhagj efgejcg"" <jchhagj@gmail.com>"
568942f0-8ceb-4ce7-b818-1719abac053f,2021-12-15T06:35:00,BRAND5,293.63,"""cgacaea gabjcdh"" <cgacaea@gmail.com>"
