id,date,brand_id,trans_amt,email_address
58754dcb-b50c-473b-83b1-28cc5fb478f0,2021-12-10T03:12:30,BRAND2,127.59,"""eheefhj lkdebjj"" <eheefhj@appple.com>"
304c976e-3a37-41a4-94c0-fb3680a05f61,2021-12-10T03:13:20,BRAND1,516.51,fhecgbl@gmail.com
51b739ce-6c29-47e6-a75e-6521702ef9c9,2021-12-10T03:14:10,BRAND2,415.97,"""ggffhil lbielge"" <ggffhil@live.com>"
bf2e050f-52b6-4d71-85d0-751e64b4dc6b,2021-12-10T03:14:10,BRAND5,831.86,"""fjdlbhe cigfeeh"" <fjdlbhe@gmail.com>"
72d05d23-3fd2-4a05-89e0-9fa464bb2a60,2021-12-10T03:15:50,BRAND1,708.59,klgkfdh@yahoo.com
d8e0c797-57a2-4fbd-8a03-d299c27d887f,2021-12-10T03:15:50,BRAND1,725.91,hldkdad@live.com
e0301b10-64f3-4607-8011-2804fd0f8cdd,2021-12-10T03:17:30,BRAND2,492.25,"""gkghjlb abfcaib"" <gkghjlb@yahoo.com>"
17e1a2d4-f6a7-467e-83a2-e0b2ebf94b0b,2021-12-10T03:17:30,BRAND4,571.15,kbhhidi@appple.com
54b2158b-349c-4021-87d4-63522bfe3e80,2021-12-10T03:18:20,BRAND2,807.40,akkijil@gmail.com
1c217e9d-a51e-4456-8583-a73368eb18f7,2021-12-10T03:19:10,BRAND2,947.84,ebikicl@live.com
6c669f52-bb9a-4a0a-96ce-4bf2c3887a41,2021-12-10T03:21:40,BRAND4,497.12,lggfbef@appple.com
2fcd1a42-b3ae-4ba0-8760-7d21c9b2eea5,2021-12-10T03:21:40,BRAND2,547.36,"""hbgfflh gbhjekc"" <hbgfflh@gmail.com>"
b3b4cbb9-3f30-4f58-b749-c044bac52b35,2021-12-10T03:22:30,BRAND2,440.31,gikdabe@live.com
bcb129e1-f421-46fd-abbf-968275af42b9,2021-12-10T03:23:20,BRAND5,691.20,"""ldckejl hkadbei"" <ldckejl@gmail.com>"
aee5ac2e-4be9-4eda-87df-7471883f2261,2021-12-10T03:25:00,BRAND2,471.63,bhealgg@gmail.com
cc4989f6-ad7f-473b-abb0-7899c8416df6,2021-12-10T03:27:30,BRAND1,379.31,jcalhhl@gmail.com
959a69df-7246-4e3f-989e-5195b36b36df,2021-12-10T03:28:20,BRAND2,749.06,"""hfdacee bhfbacl"" <hfdacee@live.com>"
f3de9792-d771-4f56-b4d8-b2952467f795,2021-12-10T03:30:00,BRAND5,261.97,"""bdeihib ihdidfl"" <bdeihib@gmail.com>"
1038b700-7bde-4bd7-9fe2-186950e10458,2021-12-10T03:30:50,BRAND2,555.99,"""fhblkbc ccbdhjk"" <fhblkbc@appple.com>"
71d9c168-92d0-428c-8812-d225d4d3ac00,2021-12-10T03:30:50,BRAND2,81.89,leejkda@gmail.com
d7243f71-0b79-4900-8efa-a13cea98fcf1,2021-12-10T03:31:40,BRAND2,706.46,edcffel@gmail.com
e33ebdd1-d42d-477c-b240-dd88eb3a5992,2021-12-10T03:31:40,BRAND1,72.23,gfjbcjl@gmail.com
67bb4942-5516-4bb0-80f1-68fb285bac2d,2021-12-10T03:32:30,BRAND2,914.12,"""cbfahjb fkiklic"" <cbfahjb@gmail.com>"
9932b0f4-131a-4840-8c6e-8c6fe8e89913,2021-12-10T03:33:20,BRAND2,756.67,chbhgje@appple.com
c6e696d0-becb-42e0-acf2-11f518a50d6d,2021-12-10T03:35:50,BRAND2,144.95,aihjgdk@appple.com
1a9b1ea3-12d6-4f7f-8606-9f1af32b946d,2021-12-10T03:36:40,BRAND3,710.78,ffahagl@gmail.com
b696f925-48a0-42c2-a198-d176f3540e21,2021-12-10T03:36:40,BRAND5,101.22,"""ilfalbk jbalekb"" <ilfalbk@gmail.com>"
d13dd4e2-9bca-4172-84c0-8b07e1884f94,2021-12-10T03:38:20,BRAND1,484.12,"""igdcehl ggkhble"" <igdcehl@gmail.com>"
d1f3bda1-7089-48b2-9bfe-31f62f5e1472,2021-12-10T03:40:00,BRAND2,712.48,"""agjlkge kgiblil"" <agjlkge@gmail.com>"
1e34b3e8-bccb-437f-9fb7-2794c50456f7,Fri Dec 10 03:40:00 2021,BRAND2,344.96,"""fcbjicf clkeffc"" <fcbjicf@gmail.com>"
53952443-2dfe-4c27-a543-4b380a6eb539,2021-12-10T03:40:50,BRAND2,698.69,"""lbdkjfb dkbfaci"" <lbdkjfb@live.com>"
6319eacc-e6d4-4909-a910-7b31d6d3c508,2021-12-10T03:41:40,BRAND2,307.31,hdchhhh@appple.com
e838580f-c11d-4d9d-9dd3-9c603119c680,2021-12-10T03:41:40,BRAND5,794.15,dhdglca@gmail.com
8ba87bd9-a8fd-4e67-9a41-ca6e5c2d1ffa,2021-12-10T03:42:30,BRAND5,965.65,lhibgkl@yahoo.com
c6d936f8-c05e-4e60-b85d-7c0476c878b8,2021-12-10T03:43:20,BRAND2,990.90,"""dkdgheg lhafagd"" <dkdgheg@gmail.com>"
695af9b4-05f0-458c-9eaf-12851cc69114,2021-12-10T03:43:20,BRAND5,492.67,adjcjll@gmail.com
72b507d6-9d45-482a-9cac-f734a4deebfb,2021-12-10T03:44:10,BRAND5,555.44,"""dgkefla blkhcja"" <dgkefla@yahoo.com>"
bac2b3fa-2c11-41e3-9052-3f9bcb2baa80,2021-12-10T03:45:00,BRAND5,760.77,afihckh@gmail.com
feee2d8e-b622-462f-b32d-968de95e34d8,2021-12-10T03:45:50,BRAND2,268.71,iajcdca@gmail.com
df3a0049-32ee-4047-a6d6-f41283e2b88d,2021-12-10T03:45:50,BRAND2,539.80,"""jbhkhbb lhiaijf"" <jbhkhbb@yahoo.com>"
88fb1de4-85e4-4c49-b469-5f09d7d978c9,2021-12-10T03:47:30,BRAND5,140.82,eheeble@appple.com
e85e507c-6f99-4570-a1cc-d8f730d932b8,2021-12-10T03:48:20,BRAND5,497.99,abckkgh@gmail.com
9f94c8dd-d9ad-442e-9a4a-aacb92af506f,2021-12-10T03:48:20,BRAND2,273.64,bekkfkg@gmail.com
cf6c06d9-7e34-4ecf-ae1f-1ebbb486e5be,2021-12-10T03:49:10,BRAND2,688.40,"""cjeddjf cgabicc"" <cjeddjf@yahoo.com>"
a5af231d-a02e-41ba-a343-d2c346b37ea0,2021-12-10T03:50:00,BRAND2,264.69,afldhhc@live.com
0560e4db-66a9-48d6-9d01-e68ce423c8f9,2021-12-10T03:50:00,BRAND5,896.95,"""faclhke blgcfba"" <faclhke@gmail.com>"
e8d31d44-8094-4f09-9a6e-b1b7bf6711fc,2021-12-10T03:50:50,BRAND2,58.55,"""celechi giaeedg"" <celechi@appple.com>"
cde39acd-67e7-48e4-8540-44416003f267,2021-12-10T03:50:50,BRAND5,709.40,afhiiec@appple.com
5ca2d905-e17f-46bf-b6af-28f5fbbe4ed4,2021-12-10T03:51:40,BRAND1,88.33,"""bbbciif ddldahk"" <bbbciif@yahoo.com>"
0cf154ed-bbf5-433d-bd32-519d14bd53ad,2021-12-10T03:52:30,BRAND5,608.70,"""hcgcjdd haeaacl"" <hcgcjdd@gmail.com>"
2440c335-b974-492c-829b-f23e18c9b5af,2021-12-10T03:53:20,BRAND2,176.40,"""lehbgjb cccbgbk"" <lehbgjb@appple.com>"
3e293a43-ed64-4431-8177-359ea404ee92,2021-12-10T03:55:00,BRAND2,433.81,aihgdhe@appple.com
9510fe9a-0b54-4a86-93ca-6c810de853e2,2021-12-10T03:55:50,BRAND2,587.95,jgbgfej@appple.com
e2680f5a-2469-46a2-8634-b6ddb0e25dc9,2021-12-10T03:56:40,BRAND2,973.23,ghekkeh@appple.com
a8293d8d-f681-41c8-adaa-cbf07147db61,2021-12-10T03:56:40,BRAND5,902.83,"""ljgabgl gkkggbj"" <ljgabgl@live.com>"
5128439d-91b4-4b2b-a157-7eaf17f00655,2021-12-10T03:58:20,BRAND1,72.58,ibcffeh@appple.com
4307717a-779f-4d4f-8c60-cbc08ea054bd,2021-12-10T03:58:20,BRAND1,988.34,"""fbdabei lcfjbha"" <fbdabei@appple.com>"
f8591eea-a4e9-47c3-9f70-4fd6be9ba9ba,2021-12-10T03:59:10,BRAND5,514.74,hhllgbk@gmail.com
16c23c19-d96d-40aa-8cc9-a62d1a8cee63,2021-12-10T03:59:10,BRAND1,911.50,adebkdh@gmail.com
3100ffd4-8ecf-4a8a-9ae4-66f869942c80,2021-12-10T04:00:00,BRAND2,490.30,hbllijk@gmail.com
d6e09655-a1b6-4217-8702-1374804714dc,2021-12-10T04:00:50,BRAND5,511.31,jcfedbi@appple.com
2e8dcf21-fa80-4204-a3dd-ed0eded38863,2021-12-10T04:01:40,BRAND5,275.55,jehhhhb@gmail.com
fa521701-48eb-489f-a087-1ace62e76efd,2021-12-10T04:01:40,BRAND3,785.96,debcekc@gmail.com
66e05cc5-77d8-429b-93af-90dddf005eae,2021-12-10T04:02:30,BRAND5,833.83,iegbcfe@appple.com
553d7c51-91b4-4e71-9634-850693d96f5b,2021-12-10T04:02:30,BRAND2,363.57,jfeiiid@gmail.com
8bdc2b58-93f5-459c-b761-465c1e398175,2021-12-10T04:03:20,BRAND5,927.15,"""glebijj igelijb"" <glebijj@gmail.com>"
a650c5ca-3315-4378-9f30-41de21df4450,2021-12-10T04:03:20,BRAND2,424.73,"""kijehle hhlaclc"" <kijehle@yahoo.com>"
31dd8b75-e039-4d8f-9396-0bd62a040e96,2021-12-10T04:04:10,BRAND2,607.33,"""gckabeg gcficfk"" <gckabeg@hotmail.com>"
f2dbb76b-457b-402d-add7-16c17367d6b2,2021-12-10T04:05:00,BRAND5,971.75,"""kjeiidb dkjdkbj"" <kjeiidb@appple.com>"
9123a27a-fa41-4b93-88be-df2bfa47a3e1,2021-12-10T04:05:00,BRAND2,524.04,ejdbfle@gmail.com
847cd3ec-699a-4aaa-b39c-15872b26d791,2021-12-10T04:05:50,BRAND2,651.29,cdbhbeh@appple.com
21e3d3bf-4fde-4940-b064-54e5946afe7d,2021-12-10T04:05:50,BRAND2,44.09,jbdalee@yahoo.com
632c3800-a231-4009-9d36-53e97605d6e3,2021-12-10T04:06:40,BRAND2,456.49,hbfibkb@gmail.com
e4b8c0e6-109b-4c11-b83b-2f778855ae0a,2021-12-10T04:06:40,BRAND2,844.97,hkiihik@gmail.com
8f3cda0c-130d-4a61-b672-0029b35bb501,2021-12-10T04:08:20,BRAND2,380.46,dlcgikb@appple.com
30dbb4c4-3945-4ce0-8137-907746bb4dd7,2021-12-10T04:08:20,BRAND2,374.59,"""ilekade edbkefe"" <ilekade@live.com>"
22305915-661e-418d-9e56-55dab79b02cb,2021-12-10T04:11:40,BRAND2,911.78,ddlcfeh@yahoo.com
d5bd9d50-8e43-4637-8833-1e3c95147fd8,2021-12-10T04:11:40,BRAND2,516.36,"""ibcbhfc bbhiddc"" <ibcbhfc@gmail.com>"
9c41bf44-4fcd-43da-96eb-8410dcc57bf1,2021-12-10T04:12:30,BRAND2,473.45,lahacek@gmail.com
e825765f-2c5d-49f8-9fbf-bfcca9c377be,2021-12-10T04:12:30,BRAND5,911.09,kgbbhkj@gmail.com
419629fe-d9ed-4a3e-a40b-99acb4320ad7,2021-12-10T04:14:10,BRAND3,92.60,idddkgk@live.com
c410ae26-ca18-4fb0-987a-2d167e3e8642,2021-12-10T04:15:00,BRAND5,967.03,kfiibld@gmail.com
02d597e5-466f-4b3f-930b-15fca5c730bf,2021-12-10T04:15:00,BRAND5,$550.28,fajbgdf@gmail.com
3fc7d9b0-a052-499b-a059-9edbb5ed7125,2021-12-10T04:15:50,BRAND1,543.03,diehhfj@yahoo.com
1a6e01eb-dc73-4977-aa7b-98b2f78c6eae,2021-12-10T04:16:40,BRAND5,890.83,"""icagjfb bibcild"" <icagjfb@hotmail.com>"
cd742ed7-c7d7-461d-91aa-25c6c3252dba,2021-12-10T04:17:30,BRAND2,909.45,"""fijfihb caakabi"" <fijfihb@appple.com>"
0f57701d-6a35-441b-afb9-0c3a2eca5658,2021-12-10T04:17:30,BRAND2,772.05,"""abfdejg ejgeila"" <abfdejg@gmail.com>"
ed15fddd-f775-4621-a15f-1eccf0575b3d,2021-12-10T04:18:20,BRAND5,11.24,"""jbeaiek igeaadf"" <jbeaiek@gmail.com>"
400e5cc7-489f-4f5e-bca0-85e4a7ac8948,2021-12-10T04:19:10,BRAND3,691.92,"""ikacgce cckllib"" <ikacgce@appple.com>"
3fb7201d-0ffd-4e71-b3b6-33198f084ff0,2021-12-10T04:19:10,BRAND1,245.32,gdeifdf@hotmail.com
0a3a716b-56cf-4659-9b88-5203d5d2abec,2021-12-10T04:20:00,BRAND1,986.68,"""eackkkd hbaajhl"" <eackkkd@gmail.com>"
ab72a62b-2b3d-42da-91ca-b111d39f0a71,2021-12-10T04:20:00,BRAND2,845.66,ehfedih@live.com
2817678e-8a4f-439e-a322-e6ee205e238c,2021-12-10T04:20:50,BRAND1,251.99,bejhcbl@yahoo.com
31c68932-63e1-47c2-b83a-3078e951f880,2021-12-10T04:20:50,BRAND5,93.43,"""abjachi ihiecil"" <abjachi@gmail.com>"
d84da3c8-3f9c-4377-8a26-dc644106fc6c,2021-12-10T04:22:30,BRAND1,549.65,jajdhij@gmail.com
5b35f7df-63fc-4ae6-944d-8b9c871cb723,2021-12-10T04:23:20,BRAND2,49.16,gicjdkb@gmail.com
a31d1192-3e65-4964-ad9c-f1642991d036,2021-12-10T04:23:20,BRAND2,67.04,ikalhgl@appple.com
b6ae887c-e92f-483d-bdf1-daa6e2c02b8d,2021-12-10T04:24:10,BRAND2,615.86,"""adfdlli acgccbd"" <adfdlli@appple.com>"
8198ae49-88cd-475f-bfd2-f0842c294fb4,2021-12-10T04:24:10,BRAND5,917.03,edkcecl@gmail.com
249db681-dd15-4cdc-9d7f-2a63953d0d04,2021-12-10T04:25:00,BRAND5,856.60,"""belgjci ghbckhk"" <belgjci@appple.com>"
148e9924-b525-45ff-8d5e-d3441e84eff2,Fri Dec 10 04:25:50 2021,BRAND3,152.03,deiabld@gmail.com
c444e4d9-0976-451f-bda8-4563a34fb0aa,2021-12-10T04:26:40,BRAND2,863.78,"""jigjbli ikfbged"" <jigjbli@appple.com>"
aaa9fbe1-e60e-4398-a227-da3106763fc0,2021-12-10T04:29:10,BRAND1,158.45,dfegbfj@appple.com
a7b11a69-0851-416c-a434-2cd79b972860,2021-12-10T04:29:10,BRAND5,880.12,"""kieahci kdgelkd"" <kieahci@live.com>"
12573d33-13eb-42e6-ad16-c0aeb82a90e1,2021-12-10T04:30:00,BRAND2,723.54,fgijgfa@yahoo.com
6f78ff46-45f3-4cd9-b174-393d6834a1d4,2021-12-10T04:30:50,BRAND2,500.64,bbakfbd@gmail.com
d7f66913-ec9f-45b1-b474-6c7154c13d16,2021-12-10T04:32:30,BRAND2,205.76,ifdilfk@appple.com
4cd2190c-9cdb-4b76-8c2c-debd741afd93,2021-12-10T04:32:30,BRAND2,684.39,"""hceacig hldfdkd"" <hceacig@gmail.com>"
89e7d45a-a277-4c06-b78e-6419fa78010e,2021-12-10T04:33:20,BRAND2,720.72,"""biledfc gceedeb"" <biledfc@appple.com>"
ba763d21-acc6-4693-aeb2-ce865dfe31ba,2021-12-10T04:34:10,BRAND5,918.05,bjiilfh@hotmail.com
8ab6b50d-f967-439e-b2a9-e61803b0ea56,2021-12-10T04:35:00,BRAND1,555.83,kcllffe@gmail.com
d6a41c44-a019-4ee5-85d9-24b85ed1a852,2021-12-10T04:35:00,BRAND2,290.70,jgkabai@gmail.com
de71b23a-cb00-49b7-9c06-b18379a921b0,2021-12-10T04:35:50,BRAND2,728.79,"""gklackg clhdkfi"" <gklackg@gmail.com>"
669ff3b0-573f-4e16-aff4-24f4f21d8804,2021-12-10T04:35:50,BRAND2,149.48,bladjkd@gmail.com
ce4755bb-b05f-46f0-a139-6116c959a122,2021-12-10T04:36:40,BRAND3,212.32,iadadjh@gmail.com
6a621212-4f2a-445d-9f77-9bf7208511e4,2021-12-10T04:36:40,BRAND2,932.97,egeldek@gmail.com
a3c3b605-3f0e-4267-baa0-b9855c9dcc21,2021-12-10T04:38:20,BRAND4,583.48,kkhkehi@appple.com
12f7d60d-473a-491f-99df-941296eb20de,2021-12-10T04:39:10,BRAND2,29.58,"""djliald cjbhcid"" <djliald@live.com>"
a0ebbfb7-9c98-4f91-a1d3-2dd8da66957a,2021-12-10T04:39:10,BRAND2,614.65,"""kchgcil jlegdbi"" <kchgcil@gmail.com>"
3cde8a24-0c1d-4b32-a49d-712e8d8d82c0,Fri Dec 10 04:40:50 2021,BRAND4,22.88,ljkkckb@gmail.com
319f8e00-5588-4155-86c8-0e2e76f3386b,2021-12-10T04:40:50,BRAND4,463.49,fghfbjk@live.com
2aba2ab9-ddd4-41cc-9cd1-cc53ba94b0ea,2021-12-10T04:41:40,BRAND2,912.50,iidiccc@appple.com
3f558c6c-3016-430c-bf27-2677225e705b,2021-12-10T04:42:30,BRAND5,498.34,iakaaha@live.com
838ff2e8-5c7b-4ea6-a56b-864b5350f38a,2021-12-10T04:42:30,BRAND2,64.53,"""lclkgfc cbejcej"" <lclkgfc@live.com>"
997557f1-0579-4f95-888c-978d9a99b734,2021-12-10T04:43:20,BRAND5,311.08,"""lbffelh lflecfj"" <lbffelh@yahoo.com>"
722e96f5-81ed-4cba-8279-30c361ec8555,2021-12-10T04:44:10,BRAND5,632.43,feiabcl@gmail.com
2ff3f9e8-7e5e-47c9-ad39-8de5819e0180,2021-12-10T04:44:10,BRAND4,9.95,"""hijkjee fcaeehi"" <hijkjee@gmail.com>"
0d47ed41-9674-46e2-b7bf-4b470a8de927,2021-12-10T04:45:00,BRAND5,244.06,"""gfklelf gljldhh"" <gfklelf@yahoo.com>"
58004ca1-e6ac-4c12-8459-c0faa5efa8bd,2021-12-10T04:46:40,BRAND5,993.12,kfiagei@appple.com
5dd5fa3d-d1f6-41a2-b2b3-20fb5487277f,2021-12-10T04:47:30,BRAND2,846.36,iegdieg@gmail.com
78e7ce8d-1e24-4bd7-8bb7-ec75bc14fb62,2021-12-10T04:47:30,BRAND4,647.67,"""gjkhjbc dlakkfk"" <gjkhjbc@appple.com>"
7b3afd8e-c7f9-4814-95cb-0ce9253ded51,2021-12-10T04:48:20,BRAND2,782.67,aeedjji@gmail.com
43bb4502-292b-4e29-a8cd-9d73b596bbce,2021-12-10T04:48:20,BRAND5,790.70,"""acfcecf kgecekf"" <acfcecf@gmail.com>"
2d294bdf-c9fd-46e3-a89d-16112f3268e6,2021-12-10T04:49:10,BRAND2,918.65,"""ihgbafi lildbhe"" <ihgbafi@live.com>"
b1c9d0b3-de7e-4388-8179-caad8cf7da14,2021-12-10T04:50:00,BRAND3,991.29,kkeaija@appple.com
ead808fc-f049-4ec7-8771-e4efa3d70daf,2021-12-10T04:50:50,BRAND5,86.62,"""aflgggj jejdkbc"" <aflgggj@gmail.com>"
546ec8b8-78b3-4638-a218-414bd211beef,2021-12-10T04:52:30,BRAND2,661.19,eblgjjj@gmail.com
85dc6d19-930c-409b-a175-c986dcb8867f,2021-12-10T04:52:30,BRAND5,40.28,hdidegk@gmail.com
8827d3e0-ecd8-4673-a05f-354a77bb5f4b,2021-12-10T04:54:10,BRAND5,724.92,"""icbfebe cfgahbc"" <icbfebe@appple.com>"
785541dc-7b0b-4a6f-8b37-5c1540355cff,2021-12-10T04:55:00,BRAND5,979.72,"""blfikai gjbecak"" <blfikai@appple.com>"
d8e5acc2-06d2-423f-b822-f1f8c3a20ac2,2021-12-10T04:55:50,BRAND5,100.48,geidclc@gmail.com
fa6d2d1c-eb94-4701-9df2-b84d057dc2e3,2021-12-10T04:56:40,BRAND3,241.23,"""ehlblli ahfalli"" <ehlblli@yahoo.com>"
52aa0b34-6ce9-41b2-943f-f4af61fe57ae,2021-12-10T04:56:40,BRAND2,768.92,kdgbacj@gmail.com
9b82ffbf-f693-488e-9bfb-56bda5e27141,2021-12-10T04:57:30,BRAND2,22.09,"""jdbaled cibkhhj"" <jdbaled@appple.com>"
73ff2f34-aede-43fe-9570-003c86358532,2021-12-10T04:57:30,BRAND5,295.87,ijkhcae@live.com
7daaedef-3e1a-405e-9c43-2db287ab8466,2021-12-10T04:58:20,BRAND2,495.58,kjigege@gmail.com
dae68c2b-3adf-49cb-8b8c-233a14a5fc67,2021-12-10T04:59:10,BRAND2,239.35,cfifcib@yahoo.com
9bdced4d-0af1-4531-bffe-5c858a71bc46,2021-12-10T05:00:50,BRAND3,848.17,ikccbdc@gmail.com
93e70677-8d6b-41ad-82f0-c023ce1a42bc,2021-12-10T05:00:50,BRAND2,310.99,hjeelfl@yahoo.com
463a5b33-5e6f-4374-b7f6-f0ed459e916c,2021-12-10T05:01:40,BRAND5,85.78,"""heekbbj cikjgbd"" <heekbbj@live.com>"
1e85231e-576c-43dc-8611-a516787b871f,2021-12-10T05:01:40,BRAND1,410.78,ebdlhae@gmail.com
6aba232e-5ae8-4a08-8929-6aac32790d65,2021-12-10T05:03:20,BRAND2,101.70,ieejfga@appple.com
97cdd865-9a17-4829-a06c-f130a476f37f,2021-12-10T05:05:00,BRAND2,756.62,bhghfjb@gmail.com
69317923-3b46-4eb3-a049-c34a86b40a8a,2021-12-10T05:05:50,BRAND1,991.65,jkjlhbe@gmail.com
1a9c7487-c167-4900-bb52-6b352546e1bb,2021-12-10T05:06:40,BRAND2,42.35,"""hejfchi kldhikj"" <hejfchi@gmail.com>"
238a530c-138e-4bda-ad5b-63924a826bd0,2021-12-10T05:07:30,BRAND2,985.37,"""akbfajl bjcdlbc"" <akbfajl@gmail.com>"
dd094de9-10a6-4e10-98b1-94ea75269dbd,2021-12-10T05:07:30,BRAND2,651.19,chakfhi@gmail.com
52c0ff84-c535-4ad3-abfd-21ffdc082a8e,2021-12-10T05:08:20,BRAND1,566.71,dgdecfi@gmail.com
1bc55a56-8579-4110-93f9-ddd512623d9b,2021-12-10T05:10:00,BRAND5,89.86,hjiliec@gmail.com
c26330c6-f66f-4bac-926b-1351f364a488,2021-12-10T05:10:00,BRAND4,753.22,cdcghdi@appple.com
dd565170-d2b2-418b-8a26-319fbf29b7f5,2021-12-10T05:10:50,BRAND4,939.82,ecdeghi@hotmail.com
15fbbfa9-6d76-4825-a059-a517df1e64f0,2021-12-10T05:10:50,BRAND2,924.08,ajeleea@gmail.com
9223a46d-b970-403d-85fe-612aea0567ef,2021-12-10T05:11:40,BRAND1,146.18,gibijhh@appple.com
2d8a384a-51a8-4b9a-a274-ea5e3607c98c,2021-12-10T05:12:30,BRAND4,124.56,"""ekhagec hfdlgge"" <ekhagec@gmail.com>"
4d51f7bd-e64d-4b7e-b70c-012bda3e5285,2021-12-10T05:12:30,BRAND1,245.85,"""hdeifgg cbhadhb"" <hdeifgg@yahoo.com>"
75da8acb-b234-4da8-baa3-37f31eedf7fd,2021-12-10T05:14:10,BRAND5,917.38,fefhiek@gmail.com
a18a4c8b-8ec0-4d8d-a0ee-9062d87e4747,2021-12-10T05:15:50,BRAND4,491.87,"""eeihdlk agccdkh"" <eeihdlk@appple.com>"
a94d0037-c746-4acd-be33-38e904bdfc5f,2021-12-10T05:15:50,BRAND2,401.19,hlddkkc@yahoo.com
40fb4b14-d096-49fd-a96b-0e8efe263a67,2021-12-10T05:16:40,BRAND5,340.06,cgjchhl@appple.com
3f1ee4f9-153b-4e79-a987-37b4fdc045e8,2021-12-10T05:18:20,BRAND1,684.92,"""haajkci jghbalk"" <haajkci@gmail.com>"
4b2d67ac-b165-4a67-9d7f-eb0199aead43,2021-12-10T05:18:20,BRAND2,175.15,gkkchcd@appple.com
7130b90d-9cd7-4cf1-8dc2-523b1ef60914,2021-12-10T05:19:10,BRAND2,49.02,cbllgki@gmail.com
02d8c049-c9d2-4164-ae0c-93de80bf5365,2021-12-10T05:20:00,BRAND2,827.18,"""daechbb dgcfide"" <daechbb@yahoo.com>"
41d30072-9d89-4caa-bb81-033bc9a607a0,2021-12-10T05:20:00,BRAND2,746.12,jabfgkk@appple.com
09c2728c-ee94-469b-8331-56d94fa23f2b,2021-12-10T05:20:50,BRAND2,647.49,"""jgejbif kdhcege"" <jgejbif@gmail.com>"
4aa475b5-9200-41b9-beb8-28515d3eb29f,2021-12-10T05:22:30,BRAND2,676.75,bldicgf@live.com
3cb5e66c-cdec-44f2-816f-ea94e0961bcc,2021-12-10T05:22:30,BRAND2,709.14,"""bchbclk icedddg"" <bchbclk@appple.com>"
c7c66544-7c11-4b8b-afc1-cf6a575b23f2,2021-12-10T05:23:20,BRAND1,281.98,acbgefk@gmail.com
2fe8b714-0e90-4193-8554-a8dc80bcea39,2021-12-10T05:23:20,BRAND2,64.66,"""jcabgga iegkifk"" <jcabgga@live.com>"
0ca82a0f-6f04-4398-9054-ae30535811c7,2021-12-10T05:24:10,BRAND2,993.40,lllakki@live.com
819998e3-1d14-4fde-83d1-cdbff09f2a19,2021-12-10T05:26:40,BRAND3,467.80,"""leeelel aclibaj"" <leeelel@gmail.com>"
dffe39eb-b64f-4ab4-9a6b-13d6a156dc73,2021-12-10T05:26:40,BRAND5,776.80,ddcjlag@appple.com
06cfd326-5980-423d-bd8c-f5a5b031422f,2021-12-10T05:27:30,BRAND2,827.42,ehffaff@live.com
62f03e60-1b58-440a-acb3-ba592ced0d79,2021-12-10T05:27:30,BRAND3,721.76,"""aaahdjg jjeflha"" <aaahdjg@appple.com>"
10e0884a-5dfd-4a95-a2bf-61e05932dc8f,2021-12-10T05:30:50,BRAND2,711.72,cicfaeh@gmail.com
fdf2f4b1-f899-46e3-acde-cce94dc062c1,2021-12-10T05:30:50,BRAND2,783.85,"""dljagfb edejakg"" <dljagfb@appple.com>"
d501777a-a726-41f3-aeae-48826dde1aa5,2021-12-10T05:31:40,BRAND2,530.09,fekjccl@gmail.com
ac60bb46-7a96-4d94-aeff-97eda7816552,2021-12-10T05:31:40,BRAND2,887.61,lhdilcc@appple.com
a322e876-9abf-4650-b20a-19f6e07a87c5,2021-12-10T05:32:30,BRAND5,344.26,kcbdgll@yahoo.com
946aa4ed-2c92-41ec-921b-5a9cad72b67f,2021-12-10T05:33:20,BRAND2,505.73,lhiidlj@yahoo.com
64c3ceee-b4e9-411c-b144-8f945a972f19,Fri Dec 10 05:35:00 2021,BRAND5,46.51,gklhdgf@appple.com
86db8ef9-7265-4d20-b055-3a2b576abb83,2021-12-10T05:35:50,BRAND2,235.62,fdkcclg@hotmail.com
a34fa45e-7234-49c0-b708-b2c2bf079d83,2021-12-10T05:35:50,BRAND3,343.24,fdgbcjl@gmail.com
a487599c-dd6b-468a-bd75-4af10a0ad7dd,2021-12-10T05:36:40,BRAND2,192.16,dacijfk@gmail.com
21684f96-15d2-4757-b794-5176991b399a,2021-12-10T05:36:40,BRAND1,549.58,"""ggicfde gkhcijf"" <ggicfde@hotmail.com>"
a9d6af91-b094-4275-ab89-1609d339a1e5,2021-12-10T05:37:30,BRAND3,548.60,"""dlhcijf abfadgk"" <dlhcijf@live.com>"
54dd8d48-2e72-471c-a0cf-c54674175f19,2021-12-10T05:37:30,BRAND1,698.61,ekiilkj@gmail.com
912ad1a6-0574-42c9-8586-e7424fbc8ed7,2021-12-10T05:38:20,BRAND5,$491.18,jciijci@appple.com
22b5ab4c-c296-4045-baaa-00f2a719ab4d,2021-12-10T05:39:10,BRAND1,931.49,bkahhhb@gmail.com
164e2e90-61b5-4e5c-ac12-eef2bb4c5e6d,2021-12-10T05:39:10,BRAND2,157.80,"""igkkigi ejkieie"" <igkkigi@gmail.com>"
32284d2f-8575-45eb-b281-396864a6fa7a,2021-12-10T05:40:00,BRAND4,380.91,"""chbgffj ahacdag"" <chbgffj@hotmail.com>"
1619c4ba-e7ae-4d46-b0c5-93a6d03c5fdb,2021-12-10T05:40:50,BRAND2,408.80,"""aacklci agbkbhb"" <aacklci@yahoo.com>"
0479581f-2ada-435a-af0b-392927ac395c,2021-12-10T05:42:30,BRAND2,724.58,ilkfldd@gmail.com
01b8cedd-46c0-428a-bc02-050c98ef2c90,2021-12-10T05:43:20,BRAND2,609.68,egefebj@appple.com
2df2f0dc-8716-4986-8fa5-8eadcaf48ea1,2021-12-10T05:45:00,BRAND2,437.43,"""kfeghif fbfhcai"" <kfeghif@gmail.com>"
73474494-1fdd-4948-924d-97af89705f2c,2021-12-10T05:45:00,BRAND2,609.28,acedclk@appple.com
13e331bf-87db-40b4-aea7-776f0c25fc2f,2021-12-10T05:45:50,BRAND2,615.78,lbjaefi@gmail.com
49512206-85a8-4179-99ad-0f2412cf2605,2021-12-10T05:45:50,BRAND5,440.55,"""cijijcf kklcbga"" <cijijcf@appple.com>"
dd85d1a1-f779-45a9-9ba4-fd71d632fdee,2021-12-10T05:51:40,BRAND2,351.63,"""edllggi adjaghe"" <edllggi@gmail.com>"
f24d7690-89e5-4503-b47d-5ef7aeb65244,2021-12-10T05:52:30,BRAND2,921.04,ckhadkl@gmail.com
aa7d6b42-ddb4-41ef-997b-7ed4e921aa8c,2021-12-10T05:56:40,BRAND5,753.03,dabiajj@appple.com
92d5bd6f-285b-4b08-a546-7b78e4fe7827,2021-12-10T05:57:30,BRAND5,789.77,cekllkf@gmail.com
60fd0689-5705-4407-830b-43e2ffcde59d,2021-12-10T05:58:20,BRAND5,689.18,fgjdbki@gmail.com
4fa91ebe-1727-4d01-9111-56286c5e15e3,2021-12-10T05:58:20,BRAND1,589.50,iakcdhg@appple.com
333c9447-a0a4-4d78-bb61-51b7dfe91335,2021-12-10T05:59:10,BRAND5,946.08,dbjlgal@gmail.com
6ca2b560-be29-457f-9589-ddd2ad67b784,2021-12-10T05:59:10,BRAND2,136.44,"""edjfhjf bihfhdc"" <edjfhjf@live.com>"
9ae18d23-7db3-4bf0-a131-a5322d573008,2021-12-10T06:00:00,BRAND3,618.64,"""gldkhhe flabdcd"" <gldkhhe@gmail.com>"
cd8a5e9c-c0fc-4640-994b-e2d534038ec3,2021-12-10T06:00:00,BRAND5,834.80,fbkdlid@live.com
dd0f3f15-3273-415d-84fb-b300b0b5d959,2021-12-10T06:00:50,BRAND2,597.04,ckigbka@appple.com
cc57c5b4-ace9-4cf7-95b6-5c4b450bd913,2021-12-10T06:00:50,BRAND2,83.53,"""kddlefi gaijdhj"" <kddlefi@appple.com>"
80a0db64-c1ce-4bdd-bdc7-d8c651c50a64,2021-12-10T06:01:40,BRAND5,696.90,"""glafclf jkgdfgd"" <glafclf@gmail.com>"
658d6d44-a35c-46e3-aaff-bd21cd83921d,2021-12-10T06:01:40,BRAND2,652.41,"""cldcace hdbgaak"" <cldcace@live.com>"
6eb8a95b-84cc-4a92-bedf-ef2f596c37e0,2021-12-10T06:02:30,BRAND2,713.22,abikgbg@live.com
9c36dc9e-4a62-40c8-a2dc-3cd0ce2eae2c,2021-12-10T06:02:30,BRAND1,197.92,"""kafaaec kbaagbh"" <kafaaec@gmail.com>"
df527f21-5210-4f02-bfd8-9218b2fa2e41,2021-12-10T06:04:10,BRAND2,738.19,illfhlb@gmail.com
2c70ad9c-88d1-4711-9213-43ca039beee3,2021-12-10T06:05:00,BRAND1,570.64,ehlillg@gmail.com
6d8d0152-cf7b-4019-91e3-38d6661faf22,2021-12-10T06:05:50,BRAND2,924.22,adhligf@gmail.com
4256eb8d-e387-43d0-bc2a-d32770d2ad3c,2021-12-10T06:05:50,BRAND2,973.42,"""dcilceg jalcebb"" <dcilceg@hotmail.com>"
24a44198-5ee7-4275-b5d5-78b377c3606d,2021-12-10T06:06:40,BRAND2,521.74,"""kicccfe ebcakfe"" <kicccfe@live.com>"
ac008729-d4a7-498e-bb0c-babd70e27d1f,2021-12-10T06:07:30,BRAND2,647.88,hejabih@appple.com
533d5268-b62d-42d0-803d-6bdc5a669103,2021-12-10T06:07:30,BRAND5,409.19,ljeadfl@appple.com
671302bf-cc5b-4562-9704-3871e2a1e456,2021-12-10T06:09:10,BRAND2,319.59,ibecfee@live.com
7f76f681-fa30-47d7-9013-a7bb6f867c8b,2021-12-10T06:10:00,BRAND2,570.57,hkkicjk@gmail.com
4a6a372f-4b12-4f05-84ac-c607491a4338,2021-12-10T06:10:00,BRAND5,911.15,"""fcclhga dhaelib"" <fcclhga@gmail.com>"
bf8d63ea-15c2-46ce-ad93-61f64e5d9928,2021-12-10T06:12:30,BRAND5,349.25,"""laefkhk gijdlji"" <laefkhk@yahoo.com>"
78550113-c2e6-4706-af9c-4e7b7e513089,2021-12-10T06:14:10,BRAND5,904.45,egdidla@gmail.com
387e91b8-3feb-4864-a3a1-7694ad030eeb,2021-12-10T06:15:00,BRAND5,759.74,"""aeggidg affifda"" <aeggidg@gmail.com>"
58585349-5ef1-4e7e-a2b3-2a56a4c21f8f,2021-12-10T06:18:20,BRAND1,604.93,ddkkdai@gmail.com
4395f2d6-ab4e-4860-92dd-3c228f728449,2021-12-10T06:18:20,BRAND1,969.08,adecflk@gmail.com
8f25fd3a-4810-43ab-b028-fe619841ef3a,2021-12-10T06:20:50,BRAND1,29.22,"""cagkikb figahfa"" <cagkikb@gmail.com>"
0bf2891c-176a-4d7e-ad9a-6270f231bc5a,2021-12-10T06:22:30,BRAND2,528.10,kleibdd@gmail.com
3b5c4ec1-1a9c-41cb-a752-1e4eb882138d,2021-12-10T06:22:30,BRAND1,541.96,gdfllli@appple.com
dbc39867-ded4-4cee-9d41-10f5c20bb7d0,2021-12-10T06:24:10,BRAND3,630.79,hlflcfc@gmail.com
cfcec42a-2b52-4169-97eb-703bb325d2b0,2021-12-10T06:27:30,BRAND2,57.68,"""iiealdb fkkgfel"" <iiealdb@hotmail.com>"
f7ae6d19-5896-4bcf-87a2-74fe1c87c220,2021-12-10T06:28:20,BRAND1,476.14,"""hjjbdkl kljafaa"" <hjjbdkl@gmail.com>"
208b8cc2-d60a-4e88-9b8c-e99886030383,2021-12-10T06:29:10,BRAND2,348.24,jfadidg@gmail.com
27b298e8-4f79-46ef-b148-f7ac91c44a8b,2021-12-10T06:29:10,BRAND2,896.57,fbghfib@gmail.com
af3af3a2-1a4d-46e0-bd4d-932c9d45d21a,2021-12-10T06:30:00,BRAND2,$839.05,bigkbbk@live.com
3a6c970d-b813-46ff-b5f0-b74fd7b40801,2021-12-10T06:30:00,BRAND5,951.61,blhgfhk@gmail.com
f72cbe3e-aa53-4e02-bb99-680af8ec0d11,2021-12-10T06:30:50,BRAND5,30.17,"""glffhkj acedihc"" <glffhkj@appple.com>"
da6e4d5a-89fe-4eb8-8d6c-397d67f57858,2021-12-10T06:31:40,BRAND1,3.60,fjibkbh@gmail.com
dd9ff564-a7dc-4e92-9aad-1b93cadd9265,2021-12-10T06:31:40,BRAND2,10.85,"""kafibak khicglj"" <kafibak@gmail.com>"
aba48bdb-a443-4258-adeb-01ca377459a9,2021-12-10T06:32:30,BRAND1,677.61,"""aaehhff dekledk"" <aaehhff@gmail.com>"
1f924656-7a29-488b-b0bf-af6802c5a285,2021-12-10T06:33:20,BRAND2,876.29,jecaghk@yahoo.com
73d94e41-e74c-493c-81d1-7775bdf6043f,2021-12-10T06:34:10,BRAND5,256.98,kdlcifb@live.com
1213c161-97fd-4ea9-8b12-596bbb3009c2,Fri Dec 10 06:34:10 2021,BRAND2,419.54,ibbkflh@gmail.com
ec6014e2-a41b-4966-825f-6097bd4f63ab,2021-12-10T06:37:30,BRAND5,607.25,lcjbidj@live.com
7c4032a7-a627-49d2-b85a-fa09546c9851,2021-12-10T06:38:20,BRAND2,732.73,eehceia@gmail.com
fbc63d53-47fc-4aa2-9ea2-8ed96982ad65,2021-12-10T06:40:00,BRAND5,934.69,"""ebfegbj gcfhkhi"" <ebfegbj@yahoo.com>"
a04d39cb-c109-47cf-b531-735c105fd85c,2021-12-10T06:40:00,BRAND2,136.70,ldalldb@gmail.com
58dc7e96-a065-4a2a-acaa-61fa66388871,2021-12-10T06:43:20,BRAND2,621.39,jbfdbah@gmail.com
8e123865-31ab-4de3-9520-0e8a48ccc02d,2021-12-10T06:44:10,BRAND5,304.23,eccadeg@gmail.com
ed0abe1f-3a0b-4e31-972a-2cadd29cf84f,2021-12-10T06:44:10,BRAND4,373.10,eebhdje@gmail.com
3c36025f-240d-4468-9f34-9d021f2eca88,2021-12-10T06:45:00,BRAND2,704.89,jjdkfae@live.com
46c7c57c-b5d9-48fa-97ea-73ac5e2baad0,2021-12-10T06:45:00,BRAND2,942.93,"""ccjglba blilkci"" <ccjglba@gmail.com>"
1e144beb-3633-4a11-9604-e95160e5e79c,2021-12-10T06:45:50,BRAND2,89.92,clbdjaf@gmail.com
4de20c35-2ba4-44b1-b7e7-2799a3f92881,2021-12-10T06:46:40,BRAND2,24.30,ldfaflk@gmail.com
7892b361-6a64-431a-a3dd-3dda88bdd6cd,2021-12-10T06:46:40,BRAND2,811.70,"""khglggl lbcefll"" <khglggl@yahoo.com>"
23fb4697-e875-4490-be66-3129bc864a32,2021-12-10T06:47:30,BRAND1,929.37,bfhekdb@live.com
dd44329d-4e5a-4203-afe4-c0d3a13d0f81,Fri Dec 10 06:47:30 2021,BRAND5,135.28,"""abedkji ebgjceh"" <abedkji@appple.com>"
8fc4089b-02f8-4b50-a95b-3c3e6c89e6e8,2021-12-10T06:48:20,BRAND2,912.77,eabheje@gmail.com
5a67ab05-3126-45fd-ad87-7cc21c8c3a63,2021-12-10T06:49:10,BRAND5,192.86,cllffgk@appple.com
3b1ac3d5-ecc1-4dda-b944-54ac12b3fc31,2021-12-10T06:50:00,BRAND2,134.32,jdjfhgf@appple.com
d85830df-ea7b-4cfc-bc1a-a20c05d8a1a0,2021-12-10T06:50:50,BRAND2,497.18,"""dlakfjg fcfeead"" <dlakfjg@gmail.com>"
30fa105f-219b-411c-8359-e4e68bcb916c,2021-12-10T06:51:40,BRAND2,68.32,kljlckk@gmail.com
442029d2-1494-4c2e-b2a7-6410dbc9da20,2021-12-10T06:51:40,BRAND2,336.01,igijdie@appple.com
c65ee5f7-38d9-4bd7-a3cc-c52b7041fe60,2021-12-10T06:53:20,BRAND5,813.95,"""fbkgjdd cbccgbh"" <fbkgjdd@live.com>"
c2c9285f-4f33-4630-a4d7-0b78c84a3438,2021-12-10T06:55:50,BRAND5,603.95,"""kcfbaih iebiaah"" <kcfbaih@gmail.com>"
2599fe72-714a-495f-aba0-0867ba799300,2021-12-10T06:56:40,BRAND1,161.90,chglffa@appple.com
12cb5476-2ddc-4568-a90c-c7841eac488b,2021-12-10T06:57:30,BRAND5,938.95,fgkghhc@gmail.com
9c38f4bd-9c4d-44bd-a8bf-0a452a7c2f19,2021-12-10T06:58:20,BRAND2,965.12,eadchgh@appple.com
d2fa3ca5-950f-46bb-bf77-70166abe8ebd,2021-12-10T07:00:00,BRAND2,21.36,gfahbda@gmail.com
f93f6d88-da31-4b88-8966-957cca7cb8e7,2021-12-10T07:00:50,BRAND2,850.06,kflbead@gmail.com
bde9920e-a5c2-4c56-aa38-bd442a9a6c67,2021-12-10T07:00:50,BRAND2,916.03,"""daeadff ldkbhcc"" <daeadff@gmail.com>"
78664f51-083a-4e67-9810-3b73c967410b,2021-12-10T07:02:30,BRAND2,932.86,ehdgedk@appple.com
da5b0edc-e9cc-4a83-960b-c38d121e506d,2021-12-10T07:03:20,BRAND2,136.84,cekaicf@gmail.com
5b3bdd38-9efb-4042-b4b3-49e55007fe0b,2021-12-10T07:03:20,BRAND1,678.52,aehkfhc@appple.com
8b9725b9-4128-4990-b525-20b0915229d6,2021-12-10T07:04:10,BRAND2,499.77,kldkjja@gmail.com
5047d404-c6e2-412e-8ec9-f85fde2cb7b3,2021-12-10T07:05:50,BRAND1,506.91,adfgceh@gmail.com
8046ea32-4aa0-42ff-af14-8661ee47098f,2021-12-10T07:05:50,BRAND2,339.16,adbdbae@gmail.com
edd7f2bf-7d45-48cc-961c-6ac16f8f8aa8,2021-12-10T07:06:40,BRAND2,390.88,"""aafeech edldadd"" <aafeech@live.com>"
2a0cbca2-860c-41f5-b584-b9f67c15733a,2021-12-10T07:06:40,BRAND5,479.15,"""afajhgg gjcjgcc"" <afajhgg@gmail.com>"
4efa7534-d62c-44fa-a01c-725bafeeac67,2021-12-10T07:07:30,BRAND2,414.62,igdhlli@gmail.com
3491d52c-81ea-4fea-bf7a-0ceb547a0028,2021-12-10T07:07:30,BRAND3,104.19,bjagief@appple.com
ad7983ce-bc3b-40fa-ad04-856e9d8ed8f4,2021-12-10T07:09:10,BRAND2,173.28,"""idgilgi cfgclhh"" <idgilgi@gmail.com>"
a6f3ed86-2b1d-420d-8b0d-26c9d209bc0e,2021-12-10T07:10:00,BRAND2,945.90,hekcaai@gmail.com
4d4bbf0b-fb2b-49fb-945e-1d8352a90b1e,2021-12-10T07:10:00,BRAND1,727.88,jghgcbe@appple.com
984b1c7c-1d8b-41ab-aea7-adc1821e0875,2021-12-10T07:10:50,BRAND5,424.34,"""bjbjcjb fgedigh"" <bjbjcjb@appple.com>"
9cd80b10-6b9e-4c2f-86db-9c6d56fa6030,2021-12-10T07:10:50,BRAND4,792.56,lgfeclk@live.com
ebd98d6b-a915-4ae5-a2be-c3535e1a03e4,2021-12-10T07:11:40,BRAND5,270.80,ebiiegl@gmail.com
4396cce6-492e-4108-8154-a8202726abf4,2021-12-10T07:12:30,BRAND2,269.61,bcabeei@appple.com
2180a5aa-a50f-4434-a737-8584e8bf1731,2021-12-10T07:13:20,BRAND2,586.34,"""gehellh eefblcb"" <gehellh@gmail.com>"
794ec93f-4968-4496-b62d-3940ab98a549,2021-12-10T07:14:10,BRAND1,85.37,hicglij@yahoo.com
5d29b697-8ac6-48dc-9c9e-104a4c5a1afa,2021-12-10T07:15:00,BRAND2,828.72,dbdjaka@gmail.com
9cd8b9bc-ec6b-4e88-bc2a-3822060b5c70,2021-12-10T07:15:50,BRAND2,418.11,"""hdbigej ldcblla"" <hdbigej@gmail.com>"
ed8265f4-bd3c-4214-8f70-02e3edc46a26,2021-12-10T07:15:50,BRAND5,654.99,"""blchage giaifkf"" <blchage@live.com>"
4276095f-b8e8-4d3c-8651-d420df786d51,2021-12-10T07:18:20,BRAND5,412.15,gjahclk@gmail.com
43981bca-bbde-409d-927c-6d6a2e0e0bd8,2021-12-10T07:18:20,BRAND2,961.20,"""ikdijel djgbjji"" <ikdijel@gmail.com>"
c529a6bb-e0cf-414d-af6b-f4f0780adebe,2021-12-10T07:19:10,BRAND5,279.56,"""cjjahid hfhfbag"" <cjjahid@gmail.com>"
2acd0480-b0af-4462-ac1b-e1681f021c32,2021-12-10T07:20:00,BRAND1,277.94,glddakf@gmail.com
51b29fd7-0642-4c5c-b8cc-b5c91be82adb,2021-12-10T07:20:50,BRAND2,917.75,"""hadkhke lhhgeke"" <hadkhke@appple.com>"
48602b16-8933-4aea-b7f2-845292da29b2,2021-12-10T07:21:40,BRAND5,390.66,"""eikghkc lbedjbj"" <eikghkc@live.com>"
2c2d814c-55fa-4b7a-8511-172027951238,2021-12-10T07:22:30,BRAND5,640.62,"""eflllaa ccldejj"" <eflllaa@gmail.com>"
bd669130-7719-42cf-bdcf-8bedb8f0aeba,2021-12-10T07:23:20,BRAND5,289.33,edfedka@gmail.com
115d479a-eb71-436d-9dd0-ad638bcd69d8,2021-12-10T07:23:20,BRAND5,289.15,adlgjgj@gmail.com
95bf4032-b72d-4aa5-ac98-266575ede860,2021-12-10T07:24:10,BRAND2,976.89,adlcgdl@gmail.com
7487d29a-f470-4206-803f-eb6d2ac458b6,2021-12-10T07:24:10,BRAND2,650.77,jghhjgk@gmail.com
84fe8f28-98ed-47e5-afc2-90becdba2166,2021-12-10T07:25:00,BRAND2,$279.19,"""bjgiffk jlillha"" <bjgiffk@appple.com>"
c08c326a-ac98-441d-84ef-185dca361dcd,2021-12-10T07:25:00,BRAND2,461.81,bkecack@gmail.com
3322bd02-584e-488e-a7bf-ae318daf56fe,2021-12-10T07:25:50,BRAND5,55.01,"""ckdkfhf ieibkkd"" <ckdkfhf@yahoo.com>"
d5e3c923-a8ca-473a-b534-9ade01ba1fad,2021-12-10T07:26:40,BRAND2,298.54,"""ckgdhfl igeiaei"" <ckgdhfl@gmail.com>"
88855313-78dd-48a1-8d4a-6a825cf4c5d3,2021-12-10T07:26:40,BRAND1,350.71,dedakac@yahoo.com
19d0b98a-6f1e-48f8-86a3-2a7996faa479,2021-12-10T07:28:20,BRAND2,29.29,ddcadcg@appple.com
6906e87a-600c-4430-97ae-661abeed9c58,2021-12-10T07:28:20,BRAND2,285.19,fielegc@yahoo.com
45fd3a05-ec09-4ca0-8747-6f9d553085e3,2021-12-10T07:29:10,BRAND5,274.92,igbelfk@gmail.com
7b6da2c6-1c0d-4f7e-b6d6-65e57da9bb2e,2021-12-10T07:29:10,BRAND2,952.55,eicbjbh@appple.com
7b5d0307-7c72-49e8-961c-cabf92777a0e,2021-12-10T07:30:50,BRAND2,129.83,akffdjb@gmail.com
f678a298-57c7-4328-ad50-89def2af765d,2021-12-10T07:30:50,BRAND5,204.46,"""jfellfd hgalalh"" <jfellfd@live.com>"
b69cda12-ee47-482f-b2e6-2aba511415f9,2021-12-10T07:32:30,BRAND1,169.31,lkdfiel@gmail.com
c0d79c96-442a-4800-bde4-575db003cf22,2021-12-10T07:32:30,BRAND1,25.43,ggjfjeh@appple.com
8f3ce6e8-2282-4442-979f-90d01f5079a2,2021-12-10T07:35:50,BRAND3,451.62,aggdkid@yahoo.com
5e6717f4-3df3-4819-9eef-69ce3c69b22e,2021-12-10T07:35:50,BRAND2,873.38,"""addfede kkibaif"" <addfede@gmail.com>"
9b930924-0610-470c-affa-c03a7e55194c,2021-12-10T07:36:40,BRAND2,684.94,"""ggcicjj bchcfif"" <ggcicjj@gmail.com>"
4ed83534-2ad7-486e-9baf-e666a63e1706,2021-12-10T07:36:40,BRAND5,429.32,"""chghihi bhjkjek"" <chghihi@live.com>"
2cc27bc3-3100-4f36-b397-6c9d5fe85b19,2021-12-10T07:37:30,BRAND3,330.41,ibjelae@gmail.com
fe5d24f2-de20-46e9-a3d0-50c6158d7d1c,2021-12-10T07:38:20,BRAND2,210.87,"""kghhkjk dccjkkj"" <kghhkjk@gmail.com>"
452d093a-2f24-4ed7-b091-2a5e287fa20d,2021-12-10T07:38:20,BRAND5,963.25,jgbighi@gmail.com
7f06777f-fd4f-4135-95e6-02deeeaa0800,2021-12-10T07:39:10,BRAND5,728.31,kgliffl@appple.com
cf469e08-f04d-41f9-aac6-88ecddd0a7ba,2021-12-10T07:39:10,BRAND2,815.25,"""kidcidc dflikek"" <kidcidc@hotmail.com>"
894ad2c0-85e6-4dc5-abda-aa25982a07de,2021-12-10T07:40:00,BRAND2,677.64,hehdldg@yahoo.com
c952c618-6098-4232-9215-425151658c41,2021-12-10T07:40:50,BRAND1,676.91,"""dccbkke blblbci"" <dccbkke@gmail.com>"
215285db-bb40-4519-bcd5-d2d5749e7139,2021-12-10T07:40:50,BRAND2,202.85,"""cbhfdfe jcjjjfi"" <cbhfdfe@yahoo.com>"
4d5acdb6-cd32-4528-9250-26a4cbe61a42,2021-12-10T07:41:40,BRAND5,865.77,hllehek@live.com
d2d9ec30-2e6e-4ca7-8e63-74102cc60609,2021-12-10T07:42:30,BRAND3,956.58,afchedh@gmail.com
4dc694f9-8a1e-4474-a46e-55d15142d866,2021-12-10T07:42:30,BRAND1,340.50,giacalj@live.com
bb6eb815-9c85-4200-b5f0-da8126f16bf0,2021-12-10T07:43:20,BRAND2,476.64,"""lghdgia haajgad"" <lghdgia@appple.com>"
328aadea-95c9-4f6f-b146-0360b77287d8,2021-12-10T07:45:50,BRAND1,315.06,iljffbj@hotmail.com
ba220c3a-b7e1-4eb8-9c41-161f4cc8553d,2021-12-10T07:45:50,BRAND5,300.56,bkldjbi@hotmail.com
b171c43c-6970-4d53-b49f-1168ad964b66,2021-12-10T07:48:20,BRAND4,602.71,kgaaehj@appple.com
f0b27562-f38d-481e-96c9-fc33b21d9dc2,2021-12-10T07:48:20,BRAND5,784.40,"""kgkkfcf kliakbj"" <kgkkfcf@gmail.com>"
675a6231-42f9-457b-aefb-226fec3445c0,2021-12-10T07:50:00,BRAND2,37.09,bigfddk@gmail.com
889672e5-f34e-4db2-a585-97ec17dee060,2021-12-10T07:50:50,BRAND4,451.55,"""kdieahb kjalcfa"" <kdieahb@appple.com>"
17d81d26-7b05-4c08-a022-2d3c99aa2011,2021-12-10T07:52:30,BRAND2,184.93,"""dbjiabb bbiggfb"" <dbjiabb@gmail.com>"
f4891b78-4d75-4612-bb57-dfc6fe106314,2021-12-10T07:52:30,BRAND4,917.29,ejcbdkh@gmail.com
3c6b73d2-216b-4b15-bf02-d4b2aec18fb2,2021-12-10T07:53:20,BRAND2,397.42,fljebbi@gmail.com
3794b1e8-bfcc-483e-ab4d-7b56298e479a,2021-12-10T07:54:10,BRAND5,796.01,gbbgagl@gmail.com
386ac617-0863-4a1e-b905-e24a1fc2c005,2021-12-10T07:54:10,BRAND2,772.30,jahghkf@live.com
9b7f7574-69fc-470d-b34f-c412e1562ae3,2021-12-10T07:55:00,BRAND2,85.49,feleiij@live.com
0c6197de-f6a8-47e3-ba5c-a359330ca2bc,2021-12-10T07:55:50,BRAND5,645.45,bdbfbcl@gmail.com
69c088fb-8aee-4614-93d0-edc718b0712a,2021-12-10T07:56:40,BRAND5,171.02,lbkbhke@live.com
406d4b99-c838-4464-96f9-76bcc2b5dad6,2021-12-10T07:57:30,BRAND2,374.18,jjjjage@gmail.com
0a49ac4d-d59a-4959-a08b-258512854fd3,2021-12-10T07:57:30,BRAND2,501.95,"""dffghkk acfeadi"" <dffghkk@gmail.com>"
15faaedd-14b6-4997-b032-ab7471a8ae2c,2021-12-10T07:58:20,BRAND4,982.43,"""gibkeii cidfcja"" <gibkeii@appple.com>"
dde4f172-2a62-4ee3-bdfa-3165de387d25,2021-12-10T08:01:40,BRAND2,829.21,bfehhhc@appple.com
29acfc96-084d-44f2-beb4-de34ba8953bb,2021-12-10T08:01:40,BRAND5,311.70,cgaccab@gmail.com
e80adf69-1d3c-40f9-b841-9900b24dbb5b,2021-12-10T08:02:30,BRAND2,495.97,bjbciag@gmail.com
7416a745-63b9-4ea5-b898-a27e32f076e9,2021-12-10T08:02:30,BRAND2,402.97,"""befhclc ffcfcgk"" <befhclc@gmail.com>"
7392c1ca-6300-4a0d-ae8a-beae7d16aec5,2021-12-10T08:03:20,BRAND4,136.41,cckfklg@gmail.com
b4149018-002e-426d-bee0-9ee8050564d1,2021-12-10T08:04:10,BRAND2,656.94,fkgfgfi@yahoo.com
093cca31-47ff-48f2-a892-1f043fd10889,2021-12-10T08:05:50,BRAND2,642.23,"""jggdlhl klkfjgj"" <jggdlhl@gmail.com>"
a9478fac-27e7-4e02-93fb-b31102954798,2021-12-10T08:06:40,BRAND2,800.53,"""aijlhdh ddhifgi"" <aijlhdh@appple.com>"
75b1b3c0-ad65-40dd-ade2-d76ab1e7a543,2021-12-10T08:08:20,BRAND5,855.25,"""jdhgkdk jjljelk"" <jdhgkdk@gmail.com>"
91724ba7-672a-4dc4-a28d-f78203eaea88,2021-12-10T08:09:10,BRAND5,890.34,"""didfkac dbbihad"" <didfkac@gmail.com>"
97529c16-14c2-4968-a848-8a4b04c8fc64,2021-12-10T08:09:10,BRAND2,661.58,ibkbgcd@gmail.com
db0c0615-0c06-4896-b2f3-74f75e5ef906,2021-12-10T08:10:00,BRAND1,284.02,kjhifhl@appple.com
814c52ca-8219-4e9a-816f-444fa7183ff7,2021-12-10T08:10:50,BRAND2,271.21,iaicjgg@appple.com
3ae473b3-c0a3-48bd-bc8a-c89af53f5da5,2021-12-10T08:12:30,BRAND3,835.05,ecjlcfe@live.com
a6a90e5d-61c5-4434-8b61-c8a20f2532a1,2021-12-10T08:13:20,BRAND1,893.88,bkhbiag@gmail.com
9457f697-4126-4595-8cd9-9fa74d064e64,2021-12-10T08:15:00,BRAND5,287.73,"""idafhig gihgfaa"" <idafhig@gmail.com>"
a6bbd813-022e-4990-b18b-0dc5b102ef39,2021-12-10T08:15:50,BRAND2,824.15,"""fjjchak biehgja"" <fjjchak@appple.com>"
0f35fbad-ae90-433e-8d54-828f8b869707,2021-12-10T08:16:40,BRAND2,812.25,"""eldgkfb chabckf"" <eldgkfb@gmail.com>"
5d26ea79-faff-41aa-9a45-7b1861051743,2021-12-10T08:16:40,BRAND5,348.70,falikgc@appple.com
90693e47-6238-40b6-bb77-c3766fc23f04,2021-12-10T08:18:20,BRAND2,705.25,gciddha@appple.com
de2030df-e83f-4923-98c8-19eadb88280a,2021-12-10T08:19:10,BRAND1,871.06,hagbklg@gmail.com
37b6063e-0046-46ba-beee-450ffde3a2d3,2021-12-10T08:20:50,BRAND5,70.35,jefjfbc@gmail.com
2e68696d-80c6-43e4-82c5-447cdc2a1021,2021-12-10T08:23:20,BRAND2,977.78,bjlbljh@gmail.com
4c625b9a-f2b7-42f3-9d34-f48012997400,2021-12-10T08:23:20,BRAND5,361.13,"""jgaklcg cicdlbk"" <jgaklcg@appple.com>"
ee9011a7-2669-409f-bdbf-42990516bf60,2021-12-10T08:24:10,BRAND5,853.71,jjfekek@live.com
9dd023a3-f483-4aaa-9470-bef8ed856f4c,2021-12-10T08:24:10,BRAND2,245.47,cefedjb@live.com
f1b5a711-5739-471e-b8ba-9fdc08344957,2021-12-10T08:25:50,BRAND2,618.87,"""kigkkjc jkifcad"" <kigkkjc@gmail.com>"
4f6fa9d8-eead-464a-93b9-8fc7f05d4657,2021-12-10T08:25:50,BRAND2,696.86,hhkdkka@gmail.com
d16ca241-d9fe-45c3-a3a5-d39d5022c914,2021-12-10T08:26:40,BRAND2,174.20,"""dkjdhhe adblfgk"" <dkjdhhe@gmail.com>"
05844759-238b-457e-9dd0-1aa0952cb54b,2021-12-10T08:26:40,BRAND2,282.11,bijjegb@appple.com
dac167a1-4de2-44b6-a39a-2e6cea33f58c,2021-12-10T08:27:30,BRAND2,390.05,"""kgalbce cdhckia"" <kgalbce@gmail.com>"
77ebb33e-07e7-4437-b0a8-0dae57619456,2021-12-10T08:27:30,BRAND2,301.13,"""accbahd ljhbgkj"" <accbahd@gmail.com>"
f57ed759-8591-4803-93ac-d7c5150fd597,2021-12-10T08:29:10,BRAND2,204.43,gellcfg@appple.com
64455e9f-6b0b-48ae-9b14-f34e86a74019,2021-12-10T08:29:10,BRAND2,307.35,lbdbedi@gmail.com
0603cb33-4c4f-4b9e-b049-1ceadc7e5c70,2021-12-10T08:31:40,BRAND2,571.71,dldgdea@gmail.com
1cb7fd07-6736-4a31-b540-3d247ed6b6a3,2021-12-10T08:31:40,BRAND2,467.13,"""caifbhl jibghej"" <caifbhl@yahoo.com>"
76c98b8d-14a5-4551-9a97-8567d175dae4,2021-12-10T08:32:30,BRAND5,802.78,"""hedacce ljekigc"" <hedacce@appple.com>"
d34ae628-5e30-4c46-8bdd-0a0436d34f67,2021-12-10T08:32:30,BRAND3,542.43,"""akjfgjf dacbdcf"" <akjfgjf@appple.com>"
a9172c09-89b6-4c9e-ad0e-5b2e10259d01,2021-12-10T08:34:10,BRAND5,398.95,"""adjdgal dhbdckh"" <adjdgal@live.com>"
9f47bff9-80ab-4143-840c-339e35243821,2021-12-10T08:35:00,BRAND2,289.97,feibdih@gmail.com
6d4a5911-05c0-4748-99b8-95384dfabf08,2021-12-10T08:35:00,BRAND2,399.26,ghbciel@gmail.com
39276d8d-df2a-4ecf-b192-bd3e1a10d2e1,2021-12-10T08:38:20,BRAND2,995.27,"""dhlgjhj ebijcae"" <dhlgjhj@gmail.com>"
7cb69780-a4ca-47ac-9b6e-cbc7b4325fe9,2021-12-10T08:39:10,BRAND3,274.16,bdjijah@live.com
ed32382e-1ad9-44cf-bb02-5cfb62982ac4,2021-12-10T08:39:10,BRAND5,845.99,dgkfjfb@gmail.com
2d8e201b-a03b-40f6-abac-b34b78e8c7d8,2021-12-10T08:40:00,BRAND5,322.83,dcicbbh@gmail.com
41f256ec-b419-41a5-a694-1cbd74a032f5,2021-12-10T08:40:00,BRAND2,394.06,"""ihdaajk jhafbid"" <ihdaajk@gmail.com>"
18ecbb69-51fd-42d3-8127-658d1c015927,2021-12-10T08:41:40,BRAND4,753.52,hhjccjh@gmail.com
bea88465-a4c2-440d-8a8e-2a0d364a0b09,2021-12-10T08:42:30,BRAND2,743.46,chlfcij@hotmail.com
2b813274-34f5-415a-9eec-bb944d42bfc8,2021-12-10T08:42:30,BRAND2,850.21,efjeagb@gmail.com
fa056183-ddaa-44f6-ae2f-53a09e2ac405,2021-12-10T08:43:20,BRAND1,417.62,"""lfjcgdj lacbbja"" <lfjcgdj@gmail.com>"
e7627588-e1c0-4ba3-83a9-0da3ce9cbb1e,2021-12-10T08:44:10,BRAND2,775.16,kcdedda@gmail.com
f6212021-3f34-4dd6-b40a-f0c15d743d37,2021-12-10T08:44:10,BRAND2,120.69,"""fbjchle aekgekl"" <fbjchle@gmail.com>"
94266baa-c246-4b42-9a05-83937ee4d396,2021-12-10T08:45:00,BRAND2,189.39,"""bakhafj kgidhfa"" <bakhafj@hotmail.com>"
0280453c-68eb-4822-812a-e7056b7f1f42,2021-12-10T08:45:00,BRAND2,378.50,bjjhacb@gmail.com
31da6a6f-8610-45fe-90b3-db67fdcd8f55,2021-12-10T08:45:50,BRAND2,709.97,"""cfajefc cfjegka"" <cfajefc@appple.com>"
ad42d458-c171-4f5a-b0a1-548ef74469c3,2021-12-10T08:46:40,BRAND2,154.16,adhklbg@gmail.com
167521e0-00ef-456b-8d18-5767bf1c01bb,2021-12-10T08:47:30,BRAND5,705.62,"""ajgikjb diieahb"" <ajgikjb@gmail.com>"
0686aa47-0d86-4cf8-a896-cb3864210227,2021-12-10T08:49:10,BRAND2,300.05,fkkhgel@live.com
34f82abc-3554-4cb4-b4fa-5f6b038e4d53,2021-12-10T08:50:00,BRAND5,1.19,"""dddcbdl dgbkklj"" <dddcbdl@yahoo.com>"
69ae3d0c-c588-4b33-875c-534c34bba3cd,2021-12-10T08:50:50,BRAND2,835.72,"""fcfkdke flcagjf"" <fcfkdke@gmail.com>"
7e32ff6f-52b7-4497-aebe-994a085969e3,2021-12-10T08:50:50,BRAND5,59.77,agdlfbk@gmail.com
cc43e0b3-32d3-4225-b66c-b89372561514,2021-12-10T08:51:40,BRAND5,721.06,"""lijkbae ffbikee"" <lijkbae@yahoo.com>"
d0dd0893-f696-4ba6-b2e5-bf7f24235720,2021-12-10T08:52:30,BRAND5,370.86,jjflhcd@gmail.com
8f3df5b5-2ec5-4446-bfcd-004ca613a330,2021-12-10T08:52:30,BRAND5,121.80,kfkkcil@yahoo.com
12557326-36da-4c78-9f0e-77d569d6a083,2021-12-10T08:53:20,BRAND2,489.81,cljcdjh@appple.com
84470a89-3b39-4824-a88e-90e2c2dfa859,2021-12-10T08:53:20,BRAND2,435.74,"""dgflcej lfkfdfl"" <dgflcej@hotmail.com>"
7750d353-f890-40f1-a033-a2d3721e5f7c,2021-12-10T08:55:00,BRAND2,419.53,fbfciel@gmail.com
96edaabf-9a5c-432b-91d0-00990c33b795,2021-12-10T08:55:00,BRAND5,216.78,"""aabebkc cbhefje"" <aabebkc@gmail.com>"
8b33db5a-d1be-4843-a9b2-2fe8a49570f6,2021-12-10T08:55:50,BRAND4,994.16,"""lkhfhha ghlkfjj"" <lkhfhha@live.com>"
4fe6bd09-0b3d-4d72-99f4-9df69fc1258c,2021-12-10T08:55:50,BRAND3,459.27,kafdaia@gmail.com
a6afc241-6632-4d02-85c6-6fcb15e12f91,2021-12-10T08:56:40,BRAND5,954.98,"""aggbleh gejlgcl"" <aggbleh@yahoo.com>"
7a824430-1ab6-433f-9e11-45c7bbc1f98a,2021-12-10T08:57:30,BRAND2,649.11,eecgdfd@gmail.com
bfc536b8-7bb7-48ef-889f-e998ebc0d118,2021-12-10T08:57:30,BRAND5,569.49,"""gclfgei kjaidia"" <gclfgei@hotmail.com>"
879f93c8-fbe2-4a61-b731-066077782c0c,2021-12-10T08:58:20,BRAND2,63.64,hbglklh@appple.com
ebe9d911-ff21-4407-b3db-fb8893fb4f2c,2021-12-10T08:58:20,BRAND2,763.17,"""ddkkbbk fgjhhdk"" <ddkkbbk@gmail.com>"
4bfc6815-8922-401f-909b-854a8cc84f33,2021-12-10T09:00:00,BRAND2,746.08,akjfidh@appple.com
3c4e76da-d0ef-4666-87b2-bba7b49f5c9c,2021-12-10T09:00:00,BRAND2,366.56,"""fljajbf bacafgd"" <fljajbf@gmail.com>"
0f5c7793-45db-4b8a-b0bf-0bc8a2dabed7,2021-12-10T09:00:50,BRAND1,108.34,"""alkjdla elcidli"" <alkjdla@live.com>"
f2309852-ba1a-4dc4-b75b-e3658e45d891,2021-12-10T09:03:20,BRAND5,977.88,ecdkajb@appple.com
186759b2-4a5c-47d1-86b1-c43e79c6ae4b,2021-12-10T09:03:20,BRAND1,25.98,fahdgac@appple.com
7300e167-d698-463a-a426-5e52229f9a27,2021-12-10T09:05:00,BRAND2,879.24,"""jfiehlf cgbbdie"" <jfiehlf@gmail.com>"
0e4443ec-b74e-49d7-bffd-d1fb16a2ed21,2021-12-10T09:06:40,BRAND5,15.28,"""badbcbh ghjaheg"" <badbcbh@gmail.com>"
9a00f5a8-0c74-4d56-9d1a-a369f6b7c3bb,2021-12-10T09:06:40,BRAND2,392.77,"""gjhadac fakjibi"" <gjhadac@live.com>"
27a75efc-7677-4908-8870-0050cfabd811,2021-12-10T09:07:30,BRAND5,542.26,lkfihkh@appple.com
03f6e996-9ed0-48c4-aae4-4aacd5eea407,2021-12-10T09:07:30,BRAND5,871.94,igaeidi@gmail.com
26bbeb7f-7b31-4790-8d59-e1525ee713bd,2021-12-10T09:08:20,BRAND5,807.09,bcafidc@live.com
ebcd5a37-f805-4ab4-b722-eac3b5c6db28,2021-12-10T09:09:10,BRAND1,992.87,"""jfegddj hehhkcf"" <jfegddj@yahoo.com>"
78cf5516-17d2-4a38-aadc-deb47f2eb304,2021-12-10T09:09:10,BRAND2,137.92,"""ahcllbg fbhajed"" <ahcllbg@appple.com>"
91da50de-eb8d-4aa0-9b8a-a3a81c19f772,2021-12-10T09:12:30,BRAND2,931.99,gdclijc@gmail.com
d3be2474-c1a1-4717-9076-e5294b28da78,2021-12-10T09:12:30,BRAND2,336.17,fflclba@live.com
caea5f36-747d-423a-8f77-765fa8dea925,2021-12-10T09:13:20,BRAND1,351.30,ijfafdc@live.com
d041843e-3e98-4cb2-b22f-01807bd8beef,2021-12-10T09:14:10,BRAND1,210.73,fgjjkji@gmail.com
8ca1113b-2d66-4797-a101-b237ed8005c4,2021-12-10T09:14:10,BRAND2,865.72,"""llceaia kffadig"" <llceaia@gmail.com>"
2af9eb36-ec46-4e20-b11b-d370438fc4e8,2021-12-10T09:15:00,BRAND2,582.69,bljlcel@gmail.com
cf873baf-4375-49a7-a193-5059663c73df,2021-12-10T09:15:00,BRAND2,500.00,acdlkgk@live.com
05f1e9eb-66e6-497b-8f66-79ee2260742a,2021-12-10T09:18:20,BRAND2,49.74,"""fdkfghc ackidbl"" <fdkfghc@gmail.com>"
d3b274ab-9a8c-4434-bf43-63eadee834ec,2021-12-10T09:19:10,BRAND3,298.02,"""kdcbkdf lllkgij"" <kdcbkdf@live.com>"
3f8fd3f6-d185-4d21-b4b0-b75b5b8024a6,2021-12-10T09:20:50,BRAND2,590.69,"""dddjfcf ifckkle"" <dddjfcf@appple.com>"
e369cf08-0b2d-4398-8763-34525db11696,2021-12-10T09:21:40,BRAND3,52.67,dcbbbbe@live.com
0609e5c2-de09-4765-883c-7465f9d89c16,2021-12-10T09:22:30,BRAND2,640.15,jajikij@appple.com
721f7e53-f6de-4b95-a849-ce99e7f13304,2021-12-10T09:23:20,BRAND2,64.29,"""abklebh cggdefe"" <abklebh@live.com>"
72e94996-7556-4931-afb9-bcb8a78f3bfd,2021-12-10T09:23:20,BRAND2,329.82,celdfaa@yahoo.com
727191c0-3c07-4009-b228-9428eae22208,2021-12-10T09:24:10,BRAND5,169.67,eafabij@gmail.com
4f5e45d6-0603-4aa3-8122-18e57dfef0ad,2021-12-10T09:24:10,BRAND5,463.21,"""fddglae khedkih"" <fddglae@appple.com>"
404f8e12-0e58-4889-a3cb-f0241a062202,2021-12-10T09:25:00,BRAND2,539.91,hccccfe@gmail.com
ff24ce7d-b1b8-4c82-91c2-c5bbbb330fb0,2021-12-10T09:26:40,BRAND5,688.84,ikgcabj@gmail.com
cd132963-5231-4a72-9c38-cc5afb5c9b67,2021-12-10T09:27:30,BRAND4,126.99,ihefaik@live.com
ff44801b-0618-43db-a5f6-e845f2bae133,2021-12-10T09:27:30,BRAND2,867.97,eigdlkb@live.com
ab77aba7-d56e-4718-bbbf-5920c635e47a,2021-12-10T09:29:10,BRAND2,406.42,"""kalbdbg gchjgib"" <kalbdbg@appple.com>"
e7f439fe-d794-4619-a455-66cb7862bc85,2021-12-10T09:29:10,BRAND5,461.50,"""bkbbbeb accablj"" <bkbbbeb@live.com>"
ff77585f-4924-4042-aee4-4cd7d1c45e14,2021-12-10T09:30:50,BRAND2,742.92,hhaiceh@appple.com
cfa9403a-e8c2-4fd9-b95b-5fad48f76668,2021-12-10T09:30:50,BRAND2,848.93,lhefdje@gmail.com
ee490834-0e33-450c-a01c-7053e9578129,2021-12-10T09:31:40,BRAND2,991.43,efjaljk@hotmail.com
389e316b-f995-48fa-bf62-e7792f1ed8d7,2021-12-10T09:31:40,BRAND5,368.21,"""eiiaifa gaegjeg"" <eiiaifa@live.com>"
2cbd4441-2763-42c7-8457-eff975923f46,2021-12-10T09:32:30,BRAND2,900.93,adfcfjj@gmail.com
a4e31e93-18fd-48df-97f2-6f242a3ebb3d,2021-12-10T09:34:10,BRAND2,985.00,jfdablh@yahoo.com
eab9ecfa-7579-49eb-993a-2f502317bfa4,2021-12-10T09:35:50,BRAND2,290.30,ahgjegi@gmail.com
b9786e64-4758-4808-87c6-6a1bfdd912e7,2021-12-10T09:35:50,BRAND2,60.39,ikldghk@appple.com
f4dfaaf8-cfab-41a8-a3f6-2bf241616779,2021-12-10T09:36:40,BRAND4,664.51,ceebhbj@live.com
cfac03d5-cb2c-4124-bad5-f844ee37da38,2021-12-10T09:37:30,BRAND3,692.51,cadigid@gmail.com
50fcc21d-4417-43f7-b998-d68efa89dcf0,2021-12-10T09:37:30,BRAND5,986.09,daibcbj@appple.com
9d17a2a3-afd1-4bf8-87d7-286a78134f63,2021-12-10T09:38:20,BRAND3,496.53,"""hdlgehe eikihal"" <hdlgehe@appple.com>"
554aea47-48d2-419f-b2fc-d339c1ed262e,2021-12-10T09:40:00,BRAND2,841.07,idbhfah@gmail.com
c9f4f946-b173-43a0-9fd5-eeb4d4fefc77,2021-12-10T09:40:00,BRAND1,12.96,kfcccbd@gmail.com
6c329738-e76b-419e-9704-1f4763bf787a,2021-12-10T09:40:50,BRAND2,317.22,aglgadl@live.com
0c367117-1d4f-4b69-a199-1cf2841b81b3,2021-12-10T09:40:50,BRAND2,744.37,"""jchddbd kgijlka"" <jchddbd@gmail.com>"
dd92ac84-1faa-40ab-a075-a198707ef68c,Fri Dec 10 09:41:40 2021,BRAND2,393.30,fhcdffa@gmail.com
561cfe0e-8bfd-4d40-b5bc-a15554014fd4,2021-12-10T09:41:40,BRAND1,394.21,jkhkcki@gmail.com
4e6ef2de-cf0e-4dbe-8706-632caac5b2ad,2021-12-10T09:42:30,BRAND2,728.60,"""ecifeii agfbkbl"" <ecifeii@gmail.com>"
9a821543-9b78-45e4-a80e-9b5e809dd65c,2021-12-10T09:45:00,BRAND5,642.19,"""jllebfc jgkgbkg"" <jllebfc@gmail.com>"
39d264e8-9f77-420a-b46d-af67fd004cd5,2021-12-10T09:48:20,BRAND2,17.28,iijafcj@appple.com
e1f60139-f9c9-466c-9ebf-62caa0d8285a,2021-12-10T09:48:20,BRAND2,962.22,lcakihh@gmail.com
46e2dd2f-b7c7-44df-a1a5-0eb11a62295f,2021-12-10T09:50:00,BRAND2,376.13,gididce@appple.com
00cf7b28-d5e6-46e6-973e-be021edd549a,2021-12-10T09:50:00,BRAND2,$104.78,gkcdbbl@gmail.com
9d5ed669-c6e2-418e-826f-9c63c2a16a2d,2021-12-10T09:50:50,BRAND5,966.30,hghgghl@gmail.com
92349bbc-e35f-4a00-b206-f0775a52a47e,2021-12-10T09:50:50,BRAND2,860.92,bciaaik@yahoo.com
9532db64-6465-4ced-ba9b-fb5d1917a0cb,2021-12-10T09:51:40,BRAND1,93.05,"""dhjghbk hjgjbae"" <dhjghbk@gmail.com>"
abb65cae-90f5-4209-8d90-3548da2310d4,2021-12-10T09:52:30,BRAND2,784.14,bijijbe@gmail.com
23cfce10-bbbb-42a5-a3f5-92fc47b9f173,2021-12-10T09:53:20,BRAND4,76.66,cfjcbch@gmail.com
637682a4-fdbe-4462-9115-42cd25820157,2021-12-10T09:54:10,BRAND1,469.93,"""hdgdkbk khllafa"" <hdgdkbk@appple.com>"
b43076bd-0cff-477f-80e2-3d833bcd88ff,2021-12-10T10:00:50,BRAND5,789.40,eacbggc@gmail.com
4a81741e-4ca4-4f0d-9566-3c0da33c995f,2021-12-10T10:00:50,BRAND2,922.73,elalgcg@gmail.com
c61ac86b-518a-43e3-ba16-531d41598422,2021-12-10T10:01:40,BRAND2,685.13,faabgfe@appple.com
80294ecd-0f57-47ae-9fb8-f03458ea9102,2021-12-10T10:01:40,BRAND2,473.79,"""fjjfael fgaeklg"" <fjjfael@live.com>"
318c9403-97cb-46dc-b04d-48cddf79eb46,2021-12-10T10:02:30,BRAND2,956.95,"""eheglkl efiaekh"" <eheglkl@gmail.com>"
a4ba62a1-92ca-4fcd-bac9-1ee31edd7469,2021-12-10T10:02:30,BRAND2,538.38,"""khleckf cebcbgc"" <khleckf@yahoo.com>"
c021892f-68cf-49cd-8146-f477b21c1ab1,2021-12-10T10:03:20,BRAND1,437.88,fllajee@gmail.com
b5431ba1-4090-4c55-a23d-18fde09b5cc4,2021-12-10T10:04:10,BRAND2,527.57,cahgcfb@gmail.com
12bd0d2e-9964-4b97-a13c-de503c28b7f1,2021-12-10T10:05:50,BRAND5,436.28,jflbaid@appple.com
29894e98-e407-4bf1-9367-0e104940342d,2021-12-10T10:05:50,BRAND2,562.98,"""icjfael cejgkal"" <icjfael@live.com>"
e421186b-89be-4bed-90b5-fc92c2cc06d3,2021-12-10T10:06:40,BRAND5,589.01,gcehgjh@appple.com
2c73a9a5-f546-4b7d-b0f1-2789cbc2ff3d,2021-12-10T10:07:30,BRAND2,812.31,"""ffefkce jlkjehd"" <ffefkce@appple.com>"
34f69df5-6697-404a-a107-9b36148f216e,2021-12-10T10:09:10,BRAND2,602.63,"""fleajda ddjbgac"" <fleajda@appple.com>"
a9bad5bf-1b36-4e14-bcbc-e1f068f60fcb,2021-12-10T10:12:30,BRAND2,201.97,dghcjlf@yahoo.com
f603bf39-97de-4c4d-bc0a-40c74b0cc559,2021-12-10T10:14:10,BRAND5,2.63,"""febkbab chhjabg"" <febkbab@yahoo.com>"
bff9c1a9-b432-488a-8033-247bcf403440,2021-12-10T10:15:00,BRAND2,469.75,kgjdkli@gmail.com
8eb3e197-341c-4f7d-aa70-b05ec3830c9d,2021-12-10T10:15:50,BRAND2,179.17,"""lklakcf gggbjga"" <lklakcf@gmail.com>"
71924ff4-7633-4b69-9b72-55d684aa5619,2021-12-10T10:15:50,BRAND2,572.93,ggaceel@appple.com
d1a0384d-712a-4750-9530-89fd6e8ca5c9,2021-12-10T10:17:30,BRAND5,542.34,"""kjiffgj lghelfe"" <kjiffgj@appple.com>"
155c7e39-17c5-4871-a428-f0ac89ae81cf,2021-12-10T10:17:30,BRAND2,692.29,"""jjgdagd aigcelj"" <jjgdagd@appple.com>"
5ac82754-4d97-4b0d-939e-53c95385e050,2021-12-10T10:18:20,BRAND2,452.45,jbcihkb@gmail.com
1fe0b5d7-11ec-427c-94a6-149d99beccd8,2021-12-10T10:19:10,BRAND2,981.39,"""clakecd dkalkhj"" <clakecd@gmail.com>"
822daf01-f4e0-44a9-bc0a-61b30f562719,2021-12-10T10:20:00,BRAND3,145.89,"""gcigeli ahfilfg"" <gcigeli@gmail.com>"
c974d35e-110f-40a2-8c72-b579e4252ea0,2021-12-10T10:20:00,BRAND2,826.61,"""lhghbig alkhjhg"" <lhghbig@gmail.com>"
48b9c9e2-e760-4d7b-a6e1-131a5fb0ed8b,2021-12-10T10:25:00,BRAND2,283.15,dkgejhj@appple.com
8e946041-e44a-4446-8564-f110d199ef81,2021-12-10T10:26:40,BRAND5,462.99,lfigeag@gmail.com
c841ab86-f368-481d-85f6-add774c084ad,2021-12-10T10:26:40,BRAND2,473.53,djkgfka@yahoo.com
2fbce40f-3eee-4b97-ba84-66574091ff89,2021-12-10T10:28:20,BRAND5,36.61,"""calbcke gfkgjff"" <calbcke@gmail.com>"
16fec16c-7c36-4069-bbf9-0126c732f20c,2021-12-10T10:28:20,BRAND2,$228.32,ieffifk@gmail.com
c631d52a-4437-4920-974f-019f0b293f35,2021-12-10T10:30:00,BRAND3,439.88,kgaackb@gmail.com
2800c514-a4c0-4929-a6bb-eb8a77da35d9,2021-12-10T10:30:50,BRAND1,197.90,"""ackijgc cckaefk"" <ackijgc@live.com>"
63b449e2-fc17-45f0-a969-250c5e20717c,2021-12-10T10:31:40,BRAND5,456.53,lhdidka@appple.com
267803e6-1bf7-4459-a593-8ad8bfe61201,2021-12-10T10:31:40,BRAND2,459.74,"""deddjda abiabdb"" <deddjda@live.com>"
b3c77ea4-2670-41a5-9dd9-bf226050ffa6,2021-12-10T10:32:30,BRAND1,613.92,"""feejbjd gflbfik"" <feejbjd@gmail.com>"
182d4586-4050-4c7b-984f-068142ccb337,2021-12-10T10:32:30,BRAND2,175.18,flgadbe@gmail.com
9cab9fc0-049c-443a-b157-5d7af2f76f16,2021-12-10T10:33:20,BRAND2,408.72,fhjcikf@gmail.com
a5b8b230-d241-4b66-b512-01b96a219288,2021-12-10T10:34:10,BRAND2,467.49,"""llcgckb hhgjgll"" <llcgckb@appple.com>"
2a5b7573-320a-492c-bfd8-c5489d6fad19,2021-12-10T10:35:00,BRAND2,235.77,flggiik@live.com
2c155bed-51da-4300-a7c7-37515f4efcdc,2021-12-10T10:35:00,BRAND2,139.77,jbjkcbb@gmail.com
cd2e2b98-f009-4f5c-af3b-5a1f554c2434,2021-12-10T10:36:40,BRAND1,266.36,kijbaed@yahoo.com
9a11915c-6a0e-428b-8179-998b7c5bf0c9,2021-12-10T10:36:40,BRAND2,452.35,eehdbkh@hotmail.com
ba4a17c0-e7c9-4923-bc48-496313f24338,2021-12-10T10:37:30,BRAND5,651.32,ghgdhkg@hotmail.com
02cf0712-bb38-4e1a-903f-482eaafb9d8c,2021-12-10T10:37:30,BRAND3,35.43,eihffbd@gmail.com
5bde2c9b-7d7a-4067-8efc-d6fe7e0bc331,2021-12-10T10:38:20,BRAND1,552.72,"""hddacek bbjdfac"" <hddacek@gmail.com>"
24b52ae3-bdb5-4274-90e4-eadae5194cb3,2021-12-10T10:38:20,BRAND5,491.22,jaeledh@gmail.com
ba6326c2-4571-49bb-82bb-977eae2bd0a6,2021-12-10T10:39:10,BRAND2,919.90,"""cdkbgcd hffibel"" <cdkbgcd@appple.com>"
bf39e66f-91aa-4c10-9476-13e7f73d4d97,2021-12-10T10:39:10,BRAND2,877.35,"""hkaeekd iibjhaa"" <hkaeekd@yahoo.com>"
4d65bf07-1e5f-4b9e-a172-4b541b316c43,2021-12-10T10:40:00,BRAND2,593.58,"""hbjeala cagiicb"" <hbjeala@live.com>"
574bd877-acb0-4f5e-9cb3-adb6cce0f662,2021-12-10T10:40:00,BRAND1,431.83,"""aajlflb hldfbab"" <aajlflb@live.com>"
68d3ecf2-8e86-4129-b3bf-bcb1972e1fbb,2021-12-10T10:40:50,BRAND2,226.02,alclaig@gmail.com
448de670-35f5-4b73-958a-6cdb6118c668,2021-12-10T10:41:40,BRAND2,809.62,"""bjcdbch hecijgg"" <bjcdbch@live.com>"
ea8e197a-708b-4f8a-b4f9-ebb46e46b118,2021-12-10T10:41:40,BRAND4,221.16,dlcfhlk@live.com
75f50591-921d-4423-b121-e9dbe1535a38,2021-12-10T10:42:30,BRAND2,386.13,"""kckhijl hlklaji"" <kckhijl@gmail.com>"
47b7a6b9-a2ab-4b86-b7d5-158eb839ffcf,2021-12-10T10:42:30,BRAND2,8.14,flhiijd@appple.com
e20a5211-0716-4ac1-9bcf-ec81788f6df4,2021-12-10T10:43:20,BRAND2,253.06,liliflb@hotmail.com
795c1ecd-8e14-4147-8079-ae91379b3e89,2021-12-10T10:45:00,BRAND2,157.95,ejdbdbf@yahoo.com
1384343b-2554-4a56-8ce1-a5d7e1890fc4,2021-12-10T10:45:50,BRAND5,157.07,"""aafhifi bbdiflb"" <aafhifi@gmail.com>"
fbdd4907-dc6c-44c6-87bd-7f63f497f6a1,2021-12-10T10:46:40,BRAND1,662.42,"""hdhackd gealcbc"" <hdhackd@gmail.com>"
55b124c2-9c56-4ae7-8eee-5ff451a10078,2021-12-10T10:48:20,BRAND2,899.79,"""llgakgi ekiikaf"" <llgakgi@live.com>"
af9a764e-0ad8-4264-86e0-ded1a17c7a5d,2021-12-10T10:49:10,BRAND2,641.12,gkihdeh@hotmail.com
0980b2a9-aa29-406b-a4c2-0a49e9c0766b,2021-12-10T10:49:10,BRAND2,619.06,bhfbeda@appple.com
e8aac8de-70ae-4a2a-9a47-896e4c3b56b6,2021-12-10T10:50:00,BRAND2,249.42,"""ciacike ebgddga"" <ciacike@gmail.com>"
d6612b3e-8ec0-4789-b9ed-3005db6b1015,Fri Dec 10 10:50:50 2021,BRAND2,224.25,ahfjele@gmail.com
39e542e0-d8f2-4707-ac5a-425da1c44728,2021-12-10T10:53:20,BRAND3,504.43,"""hllddgc ahjajli"" <hllddgc@gmail.com>"
1c833e84-2da4-4d1c-9b75-651cc4ee8f11,2021-12-10T10:54:10,BRAND2,58.29,geficba@live.com
c4a06f55-b264-4b21-9697-dfe31952615f,2021-12-10T10:55:00,BRAND5,499.40,"""ekhahfe ikbijdb"" <ekhahfe@gmail.com>"
a69dad75-3ec3-4bcf-9ae0-98fd1a4fd01a,2021-12-10T10:57:30,BRAND1,396.78,"""afbjfeg legibfl"" <afbjfeg@live.com>"
731392fc-4f25-49da-ba95-a48c93a6a4f0,2021-12-10T10:57:30,BRAND1,876.92,bcfdkjk@gmail.com
ed3590f9-9489-4d85-a95b-c6607963f0a7,2021-12-10T10:59:10,BRAND2,394.98,gclgeai@appple.com
fbdc5574-79a6-4274-842f-c2d3093363cf,2021-12-10T11:02:30,BRAND3,320.48,"""lidkljh giehhic"" <lidkljh@appple.com>"
697c246f-76b9-427a-bf8a-4a5e9745bced,2021-12-10T11:02:30,BRAND2,839.91,"""fgcblfh aadlegh"" <fgcblfh@gmail.com>"
7ca0495e-bb2d-494d-9e7d-5f5ba5cd559b,2021-12-10T11:04:10,BRAND2,891.93,cdlddjg@appple.com
cbf6f9fc-b033-4c4b-9f5b-2ff4e5eac1b6,2021-12-10T11:05:50,BRAND1,97.52,dejblgl@appple.com
e3833c2a-90c7-4c7f-8cba-fabfc2019a54,2021-12-10T11:06:40,BRAND5,396.51,"""eacibik cjjjfdf"" <eacibik@yahoo.com>"
d1795a2d-a7ed-4923-ad08-9a02040053e7,2021-12-10T11:08:20,BRAND2,370.08,dkijldl@yahoo.com
9e426474-a112-4cfc-a45f-d0dfa0e6840c,2021-12-10T11:09:10,BRAND5,83.00,"""ickkkde caeibli"" <ickkkde@gmail.com>"
84cc529a-53f8-4370-967f-26408f4b02b9,2021-12-10T11:09:10,BRAND5,548.10,dfgllej@gmail.com
c7cc550f-ed9e-4bbd-bdfc-b74f3ee00d00,2021-12-10T11:10:00,BRAND2,279.71,daldiki@appple.com
27d8a80e-abb7-4ce4-9640-f0674f0dd116,2021-12-10T11:10:50,BRAND5,718.92,"""gjhlgag ilejeic"" <gjhlgag@appple.com>"
9db22292-3415-411a-80b7-df80a6e181e8,2021-12-10T11:10:50,BRAND1,171.89,fikfjff@gmail.com
4c2fd9b3-f52e-4b15-b5d6-e7c6bde20914,2021-12-10T11:11:40,BRAND2,966.51,"""hjllhkd jledgga"" <hjllhkd@yahoo.com>"
01c910cc-6621-4d7a-b8c8-4093be9c2890,2021-12-10T11:12:30,BRAND2,862.51,ijejhef@gmail.com
35e91f47-8a39-45f8-be25-4881cc436919,Fri Dec 10 11:12:30 2021,BRAND2,132.59,"""kakdbbh ckjedfe"" <kakdbbh@hotmail.com>"
8e4fe445-c3d8-4f44-ad24-e1f5b58f4641,Fri Dec 10 11:13:20 2021,BRAND2,691.84,eaejlle@gmail.com
d85c4663-a144-4e28-91c0-f876fb7fcb1d,2021-12-10T11:15:00,BRAND2,278.68,"""heacckd kleegjg"" <heacckd@appple.com>"
63c71d78-9c14-461b-bb2f-af660933f707,2021-12-10T11:15:00,BRAND5,142.56,fkakjae@gmail.com
e3a5524b-0e1a-445a-a663-82ebdcd5fa1a,2021-12-10T11:16:40,BRAND4,648.15,hifhcac@live.com
3b956881-7f42-49c5-a162-470866d99e6f,2021-12-10T11:16:40,BRAND2,190.96,"""fjdfgjg igklkkc"" <fjdfgjg@appple.com>"
f31fcb65-e54f-4a05-a970-8cbaa0be8fe8,2021-12-10T11:17:30,BRAND3,527.47,"""djbgfki kjjekbe"" <djbgfki@live.com>"
393d487d-7258-4768-b516-6f04801e32b5,2021-12-10T11:17:30,BRAND5,489.42,ijbablh@gmail.com
b8a4e666-3a30-42f5-a7b0-a9db8921a80c,2021-12-10T11:18:20,BRAND1,451.40,faaahfh@gmail.com
b90ae628-fcf3-4b03-9ab3-ae360a4b8ae8,2021-12-10T11:20:00,BRAND5,680.26,beffgbi@appple.com
99ce0df8-48d3-42d1-82a8-824dff8a3952,2021-12-10T11:20:00,BRAND5,854.22,klfdajc@gmail.com
f052a308-3050-4383-b6d4-dd725d116fb2,2021-12-10T11:20:50,BRAND2,695.86,eafhjae@gmail.com
edbba7c4-4065-4d35-acf4-b689e458af6d,2021-12-10T11:20:50,BRAND2,421.55,kbdbgja@gmail.com
9e0a156f-4fbd-416b-b697-58926e75300e,2021-12-10T11:21:40,BRAND2,24.96,eakedhh@gmail.com
e3b50833-dbd3-497b-8e37-b5f097a49e60,2021-12-10T11:21:40,BRAND2,281.92,"""flghefg bhggaha"" <flghefg@appple.com>"
5a788aa1-0c50-4526-a172-f201d25e7f2c,2021-12-10T11:22:30,BRAND2,905.78,"""hffgdli hlkeida"" <hffgdli@live.com>"
8f6d448d-eecb-425f-93f4-3b5cfd9f3f2e,2021-12-10T11:22:30,BRAND2,710.28,"""lekcflh heicgai"" <lekcflh@appple.com>"
0e16f584-50e8-4d87-9f22-0cc82dc4bf74,2021-12-10T11:23:20,BRAND5,337.19,ajdcaga@appple.com
6084d52c-06c5-495e-8c28-3e4a5f552bcc,2021-12-10T11:23:20,BRAND1,634.33,dkahflf@gmail.com
c36aaec6-7194-4903-a50b-61415539124c,2021-12-10T11:24:10,BRAND2,985.52,fjfcfgi@appple.com
6391a581-bbcb-4369-8304-12ed3cee9ab3,2021-12-10T11:25:50,BRAND2,796.88,"""ggfjghd agkhggc"" <ggfjghd@gmail.com>"
9eb112e6-8033-441e-9c4c-bef6c7db0147,2021-12-10T11:27:30,BRAND1,350.63,ekjefhg@gmail.com
3f2beb8c-c020-4777-ad2f-4f428151aad6,2021-12-10T11:27:30,BRAND5,503.48,jhbddbj@gmail.com
35262225-fbda-4463-aecf-b6dcaea217ce,2021-12-10T11:29:10,BRAND5,87.13,"""gbbkhfk jbadelj"" <gbbkhfk@appple.com>"
d122863d-2582-4f5d-8de3-34f2eb1c8aeb,2021-12-10T11:29:10,BRAND2,555.14,iiciidd@live.com
c4bdf078-7f92-43a7-99ae-af8179a0440a,2021-12-10T11:30:00,BRAND1,147.26,albjkfb@gmail.com
9f83bce5-eb54-43c8-82a7-147ec387dadf,2021-12-10T11:30:00,BRAND5,209.80,"""dgahake baibege"" <dgahake@gmail.com>"
f6681c20-ad57-48ba-a605-09e0011957f3,2021-12-10T11:32:30,BRAND2,925.60,alfcelj@gmail.com
b5fcfa33-dc4a-4328-8049-cb973248ffb9,2021-12-10T11:32:30,BRAND4,521.71,"""flbljle hkjhekb"" <flbljle@live.com>"
98a208be-0645-4e6e-9372-dec30a41583f,2021-12-10T11:33:20,BRAND5,864.96,"""aajlkdf cfflbak"" <aajlkdf@yahoo.com>"
84997251-afa9-463f-8170-180e34c2836f,2021-12-10T11:33:20,BRAND2,237.48,ibeklik@gmail.com
1b9e65fd-7dbc-42f7-bb84-f7e0690e070e,2021-12-10T11:34:10,BRAND2,29.93,"""gbkklhi bekkagl"" <gbkklhi@live.com>"
c27834a3-5015-4abf-8195-81c589e4a86b,2021-12-10T11:34:10,BRAND5,934.62,gcbeeag@gmail.com
aeef2e21-97ec-46b7-8f84-228ce9e1c8c0,2021-12-10T11:35:00,BRAND2,310.75,hjkejhc@live.com
88e3a645-148b-40b2-bc70-62524e489b0a,2021-12-10T11:36:40,BRAND2,581.26,fggcifh@appple.com
d4defe67-6044-43dd-96bc-77718768fb86,2021-12-10T11:36:40,BRAND1,484.85,fafkblb@gmail.com
e9d11b87-e1cc-44cc-9364-5e5f9781a687,2021-12-10T11:39:10,BRAND2,535.25,jfcfjdd@gmail.com
762b59a9-695d-4847-8a44-328e3b2d7a6a,2021-12-10T11:39:10,BRAND2,24.33,"""fdlakcj fgffdej"" <fdlakcj@live.com>"
8e2c0e12-5426-4466-a538-cbf72e68761e,2021-12-10T11:40:00,BRAND2,186.91,hgbgifh@appple.com
6b0ec139-e270-4274-80f8-db19a110da7d,2021-12-10T11:40:50,BRAND5,968.32,agikegi@gmail.com
67a35910-27f5-444e-8e87-2c3c23f96b33,2021-12-10T11:40:50,BRAND2,402.88,"""cjiagdg ckkhake"" <cjiagdg@gmail.com>"
ec1deaff-36f9-41aa-b070-517130fd3750,2021-12-10T11:41:40,BRAND5,267.24,"""ldallbj ijeldgg"" <ldallbj@appple.com>"
ebe6d5d6-b6d5-4736-80bd-92154b046566,2021-12-10T11:42:30,BRAND5,90.70,fkchiie@hotmail.com
cbd51f22-d9d5-4bd1-bcd3-450fe07fd253,2021-12-10T11:43:20,BRAND2,275.58,bcgjbgj@gmail.com
cdd9fe29-96ab-4943-a163-e4cbf9b38fc3,2021-12-10T11:45:00,BRAND2,607.62,egdfkhc@gmail.com
5d11b3fc-b841-47dd-bbc0-a67004f804eb,2021-12-10T11:45:50,BRAND5,84.71,glleegd@gmail.com
6e94a54d-9ce7-4806-93e9-d667db33f780,2021-12-10T11:45:50,BRAND2,916.47,"""leiifeg ghjbfke"" <leiifeg@gmail.com>"
0ae649ab-33e6-475b-8946-c751602237d3,2021-12-10T11:47:30,BRAND2,594.50,hfikbbi@gmail.com
c6b3cebd-9a40-409b-8081-b732a462a54a,2021-12-10T11:47:30,BRAND5,867.37,fdjdlji@appple.com
71717876-3214-4c09-9525-b2182626663f,2021-12-10T11:49:10,BRAND5,944.70,bghjidf@live.com
c7695e17-2948-410a-8774-203b8813368c,2021-12-10T11:49:10,BRAND2,409.94,"""iijcahj icdidij"" <iijcahj@gmail.com>"
3e3bb06b-f306-48f5-95fc-4b98531003ef,2021-12-10T11:50:50,BRAND2,187.67,blbjghj@gmail.com
6cddae55-aa84-40c2-a2e9-61fdd2795a1c,2021-12-10T11:50:50,BRAND5,735.38,kleflef@appple.com
5301988b-70d6-45a8-ad98-dd5cfc0c11f2,2021-12-10T11:51:40,BRAND5,601.29,"""jaefahf bghfihj"" <jaefahf@gmail.com>"
36e180ac-3807-4b30-9a27-6638bdc2f2b2,2021-12-10T11:53:20,BRAND4,665.09,"""cebhjjb gbfjeak"" <cebhjjb@gmail.com>"
6e041314-ab11-4896-bc34-0882154d5f7a,2021-12-10T11:55:00,BRAND2,945.34,kbdilde@live.com
5cff2e68-622c-4c15-bb89-7775741df517,2021-12-10T11:55:00,BRAND2,378.60,dckajhf@gmail.com
cedf22da-5d17-4c74-881c-e9535c105c8e,2021-12-10T11:55:50,BRAND2,452.47,iegeidf@gmail.com
0230e2dd-afe1-4e44-a627-172d45e0e49d,2021-12-10T11:55:50,BRAND3,255.58,"""cikliee hhjbhlb"" <cikliee@gmail.com>"
67ec8acb-1de8-44db-afe8-27905c4fbec0,2021-12-10T11:56:40,BRAND2,563.87,"""jhafjjk bhbacij"" <jhafjjk@live.com>"
317d2e0e-7d93-4574-8b6e-800bf908900f,2021-12-10T11:58:20,BRAND2,240.12,fiikagl@appple.com
2babfb49-3061-4ce0-9ba4-9d268a059931,2021-12-10T11:59:10,BRAND1,334.25,alkdbha@gmail.com
02e472e5-7a13-429d-bace-ea88519ed713,2021-12-10T12:00:00,BRAND2,276.05,"""kabaaal cgafhkj"" <kabaaal@appple.com>"
9d819ee3-ef42-4c05-b207-56ddbf92394f,2021-12-10T12:00:00,BRAND1,321.33,"""iclbife cchlkca"" <iclbife@appple.com>"
a9e77e1a-72b0-4b32-8512-6a39c9db7486,2021-12-10T12:00:50,BRAND2,795.29,fcfljaj@yahoo.com
8112b649-fb55-42bb-b5b2-4072bfd58f53,2021-12-10T12:01:40,BRAND2,493.65,kgjdcge@yahoo.com
8236724a-ae43-440a-a8a0-623d58cbf04a,2021-12-10T12:01:40,BRAND5,793.39,hbhljjg@live.com
fd97cb45-8844-4f16-bbb1-218224cfdd31,2021-12-10T12:02:30,BRAND2,877.88,flfcleg@appple.com
b52190b1-26f8-4ee3-8564-e932002704d5,2021-12-10T12:03:20,BRAND5,926.19,ihggiik@gmail.com
1b4e60e8-d700-405e-9401-222ee80ac850,2021-12-10T12:05:00,BRAND3,308.74,cjdjfdh@gmail.com
8f5da797-4c7f-40d0-b665-f2e29f32d533,2021-12-10T12:05:50,BRAND2,824.96,"""aacblde bjhbakg"" <aacblde@gmail.com>"
69ba1b0f-69c7-4460-9451-dccb8dfc29e1,2021-12-10T12:06:40,BRAND2,711.64,"""cbfifde jldfhbe"" <cbfifde@appple.com>"
59c975f3-b572-4ba1-bb2b-eb38f3657fb4,2021-12-10T12:07:30,BRAND5,550.57,gjdichh@gmail.com
eea9cf84-4cfb-4f3b-8821-401311b39354,2021-12-10T12:07:30,BRAND2,899.10,"""jlaaiah glffadb"" <jlaaiah@live.com>"
d9d55102-f56a-4323-830e-b4f2bc220c0d,2021-12-10T12:09:10,BRAND4,475.49,"""hlggkcl dlkgiaj"" <hlggkcl@appple.com>"
2eb2bf40-041b-4b64-b17e-e607d8bd4cbf,2021-12-10T12:11:40,BRAND2,203.12,"""ihdckkg djlieei"" <ihdckkg@appple.com>"
b93e85c7-d037-4339-a0a8-766c22a5b414,2021-12-10T12:12:30,BRAND5,926.49,"""dahiiji iddhacb"" <dahiiji@appple.com>"
14ab8f45-09f4-4f37-be77-226f496f4c5f,2021-12-10T12:12:30,BRAND1,204.32,"""idgjlld khlldkk"" <idgjlld@gmail.com>"
d2bebfef-579b-460a-b776-55d8eab0fb56,2021-12-10T12:13:20,BRAND1,608.53,ekegjdk@gmail.com
d1a62ab5-eeb0-4467-9268-b31ae631a317,2021-12-10T12:13:20,BRAND4,595.95,aeflgaf@gmail.com
d471d3fd-332a-4e88-becc-3e78acd8b2c8,2021-12-10T12:15:00,BRAND5,864.57,fckjebg@gmail.com
2835c406-0f4c-49c9-9940-25618a095f41,2021-12-10T12:15:00,BRAND2,587.85,fldiibe@yahoo.com
57b4203e-3c9a-42c2-ae4a-d627b9f05358,2021-12-10T12:15:50,BRAND3,643.85,ieaiekk@gmail.com
68f34fff-4061-4ac8-a972-b7863fd39c24,2021-12-10T12:16:40,BRAND1,540.76,cihclgg@gmail.com
9a7cc091-a34a-4d39-99fb-6a6ae37fee4c,2021-12-10T12:16:40,BRAND2,418.68,"""jleciij jlkhlgl"" <jleciij@appple.com>"
68adbbfa-ca70-4ee8-aff6-f979fe2fff87,2021-12-10T12:17:30,BRAND2,838.39,ihfecdi@appple.com
9d434dfe-c0d9-4cc8-ac6a-e39d17849210,2021-12-10T12:18:20,BRAND1,612.76,"""bgggagf ghaiikb"" <bgggagf@appple.com>"
6f7ac0f1-58e9-4f92-8320-362da87d7714,2021-12-10T12:19:10,BRAND4,193.70,"""lcikhkc iggficb"" <lcikhkc@gmail.com>"
1c821a1a-81cf-42c8-8c97-cd9a486dbc51,2021-12-10T12:19:10,BRAND2,900.39,glcldli@live.com
21d1a03b-e1a6-4b1a-b8cd-a09762f2b99e,2021-12-10T12:20:50,BRAND2,930.46,"""hkebdkl gdaclea"" <hkebdkl@gmail.com>"
353e9d8c-81fe-4c2f-a6e6-3516dfd6883b,2021-12-10T12:20:50,BRAND2,870.06,ihiaigf@appple.com
3f2b1ef8-954e-4884-83b1-ad71bd876475,2021-12-10T12:21:40,BRAND2,90.67,"""aehefgb glllbbh"" <aehefgb@live.com>"
4f8353c5-5b69-4951-92f8-a5caade32956,2021-12-10T12:21:40,BRAND2,380.85,gfkjejh@gmail.com
ba552392-4618-48fc-ab27-ebe275475f67,2021-12-10T12:22:30,BRAND5,770.36,edjfgai@gmail.com
0de280e8-841a-44bc-ad5d-2d5e4aa0e00a,2021-12-10T12:23:20,BRAND1,897.35,ccchajb@appple.com
18411afb-a983-420d-b0cb-c4fe85b4790b,2021-12-10T12:25:00,BRAND2,129.91,"""fahaihk cicifgb"" <fahaihk@gmail.com>"
c6130550-07ff-451a-aa78-2b152c98b28f,2021-12-10T12:25:50,BRAND4,649.54,agbhafe@gmail.com
d23fd9a0-3e41-4b8a-a566-31f25ad1a1d0,2021-12-10T12:25:50,BRAND2,809.30,"""lkegjkf leejdfl"" <lkegjkf@gmail.com>"
51b037a9-cfbb-4e65-bd5a-c9bab746a537,2021-12-10T12:26:40,BRAND2,853.52,ibjacjd@appple.com
08f28fa1-38cc-4873-872a-ccac1d35568d,2021-12-10T12:26:40,BRAND5,807.34,"""delfejf cdijkge"" <delfejf@gmail.com>"
297e1b01-8315-4007-8bf9-dfc609066421,2021-12-10T12:27:30,BRAND5,388.16,"""hilicfa ebidlhd"" <hilicfa@gmail.com>"
abcdcffb-ea77-47f1-9f29-b338bb32bf88,2021-12-10T12:27:30,BRAND1,507.62,"""fddhdbi cchcdff"" <fddhdbi@live.com>"
7d2eb041-bcda-43fa-b9a4-3d0e7a51788a,2021-12-10T12:28:20,BRAND2,253.14,dcghdbd@gmail.com
9e1d3a74-b074-4975-b78e-01d1bc8304ce,2021-12-10T12:28:20,BRAND2,353.71,"""gcebgdi jafgacg"" <gcebgdi@gmail.com>"
5d54b21c-b546-4a18-a838-6efacc60b03e,2021-12-10T12:30:00,BRAND2,223.78,"""ibgikbd alcdjbb"" <ibgikbd@yahoo.com>"
f9defcad-23fa-42f8-99f6-6eab74f10c02,2021-12-10T12:30:00,BRAND5,610.71,afleici@gmail.com
c0242e91-1a5e-400a-bf29-8e5720366373,2021-12-10T12:30:50,BRAND5,136.27,"""faclhaj debakbi"" <faclhaj@hotmail.com>"
6a1ec7f8-4f1d-4a61-bc6d-d0eef68152b6,2021-12-10T12:31:40,BRAND5,310.96,"""kakefcb bggfidg"" <kakefcb@yahoo.com>"
34ffbe35-5686-4ee0-b9bf-2021237e4262,2021-12-10T12:31:40,BRAND1,857.32,"""hlidbhd ccdllbg"" <hlidbhd@gmail.com>"
ea97a25b-315a-46e3-a6f9-f88f8df73ced,2021-12-10T12:33:20,BRAND2,226.22,"""lhidlch jgigbfc"" <lhidlch@appple.com>"
4ae0ab59-237b-4544-9542-0a35e4a0c898,2021-12-10T12:33:20,BRAND2,148.80,dafchge@appple.com
0aef6e52-047a-49bb-8066-f58f68548748,2021-12-10T12:34:10,BRAND2,748.31,gafflbd@gmail.com
44c04d79-942f-48d6-8e20-d35edfa63ec0,2021-12-10T12:35:50,BRAND5,41.84,ljllbeg@gmail.com
d5f9e6b3-5a39-4493-b1ad-7adca12c0a08,2021-12-10T12:37:30,BRAND2,997.40,cebalbh@gmail.com
3c899754-a277-409c-bc64-a3a9c9ddb3be,2021-12-10T12:37:30,BRAND2,716.89,lkfljbe@gmail.com
b936bc8b-8d50-48f4-8ac3-c23ffeb4e508,2021-12-10T12:38:20,BRAND1,83.50,ikkddcg@gmail.com
08ba34a5-ece5-4ede-a0e8-92f1514dcaaa,2021-12-10T12:39:10,BRAND2,597.29,fkaekfh@gmail.com
5bdad8cc-6cd2-4185-b88c-87acb2e8cf7d,2021-12-10T12:39:10,BRAND3,855.88,"""lglachb egahkcc"" <lglachb@gmail.com>"
64f48ae4-7135-4649-aa58-2cfa8c5e0f4c,2021-12-10T12:41:40,BRAND1,933.89,"""dhgagfi jgbhekb"" <dhgagfi@gmail.com>"
f6707272-5c86-4937-8ff1-5ecc4801ce03,2021-12-10T12:41:40,BRAND4,209.90,"""hbfalka hefhjgd"" <hbfalka@appple.com>"
488a410d-8aaf-4366-a73c-73023b1a4768,2021-12-10T12:42:30,BRAND5,403.11,fkibfgf@appple.com
22eb17f0-a561-4972-8709-2b63bfdd26dc,2021-12-10T12:43:20,BRAND2,779.64,fbfajjb@gmail.com
ef7bb780-a914-4a49-b79b-f986af2852e6,2021-12-10T12:44:10,BRAND2,559.08,ilcdegg@gmail.com
2f868117-b3a4-4792-a1b1-7a59bd86bfda,2021-12-10T12:44:10,BRAND3,686.12,ieceaee@gmail.com
3662710e-ad14-4a44-8944-937cf3522274,2021-12-10T12:45:50,BRAND5,554.94,"""abfcbea jcablje"" <abfcbea@gmail.com>"
665cdf9e-ad3c-4ac6-b63b-112e1e6ee333,2021-12-10T12:45:50,BRAND2,916.41,"""jklagbd aidiiba"" <jklagbd@appple.com>"
8cf5f722-8886-46ef-bd2d-763e9a00785c,2021-12-10T12:46:40,BRAND2,275.42,"""akelija iakibka"" <akelija@appple.com>"
74de2539-877c-498c-b3f3-9228c3112164,2021-12-10T12:46:40,BRAND5,890.99,"""ciahhgc lgklfjc"" <ciahhgc@appple.com>"
36025172-86da-4dcd-977f-ccd28a629a6f,2021-12-10T12:49:10,BRAND2,637.31,dcjkhlc@live.com
5fd75899-42f8-400e-9e87-3f7f8703fa75,2021-12-10T12:49:10,BRAND2,814.52,"""ekkbdjb lidjljb"" <ekkbdjb@gmail.com>"
1bd5c5fb-17dd-4d36-9116-67f9a3270013,2021-12-10T12:50:00,BRAND5,471.37,gekdbkc@appple.com
7b33c3a9-d8a2-430a-994e-cf90f666e58a,2021-12-10T12:52:30,BRAND2,580.58,egfciia@hotmail.com
81e9a914-580f-454d-9dee-a6b90b6512da,2021-12-10T12:53:20,BRAND5,875.65,"""kkbbdid bfaglab"" <kkbbdid@gmail.com>"
7e8448a9-d6aa-4567-af39-97f92fb9a004,2021-12-10T12:53:20,BRAND1,887.21,"""cfeekif eaflfcf"" <cfeekif@appple.com>"
ca055136-cf15-4e4b-b8c3-19306a4c54e6,2021-12-10T12:54:10,BRAND2,95.60,"""lbhdjhe fldfceb"" <lbhdjhe@appple.com>"
789070a6-31f6-421d-b103-6b8bf426ce06,2021-12-10T12:55:00,BRAND2,497.52,jjgikgc@appple.com
6d7abcaf-034c-447d-a465-92e472a3da1d,2021-12-10T12:55:00,BRAND2,508.67,icjbfgf@gmail.com
9e41299e-a3f2-4c0c-8812-dded722a02b6,2021-12-10T12:55:50,BRAND2,735.64,accbeeb@gmail.com
3619d9a9-be68-4fe0-8193-03e8532cf13d,2021-12-10T12:56:40,BRAND2,873.93,ihjieeg@gmail.com
3649e0e9-30c6-4948-9c3c-1310474e6e73,2021-12-10T12:57:30,BRAND1,765.39,fciiade@gmail.com
888f5ed1-144f-4730-ad6f-98a6590bf7ae,2021-12-10T12:58:20,BRAND5,782.16,kliahgd@appple.com
b8a6688d-08ea-41df-af8f-9938adb75619,2021-12-10T12:59:10,BRAND2,644.32,"""llijahl jejcgeb"" <llijahl@appple.com>"
29bb32e7-c9fd-42c3-808d-b8a6f1ec22b0,2021-12-10T12:59:10,BRAND5,857.17,aiggjkl@gmail.com
1510a292-ef21-4d32-90c5-ef75fe8a5718,2021-12-10T13:00:50,BRAND1,990.91,cllcfdj@gmail.com
d83758ca-1d96-4a5d-84f5-fda277322543,2021-12-10T13:01:40,BRAND1,623.47,jkeljbc@gmail.com
32a50234-8384-47a3-9f5c-e58f68719aae,2021-12-10T13:02:30,BRAND2,167.92,"""iadikhc cchfagd"" <iadikhc@gmail.com>"
06e22d61-41bf-4c54-80ed-bd2589982128,2021-12-10T13:03:20,BRAND5,791.87,iclifce@appple.com
52e7d15f-a5ae-4d28-add0-48abff121eb0,2021-12-10T13:03:20,BRAND5,890.63,"""dgghekj bdiibll"" <dgghekj@yahoo.com>"
2544c24c-b484-44c0-9d9b-8883a8b6ec8b,2021-12-10T13:05:00,BRAND5,64.58,ccjejai@gmail.com
144f40a4-95c6-4fcb-b4e6-7eac70c97e2d,2021-12-10T13:06:40,BRAND1,94.71,jhgbbhd@gmail.com
d192aa84-5727-4075-ad0f-3aa36e2b9b2f,2021-12-10T13:07:30,BRAND2,461.47,"""gjkijjb fjllidf"" <gjkijjb@gmail.com>"
d9b4b2f4-5b96-4a49-a637-d7e78b90a097,2021-12-10T13:08:20,BRAND2,315.07,"""cbejefd kallaec"" <cbejefd@gmail.com>"
b6eb94fb-1142-48c5-a7f5-74e05afb1c70,2021-12-10T13:08:20,BRAND2,137.31,"""cbbffcg eladfib"" <cbbffcg@gmail.com>"
b18d5c86-dd1d-4120-abac-f679003c35d8,2021-12-10T13:09:10,BRAND2,43.53,fgdjaef@live.com
0fdfd564-7e97-4de2-9bc4-508edd781c2e,2021-12-10T13:09:10,BRAND2,677.06,hfhaeid@appple.com
bf88bc01-bd08-4cc3-abf2-f8c5e524fa27,2021-12-10T13:10:00,BRAND4,968.41,fddbcab@live.com
91505c52-7396-48be-8073-659abe65da28,2021-12-10T13:10:00,BRAND2,224.65,kifagak@appple.com
9744a36e-6263-4394-a78e-a08424913df6,2021-12-10T13:13:20,BRAND5,115.98,gbhaige@hotmail.com
2d0bfb86-ca6a-4941-9581-975567909589,2021-12-10T13:13:20,BRAND5,453.41,"""kbbiekj bhifflc"" <kbbiekj@live.com>"
1c66763d-6ea9-4201-8428-bf271658fe51,2021-12-10T13:14:10,BRAND2,596.25,jlhjgbd@gmail.com
85bf7d88-8757-417d-87e3-d7c6dbe2580f,2021-12-10T13:15:50,BRAND1,908.72,"""iiiijcf eflhfje"" <iiiijcf@appple.com>"
6e3ac8d3-830a-440d-a08c-5f8be7c63c8e,2021-12-10T13:15:50,BRAND3,1.23,fgehbel@live.com
ccd3ba06-cf3d-4993-bfc4-61c3aa7cec95,2021-12-10T13:16:40,BRAND5,790.65,jihcgcf@appple.com
089ac640-d30d-4a76-adb2-a02578c2d18c,2021-12-10T13:16:40,BRAND5,173.96,adaighc@gmail.com
af975380-e265-4381-92a3-f8b92b27f2da,Fri Dec 10 13:18:20 2021,BRAND3,68.55,ehflbjh@gmail.com
e67a61b1-af47-4c9b-87fd-d931dabe9fee,2021-12-10T13:19:10,BRAND2,929.49,"""kflhkbh lafhidf"" <kflhkbh@appple.com>"
73e8bda6-24e1-42f6-9764-bb6eb2c002ef,2021-12-10T13:19:10,BRAND5,650.83,aifibhj@gmail.com
20782c77-c581-4162-8d08-8a387a8450f5,2021-12-10T13:20:00,BRAND2,900.36,"""jjbbeig lhcgjgg"" <jjbbeig@appple.com>"
c8016edd-8c38-43c8-b791-6422c27a00ef,2021-12-10T13:20:00,BRAND2,799.74,ijkckdk@gmail.com
e7e972b4-36cb-4005-933b-37cd84a98054,2021-12-10T13:20:50,BRAND1,455.86,ceghdkg@gmail.com
8d00925d-a356-46aa-b070-97e43b8af368,2021-12-10T13:20:50,BRAND2,505.51,fjlcjad@yahoo.com
9cc99dbd-5035-4537-adda-2245b1ed3ffd,2021-12-10T13:21:40,BRAND1,495.95,"""ahhlfjj cdgiljd"" <ahhlfjj@live.com>"
e16877f9-7add-4a17-a32f-f75c612f0b1f,2021-12-10T13:21:40,BRAND2,313.43,cahfgjh@appple.com
9280f640-0ff5-4132-9371-1f5a0ab7e806,2021-12-10T13:22:30,BRAND2,411.22,cghlcbd@yahoo.com
5a08ef05-6d74-4d42-b165-34afe85d09ba,2021-12-10T13:22:30,BRAND2,256.07,kdefblk@gmail.com
9985f4a1-01f0-412f-b802-3581e355b137,2021-12-10T13:24:10,BRAND5,107.90,jffajkl@hotmail.com
ebae5be6-ec8f-480c-8fad-ad4c148fc6ee,2021-12-10T13:24:10,BRAND2,426.20,akckcea@live.com
21e5bfc7-aeb2-4c90-bdaa-43edbfabf7fd,2021-12-10T13:25:00,BRAND2,41.18,jjcgblh@appple.com
100b88b9-bd82-44e6-b712-fea2a92b2389,2021-12-10T13:25:00,BRAND5,598.57,"""ahfigbk dkgaabg"" <ahfigbk@gmail.com>"
ed277224-aad7-4a89-a572-51a1ba9c5ffd,2021-12-10T13:25:50,BRAND2,309.06,"""ccgbajd lkfhkdk"" <ccgbajd@gmail.com>"
3886d850-53d7-4d19-abfa-1b6223767d04,2021-12-10T13:27:30,BRAND1,325.06,"""gjahlgl fclfceg"" <gjahlgl@gmail.com>"
60c4567a-bc55-47a2-9dd6-d855e068bc76,2021-12-10T13:30:00,BRAND1,522.10,"""cblikld chklhfi"" <cblikld@gmail.com>"
edef7eb1-5407-4aa4-b649-ae95a66d37d7,2021-12-10T13:30:00,BRAND5,988.06,bhcilib@yahoo.com
579de73a-ebd8-4600-a197-332410f0f555,2021-12-10T13:30:50,BRAND2,244.00,"""lbjjbjk cgdbeed"" <lbjjbjk@yahoo.com>"
71d014d0-bd81-45f1-bf49-d6cb1071d952,2021-12-10T13:31:40,BRAND2,666.47,ahddcfh@gmail.com
589093f0-0ec2-420f-81ff-abc20665533b,2021-12-10T13:31:40,BRAND5,864.62,cjdbcjj@hotmail.com
dac39a6a-3a0a-4ff9-9c18-1306887b96b9,2021-12-10T13:32:30,BRAND2,480.04,cdlegbl@live.com
5126a228-a7f8-4755-8b38-dc10b8b3cc87,2021-12-10T13:32:30,BRAND5,547.02,fdihbea@appple.com
9729cae7-d537-44c7-bb36-974b251484ee,2021-12-10T13:33:20,BRAND2,51.32,"""dechfgb khgakba"" <dechfgb@gmail.com>"
83f8f698-0772-4d5a-8ff7-322c13fd5583,2021-12-10T13:33:20,BRAND2,457.01,"""hcdjbkg feffadg"" <hcdjbkg@appple.com>"
e7f2f94e-12eb-4b24-88ae-291ac6047492,2021-12-10T13:34:10,BRAND5,263.21,ihlkbja@gmail.com
31a503fa-3baa-40dc-95f7-93899c1f5779,2021-12-10T13:34:10,BRAND2,153.36,"""fdalaca hfffagj"" <fdalaca@gmail.com>"
f0b8ec64-98ee-4849-ac79-74cc50190c2b,2021-12-10T13:35:00,BRAND2,293.45,fcecghh@gmail.com
87125fa3-59ad-418a-85bb-2603fec322f4,2021-12-10T13:35:50,BRAND2,106.08,"""ehgiflc hbdgeee"" <ehgiflc@gmail.com>"
c4374d80-0ea6-407b-821a-4695daa342ae,2021-12-10T13:36:40,BRAND1,229.12,cbibaab@yahoo.com
64d00c6c-76bd-4ffe-833e-d8cd8c452403,2021-12-10T13:37:30,BRAND2,31.49,"""lilfkhl eiabjjf"" <lilfkhl@gmail.com>"
31f23e63-e7b5-46d1-b0ac-60d519105551,2021-12-10T13:37:30,BRAND2,898.06,dljjbli@gmail.com
5be93873-6749-4fd3-848c-1129d6f21fee,2021-12-10T13:39:10,BRAND1,213.72,aliegah@live.com
cfc819c2-f9be-4c5f-9dc0-e6b6ed41caae,2021-12-10T13:39:10,BRAND2,598.09,"""addkkhh dbjclgd"" <addkkhh@gmail.com>"
0dea420d-870b-4ae2-bc78-d01033042b57,2021-12-10T13:43:20,BRAND3,255.12,klgkjkb@appple.com
925085a1-121d-4037-a170-8ab495d51601,2021-12-10T13:45:00,BRAND4,423.81,"""ggeijkb ebhfdik"" <ggeijkb@gmail.com>"
4cbdbdd3-dd2b-4f23-9fcc-31a36931f139,2021-12-10T13:45:00,BRAND2,806.44,dlleebe@yahoo.com
8c199d9f-4a5c-4d19-94ac-444f521bf966,2021-12-10T13:46:40,BRAND2,577.53,iajchcg@yahoo.com
cff4e2c1-e9c5-4137-a15b-2449bc357c26,2021-12-10T13:46:40,BRAND2,458.03,fccefcd@live.com
35543524-beac-4b38-a6f2-5142b5c2abe9,2021-12-10T13:47:30,BRAND1,449.90,ehhakhd@gmail.com
06d6e42c-89d5-4e0f-9e9b-22956fe8ae3d,2021-12-10T13:47:30,BRAND5,838.92,gegifdd@appple.com
b1a0ccd6-466b-40fc-8227-d01ac93d1c15,2021-12-10T13:50:00,BRAND2,537.14,bdlhfjj@live.com
59c44629-37bc-4d67-9953-88e9afeb65dc,2021-12-10T13:50:00,BRAND2,296.48,"""fdakjcd iacigkf"" <fdakjcd@appple.com>"
fc4d776b-772a-4bba-b959-bab53d76dc57,2021-12-10T13:50:50,BRAND2,79.76,fdfhekj@gmail.com
45cdbcbb-45cf-47c8-84ba-43e1a00e7d7d,2021-12-10T13:51:40,BRAND2,885.43,"""kgdfbhj ibabhbk"" <kgdfbhj@gmail.com>"
c58bd5a9-777f-41c3-a2d5-d8dae90362db,2021-12-10T13:51:40,BRAND5,783.36,"""hiblidc jegibeh"" <hiblidc@gmail.com>"
21d9f0ec-7707-4eb4-98fa-ac9988ab53a2,2021-12-10T13:54:10,BRAND3,221.21,hajbfdc@gmail.com
cbd1b417-fe8e-4938-80eb-a907042b8452,2021-12-10T13:55:50,BRAND5,48.28,dljakjk@gmail.com
7ba357b7-86cd-4595-a449-77d4575cec5a,2021-12-10T13:56:40,BRAND1,276.44,"""lkblbfd kjfhcbh"" <lkblbfd@live.com>"
45340fda-f3ee-4558-b18a-47bfa11e8d2f,2021-12-10T13:56:40,BRAND2,724.45,gdilhjc@gmail.com
980e551a-114d-465f-8400-d321bc98e078,2021-12-10T13:57:30,BRAND1,530.25,lfhbhed@appple.com
2113de92-ab61-445b-86ff-e6ab88ccea5c,2021-12-10T13:58:20,BRAND1,125.05,"""ddcbbdk kjkgldc"" <ddcbbdk@gmail.com>"
9059265a-2223-4697-8025-aeb79a52c11e,2021-12-10T13:58:20,BRAND3,649.34,ldieice@live.com
d5124510-6fb6-4d10-a766-dcd17c5cef4a,Fri Dec 10 13:59:10 2021,BRAND2,140.35,dcljlkc@gmail.com
54482cd3-ef12-49a6-9368-9db6b51596d0,2021-12-10T13:59:10,BRAND4,2.13,ljidkdl@gmail.com
a0ad4cc6-2a91-4e95-9d9d-d10b02415cda,2021-12-10T14:00:00,BRAND2,345.70,agjfigi@appple.com
3caf42ca-b593-48f1-9efa-d751d33aa98f,2021-12-10T14:00:00,BRAND2,811.84,"""akafhbb fciljcf"" <akafhbb@gmail.com>"
54d09515-c572-494a-857c-6427c8142c14,2021-12-10T14:02:30,BRAND2,585.76,"""flhhgkd kebblce"" <flhhgkd@live.com>"
bc76d13f-b688-433a-a477-b3c570725c1b,2021-12-10T14:03:20,BRAND2,125.62,"""bdaedhh aidjikk"" <bdaedhh@gmail.com>"
fe242d7d-c966-4be8-873f-9252306cbcad,2021-12-10T14:03:20,BRAND5,113.83,akladib@gmail.com
71f6fa94-dc0a-46c8-984d-ef7ae24c5deb,2021-12-10T14:04:10,BRAND1,570.31,bjajckd@gmail.com
e9d37a93-1e8e-45e4-99f9-72e15d482a37,2021-12-10T14:04:10,BRAND2,96.85,lkfdkcc@appple.com
d89a1cff-a223-4157-862d-50b327ffe751,2021-12-10T14:05:50,BRAND2,290.05,"""heggjki haedhff"" <heggjki@live.com>"
e7ef96bf-fb06-475a-81d1-e2cfa516b669,2021-12-10T14:06:40,BRAND2,136.39,cjblfha@gmail.com
1cd53619-dfdd-4108-b127-b91210949305,2021-12-10T14:10:00,BRAND2,522.71,"""iejbaee bccjfcd"" <iejbaee@appple.com>"
b40ab7ec-8661-4775-acfc-2b7538edc0da,2021-12-10T14:13:20,BRAND5,121.13,hifbgbf@appple.com
37cd06c6-cad3-4f29-bb76-25d77fc956f2,2021-12-10T14:13:20,BRAND1,740.61,"""iciflkg acefebg"" <iciflkg@gmail.com>"
8c408b9f-b840-415c-9d1a-61bc98a20466,2021-12-10T14:14:10,BRAND1,306.10,"""gekieik cagdake"" <gekieik@live.com>"
b3651abe-4648-498b-bf11-4b7c0844021f,2021-12-10T14:14:10,BRAND2,540.94,"""hkikdfb fheblcc"" <hkikdfb@gmail.com>"
2648bfab-4886-405f-94f1-95d287deaf38,2021-12-10T14:15:00,BRAND5,940.63,"""akjlegf fggfaig"" <akjlegf@live.com>"
ceed2004-1ca1-4b01-8761-46fd69e2d096,2021-12-10T14:15:00,BRAND2,907.80,"""aeilkea hkgcibk"" <aeilkea@appple.com>"
055d6b94-cbf1-4f15-a7f7-94479e1c978f,2021-12-10T14:15:50,BRAND1,632.74,kbggcee@gmail.com
ab8f68b4-bed3-4f26-89e3-50b29d0e2d9b,2021-12-10T14:17:30,BRAND2,709.92,fajehga@hotmail.com
57bdaba1-ceba-4988-b21b-d2f70a775b3b,2021-12-10T14:17:30,BRAND1,451.18,hibfakj@appple.com
b869ba88-32df-4c33-b628-aea8ea33e278,2021-12-10T14:19:10,BRAND2,300.33,bidecii@gmail.com
cd37347c-9a38-4b59-97fa-e8c727ee2c98,Fri Dec 10 14:20:00 2021,BRAND2,904.58,fhadicc@appple.com
a2305043-85fa-4476-bd28-ee4b3f56e2c7,2021-12-10T14:21:40,BRAND1,998.79,adbhdfe@yahoo.com
b22b832d-86a8-484a-88cb-2e6a4ee0c109,2021-12-10T14:21:40,BRAND2,603.89,hjkedkc@gmail.com
e547ec7d-52c2-4066-95c3-00fcc5163664,2021-12-10T14:22:30,BRAND5,699.35,hfaajgl@appple.com
c466f4ac-89d7-483c-8215-2e24b4f9d725,2021-12-10T14:22:30,BRAND5,278.11,"""ldigbja ecegikk"" <ldigbja@live.com>"
700bcafb-f40a-4832-b71a-a26130c0e100,2021-12-10T14:24:10,BRAND2,304.52,"""ekdibgl cladjda"" <ekdibgl@gmail.com>"
8404533b-1b5e-420d-b047-7fb1d07ebee2,2021-12-10T14:25:00,BRAND5,881.74,ecegjgb@appple.com
3edefbc7-d0b8-450e-a87b-a0c827be9ca4,2021-12-10T14:25:50,BRAND2,404.55,lhiciah@appple.com
543ecd40-0278-4981-9434-c80bfd9e90c1,2021-12-10T14:27:30,BRAND2,251.65,"""djhdjih lfaeleb"" <djhdjih@gmail.com>"
09c48554-a6f9-43a9-a8bc-0387b6b499b2,2021-12-10T14:29:10,BRAND2,320.00,jcbdhel@appple.com
ac49f5b9-b39c-46a8-8aea-c8965339bc9f,2021-12-10T14:30:50,BRAND2,890.27,defebdh@gmail.com
05928eef-4694-4cb6-8044-757c33d8d820,2021-12-10T14:30:50,BRAND2,752.88,gkehahk@gmail.com
5ca9f8e2-13e7-400c-bbce-4a8398f078f3,Fri Dec 10 14:31:40 2021,BRAND1,68.76,"""gffijej lchihbb"" <gffijej@live.com>"
74701ae0-b8ff-47e0-914f-cfae0bab4700,2021-12-10T14:31:40,BRAND1,$190.74,"""dcccfde hcgcifk"" <dcccfde@appple.com>"
57ada715-fdc3-4c7f-a255-4cac1d62bf74,2021-12-10T14:32:30,BRAND4,700.92,clfkcgf@gmail.com
772ebb1b-1eb3-4bcb-9b2b-2265e10234fe,2021-12-10T14:32:30,BRAND2,425.01,lghbhkh@appple.com
8cc0766b-4334-4c58-8e79-ab1cbae098b0,2021-12-10T14:33:20,BRAND5,893.80,ifjeaia@gmail.com
ada0203c-fee4-4ee1-a472-3d75a55dec3e,2021-12-10T14:33:20,BRAND5,959.58,ebbdgjk@gmail.com
7bc8751b-19fb-4265-9adc-9df0e1f24225,2021-12-10T14:34:10,BRAND5,584.85,"""ieebcba kgefjkd"" <ieebcba@gmail.com>"
06912a51-3d5b-4fe1-b6d7-e8e77d291337,2021-12-10T14:34:10,BRAND5,587.16,bcbhfjj@appple.com
a469b0ed-524f-4ce1-a115-d7157ea486cc,2021-12-10T14:35:50,BRAND1,888.66,hdhjdhc@gmail.com
b2448221-e566-4ecb-b592-9f8f78110174,2021-12-10T14:35:50,BRAND2,213.01,"""klhdcbk bekefll"" <klhdcbk@gmail.com>"
d082a0a9-a43e-4c7d-8d48-0109977e8404,2021-12-10T14:36:40,BRAND2,495.45,ijlakgd@appple.com
552f18e4-e6b4-4366-9b21-4392f06d421b,2021-12-10T14:37:30,BRAND2,723.52,fhclgkh@gmail.com
23d04096-266b-4c73-86bd-f4a69df06d4c,2021-12-10T14:37:30,BRAND5,617.40,"""fgldhlc jjgjlik"" <fgldhlc@gmail.com>"
dcb36a50-0ce7-42e4-bce0-4da38f5ad8ca,2021-12-10T14:38:20,BRAND5,468.25,"""djiikdb ejegkki"" <djiikdb@gmail.com>"
9161fa6d-53b8-4b34-b751-1d55abe7d660,2021-12-10T14:38:20,BRAND3,902.94,jjfabhg@appple.com
a38f1123-2e40-4d38-9172-e2de3326abbd,2021-12-10T14:39:10,BRAND5,858.25,khhdail@appple.com
84231bf6-e576-444d-a050-96f7438a43d0,2021-12-10T14:40:00,BRAND5,288.67,"""ladheld dhiiiel"" <ladheld@gmail.com>"
1d22da87-bbe4-4b82-80ee-db24dc7db8c3,2021-12-10T14:41:40,BRAND5,717.78,"""dechhfg afijjhf"" <dechhfg@appple.com>"
c63f64c5-44bb-4424-ba90-f7f54db48fd1,2021-12-10T14:42:30,BRAND1,628.74,"""hjeikha ccjlccd"" <hjeikha@hotmail.com>"
d4b2d34f-6af8-4fa0-acb3-62c79185c27b,2021-12-10T14:42:30,BRAND2,662.13,"""ifcfjic gceahka"" <ifcfjic@gmail.com>"
9bf5417f-25f0-43c2-8f44-fac1f1a43d4f,2021-12-10T14:43:20,BRAND5,81.19,"""bbfaadf agjfjlb"" <bbfaadf@yahoo.com>"
1a11c276-f6df-4195-a387-d4c59670d847,2021-12-10T14:44:10,BRAND5,3.06,dkbgiea@gmail.com
a2282151-b722-450c-ad33-8d4331f2f139,2021-12-10T14:44:10,BRAND2,521.00,bcdhage@appple.com
4247a4ab-fdc7-483d-8e7c-d71a4ec4e3e7,2021-12-10T14:45:00,BRAND2,231.64,icdhlja@gmail.com
20df813f-bea9-471f-97dc-daa3f29832ba,2021-12-10T14:45:00,BRAND2,818.67,"""hgklhgl lichklg"" <hgklhgl@gmail.com>"
93afa72a-1c68-4b3b-8f34-d343c4c70bc9,2021-12-10T14:45:50,BRAND2,$855.76,"""bljchig ejllheg"" <bljchig@gmail.com>"
84915aa0-d6e1-4a4c-9585-2ad69b21c9d5,2021-12-10T14:45:50,BRAND2,292.62,"""jchhhdk kbcjage"" <jchhhdk@gmail.com>"
c10cfa86-3077-44e7-8b29-f838a0d28872,2021-12-10T14:46:40,BRAND1,866.57,"""akckiii eehfakk"" <akckiii@gmail.com>"
18454782-b91c-45c4-8745-4b947e5abf42,2021-12-10T14:48:20,BRAND2,885.74,"""ajkgghl blfbefd"" <ajkgghl@yahoo.com>"
4c648d9b-f923-4c16-8442-8f870f1fa778,2021-12-10T14:48:20,BRAND3,16.62,"""dkkldic akaabii"" <dkkldic@gmail.com>"
9991b144-79d1-4536-80d2-e8eb4a69ae6a,2021-12-10T14:49:10,BRAND2,538.89,"""ajlhjfl akckedk"" <ajlhjfl@gmail.com>"
2ff3c322-9765-4814-b5ef-b845edc2bdff,2021-12-10T14:49:10,BRAND5,658.09,cigfecl@live.com
a0cc5898-694b-4079-888b-cf19a79605df,2021-12-10T14:50:00,BRAND2,175.84,"""acbjeaj kebedaa"" <acbjeaj@live.com>"
47ed9fda-1aab-4186-9517-1e2888a5b43c,2021-12-10T14:50:50,BRAND3,273.18,glkhaaj@gmail.com
4bf3d72a-b4f5-4580-a1a7-66ef380589b8,2021-12-10T14:50:50,BRAND2,735.79,kghkcbf@yahoo.com
c923fcd4-5178-4c8e-8533-d1a5bf9971e5,2021-12-10T14:51:40,BRAND2,500.63,"""hjcacke ebeeiag"" <hjcacke@gmail.com>"
508f7437-cfee-477d-a700-0fbbb5a86a72,Fri Dec 10 14:51:40 2021,BRAND5,445.54,"""hjcfdcc dckiceg"" <hjcfdcc@live.com>"
f089d455-1cc4-4688-8aff-f5909e5d1787,2021-12-10T14:52:30,BRAND5,807.07,"""igdhdkj didijhe"" <igdhdkj@gmail.com>"
d39f0bf5-0dc3-4ddc-9694-aac12d9cdbe3,2021-12-10T14:55:00,BRAND5,826.19,gdbalie@live.com
6bf08403-a2b8-453f-9de2-88b247b869c9,2021-12-10T14:55:00,BRAND2,335.34,djcgjfe@gmail.com
adae8641-14bb-4bb9-ae6d-29d674f20067,2021-12-10T14:55:50,BRAND2,83.83,"""kkjdcgj jglclaf"" <kkjdcgj@yahoo.com>"
fc1e314b-0c17-4ad8-a149-303c382d6de1,2021-12-10T14:55:50,BRAND2,76.51,"""kejgkig ledbljh"" <kejgkig@gmail.com>"
28974200-505e-4acd-9334-94b8c9724c72,2021-12-10T14:56:40,BRAND5,822.09,adcddef@live.com
b1e726e6-8a46-4922-86cf-46bc1bd8d072,2021-12-10T14:58:20,BRAND1,407.36,"""lhklbil ghchffh"" <lhklbil@gmail.com>"
a2305043-85fa-4476-bd28-ee4b3f56e2c7,2021-12-10T14:58:20,BRAND2,245.33,"""fabcebb lkafija"" <fabcebb@gmail.com>"
e3044f67-0580-4f50-9eba-a5d68bee7bb0,2021-12-10T14:59:10,BRAND2,330.97,"""kkkdbjj lejeaah"" <kkkdbjj@live.com>"
5d04862d-7b88-43e5-b98b-22a355b7ec66,2021-12-10T15:00:00,BRAND5,85.20,gfcachg@appple.com
4ecde9f1-fa7d-4a5b-b9f6-2eabb1616e44,2021-12-10T15:05:00,BRAND2,418.03,jlicife@appple.com
77aac985-e18b-4663-a92a-91197ebca196,2021-12-10T15:05:00,BRAND5,484.35,kaajeai@yahoo.com
6a514481-877b-42d6-9ae9-46f7dc526e3a,2021-12-10T15:05:50,BRAND1,245.67,"""aaljfic kjjlaeg"" <aaljfic@appple.com>"
84b9eaf7-5eec-4d33-b949-1700fed39ebd,2021-12-10T15:06:40,BRAND2,787.03,"""eaahhbl klbadjl"" <eaahhbl@gmail.com>"
04cf618b-e7bd-4539-8938-6dc6c79556ea,2021-12-10T15:08:20,BRAND1,709.58,fgjhlak@gmail.com
2f0b6c24-a0e5-47a5-bbad-b78a613755bb,2021-12-10T15:10:00,BRAND2,170.41,kkeebih@gmail.com
1645a320-c81f-4cea-b1ee-e74f08864b51,2021-12-10T15:10:00,BRAND5,794.40,"""galldbe ajfbedi"" <galldbe@gmail.com>"
9888dd02-5648-457c-8d06-43ed6f2d8bcf,2021-12-10T15:13:20,BRAND2,430.50,fglhekh@gmail.com
3e187f49-9b56-4b1f-9bc8-e0cf6fd42212,2021-12-10T15:13:20,BRAND2,70.32,"""djbbkil aidlcbd"" <djbbkil@hotmail.com>"
4cd976d7-1d3b-4dd4-87c9-953dba134ae2,2021-12-10T15:14:10,BRAND5,556.89,"""fjfhfle gbjbaal"" <fjfhfle@appple.com>"
22d170d7-400e-4888-90e9-08d7321cdaf8,2021-12-10T15:14:10,BRAND5,463.78,"""lhdhcke aacljkd"" <lhdhcke@gmail.com>"
d9b633d6-f7e1-43d8-ad5e-2535a605bf44,2021-12-10T15:15:00,BRAND2,843.18,fkdddic@appple.com
5c247756-e255-426a-9fe8-aeec4978bfa8,2021-12-10T15:15:00,BRAND2,815.89,"""ehaaglf dagjhkd"" <ehaaglf@gmail.com>"
17152478-19c3-412a-b0a8-2cda1d81eeb7,2021-12-10T15:16:40,BRAND2,466.08,lfhccga@live.com
eeab85ea-eb7c-4834-a9f8-c396556efbb3,2021-12-10T15:16:40,BRAND2,423.35,ibhdkjl@gmail.com
bcb7392b-86f8-4876-ad99-c244221707c9,2021-12-10T15:17:30,BRAND2,21.10,"""cebegie blagdhi"" <cebegie@appple.com>"
ddfbf801-3d73-43a5-8486-a6d7e81a8ce3,2021-12-10T15:17:30,BRAND5,411.68,gjbhhab@live.com
c0cf6d1c-cca5-47e4-8d2f-df5c7f486842,2021-12-10T15:19:10,BRAND2,88.55,ecceldc@gmail.com
57b5db6f-04b8-42a0-b27d-9c4377e730b3,2021-12-10T15:19:10,BRAND2,983.40,"""adeikll ddhgieg"" <adeikll@gmail.com>"
36a1525c-f621-466f-86c7-caa76fd0acbf,2021-12-10T15:20:00,BRAND2,456.94,hkibhak@appple.com
902da892-a490-42ee-9bfd-afbb21ca2d0c,2021-12-10T15:21:40,BRAND2,326.26,"""jgchlad ifaglfh"" <jgchlad@appple.com>"
25ed9d9a-502c-40d0-9bb4-a1167d89d7e6,2021-12-10T15:24:10,BRAND2,115.27,hkgabik@gmail.com
322b1267-de37-4205-8993-11ec73d36fec,2021-12-10T15:25:00,BRAND2,439.51,dgekecj@yahoo.com
8ef1796b-5d72-4dc4-9677-97f3d4a942c6,2021-12-10T15:25:50,BRAND2,451.21,"""fhlbelc jecfldj"" <fhlbelc@hotmail.com>"
579f99f2-d1b7-4da8-956a-c34ad3ec2427,2021-12-10T15:25:50,BRAND2,850.23,"""icclghg djeldbd"" <icclghg@gmail.com>"
61658471-bd2f-4952-b5f5-daec2ce086c8,2021-12-10T15:26:40,BRAND5,635.01,albdcch@gmail.com
15cb343d-373e-4368-8b1a-819968e902ba,2021-12-10T15:27:30,BRAND5,435.11,gcigfka@live.com
0994a0ed-230b-4af1-9c23-ee8762839c0f,2021-12-10T15:27:30,BRAND1,549.98,"""ligajcf lehgjae"" <ligajcf@gmail.com>"
baf1e6e2-ec1f-4031-a07d-0fa25928647f,2021-12-10T15:28:20,BRAND3,845.26,lhgcfal@gmail.com
ccd56ff1-f661-4210-bd0f-1ecbae86f87d,2021-12-10T15:28:20,BRAND5,896.17,lfljecf@live.com
59138d91-8979-475f-8af7-55d33d59fb4e,2021-12-10T15:29:10,BRAND1,656.79,"""clabgek kaejkia"" <clabgek@yahoo.com>"
c9a1a289-141f-470b-8993-446f07cbc0e7,2021-12-10T15:29:10,BRAND2,97.67,edhljhj@gmail.com
e14cbc78-9dcb-499b-b281-cd76ba08163d,2021-12-10T15:30:00,BRAND3,49.88,"""kfkdchc jhdajfk"" <kfkdchc@gmail.com>"
d274911e-32a8-4f78-a2b3-98b9c78dc099,2021-12-10T15:30:00,BRAND2,92.91,igglefe@gmail.com
c51fdb92-3302-4773-b4a1-2407a9e1c041,2021-12-10T15:30:50,BRAND5,254.71,jcjldci@gmail.com
934b2ce5-46ca-47d2-996f-edcaabf54b90,2021-12-10T15:30:50,BRAND2,42.51,kdlebfc@appple.com
dca6deda-6c3e-442f-9119-4b6c8350574a,2021-12-10T15:31:40,BRAND4,205.77,jedljce@gmail.com
54ff4013-885f-484d-855d-ffdaf7e97c8d,2021-12-10T15:31:40,BRAND2,$161.85,"""dfhifbd bgdbcbb"" <dfhifbd@gmail.com>"
e79e0e12-6513-4018-8945-529491bb4192,2021-12-10T15:33:20,BRAND2,624.62,"""ilbjcja abkfkhc"" <ilbjcja@gmail.com>"
d98bea40-dd4e-45c3-9df9-65ce0b22b3fb,2021-12-10T15:34:10,BRAND1,584.46,daflcfi@gmail.com
94274546-e310-4bce-bc0b-7a1a6c784f97,2021-12-10T15:34:10,BRAND2,403.27,dhfckea@gmail.com
608651e7-586f-44ba-862d-d1c2dbbed8c1,2021-12-10T15:37:30,BRAND1,103.47,fbddafc@yahoo.com
abb93490-5c95-4768-836f-ed3d3f3f544e,2021-12-10T15:37:30,BRAND5,751.05,"""jdccljl khgaiae"" <jdccljl@live.com>"
0f0e3619-3eff-4325-9f7a-386c50d35c33,2021-12-10T15:38:20,BRAND2,108.08,hdbbhee@gmail.com
1272c06a-3482-4b13-a96c-27a19003957c,2021-12-10T15:39:10,BRAND3,381.17,hjdbgck@gmail.com
c8016edd-8c38-43c8-b791-6422c27a00ef,2021-12-10T15:40:00,BRAND5,744.37,lggcjhi@gmail.com
188ad1d1-5c23-4675-bf33-5e0d8a4cd116,2021-12-10T15:40:50,BRAND2,584.79,jeaaddb@appple.com
829069ff-b01a-4058-a80e-4abdfff7f2b2,2021-12-10T15:40:50,BRAND1,327.85,"""dfbhabh cikbkji"" <dfbhabh@gmail.com>"
5cfd1761-62e3-4434-b5cf-6d6389122532,2021-12-10T15:41:40,BRAND2,910.47,dgddili@gmail.com
66025b35-cde5-4df2-931f-cbe09881d35f,2021-12-10T15:42:30,BRAND2,872.07,kfcgiij@gmail.com
fb245644-43d2-469d-a534-209586f28ba8,2021-12-10T15:43:20,BRAND1,12.69,jljbgba@appple.com
c7f927ef-bdc0-4cd9-99c4-4c00e5be941f,2021-12-10T15:43:20,BRAND2,652.98,afcigib@gmail.com
5c11beef-55e8-42e2-9225-4c3026776288,2021-12-10T15:44:10,BRAND5,593.09,"""gbjgkhl fgalkcd"" <gbjgkhl@appple.com>"
b29831f6-c9b5-4f8e-a778-93c18f23ffac,2021-12-10T15:44:10,BRAND1,207.21,fifgada@appple.com
d07bf6a0-6d0f-4303-a7cb-af282a5c112a,2021-12-10T15:45:00,BRAND1,517.82,fagdedl@yahoo.com
fcf5f508-0fe7-414c-a4a4-4dd117132417,2021-12-10T15:45:50,BRAND1,508.52,"""kjegbbk iefdlhb"" <kjegbbk@gmail.com>"
241716ef-29a9-40b5-9dd4-874d8eba3023,2021-12-10T15:45:50,BRAND2,580.94,"""lkhahgh fgkgidb"" <lkhahgh@gmail.com>"
e0c7716a-897a-47a7-a8e9-ecc3c9b0543d,2021-12-10T15:47:30,BRAND2,416.19,"""bkfhcbf kkfhkjf"" <bkfhcbf@gmail.com>"
17bfa7f6-f6a5-4de1-8e44-db63bb74536a,2021-12-10T15:47:30,BRAND2,313.02,"""delhecf ehbiije"" <delhecf@appple.com>"
e8904487-3973-40ec-a3ca-875e02c2959a,2021-12-10T15:48:20,BRAND5,235.95,"""eeeedli dbfliee"" <eeeedli@gmail.com>"
2998b1ff-1080-496b-8653-2c5360d9588e,2021-12-10T15:49:10,BRAND2,449.45,llagahf@yahoo.com
94874456-c99a-4b5e-8e3f-6fc93dda3b88,2021-12-10T15:49:10,BRAND2,257.37,ficfggf@gmail.com
52183426-ad8a-4a99-a47a-2361103327ee,2021-12-10T15:50:00,BRAND5,878.55,"""ebbhalj hgaigbk"" <ebbhalj@hotmail.com>"
85d6cd93-4a18-43ad-bbce-b92c650b5446,2021-12-10T15:50:00,BRAND2,416.77,kkkgfed@hotmail.com
936a6650-9a22-448d-9558-7e5dbba964ce,2021-12-10T15:51:40,BRAND2,627.36,bfbigib@appple.com
b172d79c-af9a-45cc-a8e7-157541aebf16,2021-12-10T15:52:30,BRAND5,150.61,"""eickkfj dgjhkka"" <eickkfj@live.com>"
54d0fec9-48bd-4445-9155-b046c8290d97,2021-12-10T15:53:20,BRAND1,735.19,igbaebi@appple.com
31c68577-be0a-41c7-a19a-a89730d576d1,2021-12-10T15:55:00,BRAND5,429.89,ilkedkb@appple.com
c3e73259-3034-4562-ad6c-45d10b154b4c,2021-12-10T15:55:00,BRAND2,587.45,"""ljhacag ehjcccc"" <ljhacag@yahoo.com>"
f8bade3f-efc0-45ff-9bbd-717ae5ee5bc0,2021-12-10T15:55:50,BRAND1,247.65,ihicgkl@gmail.com
fc34e70d-b728-4993-a0c4-ed17e6715a19,2021-12-10T15:55:50,BRAND1,395.42,"""kjggeff hkkihcc"" <kjggeff@gmail.com>"
adc0ec9a-f49b-4878-8f8b-212c1eef43f7,2021-12-10T15:56:40,BRAND5,475.26,kccldek@appple.com
a9f65255-ab6b-4f91-9f4a-38da85a1e36b,2021-12-10T15:56:40,BRAND1,913.64,"""cikegcd kddicie"" <cikegcd@appple.com>"
d27816e2-37a4-4701-b378-40a89f54bae2,2021-12-10T15:57:30,BRAND2,135.88,"""ghachif jgahekg"" <ghachif@live.com>"
21759777-06f3-49f3-bc63-50ad36eff556,2021-12-10T15:57:30,BRAND1,864.42,fkgdcgc@gmail.com
9bd1d918-3673-4f1b-891a-db17bc879c74,2021-12-10T15:58:20,BRAND5,548.27,filflcc@live.com
82e3de1c-8dc7-4786-bae9-a79b5a7d9be0,2021-12-10T15:59:10,BRAND2,975.65,"""gfdbjad jibklka"" <gfdbjad@gmail.com>"
32b39f6e-66b7-4175-9305-f3fde5ce4335,2021-12-10T15:59:10,BRAND2,626.86,"""afllaai lfifahc"" <afllaai@gmail.com>"
fc7cbed1-e7a8-43bd-b7a1-9b6aa13b6908,2021-12-10T16:00:00,BRAND5,316.41,edljehg@appple.com
fc16d3b0-e72e-45a4-a998-540cf734042a,2021-12-10T16:00:00,BRAND2,816.88,diggige@gmail.com
6bacd1bd-8486-423e-876b-9d3d0c4f4700,2021-12-10T16:00:50,BRAND2,546.51,"""glegkhk hicdidg"" <glegkhk@gmail.com>"
eb4d6343-5c52-45b6-b9ef-dde0f59294af,2021-12-10T16:00:50,BRAND2,930.03,ghbfeci@gmail.com
7d5260f1-0e4c-4133-bb8c-bb710480416a,2021-12-10T16:01:40,BRAND5,287.33,"""bcfcafc kjgkced"" <bcfcafc@appple.com>"
f87f9405-5e16-4b5b-8314-999c0a59e60c,2021-12-10T16:02:30,BRAND2,94.31,jfigdkf@appple.com
d93cf93d-4ffd-4fc7-877a-41454bbc2498,2021-12-10T16:04:10,BRAND2,693.26,"""giagkee gfgbjle"" <giagkee@appple.com>"
d4740da8-c119-46ac-af08-1736421940b4,2021-12-10T16:06:40,BRAND2,255.76,kdclijc@gmail.com
7e98b010-0ac1-4a75-9c92-33cd9f9f97d3,2021-12-10T16:06:40,BRAND5,135.96,"""aekgcee khfkebi"" <aekgcee@gmail.com>"
77009e0a-fc4b-4a2c-85d0-4d8a576ebee1,Fri Dec 10 16:07:30 2021,BRAND5,508.19,edldgdd@gmail.com
a27b39fe-4fa2-4407-a345-4e7699f6231b,2021-12-10T16:07:30,BRAND5,913.99,"""klhgdfa bfdidkh"" <klhgdfa@gmail.com>"
1b78b345-07a9-4f21-b71a-1263bec62f45,2021-12-10T16:08:20,BRAND2,794.63,bjejihe@yahoo.com
027668c4-0742-45d6-9867-edfd5a6c3afd,2021-12-10T16:09:10,BRAND3,755.08,eldikdk@gmail.com
81d69d66-cb6d-4ee7-b86d-89af1b418c55,2021-12-10T16:09:10,BRAND2,46.56,"""hhecdcj bblbbkl"" <hhecdcj@gmail.com>"
37a0b222-0b0e-4804-b2b3-1b2d0b35e867,2021-12-10T16:10:50,BRAND2,746.01,"""hdbkjgl afigkih"" <hdbkjgl@live.com>"
467bd40f-8174-4b90-94f1-80f5cb4d6fd2,2021-12-10T16:10:50,BRAND2,90.65,iigdekl@gmail.com
ca59ae24-9ed7-4255-8972-3147c5cfd201,2021-12-10T16:12:30,BRAND5,682.07,"""hhkdfcg dklggii"" <hhkdfcg@live.com>"
217fabe6-e8f8-4ced-abb1-2a8e33a72aaf,2021-12-10T16:15:00,BRAND5,634.64,"""kbkhale ffkdbfh"" <kbkhale@gmail.com>"
c0b96e2a-345c-4329-a6db-e152b86be894,2021-12-10T16:15:00,BRAND4,$430.58,gcjafkc@live.com
ccfbe274-0767-41eb-9a2a-9a01343f49ea,2021-12-10T16:17:30,BRAND2,$512.60,"""bbhhddk efbkgjj"" <bbhhddk@appple.com>"
57cdc7c1-8c9e-4117-80ea-ea69bd0b0953,2021-12-10T16:18:20,BRAND2,171.68,dfblbjh@appple.com
02825bd8-e55f-4f51-b86f-643eb323e0ef,2021-12-10T16:18:20,BRAND2,23.03,hlgjeka@appple.com
13d9a653-a2d9-4436-917f-7e942721092a,2021-12-10T16:19:10,BRAND5,900.38,"""ebjhlgj ifelgac"" <ebjhlgj@gmail.com>"
376859f0-c2fc-4eeb-8e23-4ed6da84c6d0,2021-12-10T16:19:10,BRAND5,310.99,bhdleea@appple.com
97440030-3e36-45c3-be29-e3c725f51563,2021-12-10T16:21:40,BRAND5,383.74,bkfcklc@appple.com
10a7459e-c872-4d65-ab81-4df4ba096c1f,2021-12-10T16:22:30,BRAND2,52.81,"""bfejheb agikdih"" <bfejheb@gmail.com>"
39c6652f-2d24-4273-81b9-6661545d692e,2021-12-10T16:23:20,BRAND5,808.85,"""jbfgdjh ldcakfj"" <jbfgdjh@gmail.com>"
c569845b-8028-457c-9b27-d5b6dc11c901,2021-12-10T16:23:20,BRAND2,420.81,kccbdfj@hotmail.com
19e65ff0-93c8-4d8b-8884-75bc659d563a,2021-12-10T16:27:30,BRAND1,831.57,ddjkeek@gmail.com
41c286c3-bf2d-45a4-9991-cae1e257e1c2,2021-12-10T16:27:30,BRAND5,102.08,"""lbgcdjl jbclbll"" <lbgcdjl@live.com>"
ba9ee494-9834-4e81-880b-643e9a6e2f0a,2021-12-10T16:29:10,BRAND5,155.49,aklcggi@appple.com
ff12da9b-4b05-412d-9120-8c2f2d06695d,2021-12-10T16:30:00,BRAND2,189.42,"""ceifjlf lflldji"" <ceifjlf@gmail.com>"
442c7e0f-dad3-4a17-b6da-5388ded064ad,2021-12-10T16:30:50,BRAND5,539.61,lehlkcj@gmail.com
05dde4c2-2f71-48df-8dff-7bb88e2e560c,2021-12-10T16:30:50,BRAND2,80.00,"""kldkbac dedijli"" <kldkbac@live.com>"
e5118751-05b3-4689-9c60-135e32bda3e7,2021-12-10T16:31:40,BRAND2,$848.71,kfdkkac@gmail.com
1870dafa-c10a-43cf-a882-b647753b22db,2021-12-10T16:31:40,BRAND1,878.88,eklfihj@appple.com
f6b527c6-574f-41fe-9cc2-4eef764df0c0,2021-12-10T16:32:30,BRAND2,657.34,fdjdfed@hotmail.com
b86fea66-b455-4565-9dd4-ad0655eb6652,2021-12-10T16:32:30,BRAND4,935.59,kigaiif@gmail.com
