id,date,brand_id,trans_amt,email_address
c2f7a45d-4369-4c39-9ae1-6a8e5d4edd3d,2021-12-18T04:25:50,BRAND3,719.92,hgjligh@gmail.com
80cc7d41-0366-4aea-ad5f-0f4bdef08f7b,2021-12-18T04:25:50,BRAND2,215.99,ekikjfl@appple.com
16fc11f4-c465-4704-94bc-15739272422e,2021-12-18T04:28:20,BRAND4,794.95,"""lcccdbi fhfhjhi"" <lcccdbi@live.com>"
3cc9df4b-2944-4b82-9ac5-e0628d62e09f,2021-12-18T04:29:10,BRAND1,292.52,dcfllbc@gmail.com
37edf623-5f78-4d72-ab87-91b186e7c7f5,2021-12-18T04:29:10,BRAND2,194.15,jjlflbg@gmail.com
060706d9-807b-4810-b4e5-8a57a3977cf4,2021-12-18T04:30:00,BRAND2,281.48,"""hkgjfcf cbifkfa"" <hkgjfcf@gmail.com>"
96607b28-57e0-4e3a-a378-5d9b196faee8,2021-12-18T04:30:00,BRAND1,568.25,"""gjdieai ikbhked"" <gjdieai@gmail.com>"
62bc1990-e9ba-436f-9404-31e165493df7,2021-12-18T04:30:50,BRAND1,827.77,gkhbfai@appple.com
13df4fc3-8712-4f87-a3f6-ec83699b2b6c,2021-12-18T04:30:50,BRAND5,734.11,hjgefdk@gmail.com
a979bad9-3e2e-490f-b0c6-c5fc24ee7979,2021-12-18T04:31:40,BRAND5,477.95,keehhkc@gmail.com
761f1c4c-1932-4011-83cd-5b3907a642af,2021-12-18T04:32:30,BRAND3,516.06,"""agfiebe akkicjj"" <agfiebe@yahoo.com>"
088e85a1-ba12-4da8-902b-49e244705e62,2021-12-18T04:33:20,BRAND5,473.60,"""eajigea akkbdjl"" <eajigea@live.com>"
bcdfee16-d965-4841-83f0-20dd17b8f4b2,2021-12-18T04:33:20,BRAND5,709.97,fgffalk@gmail.com
fb81b17c-796c-432d-82f2-0c974d9398aa,Sat Dec 18 04:35:00 2021,BRAND4,211.42,dfehlih@gmail.com
bf98a1b5-683b-43d6-ab39-b8b4e74f5d9c,2021-12-18T04:35:50,BRAND1,139.98,"""gjilelj deifjcf"" <gjilelj@gmail.com>"
dbac267f-c0f2-4ff8-951f-cfc9fb99909c,2021-12-18T04:36:40,BRAND2,171.85,bcdakgd@live.com
9c34556c-ad4a-4ec2-a6f7-5808dcb09d61,2021-12-18T04:36:40,BRAND5,684.46,"""chfhkfh lcekbkc"" <chfhkfh@gmail.com>"
539cd988-1c4d-4ca1-b4fd-1e73fd144b30,2021-12-18T04:38:20,BRAND5,823.39,bkcjlhj@appple.com
af16a4eb-bcac-4eed-88a1-84758224fb81,Sat Dec 18 04:38:20 2021,BRAND1,185.36,"""jhlbcae hjdaflc"" <jhlbcae@appple.com>"
b725e402-2523-48f0-8003-02c4aada7374,2021-12-18T04:39:10,BRAND1,95.73,giiihkk@yahoo.com
0e545b67-ad4d-44bf-8a2a-88dca5368dea,2021-12-18T04:40:00,BRAND2,593.47,dajdefi@appple.com
eb744702-f6df-4892-838a-41cb3aa4f931,2021-12-18T04:41:40,BRAND2,453.91,lgfjici@yahoo.com
79735dc7-6eec-4125-9398-eee836a272ea,2021-12-18T04:41:40,BRAND3,793.61,"""jehfcee fkjlbde"" <jehfcee@appple.com>"
cdaa8076-5581-4ed2-b478-ccced87c7e27,2021-12-18T04:42:30,BRAND2,904.79,jlklbcb@gmail.com
af4573a6-14d5-42e5-b4b8-438da2a4e3b9,2021-12-18T04:42:30,BRAND2,791.10,bgbgbge@gmail.com
4bff3054-0faf-46b9-b214-78f4c3fc8498,2021-12-18T04:43:20,BRAND2,16.24,lhjbkjg@hotmail.com
dd3dd2f3-af97-4288-a3f5-9ee859a7e5de,2021-12-18T04:45:00,BRAND2,636.01,"""geaabai djgbgag"" <geaabai@gmail.com>"
d68aacd0-57df-42da-94a8-65d4569fc692,2021-12-18T04:45:00,BRAND2,654.66,aldaclg@live.com
c1854e28-e7d1-4e4c-85bd-278a4ab9d10a,2021-12-18T04:47:30,BRAND2,995.95,aebiigg@live.com
1c0fdec1-b7ff-4788-86ca-39f444974fc8,2021-12-18T04:49:10,BRAND5,190.31,"""bahdigc defihgi"" <bahdigc@appple.com>"
06c5c7ff-e70a-4977-98af-c963df07587f,2021-12-18T04:50:50,BRAND5,659.88,"""iidllid jafbgfd"" <iidllid@appple.com>"
1171f2fa-4c5f-4661-9ad1-c4d269af3041,2021-12-18T04:51:40,BRAND2,922.76,gighfdg@appple.com
901cf1c8-cfcb-45f9-ad7a-19f48909d389,2021-12-18T04:52:30,BRAND2,495.79,"""iaijfla jdegglc"" <iaijfla@gmail.com>"
cad0e6a6-c64c-47c5-9e86-ffa77f1710cc,2021-12-18T04:52:30,BRAND2,68.15,jjfhaeh@appple.com
d599fbf6-d8d4-4fcf-a767-4f19ed4f799f,2021-12-18T04:54:10,BRAND5,684.97,egklbed@hotmail.com
1f793313-9158-47a3-a627-60cce5046ce8,2021-12-18T04:54:10,BRAND1,136.09,ckklffi@gmail.com
5d423d63-c64e-41e2-930e-e5c72b833882,2021-12-18T04:55:00,BRAND1,94.80,"""dbleahh klfjhbj"" <dbleahh@appple.com>"
382990d2-fcfe-4588-a0dd-147f5fa5a513,2021-12-18T04:57:30,BRAND2,$546.15,hkajhfc@gmail.com
82212f5b-a7f2-494a-9497-c5d14f6667be,2021-12-18T04:57:30,BRAND2,484.88,"""jchiefl iidclbk"" <jchiefl@yahoo.com>"
d79eb4be-a39b-4509-8f86-b792e60348fe,2021-12-18T04:59:10,BRAND2,130.35,gdfbaae@gmail.com
e03d451e-f746-45c5-ba41-e1a79afe915c,2021-12-18T04:59:10,BRAND2,110.19,"""licagbc hkcebeb"" <licagbc@gmail.com>"
204bbdd0-ca60-4e8d-b69c-e3f26ee5d0e1,2021-12-18T05:00:00,BRAND1,538.37,aelgdda@gmail.com
cec77d63-6a68-4c26-a235-17663fbb19a3,2021-12-18T05:00:00,BRAND5,303.20,jkljefj@appple.com
65db8c5d-420c-4355-ae3f-3c930619f94c,2021-12-18T05:00:50,BRAND3,$774.97,"""bkfiali aabhhie"" <bkfiali@gmail.com>"
f090d2d3-8951-4ce4-a56e-f668820796d0,2021-12-18T05:01:40,BRAND2,384.24,"""ijhfiej lljjljh"" <ijhfiej@yahoo.com>"
7291e2fe-dd70-445b-b561-856403a588c4,2021-12-18T05:01:40,BRAND3,612.76,gjlkbgf@gmail.com
bb2dac54-2998-41fc-bae2-88a95c71ce8f,2021-12-18T05:03:20,BRAND5,923.91,hghlihb@appple.com
39920fb1-2f93-41e5-b0c3-e24ea8d173e7,2021-12-18T05:03:20,BRAND5,174.59,"""bfjagde ldggace"" <bfjagde@appple.com>"
0b232cdd-9e9c-499c-9ca2-ee4eabdacb65,2021-12-18T05:04:10,BRAND3,244.70,"""bfdkjkk jedkkga"" <bfdkjkk@gmail.com>"
527a8fe8-8af0-46dc-8a5a-03645b15cb04,2021-12-18T05:05:50,BRAND5,852.25,djdjkll@gmail.com
10f4a112-7471-46ae-9074-507fe0366e46,2021-12-18T05:06:40,BRAND2,980.57,"""ggabafg ljkjbae"" <ggabafg@yahoo.com>"
f04990b0-a6b6-4319-b812-665ef2900846,2021-12-18T05:08:20,BRAND2,857.29,iglddlb@appple.com
7c36a4eb-2591-4e8f-a1d4-0c4efb102959,2021-12-18T05:09:10,BRAND2,940.92,"""jjdkaec gdaffhb"" <jjdkaec@yahoo.com>"
5166bffd-ecd0-46cd-8758-2a1b7ce697ea,2021-12-18T05:09:10,BRAND5,133.16,"""ddecffi dibhcae"" <ddecffi@gmail.com>"
ad00c8ec-f398-403b-a27f-769ce1c9abc6,2021-12-18T05:10:00,BRAND5,323.72,"""jjlkjah lfgjfgj"" <jjlkjah@appple.com>"
55298873-a045-4d72-96d5-4bdb993172e1,2021-12-18T05:12:30,BRAND2,553.74,"""gaiaiif iahjdhb"" <gaiaiif@gmail.com>"
f881b235-e092-4912-980b-93f695b310d1,2021-12-18T05:12:30,BRAND2,825.29,"""kcdilel fafaaad"" <kcdilel@gmail.com>"
b9442206-b1b1-4027-9da8-666a0e76fb51,Sat Dec 18 05:13:20 2021,BRAND5,330.70,beaeaid@gmail.com
2027c65c-5dab-4926-9a83-5cd3f6c9406c,2021-12-18T05:15:00,BRAND2,651.17,"""ijkbgie dddfhgg"" <ijkbgie@gmail.com>"
5de2abe5-b54a-4248-9b19-ffefd27ec2bb,2021-12-18T05:15:00,BRAND5,863.34,bkbhkhg@appple.com
4a66e611-8663-475a-9d31-9258681098e5,2021-12-18T05:17:30,BRAND4,30.79,ljkaddc@yahoo.com
0a31ab40-d159-4a7b-a0af-60bdd7ce92c0,2021-12-18T05:21:40,BRAND2,708.36,hlcblah@gmail.com
3c528093-cc89-405b-86cf-3a48e99d5f11,2021-12-18T05:23:20,BRAND4,814.21,fchcflf@gmail.com
9b52588a-68bc-458b-93c0-2e2c7bc80e83,Sat Dec 18 05:24:10 2021,BRAND2,388.13,hfgjefk@gmail.com
cedd19b9-3caf-4eb7-9760-92cfb4614a64,2021-12-18T05:26:40,BRAND2,545.14,aedhkch@gmail.com
e3302bc4-ec0b-4571-9365-06d77d3efc00,2021-12-18T05:26:40,BRAND1,909.85,bgeghgh@yahoo.com
69918264-81c1-4d85-add7-b6d9d376b913,2021-12-18T05:27:30,BRAND5,192.07,"""hbclfhe klagafi"" <hbclfhe@gmail.com>"
b168fc1a-10d6-4568-a49a-215f279e5c21,2021-12-18T05:27:30,BRAND4,849.86,eacccce@live.com
1398a546-7d24-425e-b5b6-e13b867fe8e3,2021-12-18T05:28:20,BRAND5,965.03,"""dckaekf ibfdkcg"" <dckaekf@gmail.com>"
ea6e22f6-b573-4959-b1dd-6cdab04c2e21,2021-12-18T05:28:20,BRAND2,956.75,"""aehfehj fielkid"" <aehfehj@appple.com>"
71715cb8-73f5-45a4-93a1-d03dcf728ddc,2021-12-18T05:29:10,BRAND5,251.62,idfdkde@live.com
df5ba1de-3966-4822-a81b-3d345b3fcec3,2021-12-18T05:29:10,BRAND1,285.39,hchbehj@gmail.com
1a0d748b-6811-428b-84f9-9df1d49de227,Sat Dec 18 05:30:00 2021,BRAND1,532.64,"""kfdhlbe gbiifbh"" <kfdhlbe@gmail.com>"
1709a6d3-afd2-4563-a5b3-9a3cc4450e8b,2021-12-18T05:30:00,BRAND2,863.10,dhajjfe@gmail.com
ace02994-e3fd-4fca-8083-82b1e891168e,2021-12-18T05:30:50,BRAND2,379.58,"""hjedlal hlhelhg"" <hjedlal@gmail.com>"
509d48d5-bc0a-47e0-89b5-bc5ddbde375e,2021-12-18T05:30:50,BRAND1,726.86,heheldb@live.com
401c8ed7-1f9b-43b4-9fc7-64f6a29ff057,2021-12-18T05:31:40,BRAND2,884.02,aiekcfj@gmail.com
4314308c-e4ea-4c6e-866b-2d2772e8a64b,2021-12-18T05:31:40,BRAND2,890.98,"""aaiijcj alkhbdh"" <aaiijcj@gmail.com>"
833bc046-865e-41bd-9f5e-34f3d92e7df3,2021-12-18T05:34:10,BRAND2,41.50,adhicdg@gmail.com
73d4b8f1-901c-411b-9b9a-950416f535bf,2021-12-18T05:34:10,BRAND2,989.40,aibdedc@gmail.com
d6678a50-b0da-490a-af86-a1a8e524f237,2021-12-18T05:35:00,BRAND5,258.03,"""ehgaibh dgkedak"" <ehgaibh@gmail.com>"
63250c9c-3466-4a47-93ae-5a917699e030,2021-12-18T05:35:50,BRAND1,907.88,bccaeal@gmail.com
0eaabbd9-0d4b-4af6-84b8-6e3cb83d37c9,2021-12-18T05:39:10,BRAND1,496.37,lhhdfdg@appple.com
5315897e-94b0-4342-ba62-639e8c8cfac1,2021-12-18T05:40:00,BRAND2,418.03,aaihhcl@gmail.com
5007f032-dd64-4dbc-9354-8611982f6b7d,2021-12-18T05:41:40,BRAND2,587.33,"""ejldddf lejclil"" <ejldddf@gmail.com>"
6717ae07-6f73-4853-949a-96300f335efe,2021-12-18T05:41:40,BRAND1,315.64,ehigbbe@hotmail.com
84073d50-a8d2-4b50-a69b-39b5b0665672,2021-12-18T05:42:30,BRAND5,24.53,"""bjeafle aflllac"" <bjeafle@gmail.com>"
37a6fad7-3692-497a-a9dd-227addc87761,2021-12-18T05:43:20,BRAND5,497.88,llfciaa@hotmail.com
99b1cc34-00a0-4354-bb86-d943ff614928,2021-12-18T05:43:20,BRAND2,22.96,"""dhlgice fkcblil"" <dhlgice@hotmail.com>"
06aa5685-335b-4c35-97ff-a3ecca15410b,2021-12-18T05:45:00,BRAND2,891.18,kjiibde@gmail.com
cff92428-4c70-441c-a873-e31719a1b5af,2021-12-18T05:46:40,BRAND2,496.17,"""elhcbbe jjjiblc"" <elhcbbe@gmail.com>"
112430b8-259c-4c7b-8789-23e93ac7e533,2021-12-18T05:47:30,BRAND2,501.34,"""fkjacck difiace"" <fkjacck@appple.com>"
63c69f6d-1e3f-4b44-abda-c7ad40f4c278,2021-12-18T05:47:30,BRAND4,560.60,"""eiifclk gjaljea"" <eiifclk@appple.com>"
4d87fc4f-dc4a-48e7-b013-f4bb74f446c7,2021-12-18T05:51:40,BRAND2,747.19,hffihdb@gmail.com
14f73afe-97af-4997-b073-3cac101b678a,2021-12-18T05:52:30,BRAND2,334.87,ecikibf@live.com
09928ecd-23ff-4970-808b-14aadcc24859,2021-12-18T05:54:10,BRAND3,824.53,bclibkk@gmail.com
d7025355-6cf4-4d0d-85b2-dd4a8da540be,2021-12-18T05:54:10,BRAND2,814.25,"""khghhcl hldbfhe"" <khghhcl@gmail.com>"
92b9e4f5-d352-4e98-8325-e3f312b864b5,2021-12-18T05:55:00,BRAND2,306.21,abblail@gmail.com
e7a18e84-b557-4b84-9afb-fa89eb2adb0f,2021-12-18T05:55:50,BRAND5,8.92,deljdki@gmail.com
c1d02a8b-83f3-48bb-a4a5-cf759449c01a,2021-12-18T05:56:40,BRAND2,57.23,cchheai@gmail.com
bb3aed40-b630-43f0-a61c-f9977a4497c4,2021-12-18T05:56:40,BRAND2,578.87,"""fdfjhgl cagjigg"" <fdfjhgl@gmail.com>"
40c94e8c-9a43-475a-958a-35f1d9fe2203,2021-12-18T05:57:30,BRAND5,451.49,flafghh@live.com
e6936e56-6cc9-45ad-965b-dde2d4c189d6,2021-12-18T05:58:20,BRAND5,577.30,"""cfdacij jgdliej"" <cfdacij@yahoo.com>"
b9b11624-dc0d-498e-8be1-a5a1f5b6d004,2021-12-18T05:58:20,BRAND2,195.81,"""dhkkedj ciiechi"" <dhkkedj@hotmail.com>"
ab9e2a1e-ca6f-4dbb-b96c-99e690ca4165,2021-12-18T05:59:10,BRAND5,904.99,"""gdgcgle lghalgj"" <gdgcgle@gmail.com>"
04c49890-f61a-4bff-a702-75e481ee8690,2021-12-18T06:00:00,BRAND3,$431.08,jcccdfh@yahoo.com
33d5b115-39c2-4042-8224-949a9094a7f9,2021-12-18T06:00:50,BRAND1,348.74,"""hceebhf fbdhgfj"" <hceebhf@yahoo.com>"
eb3fa3e3-53cc-4f30-bde2-b3d77ce04ed5,2021-12-18T06:00:50,BRAND2,643.61,"""hgjejkg ebckdhe"" <hgjejkg@gmail.com>"
66cb29c6-c589-41e2-bf5b-f8fef4d70332,2021-12-18T06:01:40,BRAND2,202.46,bhakegg@yahoo.com
e0013e74-89a7-44f1-b40b-85af4541d25b,2021-12-18T06:01:40,BRAND3,657.69,bjlfhga@appple.com
ec2dee8d-904c-46da-9f32-4c81646616af,2021-12-18T06:03:20,BRAND2,545.13,lbghbah@gmail.com
0edc5424-2b83-4b6d-a5b1-a448f6801705,2021-12-18T06:04:10,BRAND5,322.52,"""fefkkif gffhilf"" <fefkkif@live.com>"
df01b4ed-1695-4a18-ba6e-10c885fc3637,2021-12-18T06:05:50,BRAND1,981.56,"""dcbhcdh licbklg"" <dcbhcdh@gmail.com>"
65f114e3-c1bd-4817-b9c5-d8e73948b6e1,2021-12-18T06:06:40,BRAND2,279.41,"""bfcklak aighade"" <bfcklak@appple.com>"
48064be1-5ddc-454f-a709-3bdb54f86a57,Sat Dec 18 06:06:40 2021,BRAND2,99.20,cejcbia@gmail.com
44a94a6b-5714-4db2-b241-81f3a666b68e,2021-12-18T06:08:20,BRAND5,360.72,kdhcgdb@gmail.com
afc4c58a-c9b9-4ede-bf6c-c6a6a2f37ba2,2021-12-18T06:08:20,BRAND4,216.02,"""fafadhk backegg"" <fafadhk@gmail.com>"
4a910ee2-0242-4471-80c8-3d82e913fe9e,2021-12-18T06:09:10,BRAND2,444.93,lhegiij@live.com
32d77d93-37eb-4f8e-8268-d75efdf1b431,2021-12-18T06:09:10,BRAND5,513.03,cjijijc@appple.com
d719b374-cbd6-4c94-8581-6c57bdba071a,2021-12-18T06:10:00,BRAND5,7.52,"""ejghldb khgagea"" <ejghldb@gmail.com>"
8054118e-bbce-4ca3-8a34-842f9b05f137,2021-12-18T06:10:50,BRAND1,751.96,hjhkjlb@live.com
1c99ddab-4d8d-4236-b853-d065008c5dd6,2021-12-18T06:10:50,BRAND2,959.88,"""dahgjij bghajgk"" <dahgjij@live.com>"
b1e61266-5b31-4241-ac17-8ca5c9004380,2021-12-18T06:11:40,BRAND1,124.16,gkjhfbg@gmail.com
135952db-6f66-4ea1-81b1-0a2fc7e3c8b5,2021-12-18T06:12:30,BRAND2,714.68,ilclejb@appple.com
788747ac-d913-4f78-b063-6176240621ac,2021-12-18T06:15:50,BRAND5,89.11,kjhailg@gmail.com
533fbb06-3413-49d8-82f7-e58896670be3,2021-12-18T06:15:50,BRAND2,971.35,"""fliblek acjeejc"" <fliblek@gmail.com>"
5ba777a6-f040-47e7-87ba-5fd69ce9bcc4,2021-12-18T06:16:40,BRAND5,118.63,"""ibjkkgf bccbhfg"" <ibjkkgf@yahoo.com>"
f6560f6e-b355-4efd-9dec-fadd3e51f189,2021-12-18T06:16:40,BRAND3,373.30,abeleik@appple.com
dff4b580-d535-4ffe-875c-4d897b8a9cee,2021-12-18T06:17:30,BRAND2,82.49,elikdid@gmail.com
6476433d-ac55-4f71-9963-a2aa6bc30ce1,2021-12-18T06:17:30,BRAND3,559.70,"""dhkflek gfdjcjh"" <dhkflek@live.com>"
750975c3-f231-4031-bd6b-c35cae2ba485,2021-12-18T06:18:20,BRAND5,797.85,"""gcbedhe ddjlkbe"" <gcbedhe@live.com>"
bb2389fe-3475-4f26-b08f-bf70c2cdc1d2,2021-12-18T06:18:20,BRAND5,966.14,iigkhib@gmail.com
30dd2ddc-7b47-4e3b-805a-c6c06b12bd63,2021-12-18T06:20:00,BRAND5,260.17,"""ekdgblf fifggib"" <ekdgblf@appple.com>"
631d2fbe-b93f-4a9c-a3d1-351b1ea0cde1,2021-12-18T06:20:00,BRAND1,180.58,jebjglj@live.com
79582405-4585-4d51-bc4f-bcbdbf0e05d5,2021-12-18T06:23:20,BRAND2,432.40,dbkdafg@hotmail.com
3c010013-3d89-4c50-91fa-517e67f0407d,2021-12-18T06:23:20,BRAND5,971.03,akibhgj@appple.com
8a7665e8-d62b-461c-b802-b2a329ac4c38,2021-12-18T06:25:00,BRAND1,136.70,illdjji@appple.com
9b5573fc-23ec-41d1-bde6-864ca91ff56f,2021-12-18T06:26:40,BRAND4,219.78,edkibbh@gmail.com
87d0cced-5822-48c9-85fa-6fdaeae4e26a,Sat Dec 18 06:26:40 2021,BRAND2,839.82,lghcglf@live.com
a0fb5f8a-2480-4690-bb22-49a5a46b381f,2021-12-18T06:30:00,BRAND1,916.12,"""chlhkhk aacdghf"" <chlhkhk@gmail.com>"
0d77467b-deba-4f61-9f99-4dbafbe52fe7,2021-12-18T06:30:50,BRAND2,370.76,"""ahfikjl kgbidgj"" <ahfikjl@gmail.com>"
52feaf65-b121-47b8-a9ad-368837fa165a,2021-12-18T06:30:50,BRAND2,377.36,kflbhhd@gmail.com
7fbda890-6895-452a-abbb-8df22e0467ad,2021-12-18T06:31:40,BRAND2,64.92,"""fbkilal fageief"" <fbkilal@live.com>"
7ee7b67d-ca85-42df-8bee-28e2a3b9e079,2021-12-18T06:31:40,BRAND3,$508.80,jekhaej@gmail.com
409abea4-a594-49d2-9756-a7dade9d5a07,2021-12-18T06:34:10,BRAND2,105.39,alcedkf@gmail.com
7c08bb5f-ef73-4779-b697-5e6b9cf18c14,2021-12-18T06:35:00,BRAND5,782.25,bjidgbf@appple.com
07b44ac0-49b2-48bc-b753-927015fb31d4,2021-12-18T06:35:00,BRAND5,179.29,"""hlbibia ahglhbf"" <hlbibia@live.com>"
9295c216-1de2-4c61-8eba-5ba2d3ba64f2,2021-12-18T06:35:50,BRAND2,575.01,aeejabk@live.com
55fc17e2-6542-45e9-b5f6-00c9a09198b0,2021-12-18T06:35:50,BRAND3,806.50,gijickd@gmail.com
e3518988-530b-411a-b1ce-2337ab7dcc80,2021-12-18T06:36:40,BRAND5,975.07,ffgdgcb@gmail.com
8e37c723-299c-4498-b551-5e9db21c4a7e,2021-12-18T06:37:30,BRAND5,616.76,"""dljegcc fiiaabi"" <dljegcc@gmail.com>"
b90c2230-8aca-47b7-ad60-7e76021dd34c,2021-12-18T06:38:20,BRAND2,985.04,"""laedcef ghhjhhd"" <laedcef@gmail.com>"
fad044ce-8758-48f3-82de-08cf7500b6d0,2021-12-18T06:38:20,BRAND2,397.03,jkideab@gmail.com
e2c7bfa8-bb4e-4514-89c1-f6cd5d137724,2021-12-18T06:39:10,BRAND2,603.70,kgfljbl@yahoo.com
6572179b-ee05-49ed-a7b0-88cc9cda6ab9,2021-12-18T06:40:00,BRAND5,108.72,"""chfilcb bgikgak"" <chfilcb@gmail.com>"
c2d8b57a-3078-48da-9cb1-842ea47207ca,2021-12-18T06:40:50,BRAND5,$26.75,"""fadcfea ckecebh"" <fadcfea@appple.com>"
2044ae46-f7e3-47bf-b72c-45c1b982f1ad,2021-12-18T06:41:40,BRAND2,991.68,ffgckfi@gmail.com
ffa2934c-635c-49b8-96de-5bf890e53fc6,2021-12-18T06:44:10,BRAND2,504.46,ifidble@gmail.com
20a4c9d8-23c9-42af-8066-bde4dcef84df,2021-12-18T06:44:10,BRAND2,953.24,ikdekcc@gmail.com
d2aa35d7-fb01-4466-ba78-becee5ac50ca,2021-12-18T06:45:00,BRAND2,468.84,eikchac@gmail.com
a72f4d25-2084-4adf-9d8a-1b66c0dbad07,2021-12-18T06:45:00,BRAND2,52.62,"""dfkegak ldkfbli"" <dfkegak@gmail.com>"
5b81c9ea-b2f0-4d39-8d8a-886bb9dda4c0,2021-12-18T06:47:30,BRAND2,718.50,"""ckdgilj aajfhll"" <ckdgilj@gmail.com>"
2f88be1a-6377-4072-bf1a-2849464b85d8,2021-12-18T06:47:30,BRAND4,839.76,akaijjg@gmail.com
e039f35c-a86b-4fc0-b55f-3bee615ad766,2021-12-18T06:48:20,BRAND2,849.90,bbldgii@gmail.com
ea4706ff-0878-4bad-8f15-8846d8b593b7,2021-12-18T06:48:20,BRAND2,930.58,dkhlhfk@gmail.com
83ed6408-d0cd-4dfd-8c82-d6b0cd3ac9b9,2021-12-18T06:49:10,BRAND1,52.13,"""hjjijkg lgkkebf"" <hjjijkg@gmail.com>"
3223ea2e-e965-4178-87e3-482c4307788e,2021-12-18T06:52:30,BRAND5,741.28,jkbfgef@gmail.com
e82413de-26b2-4b78-a500-2b096a0c4400,2021-12-18T06:53:20,BRAND5,688.18,"""cjkliba cdffllb"" <cjkliba@appple.com>"
dd44e63d-fda3-439f-97c4-0bbd0af043e7,2021-12-18T06:53:20,BRAND2,908.77,ihgjaka@yahoo.com
304f6642-a245-4f3d-8982-c0baaab544d1,2021-12-18T06:54:10,BRAND2,419.71,gagdjfl@gmail.com
0d13a98e-dc56-422b-9222-6b2ddf6a037f,2021-12-18T06:55:00,BRAND2,170.47,"""gajehkk ejhdkki"" <gajehkk@gmail.com>"
f635f045-fdbf-422e-b1a6-00b69f86a376,2021-12-18T06:55:00,BRAND2,732.51,heabklb@yahoo.com
613adb65-cfb7-416a-a008-6bc4423538ba,2021-12-18T06:56:40,BRAND2,463.12,ifhhjbl@gmail.com
8a9ee278-a902-46b1-8876-890e9e3cd355,2021-12-18T06:56:40,BRAND5,128.51,hhhejlc@appple.com
5a8e21f0-35ac-4c45-8c0e-d76e05a92a97,2021-12-18T06:57:30,BRAND3,792.81,dacdaka@appple.com
999c98eb-16b8-4d8d-99ac-50c6efa61412,2021-12-18T06:57:30,BRAND2,70.39,bdcdlic@appple.com
a178151e-8776-48e5-89f3-2ce4200dda73,2021-12-18T06:59:10,BRAND2,542.25,"""iclfdkd fgchiai"" <iclfdkd@appple.com>"
b644141a-e3b8-444f-9ef8-0cd67cbb0eab,Sat Dec 18 06:59:10 2021,BRAND2,61.99,cjkdeij@gmail.com
e796fec3-a81f-4a53-b2fe-2d7a2a764e06,2021-12-18T07:00:00,BRAND2,832.36,"""cjegahc gkbkdec"" <cjegahc@gmail.com>"
8519f55f-54dd-4f1d-b5cd-34620f5965cb,2021-12-18T07:00:50,BRAND5,664.01,"""hdbkijk bbehfbk"" <hdbkijk@appple.com>"
9d865f9e-c1bf-435e-98e4-e5b1be90f5db,2021-12-18T07:00:50,BRAND2,644.55,bkeeadl@live.com
1c2d8665-b8f4-462e-991a-4ddd1f604a1e,2021-12-18T07:01:40,BRAND5,281.92,cjkijgh@live.com
22aba45b-1b57-4678-9170-808915b07fa8,Sat Dec 18 07:03:20 2021,BRAND2,406.90,klgbfka@gmail.com
3bb71739-2543-4556-ad32-d1ea29f7048b,2021-12-18T07:03:20,BRAND1,989.26,"""bfhedjj deekgle"" <bfhedjj@gmail.com>"
5b989449-621f-49fe-9ed5-76e6f7f93e81,2021-12-18T07:04:10,BRAND2,426.90,efjebek@appple.com
2ca26326-dcd1-4048-911c-76ea24c5a48a,2021-12-18T07:06:40,BRAND2,920.56,accbdkl@appple.com
ace7957d-7cfe-4090-ba27-b2dab62defae,2021-12-18T07:08:20,BRAND1,384.24,"""bbcegaj affhchj"" <bbcegaj@appple.com>"
f49690fa-0fac-4c01-9fda-c8c7bcd0bfc6,2021-12-18T07:08:20,BRAND2,$302.50,hgkkhak@gmail.com
0d4d0be9-9ac3-42e3-ab63-600708d3674e,2021-12-18T07:09:10,BRAND5,434.74,cgejkcb@appple.com
4f75c8a1-568e-4a42-bc48-8a7774a79904,2021-12-18T07:09:10,BRAND5,734.81,"""aahhjll adakbbc"" <aahhjll@appple.com>"
93795c88-7d3f-408e-81fd-2d7f20b7a5d9,2021-12-18T07:10:00,BRAND1,955.59,ecaifda@yahoo.com
2d82817c-cc68-4407-926b-f5c7f39c93a2,2021-12-18T07:10:50,BRAND5,811.08,cflilhl@gmail.com
fcf1da9b-e74b-422d-a9da-fb565d926070,2021-12-18T07:10:50,BRAND1,778.24,"""edekjkk ikagdbk"" <edekjkk@gmail.com>"
79c301ce-702b-4c6f-89ea-27feb4b72f99,2021-12-18T07:11:40,BRAND5,350.23,"""gfedeed bdcaghf"" <gfedeed@live.com>"
e8ac9dac-c2f1-49c1-a73c-329a18494db4,2021-12-18T07:13:20,BRAND1,572.57,"""llaedje afibdia"" <llaedje@appple.com>"
add789f3-c665-423b-bd28-de954909803d,2021-12-18T07:14:10,BRAND2,423.09,lljajjh@gmail.com
8d91b5b7-13ee-48af-bc2d-bb46a1f2cfd0,2021-12-18T07:15:50,BRAND2,369.54,"""fbjjgbl kjggakf"" <fbjjgbl@gmail.com>"
c818829c-9124-4943-bb9b-4edb176f1215,2021-12-18T07:15:50,BRAND2,122.64,eaeajec@gmail.com
bf535ac1-e68f-4580-893d-4b1b77d907b7,2021-12-18T07:20:00,BRAND2,753.85,gkjifke@live.com
a6b70b9f-6001-472d-8aa1-dd710e9e6c37,2021-12-18T07:20:50,BRAND1,977.55,clahagh@gmail.com
209ba3dc-a2d6-45c2-8ab0-5a9b2c9f2464,Sat Dec 18 07:20:50 2021,BRAND1,101.17,dbbillg@live.com
8169a440-c938-4883-9743-b1d9050d5093,2021-12-18T07:21:40,BRAND2,99.03,"""kacgjib dagbadc"" <kacgjib@gmail.com>"
01b209b0-81f9-43be-b851-55773e778df0,2021-12-18T07:21:40,BRAND1,207.79,"""djcjkeb edlceeg"" <djcjkeb@gmail.com>"
5e5d8bb3-c76a-4f6c-88b2-7235a9a5ca26,2021-12-18T07:25:00,BRAND2,184.92,"""caklfbe fccakeb"" <caklfbe@gmail.com>"
ab20d929-6458-4f7c-8295-4629afd44106,2021-12-18T07:26:40,BRAND2,445.92,aacfekl@yahoo.com
b31fbf73-0610-4fac-b7e9-46f6a4361d90,2021-12-18T07:26:40,BRAND2,187.68,"""iafejdc kfbiecl"" <iafejdc@yahoo.com>"
a60e9c9c-3cd3-497d-9ae0-ccf63d6387cc,2021-12-18T07:27:30,BRAND1,728.73,"""kcbkkig ihfhhej"" <kcbkkig@appple.com>"
5ffe010a-272d-4536-9568-7d8d0e089c7b,2021-12-18T07:27:30,BRAND2,$359.13,jkcelch@gmail.com
a1ba730e-0e58-4efe-86bc-805ae2914cfd,2021-12-18T07:28:20,BRAND1,772.49,blblfah@live.com
95ba16d4-7e15-4912-bcf1-ad8e8ec3c278,2021-12-18T07:30:00,BRAND2,80.29,adjfgej@gmail.com
78fe6f87-8c30-4300-bcfb-59323c0f99ad,2021-12-18T07:31:40,BRAND5,171.65,"""gaglaak cahffjk"" <gaglaak@appple.com>"
8099910b-aa4f-4c81-b54e-7a863fc7d7ff,2021-12-18T07:32:30,BRAND5,341.34,dcdbldk@gmail.com
14a702ac-e560-4176-b953-f6124eb88077,2021-12-18T07:33:20,BRAND1,231.69,chdickf@gmail.com
65dccb3e-0072-4863-9324-f04ae91bfdd2,2021-12-18T07:33:20,BRAND5,182.85,bkcgbja@gmail.com
b5f091d0-bbbf-46c1-8a7a-70c4db603f23,2021-12-18T07:35:00,BRAND2,836.25,"""alfabaj eilfdkg"" <alfabaj@yahoo.com>"
27b5e731-0aa5-4245-9a15-c08970de92f2,2021-12-18T07:35:00,BRAND2,820.58,ijckccb@gmail.com
e1bc3b61-c2c4-42f0-892f-68088cd6c6c2,2021-12-18T07:35:50,BRAND1,888.42,khkjigd@appple.com
010c0e09-1915-4814-9a02-44722113ccbb,2021-12-18T07:35:50,BRAND2,534.23,"""ljbiaid hihghaa"" <ljbiaid@gmail.com>"
3e93aa32-0f7c-4bbb-9a11-ba9ff9ea8e5b,2021-12-18T07:38:20,BRAND1,399.63,"""khhffij bjgdfjh"" <khhffij@gmail.com>"
e786009d-cf8b-4ace-9d1e-f747670428a6,2021-12-18T07:38:20,BRAND4,803.62,"""ffielih kbdbglb"" <ffielih@gmail.com>"
12709198-8747-4aec-a45d-230625c6d439,2021-12-18T07:40:00,BRAND1,451.76,ckkibdd@gmail.com
fe3fb8a8-200c-4758-89f4-863629bea0dd,2021-12-18T07:40:50,BRAND1,465.83,hglglhg@appple.com
010d2512-b34d-4d5a-849f-ede54781a8dc,2021-12-18T07:40:50,BRAND2,105.04,gjdfefc@gmail.com
270262df-dea5-4124-a9ea-b3abb2d33ec8,2021-12-18T07:42:30,BRAND5,994.72,lkbcjcc@appple.com
840db999-56c5-4d98-80fb-beab25be8d87,2021-12-18T07:43:20,BRAND3,101.04,icefdkc@gmail.com
a5cea716-5717-4727-a750-ee1dce320c46,2021-12-18T07:43:20,BRAND2,691.57,jkfckld@yahoo.com
c794f6b0-aad6-4ed6-977c-db1edf682ff1,2021-12-18T07:44:10,BRAND2,264.79,fgebhjg@gmail.com
b477be93-9319-4750-ab15-a208ab1e3bd1,2021-12-18T07:44:10,BRAND2,389.67,"""gddjfbb jlickdf"" <gddjfbb@live.com>"
86b94157-1f19-4097-b15a-65ed8cd6b829,2021-12-18T07:45:00,BRAND5,694.84,"""beijgik gcgbcca"" <beijgik@gmail.com>"
8798e7ec-c6ce-4999-aba4-98caf896e7b0,2021-12-18T07:45:00,BRAND5,452.93,bkhejag@gmail.com
e20e4c50-785c-4fea-86e8-3ea74368cba5,2021-12-18T07:45:50,BRAND1,27.20,igihjak@gmail.com
72af198f-7673-4c01-8a6a-6076c3f0a4a3,2021-12-18T07:46:40,BRAND2,501.85,aiibbgh@gmail.com
125225c4-f98f-4676-93d5-db4068e1d8d7,2021-12-18T07:46:40,BRAND5,49.08,kffekkd@live.com
402e9c5d-376c-4522-80d0-15972db9dec7,2021-12-18T07:47:30,BRAND2,222.54,"""bbgbihi hekjkld"" <bbgbihi@gmail.com>"
25ba9cae-0d7e-443e-8c65-9bbdf7e62102,2021-12-18T07:47:30,BRAND1,362.43,"""hkgdlah ffgcfek"" <hkgdlah@yahoo.com>"
4837fa5d-33a8-4d62-ad87-066c77ff5283,2021-12-18T07:48:20,BRAND5,680.24,"""ebaeiab ieiheig"" <ebaeiab@appple.com>"
efa0770a-a096-48a9-98d5-6d7a679859e0,2021-12-18T07:50:50,BRAND5,625.67,jikeeac@appple.com
c310118d-bafc-4d9e-954a-67ec1d771b7f,2021-12-18T07:51:40,BRAND4,605.16,"""ijdgigl ieifdah"" <ijdgigl@yahoo.com>"
de626491-9ab4-4ada-b31c-302b67051157,2021-12-18T07:51:40,BRAND2,323.22,"""ghdabck fajdfbl"" <ghdabck@appple.com>"
804612a1-5cda-41bc-960d-76e2c25956a5,2021-12-18T07:52:30,BRAND1,494.43,ffdbkbi@gmail.com
3d9849e3-db2d-4b1f-873e-7dc45881a0d9,2021-12-18T07:52:30,BRAND2,5.33,badcbjg@gmail.com
3006830d-57ec-4925-b5c7-ef53d8c72eb5,2021-12-18T07:55:00,BRAND1,455.84,ielajgc@hotmail.com
aae1a8b7-8756-4020-97dc-dd72f23aa869,2021-12-18T07:55:50,BRAND5,367.58,bikjcil@live.com
97935773-30b8-4516-b9ef-9079918865c0,2021-12-18T07:57:30,BRAND2,381.67,"""eafflia afldjea"" <eafflia@appple.com>"
2f105f1d-0ad7-4791-b740-ff56c80dc01a,2021-12-18T07:58:20,BRAND2,708.79,fehbefb@appple.com
7aad4550-5af5-4d2c-9be9-91dc0a40ac18,2021-12-18T07:58:20,BRAND5,552.03,idfdhjg@hotmail.com
fb34ad11-b4eb-40c5-bb10-1b730d8ab825,2021-12-18T07:59:10,BRAND2,497.23,hfdiglc@yahoo.com
3cc0b16f-c3bc-4112-9167-c991c9895d5f,2021-12-18T07:59:10,BRAND5,858.80,"""hcabcgf bejiekg"" <hcabcgf@gmail.com>"
c863c078-06f9-4fba-a731-1b4b6629ac93,2021-12-18T08:00:00,BRAND2,512.92,icicibi@live.com
a5026f06-0dfd-4998-bb56-3f8b212a2139,2021-12-18T08:01:40,BRAND1,984.15,jdlabfh@appple.com
6291c76f-95d2-43f7-a3f3-00dfde0f2f10,2021-12-18T08:01:40,BRAND5,532.71,ckgkjhi@gmail.com
4494a09c-4d87-44fa-8665-104c76d4b43c,2021-12-18T08:02:30,BRAND5,608.11,"""hdbdafa faliaab"" <hdbdafa@gmail.com>"
0322e1d9-44d9-4ef9-b6b6-72e7f29f0f73,2021-12-18T08:02:30,BRAND2,201.14,ajkfedh@gmail.com
e7fe9e2f-217d-4f35-a4d8-3585f3a73d0f,2021-12-18T08:03:20,BRAND2,191.74,"""fgdbfdl lghljek"" <fgdbfdl@appple.com>"
13f7d459-95f4-44c4-9872-474a3baf7a73,2021-12-18T08:03:20,BRAND4,315.11,"""ejjlbaf hfflahi"" <ejjlbaf@appple.com>"
0b4e6daf-0fca-41fe-b558-df6246028e81,2021-12-18T08:05:00,BRAND3,28.28,cjdiccj@gmail.com
74d47ce9-60a7-463d-802b-7bdb5257e511,2021-12-18T08:05:50,BRAND2,813.84,"""dldcjjd ijaibfk"" <dldcjjd@live.com>"
559b6744-115a-4ffa-833b-de52d0e5e559,2021-12-18T08:06:40,BRAND2,845.46,eehhlld@gmail.com
998a65e5-09df-4f24-a75e-dbb00c94436e,2021-12-18T08:06:40,BRAND2,79.72,ehcfhhi@gmail.com
2c85eebb-ffde-4df2-b41a-9793050ac84e,2021-12-18T08:07:30,BRAND2,179.97,"""kkdeibg ihjhcfl"" <kkdeibg@gmail.com>"
b2793ecb-d9d9-436b-9801-0af2d1188896,2021-12-18T08:08:20,BRAND2,830.32,dfdglgf@gmail.com
28ba3836-46d8-443c-90df-8a026df41722,2021-12-18T08:08:20,BRAND1,500.36,"""dcabefi ggjcbil"" <dcabefi@appple.com>"
5612b1b4-4a23-4888-8799-8df272f8d848,2021-12-18T08:09:10,BRAND3,691.60,"""fdeekbk hjhadii"" <fdeekbk@appple.com>"
d65c3838-0395-4e54-bc8f-7be833458be7,Sat Dec 18 08:10:00 2021,BRAND2,277.32,"""dklideb jdihgig"" <dklideb@gmail.com>"
9e125884-6a01-4850-bad2-1be1bb7d602f,2021-12-18T08:10:00,BRAND5,643.74,"""bkhlkie hjfijjb"" <bkhlkie@live.com>"
64a3f058-0500-48ca-9da9-e10f9669b36d,2021-12-18T08:10:50,BRAND5,627.58,bcbhhjj@appple.com
defb90c0-8eb9-4333-9dab-f089d580e2c2,2021-12-18T08:11:40,BRAND2,815.00,lkadifb@yahoo.com
0fac6ce5-9183-4602-a185-909059048e13,2021-12-18T08:11:40,BRAND2,687.82,iebcghe@gmail.com
95304392-ac1b-416e-9c5f-d8f06f53786c,2021-12-18T08:14:10,BRAND2,338.07,ghajdbk@gmail.com
b18eac15-39b3-4ab6-85b7-772cd00c22d8,2021-12-18T08:17:30,BRAND2,466.25,kcejieh@yahoo.com
82577575-8e09-4941-a532-395f60a9628d,2021-12-18T08:17:30,BRAND2,531.02,dhhbgad@gmail.com
a1d9b716-dd88-4d13-b105-0e86fd169a05,2021-12-18T08:18:20,BRAND5,610.34,"""ecdgbbc lhbjhge"" <ecdgbbc@gmail.com>"
a220f699-e185-4138-add5-0aa44b4bac80,2021-12-18T08:20:00,BRAND2,824.35,kkaheej@live.com
2d959334-874f-440b-ba41-4c5a7e1e825b,2021-12-18T08:20:00,BRAND4,39.57,"""iekdich eejckgd"" <iekdich@gmail.com>"
4358502a-df99-4c8e-b185-93fa79303adc,2021-12-18T08:20:50,BRAND2,582.73,bjjcike@gmail.com
919b7a40-ba9f-401c-aef7-9da164c7b137,2021-12-18T08:20:50,BRAND2,440.76,bgkfada@live.com
6a2bfad4-79f8-4741-ab26-01013dc62052,2021-12-18T08:24:10,BRAND2,704.92,ahfdedj@appple.com
bd3c1994-c1bd-46df-9220-8e3996bddc6c,2021-12-18T08:24:10,BRAND2,189.12,ifjadfb@gmail.com
a62e9162-a3e0-4ebf-a957-22bbb31b4e4b,2021-12-18T08:25:00,BRAND2,85.51,keclaja@appple.com
4daffc47-3f69-4664-ace7-0935c94ba879,2021-12-18T08:25:00,BRAND2,673.95,hllddaa@live.com
02b49db4-358a-4848-a6e4-02dae1e87b40,2021-12-18T08:25:50,BRAND3,738.41,gdfjdkc@gmail.com
058c4dd0-341e-4969-92bd-4acf96ad56d9,2021-12-18T08:25:50,BRAND1,274.75,dbgagja@appple.com
6cf3bf3a-245e-430d-9b9b-9cc724e4a206,2021-12-18T08:26:40,BRAND2,$342.09,"""aakcffh hcaiega"" <aakcffh@gmail.com>"
a045ebaa-37ba-4f25-a06b-06dc9224d605,2021-12-18T08:28:20,BRAND2,545.62,jbjhkak@gmail.com
9180dcae-3896-41d7-a87a-72b7f9a0f79a,2021-12-18T08:28:20,BRAND5,333.09,ffcbide@appple.com
c22117bd-1263-42ce-b6ba-c4a6b8223cd5,2021-12-18T08:29:10,BRAND2,33.56,"""fdbblai ilagkdb"" <fdbblai@live.com>"
d1bf0323-dc52-4955-9468-a7d0f8a13b38,2021-12-18T08:30:00,BRAND2,575.33,ijhiclc@yahoo.com
90a2f3eb-c44e-4df0-a09a-beaff24bd96b,2021-12-18T08:30:00,BRAND5,535.84,ibcgfek@gmail.com
cf0bee46-66cc-4924-ad28-72e0cad28b9f,2021-12-18T08:31:40,BRAND1,647.81,"""efkdjla lagfjci"" <efkdjla@appple.com>"
0ccd6390-ac83-4b2d-b1ea-677145e1684c,2021-12-18T08:32:30,BRAND2,765.36,kaedlja@gmail.com
ac3a6ccb-bff3-4a17-bc70-3340c9d66ba9,2021-12-18T08:33:20,BRAND2,43.39,falilgh@appple.com
2db1b310-bb9a-4757-9ffb-d9bad49bd4fb,2021-12-18T08:34:10,BRAND2,19.20,blckhgg@gmail.com
186e0f36-3d9e-4868-9470-079f223c027a,2021-12-18T08:34:10,BRAND2,365.43,"""ajcagkd lkiabhd"" <ajcagkd@gmail.com>"
28125506-273c-45eb-a648-5478a223b71e,2021-12-18T08:35:00,BRAND2,98.18,geajaka@live.com
bd4ba7c2-88da-4ff3-b1ba-b367e6ba852c,2021-12-18T08:35:00,BRAND2,788.13,"""jkkghie lffclgd"" <jkkghie@appple.com>"
801a3ade-9abf-4767-888e-008c0ee5c0ff,2021-12-18T08:36:40,BRAND5,994.58,"""ikgaiee clcbbih"" <ikgaiee@appple.com>"
12484b11-ff78-48c1-9d0f-1d74423a59dd,2021-12-18T08:37:30,BRAND3,309.11,bkhdgea@gmail.com
8546ac47-0b38-4ef6-9db8-7c3f2f467906,2021-12-18T08:37:30,BRAND2,957.90,hihfcdc@gmail.com
060ee946-f966-46cf-a97d-294c64cbbec8,2021-12-18T08:38:20,BRAND5,395.57,ikaagaj@gmail.com
8e0c139a-6d98-4823-956f-de4a3931b9b8,2021-12-18T08:39:10,BRAND2,112.75,idkegfe@appple.com
a7e45abb-6d69-40a4-b1aa-5838ca867ce3,2021-12-18T08:39:10,BRAND2,200.45,"""gejedea giedcgb"" <gejedea@gmail.com>"
f596af10-bc67-4f1f-a6d6-c5e6b4ed31d3,2021-12-18T08:40:50,BRAND2,212.14,"""gdccfab ihfchaf"" <gdccfab@gmail.com>"
3a2a631b-743f-4eec-a5eb-d26f4e871ac6,2021-12-18T08:41:40,BRAND3,44.97,ecafblk@gmail.com
15232289-848f-490a-b8f7-51439fea5038,2021-12-18T08:42:30,BRAND5,481.69,ejijgke@gmail.com
5ddcd32a-a08e-4a55-8343-a98e4366a526,2021-12-18T08:43:20,BRAND4,336.14,cjdccah@gmail.com
efc17482-240e-4fe8-a6df-f05a2e8f96c7,2021-12-18T08:44:10,BRAND5,156.62,"""hfcgbhj ejijllj"" <hfcgbhj@live.com>"
670ae54f-ed00-4726-a6a7-9f4ef877c363,2021-12-18T08:45:00,BRAND1,857.11,"""bejdfac ahjkejl"" <bejdfac@live.com>"
cdfa2125-d628-4a72-aaf5-ed1a7b678438,2021-12-18T08:45:00,BRAND1,691.55,"""hdbicfg ecajahd"" <hdbicfg@gmail.com>"
d6e696d7-2a32-4431-a19e-e326840b5a8b,2021-12-18T08:45:50,BRAND1,999.28,ilbabai@gmail.com
e50047fb-14f2-4dfc-a921-5bc352a85b44,2021-12-18T08:45:50,BRAND1,10.23,dbahgfk@gmail.com
dd177165-b302-4dd6-bd8d-c078c2be8acc,2021-12-18T08:47:30,BRAND2,364.45,"""dchhajg akgicad"" <dchhajg@gmail.com>"
d1c911a9-e8dc-473d-92c7-32a55ba28648,2021-12-18T08:48:20,BRAND5,674.15,"""gekilhd hegfjlb"" <gekilhd@gmail.com>"
072e6b06-af98-47a6-9254-f4ed50be0b7c,2021-12-18T08:48:20,BRAND2,766.15,hjkddii@gmail.com
14c90c0b-8733-4d20-92f0-c79670379cc8,2021-12-18T08:49:10,BRAND2,559.40,"""clldjbi fhckcea"" <clldjbi@yahoo.com>"
ba339e77-57e6-4ba9-9073-24ff86997b49,2021-12-18T08:50:00,BRAND2,633.88,abgbfhe@gmail.com
eeb0e54b-dfdc-4037-9c29-f22dbcd238ce,2021-12-18T08:50:50,BRAND5,590.04,"""jjabhde egchiaf"" <jjabhde@gmail.com>"
f5242a80-9720-4c2c-88b7-4bf16a5047de,2021-12-18T08:50:50,BRAND1,231.06,"""cbhlebl lcdilae"" <cbhlebl@appple.com>"
5eec04d3-7e68-44f0-b0f7-f3f5e147e6d6,2021-12-18T08:52:30,BRAND5,512.21,gieflag@appple.com
55403a30-4b67-4a5d-9eb9-7ceeafc2841b,2021-12-18T08:52:30,BRAND5,710.84,"""cghhbca hiedfkk"" <cghhbca@live.com>"
a9d3b18e-e227-4946-bc53-4eadda21d535,Sat Dec 18 08:53:20 2021,BRAND5,787.93,clibale@gmail.com
464f1d0c-741c-4418-8c43-f9b6d8f82eff,2021-12-18T08:54:10,BRAND2,708.09,"""agkaegb ecaifgf"" <agkaegb@gmail.com>"
8cd262e1-b144-49a8-a511-7e4e439fdcd9,2021-12-18T08:55:00,BRAND5,2.75,"""akblklh cacifdg"" <akblklh@hotmail.com>"
fa0b5035-8481-47be-8817-be8cf3262ae8,2021-12-18T08:55:50,BRAND2,800.68,"""cbibclf lcahgfh"" <cbibclf@appple.com>"
d58ed9ec-7632-4353-a5fe-addfa3d500fa,2021-12-18T08:56:40,BRAND5,210.10,dcdilgh@gmail.com
61a32334-84e3-4184-8cf5-b7ea3b5a7866,2021-12-18T08:57:30,BRAND5,62.33,"""iegkdfi haebcji"" <iegkdfi@appple.com>"
98d5fd01-1dea-4201-98cb-12a089a90293,2021-12-18T08:57:30,BRAND2,494.87,eihcddk@gmail.com
51747e76-3135-4566-8315-01a16c68308d,2021-12-18T08:58:20,BRAND2,881.39,iahjaih@appple.com
1c0aaf6a-d3ab-4dce-b65a-90e239ee71f0,2021-12-18T08:58:20,BRAND5,593.72,"""fkjdggb hlllcjf"" <fkjdggb@gmail.com>"
a5300b62-2e5c-4738-9f75-0bea4d9d5a3c,2021-12-18T08:59:10,BRAND2,844.61,djebefc@gmail.com
9c0b2926-d175-4ce5-bd54-3a290ad3eec8,2021-12-18T09:02:30,BRAND5,691.51,kdffekb@appple.com
702c2a48-3d48-442f-a961-7fc64f752b97,2021-12-18T09:03:20,BRAND3,854.94,ebgfebj@gmail.com
6d4b2f23-dba6-4639-a611-03ccfd298d27,2021-12-18T09:03:20,BRAND2,595.19,bhkiidc@gmail.com
314905ff-8cc6-465e-9fad-38191a74a32d,2021-12-18T09:04:10,BRAND2,483.24,"""jllcfje ifjlgji"" <jllcfje@live.com>"
1c5f4631-e727-4218-a687-fe89abe10466,2021-12-18T09:05:00,BRAND5,811.32,lacegej@appple.com
eb01aebf-564d-4650-9ff7-4d1652d3d3ff,2021-12-18T09:05:00,BRAND1,505.09,ddhkjdk@live.com
8dbbcc7e-39ea-459e-8398-faed48d68050,2021-12-18T09:05:50,BRAND2,979.10,"""adlikbc jgjjjdf"" <adlikbc@gmail.com>"
a7c8b191-47ae-41ca-a316-d7c50915b907,2021-12-18T09:05:50,BRAND2,212.40,ehdefbc@appple.com
dee80628-486f-42c9-b012-17c644abf77c,2021-12-18T09:06:40,BRAND2,270.39,"""hllekhb eeeifgi"" <hllekhb@gmail.com>"
b8c06c79-1428-4fa1-8974-546ebd1fe634,2021-12-18T09:07:30,BRAND2,994.03,"""ibkljje ljkldad"" <ibkljje@yahoo.com>"
834bf970-f630-4079-af68-61c99a92bb8c,Sat Dec 18 09:07:30 2021,BRAND2,562.69,ecllgfg@gmail.com
f99f0c31-478d-4262-a90c-bb2fadfd41b8,2021-12-18T09:08:20,BRAND2,$982.49,dadiljh@gmail.com
c8ae47a6-955a-4508-9661-93ee6cf92ad2,2021-12-18T09:08:20,BRAND2,606.95,fkdjffi@appple.com
e10566e1-08a1-448b-8ff2-bbda09148d60,2021-12-18T09:10:00,BRAND2,453.70,"""haeejic higeecl"" <haeejic@gmail.com>"
3fef7bbd-1229-49dd-b862-714f042739b8,2021-12-18T09:10:50,BRAND5,753.55,"""cdkfjal kdachfk"" <cdkfjal@gmail.com>"
ed8015ba-9e74-461a-87f0-882ab6d89f0e,2021-12-18T09:11:40,BRAND5,915.86,ehdigbl@gmail.com
2865aa16-71f6-426d-ae9b-7983dd96c83a,2021-12-18T09:11:40,BRAND5,817.70,hacbkia@gmail.com
bce2e81a-1eb5-4d50-a757-f25e0a00eeea,2021-12-18T09:14:10,BRAND5,142.37,"""eaehack gedkdik"" <eaehack@live.com>"
69cdd793-db9a-47ca-8e41-b12f70c7aca6,2021-12-18T09:15:00,BRAND5,906.30,ibjjfch@gmail.com
fa83716b-d359-4133-b033-4d0586e22bc8,2021-12-18T09:15:00,BRAND3,735.94,"""fbehdlc jlfjgbh"" <fbehdlc@appple.com>"
49c4783d-8b9d-4146-84ac-1043f3cbafff,2021-12-18T09:19:10,BRAND1,428.50,hfajfcl@gmail.com
a3bf932f-a5db-4e66-a340-e400c5de1ca4,2021-12-18T09:20:00,BRAND2,776.49,djcgegg@gmail.com
53ba7e3d-5299-49c2-8395-131140b1a946,2021-12-18T09:20:00,BRAND5,835.05,higfcaf@gmail.com
8062b58b-2f18-4e92-8b62-f989e0dd4e8e,2021-12-18T09:21:40,BRAND2,848.05,ihghcbd@appple.com
bc216869-1f1b-4d09-a329-cb5c56d3195a,2021-12-18T09:22:30,BRAND3,729.36,"""alikakc ealhahe"" <alikakc@gmail.com>"
7f180e5c-32fe-4696-80d6-4f9cad069e61,2021-12-18T09:24:10,BRAND5,618.50,"""dhjacjf aabhkic"" <dhjacjf@gmail.com>"
7a44be21-9100-4e62-890a-2dcf94ec4e4a,2021-12-18T09:25:00,BRAND2,85.17,"""chaafdj lbhlaaf"" <chaafdj@gmail.com>"
11141399-3ceb-4586-ad65-ef3e39f999f9,2021-12-18T09:25:50,BRAND1,409.86,"""hhlkigk jdbfble"" <hhlkigk@live.com>"
f4ac2073-6242-48de-bad1-2948a1d97ad3,2021-12-18T09:27:30,BRAND2,$239.03,ekeflhk@gmail.com
fb0a5293-975c-4b2a-8ea6-c524406c08ce,2021-12-18T09:27:30,BRAND2,426.41,lkcgdke@live.com
2e9da2c7-1091-4fa5-b689-7b758bd59d2f,2021-12-18T09:28:20,BRAND5,555.63,fkceeeg@gmail.com
34d366bb-2982-4b46-ace2-55686745b23c,2021-12-18T09:28:20,BRAND1,791.79,kfcjfdd@gmail.com
b647d9c6-8345-4b59-9536-eb8b68bfeb35,2021-12-18T09:30:00,BRAND2,579.76,fajhaal@live.com
3aa2c166-1c26-45c3-a715-07b8bed99199,2021-12-18T09:30:00,BRAND4,74.72,dgijebh@gmail.com
3a91570c-ffdc-43db-955b-dd1a8b1d22d9,2021-12-18T09:31:40,BRAND5,356.29,aighagd@gmail.com
39c0a749-ce06-4144-8717-1a83fb65c325,2021-12-18T09:31:40,BRAND2,989.73,dhieibd@live.com
c115bb8c-34ed-452b-95f9-69811d418fc8,2021-12-18T09:32:30,BRAND1,486.25,gifbjfl@gmail.com
cd1020dd-3a8e-4212-a2da-0d4a9d378f7b,Sat Dec 18 09:34:10 2021,BRAND5,759.77,lialajh@gmail.com
3c5488bc-a73b-4682-ad14-c7264a1be325,2021-12-18T09:35:00,BRAND1,313.50,"""fcbdalc ebllglk"" <fcbdalc@live.com>"
7bedc599-878e-4f75-8ef3-8694fb32d802,2021-12-18T09:35:50,BRAND2,595.30,"""daggdec eklcdgf"" <daggdec@live.com>"
c6be503d-a702-49fd-b3e2-106b36b40df5,2021-12-18T09:35:50,BRAND2,974.65,hgflica@appple.com
82844858-6fef-4724-a078-7a8169723264,2021-12-18T09:36:40,BRAND5,167.14,"""ibecdji flldjlg"" <ibecdji@live.com>"
8e7cab27-9c85-4d4f-a6de-f852df824b95,2021-12-18T09:36:40,BRAND2,939.85,dhdbafb@gmail.com
3380ad0f-d9b6-4fcf-8a93-a7612169a2f7,2021-12-18T09:37:30,BRAND2,388.37,acbbkfe@gmail.com
852574a7-3f2a-4cf5-8884-02fd62aa5a70,2021-12-18T09:37:30,BRAND2,271.44,"""kjflbeg heaejlj"" <kjflbeg@gmail.com>"
66e6ccc1-5728-4213-b30a-40d353f59944,2021-12-18T09:38:20,BRAND2,983.71,"""jcddbaa dbeaedi"" <jcddbaa@live.com>"
849c8975-df78-462b-8a32-b9b603973177,2021-12-18T09:39:10,BRAND4,945.97,dkcjbfe@appple.com
2f028759-70fb-4ddb-bbc6-f89642f64d8d,2021-12-18T09:41:40,BRAND1,664.72,"""ahbigec cbgllac"" <ahbigec@gmail.com>"
7147b0b1-3fbc-4adc-8442-abf804028966,2021-12-18T09:42:30,BRAND5,880.76,hjgbdbj@live.com
a9dc65c2-54d0-408f-bc74-415674e1374f,2021-12-18T09:43:20,BRAND5,349.49,"""leibdha fkiihfj"" <leibdha@gmail.com>"
3499c15d-a32d-4f4b-9d1f-cd1a1b35d1f8,2021-12-18T09:44:10,BRAND1,439.07,ddckiik@yahoo.com
43ad3427-d2dc-4a70-9cbd-1ca28a0f2a45,2021-12-18T09:44:10,BRAND2,201.70,ddkcbbd@gmail.com
6c9b7504-cc83-4bf9-8632-bee0aba48a07,2021-12-18T09:45:00,BRAND5,312.56,"""hgecbgf gfkeheb"" <hgecbgf@live.com>"
95d8dd78-1676-45e6-9234-e76c1fa8329d,2021-12-18T09:45:00,BRAND5,561.79,"""dcicjlf ehiihck"" <dcicjlf@live.com>"
c1a84326-7793-4852-82f2-affd902274bb,Sat Dec 18 09:45:50 2021,BRAND2,699.62,"""lgflekk ejccdad"" <lgflekk@gmail.com>"
a3798a09-d38c-483d-bb95-8f9dccde092e,2021-12-18T09:45:50,BRAND2,811.49,ckkcdjf@yahoo.com
bd2e5279-a2e0-4c59-b84c-40f7b3c874a1,2021-12-18T09:46:40,BRAND5,619.17,kcgfldi@appple.com
a8655c10-3b5c-4dc2-ba7d-1e7d739c1980,2021-12-18T09:46:40,BRAND1,676.02,ifadlge@appple.com
a28d80c7-cc65-45bd-b158-2bb90f27a675,2021-12-18T09:47:30,BRAND1,865.30,"""bkiblec flaiadb"" <bkiblec@gmail.com>"
35f51078-7ff4-4b1d-bce9-9289c2b42e1f,2021-12-18T09:48:20,BRAND2,688.17,ajafbbb@yahoo.com
6743c841-5b4a-4d05-ab1a-f26c70f5ae3c,2021-12-18T09:48:20,BRAND5,375.55,igdkfie@gmail.com
1d1bd8d2-a173-48ec-a1ec-109ec61d835c,2021-12-18T09:50:00,BRAND2,599.23,"""kfhbddg gifdfdg"" <kfhbddg@gmail.com>"
163536f2-3d58-408e-a454-645143520167,2021-12-18T09:51:40,BRAND2,487.17,"""gbhflja eigglhe"" <gbhflja@appple.com>"
60cd82f1-dbc1-4e12-84ee-9b5f210c791a,2021-12-18T09:51:40,BRAND2,725.92,"""afkbldh lfbcdbi"" <afkbldh@yahoo.com>"
b1db25cf-7e9f-42ed-9e49-d3732cbfc461,2021-12-18T09:53:20,BRAND2,491.23,gdahejh@gmail.com
55379c34-63a9-4cb0-9791-f97ccb15589d,2021-12-18T09:53:20,BRAND2,201.01,"""dkabfhb bdhjiih"" <dkabfhb@gmail.com>"
11f9d32a-d946-40e0-bae0-41b5ff106495,2021-12-18T09:54:10,BRAND3,251.76,"""djlibhl jagljbc"" <djlibhl@live.com>"
8c1b3dd7-2233-4483-925e-dd79ecc8660c,2021-12-18T09:54:10,BRAND2,96.13,bjehkdb@appple.com
89275dbc-1bcd-4501-9731-7f8e92574901,2021-12-18T09:55:00,BRAND2,890.77,"""fbjhdid igaiijg"" <fbjhdid@gmail.com>"
bbb84919-94b2-4294-a9d8-50822a9bd354,2021-12-18T09:55:00,BRAND2,608.30,"""jkiccek eikajfd"" <jkiccek@gmail.com>"
dfdc9f0b-ad95-4ab2-8540-2f86ddaca9dd,2021-12-18T09:55:50,BRAND2,$380.97,gekcfib@appple.com
b62236e1-8c3e-404e-a853-0989de1e2d0e,2021-12-18T09:56:40,BRAND1,822.91,iehhkib@live.com
f83f9d0b-4c54-4694-b8b7-df42308062fb,2021-12-18T09:57:30,BRAND4,257.02,kjjidci@appple.com
e5f282f0-2411-4cd7-ae23-56829b7f89b2,2021-12-18T09:57:30,BRAND1,123.40,ifihhae@gmail.com
efb64dae-a47a-4e1a-ad05-1520c5186f27,2021-12-18T09:58:20,BRAND2,537.99,hlgkefk@appple.com
71f17ab3-d36f-459c-b6f5-2709752a740e,2021-12-18T09:58:20,BRAND1,292.31,"""ldahggi cdafabc"" <ldahggi@appple.com>"
6a9dacab-59c1-4d26-afd8-2f4a11ae03bc,2021-12-18T10:01:40,BRAND2,581.54,kdajlcf@gmail.com
91e62fbe-acf2-4016-98f3-4b5855512630,2021-12-18T10:01:40,BRAND2,887.40,jkakcgb@gmail.com
d9bfc8b4-0619-4bc2-acd3-07148be0e0ca,Sat Dec 18 10:04:10 2021,BRAND3,329.94,"""ilkifki gehgagh"" <ilkifki@gmail.com>"
6bd2d8cf-769b-43f1-b7ea-2358350d5e80,2021-12-18T10:04:10,BRAND2,628.40,"""lkahjld hjcficc"" <lkahjld@gmail.com>"
75ba75b8-b538-4cfc-9beb-89bed61fd740,2021-12-18T10:05:00,BRAND1,995.56,fcdedaf@hotmail.com
d7aed704-1bd6-49a9-8cad-e446c9683192,2021-12-18T10:05:50,BRAND5,433.41,"""cfcghal clgadba"" <cfcghal@appple.com>"
a4fd279d-f8f1-4fe0-b3fe-104363e04188,2021-12-18T10:07:30,BRAND1,571.22,"""kdeafie kelbfgd"" <kdeafie@gmail.com>"
87725afe-1552-4e4a-903d-e379a4d1d462,2021-12-18T10:08:20,BRAND1,101.16,afjkicj@gmail.com
01cd5dd8-ed00-4993-919b-66a4b783e8c2,2021-12-18T10:08:20,BRAND1,146.70,jfbgehi@live.com
7e12cfb1-fd81-4e7c-91eb-8d77c12729e1,2021-12-18T10:10:00,BRAND2,914.31,"""figdbld hfghblk"" <figdbld@gmail.com>"
7f459f03-78e7-496d-bc9c-68a6a749ac18,2021-12-18T10:10:00,BRAND3,224.51,flbjfgh@gmail.com
f2d0de52-6951-4ed6-aac8-4d158100e1f4,2021-12-18T10:10:50,BRAND2,391.79,"""leahhki ecehidl"" <leahhki@appple.com>"
9fe5efe2-5f07-4fff-b462-7a07abf5e542,2021-12-18T10:10:50,BRAND5,574.47,bdeifik@yahoo.com
54f526af-7ea0-4aeb-8455-94a53663dff6,2021-12-18T10:13:20,BRAND2,628.30,fgjeedk@appple.com
58f6aa82-4aba-41d5-969e-b2716cadc6c5,2021-12-18T10:13:20,BRAND2,440.85,fjlljji@hotmail.com
c6d644e2-aceb-4f58-89bd-fd7ec6e24afa,2021-12-18T10:15:50,BRAND2,505.80,ldfdkfj@gmail.com
57339c5e-6ea5-4421-9fcc-22ff9b2dd7be,2021-12-18T10:16:40,BRAND2,818.42,"""ljhjelb eeddifi"" <ljhjelb@gmail.com>"
6a0473db-d333-4ef9-81c6-31289d3540d2,2021-12-18T10:16:40,BRAND1,746.02,alcldgl@gmail.com
e3d46976-bab7-4b41-baed-4aa994709011,2021-12-18T10:17:30,BRAND3,121.92,"""kbjajfl efhikaf"" <kbjajfl@gmail.com>"
088ee097-9590-4ee9-a1eb-2a560d634032,2021-12-18T10:17:30,BRAND1,100.96,clbeici@appple.com
0aaca612-6ed2-4287-a04a-35b8799a6904,2021-12-18T10:18:20,BRAND2,689.72,abifikf@appple.com
eb1f099e-822c-48d0-b5bf-5e20450fe02b,2021-12-18T10:18:20,BRAND5,717.57,kbacabe@gmail.com
9fcd9462-695c-45ff-8b17-1f3ba07f15bb,2021-12-18T10:19:10,BRAND2,205.96,"""labggkh chjdckg"" <labggkh@gmail.com>"
c3cee5a3-a780-480b-90fd-31f65031003b,2021-12-18T10:19:10,BRAND3,655.17,"""gcljjie aelfgbg"" <gcljjie@appple.com>"
955ae077-f311-4af4-bb0c-02c76fe10707,2021-12-18T10:22:30,BRAND5,736.42,"""idfidbg hgblcgk"" <idfidbg@gmail.com>"
0f9ae310-58fa-42b9-871b-ea0f463570f8,2021-12-18T10:22:30,BRAND1,765.58,"""aaaehjf cdbhkif"" <aaaehjf@gmail.com>"
077c0115-07ac-4ad7-b303-3fc1d3cb4859,2021-12-18T10:24:10,BRAND2,892.10,"""gihihcj fglajle"" <gihihcj@gmail.com>"
d0bfa237-33e3-4fdd-b79d-b2a83ceb4ee8,2021-12-18T10:25:00,BRAND5,526.87,liabelc@gmail.com
a0206752-3bcc-4c04-8cd4-eaadb4bbdfa8,2021-12-18T10:25:00,BRAND2,227.91,eagbcjf@live.com
4d9b7fb2-573a-4d94-b96c-7a855e331745,2021-12-18T10:25:50,BRAND2,5.95,jkbehak@gmail.com
0085e23c-7ad2-41b4-9d23-a7fc416c176c,2021-12-18T10:27:30,BRAND1,963.51,ijilajb@appple.com
0a98e015-5d26-46d9-84dc-f3a150cf553a,2021-12-18T10:27:30,BRAND2,272.13,"""hdibckl hbfgbia"" <hdibckl@live.com>"
5ebf33ff-0ae3-49d6-bab7-61009fb534ec,2021-12-18T10:28:20,BRAND3,329.95,agdbeii@live.com
702fb1bf-e78d-490f-a18b-d417bcddb5f9,2021-12-18T10:30:50,BRAND1,724.30,gabfdee@appple.com
b13a9398-2e6c-4782-bb3d-9c3ef3d8b284,2021-12-18T10:30:50,BRAND2,320.57,klffafb@gmail.com
a81f662b-35fe-4895-8cf3-af38fcc258c2,2021-12-18T10:31:40,BRAND5,598.88,"""ddhaiel glceede"" <ddhaiel@gmail.com>"
61c501e5-ed80-4896-9c54-058638bde5b6,2021-12-18T10:34:10,BRAND2,576.89,"""hlfcilk gjllccb"" <hlfcilk@gmail.com>"
e2308379-7667-47d2-9459-cb4f9d8e4aaf,2021-12-18T10:34:10,BRAND1,138.44,"""kclfbbc fjjlhgh"" <kclfbbc@gmail.com>"
f4247440-b3ab-43b8-867d-15059d39dfd7,2021-12-18T10:35:50,BRAND2,829.77,ikakibk@appple.com
00e1050d-021d-4348-8708-b9415c2399ee,2021-12-18T10:36:40,BRAND3,283.06,jjcjgai@gmail.com
85547c78-2c91-40f8-9f02-3278efd2cde6,2021-12-18T10:38:20,BRAND2,341.80,"""lbalcii dlhidel"" <lbalcii@appple.com>"
b9913fec-4bcc-49c0-bd06-75bfdba49f8e,2021-12-18T10:40:50,BRAND1,769.50,lcfhghh@appple.com
c0c413ea-97eb-4767-a700-93b967b27ba9,2021-12-18T10:41:40,BRAND2,906.15,aifijbc@appple.com
d196eb16-b6ad-477f-ae9a-8df2cb1af16b,2021-12-18T10:41:40,BRAND4,365.16,kbddbdk@gmail.com
4bc58cbb-6986-4cae-ac25-40916af07ca2,2021-12-18T10:42:30,BRAND5,776.28,lablgkk@yahoo.com
9c20d886-e304-43d2-997f-6e436d186935,2021-12-18T10:42:30,BRAND2,$20.24,"""hbkeblk ldeijbd"" <hbkeblk@yahoo.com>"
b19be206-4bd2-4b37-aacf-c1caaac5166c,2021-12-18T10:43:20,BRAND2,807.75,hhjekdg@gmail.com
5bcc281b-f3d9-4ce7-828b-bca4b6de8a6d,2021-12-18T10:44:10,BRAND1,445.19,"""gjfgadi hfgadgc"" <gjfgadi@live.com>"
b4cf7b0f-98bc-4a9d-82f9-78c09ae394bd,2021-12-18T10:45:50,BRAND2,934.89,ggfeabh@appple.com
53d62e0c-fe8c-4691-bbcb-fd83da99cfc9,2021-12-18T10:48:20,BRAND5,879.44,"""gdcbacf ifkggef"" <gdcbacf@gmail.com>"
e3eaef13-64be-4c90-86cd-f256015ef94a,2021-12-18T10:49:10,BRAND1,877.89,fifhbbi@appple.com
d20ddda2-7570-44d5-8c0a-855091935c9e,2021-12-18T10:50:00,BRAND5,669.17,aagkkjd@appple.com
2728c50c-02cd-4bf3-a1aa-c7d94815a0c3,2021-12-18T10:50:00,BRAND2,276.90,lbebfhb@gmail.com
1f7b4e3b-8c1e-41c0-b866-4717721eb7e7,2021-12-18T10:51:40,BRAND4,866.63,hdjcegk@gmail.com
d159073c-ba56-4568-b4a1-c5dd4cea4294,2021-12-18T10:52:30,BRAND5,557.93,fgcefbb@gmail.com
f9899d40-c51d-4c41-be99-c417555c835e,2021-12-18T10:54:10,BRAND2,133.01,fadlhad@gmail.com
23a66a67-462a-46c2-8895-5c0b005db024,2021-12-18T10:54:10,BRAND5,257.79,"""jdjhiia jjhgcaa"" <jdjhiia@gmail.com>"
c2a6793d-f447-4eac-b484-ab91b1a0a0a3,2021-12-18T10:55:00,BRAND2,579.15,"""djekjdk ajefhai"" <djekjdk@gmail.com>"
c1a7f58e-18ca-4b11-8710-6fc1e3bb025f,2021-12-18T10:55:50,BRAND2,34.72,jabdkig@gmail.com
152b3471-2420-48e2-a3e3-8d2c70e7e8b5,2021-12-18T10:55:50,BRAND2,829.47,"""ahbgdjd bjabcdl"" <ahbgdjd@gmail.com>"
f582626e-61bf-4391-a2a6-9c60f2cffebd,2021-12-18T10:57:30,BRAND2,596.03,"""iglefaj aeghbih"" <iglefaj@gmail.com>"
a7bee0fe-a553-4632-9965-41cb67f821e4,2021-12-18T10:59:10,BRAND2,630.29,"""ccdidab cbjfadb"" <ccdidab@appple.com>"
95d8f982-f7dc-452f-b0c4-8a8850bef83d,Sat Dec 18 10:59:10 2021,BRAND2,921.39,"""khbfdgc fdgebha"" <khbfdgc@live.com>"
12792810-5a2b-42a8-b5b4-dc3a71238431,2021-12-18T11:00:00,BRAND2,336.07,dgahjal@gmail.com
a9c9ced8-ac29-4068-8aa5-63500b1f708b,2021-12-18T11:00:00,BRAND2,865.35,dcahifd@hotmail.com
fd984799-62bc-4e4f-b0a0-22a377bcea70,2021-12-18T11:01:40,BRAND5,244.65,"""kjacldj jjhijal"" <kjacldj@live.com>"
5ecae4f7-0e07-4506-8165-d9b0ad6a2102,2021-12-18T11:03:20,BRAND5,821.78,hacgbja@gmail.com
8434593f-c5b6-4d48-8aa8-67ff4ca399d0,2021-12-18T11:04:10,BRAND1,806.77,ahfikgh@gmail.com
1f73b44c-f186-400c-9aa8-d31d01534304,2021-12-18T11:05:00,BRAND2,667.44,ifiajhb@appple.com
6f0c34bc-e3b3-4f50-9cd6-d6d81b4cbec1,2021-12-18T11:06:40,BRAND1,289.85,dlcgkid@gmail.com
8d37c8d1-efe2-4238-ae00-f07a069bf339,2021-12-18T11:10:50,BRAND2,884.85,ihahgee@yahoo.com
216ded3d-6e15-4b51-9d54-01741e829114,2021-12-18T11:10:50,BRAND2,298.75,"""jcbceli gjjedcd"" <jcbceli@gmail.com>"
ff5b4d9d-5d01-42a4-af7b-8b4c02a7ab01,2021-12-18T11:12:30,BRAND2,902.68,"""dkaikdk efeigdb"" <dkaikdk@gmail.com>"
d5315567-2ad2-4a7b-b1db-a1e2e84905f8,2021-12-18T11:14:10,BRAND1,178.79,jeljebg@appple.com
bf9dfb19-353d-4944-8635-17762280a6f8,2021-12-18T11:14:10,BRAND1,530.52,fikhlbf@gmail.com
6b071279-5ae6-4e53-b878-ce00e30e2761,2021-12-18T11:15:00,BRAND3,25.55,"""beccleg beailbh"" <beccleg@gmail.com>"
f345b5e5-d1c0-4ec8-b586-4d5a55a637a3,2021-12-18T11:15:00,BRAND2,852.29,hgddjja@gmail.com
def17c3c-0bfa-4f8e-aca5-3878c781de35,2021-12-18T11:15:50,BRAND5,244.68,"""ghgehia biligee"" <ghgehia@gmail.com>"
e758dc9a-5d40-422f-9fd0-affdc785cd89,2021-12-18T11:17:30,BRAND1,259.80,"""ljhfbfc jkjebff"" <ljhfbfc@live.com>"
d51f3231-c098-4dfb-9afd-5be5ddbe1bf4,2021-12-18T11:18:20,BRAND5,925.16,"""bljcdlj cgiigbe"" <bljcdlj@gmail.com>"
fdf3fb51-ba31-426e-8854-081b9711d936,2021-12-18T11:21:40,BRAND4,683.21,dfeecee@gmail.com
4c257d76-45d8-43c3-b1c5-616f58b92ddf,2021-12-18T11:21:40,BRAND2,$114.97,"""blgikhc ajdjebk"" <blgikhc@gmail.com>"
0b745dcf-89dc-4168-86ea-d1993285bc51,2021-12-18T11:22:30,BRAND5,17.12,hgfhegj@appple.com
e07ba052-e6d6-490f-b18d-6bf4762f34d8,2021-12-18T11:25:00,BRAND1,$700.39,ghadcag@gmail.com
739c5859-941e-499d-a74d-a475fd5eb4f9,2021-12-18T11:25:50,BRAND2,17.87,"""icedlig dgkkiak"" <icedlig@yahoo.com>"
f7daf521-d1ad-4854-b05c-4e7dbe4c187a,2021-12-18T11:25:50,BRAND5,161.54,higgcbf@live.com
738f974d-666d-4b6a-aeb0-10294675e321,2021-12-18T11:26:40,BRAND2,376.27,ffjbcic@gmail.com
0f368c1e-16f2-4781-abe1-3a84687d7252,2021-12-18T11:27:30,BRAND2,544.37,"""dgleief hlffgcg"" <dgleief@gmail.com>"
755f3182-6bbc-4b48-b031-699469788e12,2021-12-18T11:28:20,BRAND3,452.76,"""cbglcid glkikil"" <cbglcid@live.com>"
3e027ac1-7122-41ec-8852-3dc31acfa996,Sat Dec 18 11:28:20 2021,BRAND5,113.08,gggejld@gmail.com
e5ad6582-4a98-4d62-8e68-fddfe6a58115,2021-12-18T11:29:10,BRAND2,335.82,lgfbgbc@gmail.com
e659f832-58ec-4d95-b243-4e7ae93d6b5b,2021-12-18T11:30:00,BRAND2,172.17,fdajagg@gmail.com
e463702b-285a-40da-b3ef-578c97e1726e,2021-12-18T11:30:50,BRAND3,69.46,hbiibgf@gmail.com
eaf8ac03-4f01-4485-bc97-33febd44442b,2021-12-18T11:31:40,BRAND1,435.22,igkhdhf@appple.com
e5b35ab0-e88d-4808-b6f1-b7b68e6d0941,2021-12-18T11:31:40,BRAND1,264.06,jbggfac@gmail.com
274aff57-a0b9-4eb0-9ec3-5a6ce51e333e,Sat Dec 18 11:32:30 2021,BRAND5,872.74,dgegdgc@gmail.com
0a7d19f6-4f17-45c7-aec3-d05768efd8c0,2021-12-18T11:33:20,BRAND5,219.50,fagilfd@gmail.com
2ec757a5-d820-446d-935d-e412b60eb216,2021-12-18T11:33:20,BRAND5,555.12,ikchkba@live.com
529b4366-4516-4274-85be-c3968e41e3a4,2021-12-18T11:34:10,BRAND1,133.61,dddgdgf@gmail.com
b8576f0d-298a-404b-9e72-b8f9f837b1c0,2021-12-18T11:35:50,BRAND1,297.10,"""iigkdla fhjjcdk"" <iigkdla@appple.com>"
1f063c14-67ac-44db-9f1f-c185dc2ce22a,2021-12-18T11:36:40,BRAND5,823.75,eidfjik@appple.com
1db369f8-11ce-4b25-aaf5-f48f827e42bc,2021-12-18T11:37:30,BRAND3,191.25,bfeahad@appple.com
0a2de4e2-a725-4442-b3c8-ad7b14144c16,2021-12-18T11:38:20,BRAND2,13.47,"""akglbeg hllebae"" <akglbeg@gmail.com>"
72519b97-968a-4fa2-a144-086cc18d1d73,2021-12-18T11:39:10,BRAND2,581.68,ehbibkk@appple.com
c9331664-23cc-4f34-b1dd-1c6c6cf6f0ff,2021-12-18T11:39:10,BRAND2,79.10,"""fhjjjle dkkifki"" <fhjjjle@gmail.com>"
f5d9ec72-851f-45f3-9570-d2f528a55c89,2021-12-18T11:40:00,BRAND2,506.70,hhaabdd@gmail.com
135f2e15-666c-44fd-914d-c169e6cdcb4f,2021-12-18T11:40:00,BRAND2,272.36,"""eiecjcd kaijdjh"" <eiecjcd@appple.com>"
13cd6c28-6341-4ff4-b757-f7f21bfe76bc,2021-12-18T11:42:30,BRAND2,822.96,ceejdal@gmail.com
b2d5da0f-cd41-4d5f-a6e2-988556941075,2021-12-18T11:42:30,BRAND1,631.79,hfjcehd@live.com
30c397bc-9e32-47f4-8bd8-feefef8a93bd,2021-12-18T11:45:00,BRAND5,659.67,"""kddkccf lajfhgg"" <kddkccf@gmail.com>"
cd0f9d6f-e32e-4631-8a98-0f299448f114,2021-12-18T11:45:00,BRAND2,60.86,fldfhdd@gmail.com
93a5f4fb-7b50-431b-854a-3f1bb633074f,2021-12-18T11:45:50,BRAND2,95.46,iilkcge@gmail.com
118ba5b3-60cc-4900-8daa-af972c578470,2021-12-18T11:45:50,BRAND2,78.20,"""aeaacei ihidecg"" <aeaacei@gmail.com>"
c86d9307-7f41-4ea0-af43-f0dc48244ebf,2021-12-18T11:46:40,BRAND2,310.90,jklclhk@gmail.com
f89b2de7-5b23-4641-9c44-cb69f4e62533,2021-12-18T11:48:20,BRAND5,784.25,klaedif@gmail.com
3916cafb-478c-4990-8039-5f6338122321,2021-12-18T11:48:20,BRAND2,986.90,"""ddggdjf jbklfkg"" <ddggdjf@gmail.com>"
d7ab9f66-106f-48f6-b999-35c692d02896,2021-12-18T11:49:10,BRAND2,441.12,gaalldd@gmail.com
9899c86f-8fff-41b3-9cda-c7461c413f96,2021-12-18T11:49:10,BRAND2,609.33,agcddhk@appple.com
534e4bd9-7b2a-4eac-bde4-2a7b45bc1f8d,2021-12-18T11:50:00,BRAND1,15.51,"""abfkdha iajgbab"" <abfkdha@yahoo.com>"
df6ac2e3-d853-45be-a876-280474f411f1,2021-12-18T11:50:00,BRAND1,70.87,fbbabkb@yahoo.com
b883ab00-8972-4add-b174-a00c39c019ad,2021-12-18T11:50:50,BRAND2,23.76,"""bhbdeej gejdbla"" <bhbdeej@yahoo.com>"
48b5b402-f301-4b30-b607-528ba284811c,2021-12-18T11:50:50,BRAND4,809.56,cdhajkb@appple.com
e20fee7c-7e05-4c3c-8155-e3a9ab8606c9,2021-12-18T11:51:40,BRAND2,194.81,"""dkgaeli khjglbg"" <dkgaeli@gmail.com>"
49794f85-fb39-4441-9c0d-1c9d0923c5fa,2021-12-18T11:51:40,BRAND2,810.43,"""lcdclaa bedieah"" <lcdclaa@appple.com>"
a59856d1-8f7e-4ccc-bc17-4a53774f62ab,2021-12-18T11:54:10,BRAND5,292.22,bcbidkg@gmail.com
b02edbe9-5949-4be4-a982-b1bb47c1d3f7,2021-12-18T11:54:10,BRAND3,748.55,kbafjel@live.com
f86af842-6faf-4e20-a93e-a5f613e87005,2021-12-18T11:55:50,BRAND1,928.94,fghfiif@gmail.com
8901101b-70ca-47a7-9476-6900da4a29ac,2021-12-18T11:55:50,BRAND1,96.37,"""edalcjh ecejgcd"" <edalcjh@appple.com>"
e4694322-b7b9-48c1-9870-688dd1f25774,2021-12-18T11:57:30,BRAND2,95.85,khklbli@live.com
99d740f6-6f93-4df3-9976-1be26715c691,2021-12-18T11:59:10,BRAND2,363.57,"""ccjkkka daebdki"" <ccjkkka@appple.com>"
0e2f0feb-1b0d-45ae-aa8b-0cc570dd49cf,2021-12-18T11:59:10,BRAND5,16.78,eejbakf@yahoo.com
0b96b4ee-ae3a-4028-97bd-333a526f5c02,2021-12-18T12:00:50,BRAND2,209.07,dgkdfle@gmail.com
0b5200dc-d796-4bf1-b431-db3ae7ee8af8,2021-12-18T12:00:50,BRAND2,35.15,"""fgilcdg klfdaif"" <fgilcdg@live.com>"
43cd8c93-23be-4e0a-815f-36f979b8bf93,2021-12-18T12:01:40,BRAND2,864.48,fghghci@gmail.com
01d169fa-75fb-4264-aac5-16356c202686,2021-12-18T12:01:40,BRAND5,486.39,"""gdfadbg fjakdck"" <gdfadbg@yahoo.com>"
1553f188-e02b-4ea9-bfcf-cd384eb35f24,2021-12-18T12:05:00,BRAND2,38.95,dcfjahk@live.com
32bf21ee-6eb1-4b66-b1fd-588d18094be5,2021-12-18T12:05:00,BRAND2,453.32,"""idbjddf hgchejb"" <idbjddf@appple.com>"
5ffc6a01-8d77-475c-b583-3998cc6fc622,2021-12-18T12:06:40,BRAND5,244.80,"""ifbkfba gajklfd"" <ifbkfba@gmail.com>"
28abd78b-e06f-4a6f-b043-2a13d3a6a2d1,2021-12-18T12:08:20,BRAND5,392.92,kflhflh@appple.com
34b8be0d-6d5f-4454-a9ca-7dfe31957175,Sat Dec 18 12:08:20 2021,BRAND2,888.35,hfcjjkb@live.com
659fc0e4-a504-4678-b5f8-70b34a8ccecc,2021-12-18T12:10:00,BRAND2,278.91,"""bjcihli hagcbgi"" <bjcihli@appple.com>"
03986267-701e-4829-b3cb-9b65826e4f4d,Sat Dec 18 12:10:50 2021,BRAND5,838.75,"""dlcafef ibifijj"" <dlcafef@appple.com>"
f87e1ac1-876f-4696-b9d5-be0b9da353f4,2021-12-18T12:10:50,BRAND2,967.03,hhdakdg@gmail.com
65498838-97c5-4ab3-a195-c71ecff4104b,2021-12-18T12:11:40,BRAND2,889.48,eafclke@gmail.com
98248e18-c01f-456c-a094-6cabaa2f5d60,2021-12-18T12:11:40,BRAND1,568.17,gghiafj@live.com
3c6b7035-9562-42be-b881-78caccd2b174,2021-12-18T12:12:30,BRAND5,963.85,dgkbhah@yahoo.com
8905c4a4-84ab-4a88-9ea4-2f5a421d1c79,2021-12-18T12:12:30,BRAND3,886.39,"""cijjecc ckaechd"" <cijjecc@gmail.com>"
92d76c79-26dc-4db2-bf47-f94cb1e6e307,2021-12-18T12:13:20,BRAND2,814.88,kfabagf@gmail.com
3b35e51c-b87c-4a6b-be89-707b297e9eeb,2021-12-18T12:14:10,BRAND1,558.78,"""ighbfgg dhlekfh"" <ighbfgg@yahoo.com>"
18e46c91-927a-4f8c-8ca6-c87459fc9877,2021-12-18T12:15:00,BRAND2,511.74,fbgdifh@gmail.com
4c129d45-3935-41f2-b8d6-84af1b9d071d,2021-12-18T12:15:50,BRAND2,451.00,ekjhjcc@appple.com
e0107eec-91fb-4f8a-9c6e-988f6bcbd465,2021-12-18T12:15:50,BRAND2,8.27,"""dbcijbl ckgjcjb"" <dbcijbl@appple.com>"
706c7af0-49b4-47fd-a965-d04da84e348b,2021-12-18T12:16:40,BRAND1,549.04,daifigj@live.com
beb7e811-ba5b-4c96-bf8c-d09481e3c82b,Sat Dec 18 12:16:40 2021,BRAND2,501.75,"""hlcbbij lkedccf"" <hlcbbij@gmail.com>"
da095453-79d5-4c80-b23a-6af0f56d46b4,2021-12-18T12:18:20,BRAND2,$881.82,"""kffkejc gkbgehi"" <kffkejc@gmail.com>"
252cadc4-d4fa-4b20-8bfc-c58c456f577e,2021-12-18T12:19:10,BRAND4,590.65,"""dagiabj fcejkke"" <dagiabj@live.com>"
2d34b687-5a92-4773-8517-aaef1ce5a6bc,2021-12-18T12:19:10,BRAND5,36.34,"""hjcgdkb bckhhfh"" <hjcgdkb@gmail.com>"
637c5ac0-712b-412a-b7d7-492c0d2d1bfc,2021-12-18T12:20:00,BRAND2,539.57,dgcibid@gmail.com
c22b227b-076e-4510-af8c-23337276ac0b,2021-12-18T12:20:00,BRAND2,206.70,ccghdbd@yahoo.com
1ac3124a-ae05-4bf8-a15f-1b0d373716ec,2021-12-18T12:20:50,BRAND4,577.89,"""liiejcb dhaeabl"" <liiejcb@live.com>"
8609c84b-bcb3-4a6a-9d94-bf06cef98974,2021-12-18T12:20:50,BRAND2,32.38,gkfjfik@appple.com
fb19c363-f191-443b-ae6b-26ded54c237c,2021-12-18T12:21:40,BRAND1,356.78,"""kgkgjhl eagffgc"" <kgkgjhl@gmail.com>"
b605ccea-2499-4921-87d3-2e6b4ceaed1e,2021-12-18T12:23:20,BRAND2,827.45,"""llkdlej lkcfgic"" <llkdlej@hotmail.com>"
6ea5e2ac-de69-4367-9ac8-59ec80c28a26,2021-12-18T12:23:20,BRAND2,476.68,lbeicef@gmail.com
b7fcedd7-44b9-4262-82c8-16e34c496381,2021-12-18T12:25:00,BRAND2,$583.65,ldcibih@appple.com
2f7792b6-a6af-4601-a871-1bf71c05f437,2021-12-18T12:25:00,BRAND5,298.85,fcbfdaf@gmail.com
34d20176-c66c-4f21-886c-9da041f66ffd,2021-12-18T12:25:50,BRAND2,735.65,hihfafh@gmail.com
63b8bfba-6ec1-49b2-9874-de2c5fa95bc2,2021-12-18T12:25:50,BRAND5,575.02,"""djjjccb jaeecbb"" <djjjccb@gmail.com>"
5fb8d6d4-8ce9-45bd-9280-354ab1acd1d9,2021-12-18T12:27:30,BRAND2,575.70,lkdllha@gmail.com
1d264628-2b7a-44c5-8046-2b00279e3563,2021-12-18T12:27:30,BRAND2,264.39,"""jlkdfea hgjhkdg"" <jlkdfea@appple.com>"
97f73bff-0a2e-494d-8e16-3d7c8299cac7,2021-12-18T12:28:20,BRAND5,114.21,fdfllhk@live.com
efb52221-8452-435f-acf9-b40e36d5cda6,Sat Dec 18 12:30:00 2021,BRAND2,750.94,"""bafhkcj jccfcfl"" <bafhkcj@appple.com>"
c1046029-3dad-4d8d-b9a5-4acd11c04e65,2021-12-18T12:30:00,BRAND2,380.98,"""ccebdhl iacaibc"" <ccebdhl@live.com>"
51e6c144-d798-4b28-a8fc-6f5b97716cfd,2021-12-18T12:30:50,BRAND1,422.38,dllkgge@appple.com
dd93c2b2-9f2c-4b02-b7bd-1c20b8f897c5,2021-12-18T12:32:30,BRAND2,837.37,jhciakk@appple.com
35a1141b-f0b9-45f2-9c4f-026285131d59,2021-12-18T12:33:20,BRAND4,145.97,geegjej@gmail.com
50c1fd14-0ffa-4fba-8013-d258ff677249,2021-12-18T12:33:20,BRAND2,480.54,"""gdkaabd ffcaleh"" <gdkaabd@gmail.com>"
cf5b2fa1-cfa6-4950-9788-f80b20af6b88,2021-12-18T12:34:10,BRAND1,235.65,"""abfikef hhcbikd"" <abfikef@gmail.com>"
f8931c34-e961-4b11-b702-6ecf7a83c6a5,2021-12-18T12:34:10,BRAND5,867.63,"""efcjhfa leibceg"" <efcjhfa@gmail.com>"
83cb6b20-3d89-4f86-813a-ab7056ebf837,2021-12-18T12:36:40,BRAND2,975.95,kjcgkcj@hotmail.com
f02653ad-fbad-49d8-b609-2f12d8bec266,2021-12-18T12:39:10,BRAND5,727.02,kldjgik@yahoo.com
591d15d3-84cc-4494-b7bc-dc1ee5529039,2021-12-18T12:39:10,BRAND2,261.30,decedlc@appple.com
fd5e5151-3cc8-404f-b005-a71ae34c88a0,2021-12-18T12:40:00,BRAND2,83.09,efkchjc@gmail.com
6c9ada50-9154-4c29-bb26-b6b5f34eb823,2021-12-18T12:40:50,BRAND5,12.46,"""fhflefh bfaabej"" <fhflefh@yahoo.com>"
0b2fa303-a2f5-4c6a-9b3a-968fabda7c7d,2021-12-18T12:40:50,BRAND1,866.72,gkekhdi@gmail.com
d37b6249-2556-4a56-8cd1-cacb3c10b891,2021-12-18T12:41:40,BRAND5,977.61,acbflld@yahoo.com
33d99cf8-6bed-498a-a6b8-32df8bc12150,2021-12-18T12:42:30,BRAND2,907.16,lejcjjj@gmail.com
ee854d98-d6c8-409b-a288-582ec264db2f,2021-12-18T12:42:30,BRAND2,438.61,"""ikbekcg afhahlk"" <ikbekcg@gmail.com>"
e3d8b89c-adaa-48ea-b3e4-e5b8c6e1d92c,2021-12-18T12:44:10,BRAND2,711.95,"""faibjkj bacflil"" <faibjkj@gmail.com>"
7d9f5d13-1a07-4ff9-ba71-3a94ff763115,2021-12-18T12:45:00,BRAND3,526.42,"""gklgcha fkaiiik"" <gklgcha@gmail.com>"
a74e2f81-24c4-4fe7-bd45-ffb3ced7ad2f,2021-12-18T12:45:00,BRAND1,204.98,aiajjai@live.com
a7a0626b-40b9-44c7-bd1c-2de1c448cd31,2021-12-18T12:50:00,BRAND2,508.89,gdehbhb@live.com
9b1d8f68-4f5f-46d2-aae6-a7e61564b270,2021-12-18T12:50:00,BRAND2,178.27,ifgheah@appple.com
5dfa4951-c14a-479a-9eeb-44fe5798c2af,2021-12-18T12:50:50,BRAND1,723.06,"""ggllbhi kkbeelk"" <ggllbhi@gmail.com>"
8b92994a-d0fe-4593-a857-593d867a9052,2021-12-18T12:50:50,BRAND2,857.17,jaieidf@gmail.com
460f252e-db74-4bb3-a129-9d4284cafd61,2021-12-18T12:52:30,BRAND5,184.27,jbjahii@gmail.com
3dc4c35a-e198-4189-8b53-a56aa7c25edb,2021-12-18T12:53:20,BRAND5,328.28,"""ekgjjae faeaacl"" <ekgjjae@appple.com>"
de8a50a1-06b4-468c-b104-b1a35597d76d,2021-12-18T12:55:00,BRAND1,484.48,bkfccfa@gmail.com
8649214b-b671-4f00-8977-1e2c8e814d0f,2021-12-18T12:55:00,BRAND5,233.36,ihifjha@live.com
aa7716f9-93c7-47f6-add4-c8b59e3120d8,2021-12-18T12:55:50,BRAND2,215.73,abciaga@gmail.com
1d431b7c-e01c-454b-821d-8bc8bc42499a,2021-12-18T12:56:40,BRAND2,288.82,ehlagjl@yahoo.com
9212a28f-e065-415d-8e69-270ab5542cff,2021-12-18T12:56:40,BRAND2,$619.36,alefebh@gmail.com
083792ad-79ca-47d9-9617-7c26244a8382,2021-12-18T12:57:30,BRAND2,390.62,"""bjjkefi dekgbgd"" <bjjkefi@gmail.com>"
80ed9c90-f3ef-4e82-8530-b4578880fa04,2021-12-18T12:57:30,BRAND1,$600.35,dajahge@gmail.com
dabb4d6e-52a9-4151-9f8c-de3b52abbcf5,2021-12-18T12:58:20,BRAND2,356.09,glcllfk@live.com
eb47f558-7c0c-4593-bdc4-c4e00130ecc0,2021-12-18T12:58:20,BRAND2,311.68,kfggjhd@gmail.com
381e395c-9563-45ae-8fe7-a2f7efa4c856,2021-12-18T12:59:10,BRAND2,8.21,"""fcfbiic clkdbga"" <fcfbiic@appple.com>"
0c5b9f65-6d0b-4cb3-9376-b10334595f1a,2021-12-18T13:00:00,BRAND5,601.16,"""jifhijl lcajlak"" <jifhijl@gmail.com>"
f67b8720-c319-409d-aace-4c3c15fdb773,2021-12-18T13:00:00,BRAND2,264.32,cikbbfe@gmail.com
41fe769e-db4f-486c-9853-9eba22b864f6,2021-12-18T13:01:40,BRAND2,275.97,"""diklici blljbae"" <diklici@live.com>"
5f30063a-c5b3-4fcb-adaf-2b2c95b4ad90,2021-12-18T13:02:30,BRAND2,413.29,"""eghagee kllgdhb"" <eghagee@appple.com>"
822384de-8c17-432e-b9af-6bc4e4ca108b,2021-12-18T13:02:30,BRAND2,525.84,iiiagbd@appple.com
b58f5d1c-85de-4d46-961c-e24297cd1560,2021-12-18T13:03:20,BRAND1,208.10,jchfleh@yahoo.com
60116a2e-6396-4105-a434-554c3d60c37a,2021-12-18T13:04:10,BRAND2,556.84,"""hfeicee ljfkhlg"" <hfeicee@gmail.com>"
18b64619-f680-42e0-8145-49204f2220b0,2021-12-18T13:04:10,BRAND1,889.08,"""cjdlheb glllika"" <cjdlheb@gmail.com>"
0ca61870-228d-4ae7-b7cc-6d4acdde63e8,2021-12-18T13:05:00,BRAND5,368.25,bfieldf@live.com
0c553a0c-e924-44cb-98b1-32c65ac4d2dd,2021-12-18T13:07:30,BRAND2,608.98,effjghh@hotmail.com
d6a23431-619f-4cdc-b12b-d1c11b5dcadb,2021-12-18T13:07:30,BRAND2,925.11,diikhjk@gmail.com
dd535db4-41d0-4232-b1ab-609b64a38638,2021-12-18T13:08:20,BRAND1,330.39,"""fddhdid dfahkah"" <fddhdid@live.com>"
11eb844f-a046-461d-a7cd-929e8f2d0bb4,2021-12-18T13:08:20,BRAND1,700.78,hfieglk@gmail.com
8c302a99-a993-4f9c-877d-1b08ae2f8060,2021-12-18T13:12:30,BRAND5,509.82,"""ehdhkbc llhaged"" <ehdhkbc@gmail.com>"
d2ee9339-895a-4b28-8fd3-35edcdda3cef,2021-12-18T13:12:30,BRAND2,851.71,ekalcaj@gmail.com
b2af1bff-6cfc-4a89-842d-cdac90ce3726,2021-12-18T13:13:20,BRAND5,888.43,ekahdbk@live.com
13257ede-676b-4bbe-91c9-c6c31095fa12,2021-12-18T13:14:10,BRAND1,15.58,"""hfadkdf blgdled"" <hfadkdf@hotmail.com>"
0ed0bc42-151b-4d63-9cab-976b079bb896,2021-12-18T13:14:10,BRAND2,678.78,afjeece@yahoo.com
dbfd159d-eb10-489a-a5f7-3455029d0429,2021-12-18T13:15:00,BRAND1,466.24,abccfdk@gmail.com
6ab82f3d-de5c-4f79-8c5f-d12ff4f41544,2021-12-18T13:15:50,BRAND2,343.79,ieefaaa@yahoo.com
a54aad15-1dac-4bbc-9681-17030a55193a,2021-12-18T13:15:50,BRAND1,546.95,"""aikcflb cjbklkl"" <aikcflb@gmail.com>"
f64a977d-fc33-41ba-8fb8-09471fff2be4,2021-12-18T13:16:40,BRAND1,630.27,"""alaligd cbbkegk"" <alaligd@appple.com>"
f29275b7-7024-4df2-9541-c041716b1093,2021-12-18T13:18:20,BRAND2,$564.10,hgbafjf@yahoo.com
9a7b8285-6124-4f93-9177-33fa343fc229,2021-12-18T13:18:20,BRAND5,146.87,eigagkf@gmail.com
a8ff6be2-29ef-45fd-8f8c-711d06c63627,2021-12-18T13:20:00,BRAND5,496.45,gkkjkfa@appple.com
c9063698-d275-4a88-81b4-ed1ff944bf17,2021-12-18T13:20:00,BRAND2,786.44,"""jiijgej fkigkef"" <jiijgej@appple.com>"
1f147276-2181-4a20-a271-7ef9cafffa83,2021-12-18T13:21:40,BRAND2,419.66,kilhijk@appple.com
1921e370-80bc-4158-90db-c7af9661af30,2021-12-18T13:22:30,BRAND5,851.56,bbiidgh@gmail.com
bdc3d123-075a-4a19-b0c3-bf3773091aa3,2021-12-18T13:22:30,BRAND5,997.09,lljlekl@gmail.com
bfd3f69a-0fab-4afc-8adf-d88e3258f2cc,2021-12-18T13:24:10,BRAND5,30.92,chfjedf@live.com
f44d5eee-6538-4dbf-95a3-c348c0182516,2021-12-18T13:25:00,BRAND5,322.70,hcdlabk@gmail.com
7b1d2a12-1099-4c09-954e-b20377fde754,2021-12-18T13:25:50,BRAND2,288.93,fliibig@gmail.com
2685bd54-6e39-4d5b-b2c6-b79de48dd071,2021-12-18T13:26:40,BRAND2,194.02,dfdcilk@gmail.com
f3de97a5-c044-440e-a9e5-b19fd7da2ccf,2021-12-18T13:26:40,BRAND5,125.35,"""kjbgefl dkkacfl"" <kjbgefl@gmail.com>"
665f99a5-82e1-45df-82a3-1e451fc4c048,2021-12-18T13:27:30,BRAND2,746.89,"""lefgibc jeijfie"" <lefgibc@appple.com>"
853dcbec-df9a-435b-be2b-9fdc95a70711,2021-12-18T13:29:10,BRAND5,864.70,"""eiliahj ieihfgf"" <eiliahj@appple.com>"
a5870429-bb0a-4528-88ed-0613f3c2fa31,2021-12-18T13:30:00,BRAND1,878.65,kfbecjd@appple.com
193012ab-0650-4e5b-a561-99791d056043,2021-12-18T13:30:00,BRAND2,754.36,"""hagkhcl ldgelde"" <hagkhcl@live.com>"
298660db-112d-4857-8336-2233ebb13f14,2021-12-18T13:32:30,BRAND2,610.54,akcfcce@appple.com
edd50fbf-0fc1-425f-bd6f-085ffbc6b41d,2021-12-18T13:33:20,BRAND2,309.89,"""fcfdcbc keealab"" <fcfdcbc@gmail.com>"
1cf83575-542a-42fe-b980-ce59f6b8798c,2021-12-18T13:33:20,BRAND5,831.56,"""hflaeed jbdlceg"" <hflaeed@gmail.com>"
d9b183f0-b26f-4569-baae-84fccc9d8245,2021-12-18T13:35:00,BRAND4,443.83,"""lgdfddd fhjchkg"" <lgdfddd@appple.com>"
03b1b8aa-2d0e-4313-b845-496173f8ffe2,2021-12-18T13:35:50,BRAND5,49.61,aidjlkg@live.com
379cd26e-5ea5-48a9-8ca9-35baaf43aebe,2021-12-18T13:36:40,BRAND1,252.94,hjgjjal@appple.com
ba0cae2a-156f-4699-93c3-6b61a49ee48b,2021-12-18T13:38:20,BRAND2,158.56,"""dhflbcl lflgjdd"" <dhflbcl@gmail.com>"
8e328105-1a34-4f6c-97d0-4bbca14b5ec1,2021-12-18T13:38:20,BRAND2,497.65,dgjjaik@live.com
bc350ae0-186e-4f55-bc2f-7fe828d926b7,2021-12-18T13:40:50,BRAND4,525.50,dfeddjb@appple.com
0d85624b-e595-4f9c-8cc8-01ecb7c89d2f,2021-12-18T13:43:20,BRAND5,22.35,gcjglbj@appple.com
62f5084b-55e2-4471-bd7f-2f73f395f682,2021-12-18T13:44:10,BRAND3,734.13,blgjebd@appple.com
ca9e5e76-8c11-43ed-867b-2c14f8148308,2021-12-18T13:45:00,BRAND2,965.21,"""gcahlkd dkcbhdg"" <gcahlkd@gmail.com>"
8f55561f-2b86-4df2-b943-f42ab42dafa8,2021-12-18T13:45:50,BRAND5,559.44,gfllgdd@gmail.com
fa22fad1-6e90-44f3-84ff-5f7e6023bdc9,2021-12-18T13:47:30,BRAND2,982.55,"""fbdieck edijjbi"" <fbdieck@live.com>"
9911fac4-c3ba-483b-985d-d300c6b7f695,2021-12-18T13:47:30,BRAND3,943.12,bdgifdb@appple.com
5668d13f-46d0-4ea8-b7f1-8764ae552ed1,2021-12-18T13:48:20,BRAND5,531.73,"""ilhbgjc cfhhgdh"" <ilhbgjc@yahoo.com>"
93d4e76b-f9e4-4be1-bfcc-44a202109783,2021-12-18T13:48:20,BRAND2,319.01,"""ifefabe dhjbgif"" <ifefabe@live.com>"
afb33bbc-73eb-44da-9306-bf7beeeaf982,2021-12-18T13:49:10,BRAND5,823.52,ligihak@live.com
21e2a45a-f599-41ed-80db-78c463c3ac52,2021-12-18T13:50:00,BRAND1,665.46,jlabhib@appple.com
581b9c43-5cd9-4371-abd8-54b1bc3cbd17,Sat Dec 18 13:50:00 2021,BRAND1,733.73,"""clbfeah celdjed"" <clbfeah@gmail.com>"
9de042d9-0560-45fd-a3c2-2128b5a55af1,2021-12-18T13:50:50,BRAND2,$561.51,"""kedbibk aibiiel"" <kedbibk@yahoo.com>"
ec83e692-07f2-49e7-812f-2bd011c4d465,2021-12-18T13:51:40,BRAND4,154.71,"""lkgahfh cejdhda"" <lkgahfh@gmail.com>"
3009da49-1cda-4b83-b2af-59d6fce681ec,2021-12-18T13:51:40,BRAND2,789.08,ghkbfll@live.com
c7ccd3cd-8645-4605-aacf-d919dc3e79ad,2021-12-18T13:52:30,BRAND5,717.12,diigfif@appple.com
8ecac877-37d8-4644-bdd4-b208c172b71c,2021-12-18T13:54:10,BRAND1,375.36,"""ejejbbf fljkabe"" <ejejbbf@gmail.com>"
cf1e7a0c-6bf6-4cc5-8475-0d507dafa970,2021-12-18T13:55:50,BRAND2,99.84,hkhkigc@gmail.com
33909a9c-1e8b-4ddf-8caa-0e139e9046e1,2021-12-18T13:55:50,BRAND2,483.41,"""gliigdj lajilel"" <gliigdj@appple.com>"
666d608b-e7d8-449a-af0d-4cae203cd45d,2021-12-18T13:56:40,BRAND5,322.85,"""cbghggd iddfabf"" <cbghggd@appple.com>"
3bd6127c-d933-4705-8f79-28ada65ca730,2021-12-18T13:58:20,BRAND2,620.07,fdaglff@gmail.com
afd977f8-4174-48e6-a48e-d1fc00f88aef,2021-12-18T13:59:10,BRAND2,275.23,djiciek@gmail.com
b220ec3a-42f8-4b81-8c13-f5f7fa70363d,2021-12-18T13:59:10,BRAND1,189.47,"""hgbjdbd kafbeah"" <hgbjdbd@gmail.com>"
b74f7286-9c5a-404a-b3e6-cba2a9ce276c,2021-12-18T14:00:00,BRAND5,379.25,"""ddkfhdk lhbhgch"" <ddkfhdk@yahoo.com>"
1bdc0582-e3f7-49cd-8b37-969d8b516731,2021-12-18T14:00:00,BRAND2,646.92,klbdikf@gmail.com
74d1f09e-b060-43d2-8f74-bdcf1e4a7cd9,2021-12-18T14:01:40,BRAND5,37.96,afcijfj@yahoo.com
e9314793-5bdb-482d-b274-0f895946ea6b,2021-12-18T14:01:40,BRAND1,636.43,"""idbegcj klkilcf"" <idbegcj@hotmail.com>"
f100d15a-3de6-4151-a395-98d1b68ed9e7,2021-12-18T14:03:20,BRAND1,527.41,eghcffl@gmail.com
17843622-228b-40f6-9e1d-d5dbb7fda46a,2021-12-18T14:04:10,BRAND5,725.40,"""djjhflc hahccka"" <djjhflc@gmail.com>"
25f48fa1-452d-4e02-b2eb-f259762487fc,2021-12-18T14:05:00,BRAND1,738.08,bffaekh@live.com
a77db9c1-1400-4eb5-afd5-b1fd227808ae,2021-12-18T14:05:50,BRAND5,740.37,fdbgdjd@gmail.com
14faadc2-53f2-424c-a3ee-6de35f317970,2021-12-18T14:05:50,BRAND3,651.21,edifbbj@gmail.com
f01ce2a7-1a01-48ba-9a57-af1a845f47db,2021-12-18T14:06:40,BRAND5,278.74,afebdfa@gmail.com
77411986-b240-4243-9d8b-0a169c87637f,2021-12-18T14:06:40,BRAND3,849.12,"""eelhghb lgjlkhi"" <eelhghb@gmail.com>"
1c623e61-603f-4ab9-ba16-36892f79e9bd,2021-12-18T14:08:20,BRAND2,911.68,dfadehi@yahoo.com
928ffd01-b4dd-48a4-8ed3-12825b6ad158,2021-12-18T14:08:20,BRAND2,400.52,gakfhje@appple.com
e3183103-c707-4f7c-b40d-b2d0f6553b7e,2021-12-18T14:10:00,BRAND2,404.99,"""dlcdibk cefhjgl"" <dlcdibk@appple.com>"
c4fc1509-24f1-49ee-b96b-f4279b3ecfa0,2021-12-18T14:10:50,BRAND2,809.50,gibcfci@live.com
e0108843-e380-42bb-9cf9-19d118529f14,2021-12-18T14:10:50,BRAND1,832.71,"""ejgkhjc cgalghj"" <ejgkhjc@gmail.com>"
19e6add6-8413-4c52-8735-61a0ae4414f4,2021-12-18T14:11:40,BRAND2,602.76,egdiede@yahoo.com
20a9f77d-3577-4d53-9c9a-0e044aab4a82,2021-12-18T14:11:40,BRAND5,865.40,"""jcdkbfc alihbhe"" <jcdkbfc@live.com>"
e61e106f-d091-4dfe-b45a-275c793d1b72,2021-12-18T14:12:30,BRAND4,673.85,jkjhlec@live.com
ed513aea-f022-48ae-ba60-892174b0acef,2021-12-18T14:12:30,BRAND2,4.57,jcefdij@appple.com
29332408-f136-4198-a4cc-c2aec1d91a4c,2021-12-18T14:15:50,BRAND1,894.57,"""eellifc fklcbch"" <eellifc@gmail.com>"
47006606-f838-4631-843d-39eeaad29700,2021-12-18T14:15:50,BRAND2,699.74,jjcjjhl@appple.com
cb89a000-f144-40ab-9805-10b8a68084d4,2021-12-18T14:16:40,BRAND5,159.62,jigejid@gmail.com
78aa6382-bde7-40fd-84c1-6a6281c2fdc5,2021-12-18T14:17:30,BRAND1,293.87,"""fafilde flbdklb"" <fafilde@gmail.com>"
80c9c828-2920-489d-a06f-b6eba79ca52e,2021-12-18T14:17:30,BRAND2,789.77,blfcgdf@gmail.com
ba21d077-8326-4463-bbc7-332333c6fa6b,2021-12-18T14:19:10,BRAND2,385.91,bdhgice@gmail.com
9300729c-d121-406b-b4b8-2deb84a7c15b,2021-12-18T14:20:00,BRAND5,169.02,"""ijiekkc hajkdkh"" <ijiekkc@gmail.com>"
87f3e8b3-ca11-468f-ad2a-6f4ddf8d1435,2021-12-18T14:21:40,BRAND1,415.77,"""ijbekji hffjali"" <ijbekji@gmail.com>"
c88dde52-6172-43eb-a372-b9e5dbe02bb5,2021-12-18T14:21:40,BRAND2,732.42,fhddajj@appple.com
2e3e5a35-a33f-40e2-b709-171edc9e26ff,2021-12-18T14:22:30,BRAND5,914.65,"""bhceelc cflhcjh"" <bhceelc@gmail.com>"
83aed1e5-8bc1-4ed2-9f89-5d5255ad11bf,2021-12-18T14:22:30,BRAND5,176.49,ebbhjjk@gmail.com
84120b76-9ca6-4767-8828-f25a98933cab,2021-12-18T14:23:20,BRAND5,223.51,chicbbi@live.com
a4e91ade-6428-4831-a526-9f78f4709b57,2021-12-18T14:24:10,BRAND2,26.39,kdbfall@gmail.com
09c2dfd6-f2ae-4846-92f7-9e30172db878,2021-12-18T14:27:30,BRAND2,245.06,"""kjkjdhh lblcjfl"" <kjkjdhh@gmail.com>"
968d2fbe-9a82-41bb-ba52-270de3e71c65,2021-12-18T14:29:10,BRAND2,417.81,gadgjdc@appple.com
248b2ee3-50d9-4df3-aa7e-cae0970f5de3,2021-12-18T14:30:00,BRAND2,723.80,"""kkkadji cledekl"" <kkkadji@yahoo.com>"
64a351de-8eea-4b33-a155-c30ce05a1bc7,2021-12-18T14:30:50,BRAND5,904.95,cblfkhd@appple.com
91e51ed6-5d87-4c64-b8dc-84c7f83dac2b,2021-12-18T14:30:50,BRAND5,667.99,"""ldcgjfg iilfcjl"" <ldcgjfg@live.com>"
8190702d-a0fa-46fa-beb3-9ceb19be8ea2,2021-12-18T14:33:20,BRAND5,728.13,lglkchi@appple.com
98685274-0d43-4186-9e07-e61ff4a0b572,2021-12-18T14:33:20,BRAND2,966.81,ddebghc@gmail.com
2d666eeb-05ee-44f1-89cd-214989b0ae19,2021-12-18T14:34:10,BRAND2,8.90,dhdgeka@live.com
8ed398a1-a154-4ef7-b97b-86146fb22b16,2021-12-18T14:35:50,BRAND1,200.74,jfbhajd@live.com
de5bc760-0760-4939-969d-5ee635ddfc27,2021-12-18T14:35:50,BRAND2,497.29,iajbiak@gmail.com
6dd83829-8c17-41d0-af0f-b3162e71f2b1,2021-12-18T14:36:40,BRAND1,202.80,ekakffi@appple.com
56bc8e29-6b4e-499a-88ad-1331ef6f5e4b,2021-12-18T14:37:30,BRAND5,733.66,"""elejkhl ebdeejg"" <elejkhl@appple.com>"
31e97568-fcf2-4c18-812e-71b91f4f7896,2021-12-18T14:39:10,BRAND5,515.60,ackddbl@appple.com
49813bfc-a297-41d5-9d0d-133fc998ee12,2021-12-18T14:40:50,BRAND1,36.17,fcillki@gmail.com
47593e32-c6e2-40f0-9ffb-b58d1f0ef69b,2021-12-18T14:40:50,BRAND2,901.11,kbhcbcf@gmail.com
e6045b84-1dae-4a03-a710-0fe35e2c9475,2021-12-18T14:44:10,BRAND2,34.06,idijgcj@appple.com
c6bebefa-30cb-4b43-bb99-370005464b8f,2021-12-18T14:45:00,BRAND2,885.68,hkbcbhb@live.com
cec58a7d-3df5-43f3-a870-e6ef3547266f,2021-12-18T14:45:00,BRAND2,619.53,bacggbd@appple.com
0644db26-4ba8-4efd-a888-80a36fff7ff5,2021-12-18T14:46:40,BRAND5,154.19,"""ligaikh hkejkfe"" <ligaikh@gmail.com>"
669de462-ec35-460d-825e-fbcbe2abb16f,2021-12-18T14:47:30,BRAND2,792.97,jghgacf@yahoo.com
7a38a046-66b6-4120-905b-a6b782abec41,2021-12-18T14:47:30,BRAND5,902.33,ibehffe@appple.com
2f5b6260-f322-4bda-8c2d-75f976d1f572,2021-12-18T14:48:20,BRAND2,498.49,"""diabgjg clceigi"" <diabgjg@gmail.com>"
bfc0ac16-d7cf-482f-8ba6-b2883f59d973,2021-12-18T14:48:20,BRAND3,675.65,clfkjee@gmail.com
8a89cfb0-6921-47ba-953e-4a40a0a22117,2021-12-18T14:50:00,BRAND5,897.03,cblbcej@gmail.com
5f3ee3d4-3f49-455c-997a-4607cb59f38f,2021-12-18T14:50:00,BRAND2,740.03,"""eedfkai alekjkc"" <eedfkai@gmail.com>"
24d89eeb-b750-4ca7-8b06-651b451eccc0,2021-12-18T14:51:40,BRAND1,546.17,"""jbblaeh ddljeci"" <jbblaeh@gmail.com>"
2e90d94c-fac9-48ac-b86f-f6543b337d12,2021-12-18T14:51:40,BRAND1,240.84,hlgffhe@gmail.com
0c9df051-3c7e-42a7-ac3e-3ad91ab2c932,2021-12-18T14:53:20,BRAND2,194.33,"""idhkbdh aahgeji"" <idhkbdh@gmail.com>"
d247d779-e859-4fc6-8150-11ad5413e5a8,2021-12-18T14:56:40,BRAND2,533.58,"""kgdgiik gedllhj"" <kgdgiik@gmail.com>"
49bd569d-ee47-4f89-a92f-bce05a468049,2021-12-18T14:56:40,BRAND5,577.44,"""lgiadhb clbkeef"" <lgiadhb@gmail.com>"
42a9e112-6ade-459e-b9bc-2fc728a52f5a,2021-12-18T14:57:30,BRAND2,729.96,"""gdagcck cfgajkf"" <gdagcck@gmail.com>"
7d25ec7d-4bff-4d68-97e5-b488f1361e86,2021-12-18T14:59:10,BRAND5,825.63,chlljej@gmail.com
5d310a16-3004-4ec0-8af0-67825583c4eb,Sat Dec 18 14:59:10 2021,BRAND1,735.23,fddhhjf@appple.com
8631df81-cea9-4cd1-8004-ba484f4931e9,2021-12-18T15:00:50,BRAND5,267.66,"""cickcbl lkafcjj"" <cickcbl@appple.com>"
4c579d1d-080c-40e9-915e-5901ffefcbfb,2021-12-18T15:00:50,BRAND1,949.26,"""dkjiaig ceieeab"" <dkjiaig@appple.com>"
c97da2c2-d97e-4775-9dc2-c9a0d09f5385,2021-12-18T15:01:40,BRAND2,894.05,"""ifajjec bchhidi"" <ifajjec@appple.com>"
84fedd3c-e494-4c25-ae2d-30bbfb6da7f8,2021-12-18T15:04:10,BRAND2,72.59,bfbikdb@gmail.com
cd7458ac-40aa-4336-b1ac-c7939da612a8,2021-12-18T15:04:10,BRAND4,107.46,falljcf@gmail.com
f26a2929-9242-4ea5-beef-5308665cf5e9,2021-12-18T15:05:00,BRAND2,641.93,lackfeb@yahoo.com
b9279fa1-4169-4960-9503-38461fc5b51c,2021-12-18T15:05:00,BRAND5,563.07,"""iajdjlk bglahcl"" <iajdjlk@gmail.com>"
ad1c5c01-561b-4109-9943-4e5e96041a49,2021-12-18T15:05:50,BRAND5,917.44,"""djbkhdb ckhbkdl"" <djbkhdb@appple.com>"
5bf9efdd-0a3a-4d9c-8848-48f5e54eba75,2021-12-18T15:08:20,BRAND2,336.84,"""kaigkfe fgbidli"" <kaigkfe@gmail.com>"
e86e7ac5-0863-4f27-ad00-807720722d20,2021-12-18T15:08:20,BRAND4,931.35,aegkhjj@gmail.com
6c5880d7-8081-40e1-97ad-8c46dd709224,2021-12-18T15:09:10,BRAND5,737.22,"""ifildde jgkgejg"" <ifildde@gmail.com>"
3f85c77b-5da2-4a9c-b3bc-a6cf6115469f,2021-12-18T15:10:00,BRAND2,116.54,lcdafdh@gmail.com
7ac4e2e3-f3d1-4a83-aae9-ac201ac6011b,2021-12-18T15:10:00,BRAND2,881.58,aabiihh@live.com
23d93cea-e972-4429-96b4-0cb3d9c3fd5b,2021-12-18T15:10:50,BRAND1,898.01,egiddcl@hotmail.com
afbb9a3a-bfb4-4410-b064-41b395bbe91f,2021-12-18T15:11:40,BRAND2,278.65,"""ljdigdk hfbhglf"" <ljdigdk@gmail.com>"
ad80c933-5be7-40f7-84b3-3d8e6bbaca04,2021-12-18T15:13:20,BRAND1,560.01,lbkafic@gmail.com
31a0f27a-4bf3-427c-88e7-93bbfae0649f,2021-12-18T15:13:20,BRAND1,871.16,"""diiiaia kcjhhhg"" <diiiaia@appple.com>"
14faba6c-0e65-4fca-9f92-e55e9839d498,2021-12-18T15:15:00,BRAND2,319.49,eblghab@appple.com
38271d9d-4174-46bd-aea2-dcef364d3791,2021-12-18T15:15:00,BRAND5,823.12,"""deebfbc ffckhbl"" <deebfbc@gmail.com>"
8e29f8b2-8e60-45da-9c7f-c257103ac849,2021-12-18T15:15:50,BRAND2,768.74,ighifbc@gmail.com
c3f916fd-a53c-466c-ba85-ed2bfa2ab108,2021-12-18T15:17:30,BRAND2,238.10,jigcheb@appple.com
55b61b02-c349-4556-a308-762a00bdb4c7,2021-12-18T15:18:20,BRAND2,435.77,elklahl@gmail.com
95b33619-9ff0-41a2-8a2c-5f8a7f490c56,2021-12-18T15:19:10,BRAND1,922.47,"""aefckka djiajil"" <aefckka@appple.com>"
cdb95e82-fbc8-42f5-8d5f-02b2c80de005,2021-12-18T15:21:40,BRAND1,$469.55,"""igbdgaa hfgajgh"" <igbdgaa@live.com>"
9df36318-048d-4fd9-b175-0b8774f45c12,2021-12-18T15:24:10,BRAND2,297.37,lhjabci@live.com
481fc888-01f3-4a51-986a-51bdaa9e0638,2021-12-18T15:24:10,BRAND2,657.52,dafhgbh@yahoo.com
3d4eefd9-3556-4b6e-9a4c-80e5ab5a7e78,2021-12-18T15:25:00,BRAND2,994.33,iccehhd@appple.com
8b7bcac5-af38-426d-9fd6-ce3b98185377,2021-12-18T15:25:00,BRAND2,$693.39,bajcljh@appple.com
2c60e9c9-ea4c-43c0-a82a-af21272df690,2021-12-18T15:25:50,BRAND2,27.42,"""hadfcib fijikif"" <hadfcib@appple.com>"
5f367cf2-5c4a-4fd8-8e03-0701173a6324,2021-12-18T15:28:20,BRAND5,19.05,lbehhlk@appple.com
81a16199-8711-4901-a420-a1f512e99449,2021-12-18T15:28:20,BRAND2,413.10,ghadibd@appple.com
3ef5cc58-93f4-4633-83a5-f7980f1ed565,2021-12-18T15:29:10,BRAND2,797.46,ecjilbh@yahoo.com
45004c0c-2e32-460f-9878-f4a91d109b03,2021-12-18T15:30:50,BRAND2,277.94,akklagd@appple.com
681b9f02-f796-4152-bed5-8ef972deb8bc,2021-12-18T15:30:50,BRAND2,417.12,ikefldl@appple.com
0d5cd3ea-ff9c-48da-ab34-fbd4430ead89,2021-12-18T15:31:40,BRAND1,266.59,agdffeh@appple.com
df828b16-ec8b-4125-92b3-662728e461f6,2021-12-18T15:31:40,BRAND2,46.14,"""ckhdjaa gbgibhl"" <ckhdjaa@live.com>"
dc277c27-505e-4065-a96b-4405c55132e7,2021-12-18T15:33:20,BRAND5,215.10,fbagbij@appple.com
c5f18d07-eacf-45e5-b294-3238461b080c,2021-12-18T15:34:10,BRAND2,418.96,"""belbdeh gfhdlff"" <belbdeh@appple.com>"
655906e3-4dd1-4529-ab02-c5930a83477f,2021-12-18T15:34:10,BRAND5,634.11,"""ejggegh hgjedhc"" <ejggegh@gmail.com>"
5ccea777-9711-4f68-8412-d86d3c6cc46e,2021-12-18T15:36:40,BRAND2,596.49,kldliih@live.com
8e763d4e-2115-4e93-92f5-cff5681c033b,2021-12-18T15:37:30,BRAND2,777.15,"""gjeilhk gbbgkgf"" <gjeilhk@gmail.com>"
68e7c503-a121-47f5-8d30-883da8e6161a,2021-12-18T15:38:20,BRAND5,693.55,"""dihaigd fdbcbbk"" <dihaigd@appple.com>"
2dde6f56-646a-410d-9f38-71b5ba2bed15,2021-12-18T15:40:00,BRAND5,929.00,"""ihdfidj dkccfch"" <ihdfidj@yahoo.com>"
cefd5ae4-c568-4696-b62a-870123c4e930,2021-12-18T15:40:50,BRAND2,519.41,hiljheg@gmail.com
7a6d59ed-9783-44b2-8a4f-505e409d4ed6,2021-12-18T15:41:40,BRAND4,437.04,"""jdeeijb bggaidb"" <jdeeijb@live.com>"
3aa8cc28-fe2c-4083-ad43-5fa30dd30381,2021-12-18T15:44:10,BRAND3,762.67,jjbebhk@gmail.com
58922c96-5821-4cf6-95a9-6139db2be591,2021-12-18T15:44:10,BRAND3,347.10,"""blhigbc kicahaa"" <blhigbc@live.com>"
8a066520-23ff-4c2e-ac3a-e73a06517e90,Sat Dec 18 15:47:30 2021,BRAND2,486.17,fdifghe@appple.com
25d4f080-5375-4a33-a183-c51b34f7dbe7,2021-12-18T15:50:50,BRAND4,529.69,clclggl@live.com
98433d15-87c7-49b5-9d20-e8d52094fb6d,2021-12-18T15:50:50,BRAND5,948.13,"""gjeelij bjibbae"" <gjeelij@gmail.com>"
ece421f1-128e-4922-86c7-3f7309ebc46d,2021-12-18T15:52:30,BRAND1,465.36,aiaafec@live.com
5c3fcef5-8e4f-4f4e-8a6d-7c2b80b6f57e,2021-12-18T15:52:30,BRAND1,959.02,defhael@gmail.com
376efc5a-42d8-47cf-8cda-c59cd0c4588c,2021-12-18T15:53:20,BRAND2,743.25,hjlhfdh@live.com
7711e035-bcb6-4d0c-9bf4-e766a3c4d36d,2021-12-18T15:53:20,BRAND2,199.55,lgfjbac@live.com
b68344a7-122e-409c-9f5a-06af9ba5752a,2021-12-18T15:54:10,BRAND5,776.15,fbfhidc@gmail.com
b6ec7536-9d74-469a-a41e-c634d33c1b0b,2021-12-18T15:54:10,BRAND1,209.69,hbifcjd@appple.com
945aea3b-70be-413f-b8e0-e08fe2acbbbe,2021-12-18T15:55:00,BRAND4,900.97,"""efficfk bcleeeb"" <efficfk@gmail.com>"
30f357bb-86dd-452d-b051-08dfb0e0ecf8,2021-12-18T15:55:00,BRAND2,166.92,helgbig@hotmail.com
2b7db125-f44f-4137-9f6d-35c225de808e,2021-12-18T15:55:50,BRAND2,851.05,hcfllcl@appple.com
5739b21b-cbda-4f43-befc-ea3168b39441,2021-12-18T15:55:50,BRAND2,617.34,"""blgacad ageccgb"" <blgacad@appple.com>"
1a080ae5-1e0f-4086-bdb5-7cde17d39213,2021-12-18T15:56:40,BRAND1,139.92,"""kdhdbfd eeidgld"" <kdhdbfd@gmail.com>"
3d1c1663-49e2-4077-a65a-50c6ecc00d55,2021-12-18T15:57:30,BRAND1,761.56,jhjlhgf@gmail.com
12bb6952-9eb8-437c-a9bc-942eea35d47d,2021-12-18T15:57:30,BRAND5,324.74,"""lbkicga hikiabl"" <lbkicga@yahoo.com>"
b156175b-ad1b-4982-b720-91a730f45a9e,2021-12-18T15:58:20,BRAND5,600.31,iicjklh@gmail.com
1a7c5c90-b680-4387-90c3-780923135bbc,2021-12-18T15:58:20,BRAND2,184.01,"""gidacji jgdfhdj"" <gidacji@gmail.com>"
a3b0cad5-2394-404e-a803-17d0594c6d6d,2021-12-18T15:59:10,BRAND2,535.97,"""ecdhcik fglilbl"" <ecdhcik@live.com>"
990cc6b7-1fd2-45b7-80ea-4f2f4093c5df,2021-12-18T15:59:10,BRAND5,506.80,kilbcbj@gmail.com
d5ad79ef-b251-451d-8d03-efd085b805a6,2021-12-18T16:00:00,BRAND1,295.99,kegiggg@gmail.com
e3b74756-1f2d-4737-9107-d0e053bf86c7,2021-12-18T16:00:00,BRAND2,172.37,"""ilidied iccbjgg"" <ilidied@appple.com>"
0f619a3c-aa76-4e2b-a7f6-45ab387ec8e3,2021-12-18T16:03:20,BRAND1,42.38,lcebbak@gmail.com
f04693a4-e99e-4549-b0e4-13a7448aea99,Sat Dec 18 16:04:10 2021,BRAND5,760.02,afieaca@appple.com
047f1ba9-5034-4b71-a290-9a451508d327,2021-12-18T16:04:10,BRAND2,508.55,elhgbfi@gmail.com
7f50588f-33cb-4871-ba71-02417ac012ee,2021-12-18T16:05:50,BRAND2,147.42,iibjfbd@appple.com
a115dbbd-6767-439a-adff-9293646484db,2021-12-18T16:06:40,BRAND3,837.01,hkbkila@hotmail.com
661071d8-6933-4c5c-8024-86e16930ba02,2021-12-18T16:07:30,BRAND1,791.30,hgkflbc@live.com
a82663a9-246f-480c-acfb-9a80ca483076,2021-12-18T16:10:00,BRAND1,513.68,"""ghcikjj fbkfcah"" <ghcikjj@gmail.com>"
d47f257b-79bd-40ac-a603-a4baa7299007,2021-12-18T16:10:00,BRAND3,784.76,kahekba@gmail.com
0cbf44aa-d27f-4a9f-8b1b-d29b8b3dca66,2021-12-18T16:10:50,BRAND3,608.98,"""iledlhj gjkcbbe"" <iledlhj@gmail.com>"
8b266f35-c8c8-4d0b-9b67-a0dd830183fc,2021-12-18T16:10:50,BRAND1,371.50,"""hjhijlk dielcih"" <hjhijlk@live.com>"
e4ec8e8a-9208-4a94-9892-754c99d6a938,2021-12-18T16:11:40,BRAND2,52.60,gchilab@live.com
cafcdbc8-1ed7-4788-97e9-a67a8d8e202c,2021-12-18T16:12:30,BRAND2,813.18,"""cbkadjk hbafidc"" <cbkadjk@appple.com>"
0945ae5b-4936-4863-9c06-8af2903a3549,2021-12-18T16:13:20,BRAND2,76.07,dalbdkf@live.com
ad8e74ee-caed-44d5-bb19-25e2753cbe34,Sat Dec 18 16:13:20 2021,BRAND2,482.66,ajdfbdd@yahoo.com
21d64553-812e-4304-8ff2-c061a1ac3dcd,2021-12-18T16:15:00,BRAND2,872.72,caideba@gmail.com
64932c4b-b632-4e32-8edd-4c33d3da6b64,2021-12-18T16:15:00,BRAND2,471.59,"""ilhkfkb aekjkle"" <ilhkfkb@gmail.com>"
9368dc45-ac25-49eb-825b-c43e4da979be,2021-12-18T16:15:50,BRAND2,144.47,glhickc@gmail.com
3c8f9498-a0b6-4541-b150-cef80eb078d0,2021-12-18T16:15:50,BRAND5,426.92,kkegklg@gmail.com
75f42034-6c00-438e-bd70-8d1c2eb651d0,2021-12-18T16:19:10,BRAND2,834.98,"""fhhbjfk kilegje"" <fhhbjfk@appple.com>"
9484baea-1ca0-4231-ba90-8f26f5739d9e,2021-12-18T16:20:00,BRAND5,488.13,"""hdgilhe lididba"" <hdgilhe@gmail.com>"
507a58df-4eb9-4aeb-87be-0e9f59c0c36d,2021-12-18T16:21:40,BRAND2,229.42,aallflg@appple.com
f53ed34c-8304-4ca9-90c2-40a217324f0c,2021-12-18T16:24:10,BRAND5,887.74,fccaadj@gmail.com
8f36de47-8702-402c-945d-b6b8e400bddc,2021-12-18T16:24:10,BRAND5,483.21,lkbbjgj@hotmail.com
d4ff7a63-6ce7-4031-b13a-3997abc19438,2021-12-18T16:25:50,BRAND1,290.11,bfddibe@live.com
5b05dccb-2e57-4026-880c-f898fcb254ee,2021-12-18T16:25:50,BRAND5,243.49,agagdak@gmail.com
16edba27-6d1e-4a2e-add1-eeca32a7aa66,2021-12-18T16:28:20,BRAND5,433.95,lfkfdha@live.com
045ff43f-ff16-4b22-8b22-27e192c94174,2021-12-18T16:28:20,BRAND4,143.41,"""bbgdfdd ahkibbh"" <bbgdfdd@hotmail.com>"
75a4f2bd-6f87-4fca-8e40-81a870501176,2021-12-18T16:29:10,BRAND2,620.19,"""adegchb gkaljac"" <adegchb@hotmail.com>"
28423561-9af5-4df9-944c-999de7841d2f,2021-12-18T16:30:00,BRAND5,637.60,dikldah@gmail.com
35b1b365-b51a-4297-a610-aea905ee0e79,2021-12-18T16:30:00,BRAND2,994.58,lejgjji@appple.com
da8c5132-d18f-49a7-aaf0-5db328aa0173,2021-12-18T16:30:50,BRAND5,56.12,"""hfageci kejfjhg"" <hfageci@gmail.com>"
ef9a9b75-b938-4155-bd19-beb35b438ca4,2021-12-18T16:30:50,BRAND1,906.72,gifdhfe@live.com
3f389cee-452c-40b3-a4ed-9edcdc8ab60d,2021-12-18T16:32:30,BRAND2,541.03,lgadfge@gmail.com
23620a68-2737-4e3e-8e4a-183bdd97281d,2021-12-18T16:32:30,BRAND2,834.05,cikhibd@gmail.com
c1a63231-f568-417f-af0d-c505b8736640,2021-12-18T16:33:20,BRAND1,786.28,"""lgflabf kjdgkhl"" <lgflabf@live.com>"
6d2b4395-26c8-4318-be96-6b617d7858fb,2021-12-18T16:33:20,BRAND5,707.52,"""fedglai cckbbgi"" <fedglai@yahoo.com>"
03c478ae-75ad-426e-94d9-a46388f94435,2021-12-18T16:34:10,BRAND5,460.40,hdakjgi@gmail.com
ab041ee5-e14c-4e10-a7de-e2b661e0801f,2021-12-18T16:34:10,BRAND2,678.75,ilcahdl@gmail.com
a5247f75-6334-4d85-b8bb-d9cea38325bf,2021-12-18T16:35:50,BRAND2,867.45,lcjlckl@appple.com
0f47ad10-0eb1-47f1-88ae-f3ab75a11654,2021-12-18T16:35:50,BRAND5,559.00,ahefkfa@gmail.com
ad8483c0-8c7e-4371-a56c-89a3961efde0,2021-12-18T16:36:40,BRAND3,969.73,fcacbga@appple.com
cf20e400-8cb3-4675-9872-b96b62dfe60f,2021-12-18T16:36:40,BRAND3,220.06,bhjhjbl@appple.com
af1bbe6a-81be-4a68-a582-e9e02bc9a29f,2021-12-18T16:38:20,BRAND1,226.41,idgdbhb@appple.com
1fd0018b-9dea-495f-aca9-0b92687fdf2e,2021-12-18T16:38:20,BRAND2,145.28,lealjjl@gmail.com
c21e7d01-5fad-4115-a3b1-e8f209e43043,2021-12-18T16:39:10,BRAND1,60.39,"""geclhef igkbead"" <geclhef@gmail.com>"
9ab31cfb-db83-4b19-b5e6-fb8dc82e583f,2021-12-18T16:39:10,BRAND5,41.06,"""jiadjbc hbgific"" <jiadjbc@gmail.com>"
d89dfeb0-e0e1-4b41-887c-91b973641e60,2021-12-18T16:40:00,BRAND4,377.16,"""edljelk adldblb"" <edljelk@gmail.com>"
5549546a-fc02-42f3-b0ab-8eb0d813df8f,2021-12-18T16:40:50,BRAND2,993.88,"""lldacca jkggcdb"" <lldacca@yahoo.com>"
aab21142-f964-408f-868e-bdc75bde6e4c,2021-12-18T16:42:30,BRAND5,12.95,gchjlci@gmail.com
24623200-67bd-4b5f-8826-fcdc98bfc775,2021-12-18T16:43:20,BRAND2,91.88,"""diiiiij cddchic"" <diiiiij@live.com>"
248cd1b9-565e-43da-937c-bf366a6e5f9b,2021-12-18T16:44:10,BRAND5,119.53,efgfijj@yahoo.com
a643ac14-a0be-4844-9df5-93a64442ea27,2021-12-18T16:44:10,BRAND2,833.23,agkbcli@gmail.com
4ae64fea-892f-4f53-a27a-4d298dfa25ea,2021-12-18T16:47:30,BRAND5,43.66,"""gjdjfba cclhgaa"" <gjdjfba@gmail.com>"
dcc1c221-ae91-4326-84ff-d4bec3821017,2021-12-18T16:47:30,BRAND4,772.86,"""gjkfjeb eafkdhc"" <gjkfjeb@appple.com>"
60f45031-894f-4dee-9049-68294d7704a6,2021-12-18T16:48:20,BRAND5,463.42,kjbjjgb@appple.com
ed7e0e8b-9768-486d-a611-4e23e8a31985,2021-12-18T16:49:10,BRAND2,180.85,dffckec@appple.com
7587edcf-6d68-452d-8d2d-4e5e18f88b97,2021-12-18T16:50:00,BRAND1,576.57,"""cbkiaic cbkbaae"" <cbkiaic@appple.com>"
544bb0b7-1ff1-4f22-81a2-e11fb18f1243,2021-12-18T16:50:50,BRAND1,433.13,llaagcb@gmail.com
70e346a1-bc40-4264-a5a2-daf2f6cc9858,2021-12-18T16:51:40,BRAND2,211.07,"""ghflckh clkdlli"" <ghflckh@gmail.com>"
ffa620c6-0cb6-4315-8e73-e94cc552818a,2021-12-18T16:51:40,BRAND3,266.13,bdifgdh@gmail.com
39c7b4ed-f385-4d3a-857b-eb0b4bc153f6,2021-12-18T16:52:30,BRAND2,78.32,idgekdh@appple.com
2ac2bd70-6a6e-4200-80bb-962dbf9db74c,2021-12-18T16:52:30,BRAND2,795.79,ijddhjd@gmail.com
4cc9d714-b693-4f03-9122-c3a64c85efe6,2021-12-18T16:53:20,BRAND2,924.55,"""idlaali cgkgkja"" <idlaali@live.com>"
f639add1-1a92-4873-9be8-086c97fac124,2021-12-18T16:54:10,BRAND1,280.55,lfigdbd@live.com
f51edb2a-9619-4a98-99dc-48acb203b12a,2021-12-18T16:54:10,BRAND1,374.48,khjehlk@gmail.com
f2f83dea-32c7-4924-b41e-6525bc6ee9a2,2021-12-18T16:55:00,BRAND2,219.19,ahbbeei@gmail.com
8630713b-6adf-4542-ae43-6bd3f274c0b2,2021-12-18T16:55:00,BRAND2,500.97,cegihhc@live.com
1abd3521-1a27-491f-93e2-f0049cb89dc6,2021-12-18T16:56:40,BRAND5,944.20,"""cjfhcgd befdcdi"" <cjfhcgd@appple.com>"
f6225857-687e-43a5-9dc5-35e904d18f77,2021-12-18T16:56:40,BRAND2,909.45,flbkjab@gmail.com
124b3abc-1ae5-42dd-a1ed-4b28c8f09005,2021-12-18T16:57:30,BRAND5,25.14,aajcgab@appple.com
85a5433b-2bd9-462b-bf6b-33152e479a8c,2021-12-18T16:57:30,BRAND5,104.22,dcehlaj@live.com
201b4bc9-1234-44d5-8ab0-cbe673ac4c69,2021-12-18T16:58:20,BRAND5,624.22,ifedcfi@yahoo.com
3434d868-b40a-4b34-9c77-a4b125229199,2021-12-18T16:58:20,BRAND2,314.46,iglbhcb@appple.com
2ad99ffb-69e5-4af3-b4b0-a3bc95a680ee,2021-12-18T17:00:00,BRAND2,143.60,gbeffdf@appple.com
e69b28ce-d51d-417d-bfb9-f989cd8cb88c,2021-12-18T17:00:00,BRAND1,535.60,gccddkj@gmail.com
f399aa30-17aa-454f-9f69-b2366f48d2e6,2021-12-18T17:00:50,BRAND5,636.48,hfhfbbl@gmail.com
81b85c71-6ed5-4b8a-b0df-94d7fc699457,2021-12-18T17:01:40,BRAND4,124.73,"""edjjjeh hbiflkk"" <edjjjeh@gmail.com>"
76308773-5396-4bde-ada6-1452fa829f65,2021-12-18T17:02:30,BRAND4,54.38,jlabdad@gmail.com
adf9430c-2dce-4b7a-9aff-da9f324cecee,2021-12-18T17:03:20,BRAND5,370.07,ahlibii@gmail.com
f1c2d12d-89af-49f6-b24a-ecbfe5e90e93,2021-12-18T17:03:20,BRAND2,9.22,fgkgacb@gmail.com
9d5fb70c-4d88-48c4-bfd2-df9ea5b01b1e,2021-12-18T17:06:40,BRAND1,971.49,"""hkihfji hclakai"" <hkihfji@gmail.com>"
3c5b3d8c-2f36-4b23-96f8-2780972d1bc9,2021-12-18T17:08:20,BRAND5,766.21,bblfdck@gmail.com
ecefc84d-759b-4d3c-911c-0ef08f2236bd,2021-12-18T17:08:20,BRAND2,6.34,cekkgbl@gmail.com
b22dd192-ffdf-4f64-a755-db7973206829,2021-12-18T17:09:10,BRAND5,122.89,"""lcaiggd lgkckbk"" <lcaiggd@appple.com>"
937e49bd-e86e-4a43-973a-931f5319bbe1,2021-12-18T17:09:10,BRAND2,189.76,ffciafi@gmail.com
4546c62a-8a13-4057-8dfd-84c13dcb6341,2021-12-18T17:10:00,BRAND2,42.51,akgcggj@appple.com
5178b5f4-5fd8-439c-9fcb-302b9f90fc9e,2021-12-18T17:10:00,BRAND2,$116.71,klbfjed@gmail.com
d8e1b7be-f5a6-4044-98fb-2b4c03489143,2021-12-18T17:10:50,BRAND5,350.74,hcgbigk@appple.com
c3873394-e2fc-4904-8810-527689caaed2,2021-12-18T17:11:40,BRAND1,80.02,gbgcjhg@live.com
2a5b7699-fdbe-4f6f-ac37-8442f0f0e604,2021-12-18T17:12:30,BRAND2,534.33,fckklff@yahoo.com
593ed144-7349-46b0-92c1-39203c216021,2021-12-18T17:15:00,BRAND5,205.19,"""ikcjiah ecibahk"" <ikcjiah@yahoo.com>"
fa64f61b-6417-4fc4-957e-5f989269ec34,2021-12-18T17:16:40,BRAND5,443.50,ifdjfik@yahoo.com
e07d5c4b-49b8-4621-b2d0-756672fc9b84,2021-12-18T17:16:40,BRAND1,937.56,hhfadhd@gmail.com
b80b685e-ffc7-4160-bd44-6cd2fee6b127,2021-12-18T17:18:20,BRAND2,148.60,lcfgjlf@gmail.com
0b0db22c-df6e-4dfa-9e63-f987f5dc4115,Sat Dec 18 17:18:20 2021,BRAND4,288.47,"""lbeghcc iicbcci"" <lbeghcc@gmail.com>"
5ddbc72d-8204-4a49-8332-523bd0f21180,2021-12-18T17:19:10,BRAND2,126.08,"""hcgbfia ckdkiki"" <hcgbfia@appple.com>"
da46a6be-ea57-49f4-8cdd-fa1c87fd8b58,2021-12-18T17:19:10,BRAND2,923.97,fdkidjl@appple.com
462afd83-c2a3-4394-8531-35a478987eb9,2021-12-18T17:20:50,BRAND2,712.23,"""jifdjdg bbahkfi"" <jifdjdg@appple.com>"
82cd4dde-8353-4304-8ac7-b3a744e6b1bf,2021-12-18T17:20:50,BRAND2,252.64,"""ggggfaa iibiefi"" <ggggfaa@appple.com>"
7f6ecb26-da01-4875-b3b2-978a70541ef8,2021-12-18T17:21:40,BRAND1,11.81,aafbach@live.com
444bf6fa-f03c-432c-93cb-aca9ac697f19,2021-12-18T17:21:40,BRAND2,360.59,"""kbaehii fdabejl"" <kbaehii@yahoo.com>"
83e8c266-9e3a-4058-8034-7f61f15aad7e,2021-12-18T17:23:20,BRAND1,890.15,fegdaab@gmail.com
c4aa90d1-ceaf-445a-beb7-eba39ba4f9c9,2021-12-18T17:24:10,BRAND1,385.60,gjbgega@gmail.com
c759578a-53d9-4e84-a9af-a34cfff325d2,2021-12-18T17:24:10,BRAND5,635.36,dfgjbib@gmail.com
43bcd32d-adf2-47fb-89ad-189709629a22,2021-12-18T17:25:00,BRAND2,236.82,fjbfgbl@gmail.com
2dbe9a9c-4fcf-4321-a111-688b1a6399c0,2021-12-18T17:25:00,BRAND2,471.07,bcbface@gmail.com
1fc403c4-7c25-4aea-84ad-a1ecfbac470e,2021-12-18T17:27:30,BRAND4,675.79,aiabbcj@appple.com
7b770110-e312-4f83-9fe7-bd183a13f7af,2021-12-18T17:29:10,BRAND1,350.96,"""afhjhjk hehbgef"" <afhjhjk@gmail.com>"
11937f36-b1bf-4c20-ac56-391a6772e1d3,2021-12-18T17:30:00,BRAND2,457.94,hbaefgh@appple.com
07d4e8bf-c28a-43b4-a142-4a293d58100b,2021-12-18T17:30:00,BRAND2,994.27,gbegdld@appple.com
b50155bd-536a-4b6b-a9aa-359e478fc05c,2021-12-18T17:30:50,BRAND5,54.58,adhcgkh@gmail.com
d7afd8a6-e097-4e6c-bd26-49f583163c07,2021-12-18T17:30:50,BRAND1,159.82,gakejlk@gmail.com
70c9598e-3611-4b2b-b855-9b34f594f355,2021-12-18T17:32:30,BRAND2,861.87,bjgbjaa@gmail.com
c9d17974-f03c-4b29-97f9-28e2864879a0,2021-12-18T17:33:20,BRAND5,794.08,edgfcli@gmail.com
89099d4f-059a-466c-9762-178322141fff,2021-12-18T17:33:20,BRAND2,131.66,"""agjeica iidhhie"" <agjeica@hotmail.com>"
0e4f0973-b183-46ff-8ae3-320f6d99e7cb,2021-12-18T17:34:10,BRAND2,367.38,"""dghkfkg ilkegkd"" <dghkfkg@hotmail.com>"
b18afb35-988b-4f7f-9bf3-cd81765d727a,2021-12-18T17:35:00,BRAND1,495.70,bfcjcbd@appple.com
4146a640-81ec-4698-a2cd-c192f4fce046,2021-12-18T17:35:50,BRAND5,517.25,ghlcaij@gmail.com
0b21576d-f007-4535-8932-33bf58c0e87d,2021-12-18T17:35:50,BRAND5,911.44,deccfkg@appple.com
1dcae04c-1912-4da1-bfe3-84a2d38042eb,2021-12-18T17:37:30,BRAND1,386.81,"""hdaaegh kkacjlb"" <hdaaegh@yahoo.com>"
1c927052-927a-4a21-8301-9325cd6d2dd6,2021-12-18T17:37:30,BRAND2,91.95,"""lcffhek kgjldba"" <lcffhek@gmail.com>"
c82967e6-5a2c-4e23-8272-6061b4b0b646,2021-12-18T17:39:10,BRAND5,363.57,ffcegge@appple.com
05af7bb2-0011-44ba-95dd-273127fcf491,2021-12-18T17:40:00,BRAND2,160.28,"""icakdfh adfklgc"" <icakdfh@appple.com>"
19f1b3ef-bd66-4ea2-934b-e1a1a2da1148,2021-12-18T17:40:00,BRAND2,35.63,"""lgadgkf gifeafh"" <lgadgkf@appple.com>"
db25251c-deac-4bfb-bea2-73227c21685d,2021-12-18T17:40:50,BRAND2,276.45,jgalael@yahoo.com
06c5c7ff-e70a-4977-98af-c963df07587f,2021-12-18T17:41:40,BRAND2,989.26,"""fakhagc blkgead"" <fakhagc@gmail.com>"
fac6e109-0bbc-44ba-b97a-b389bdb3d7d1,2021-12-18T17:41:40,BRAND1,955.33,kaidcaj@appple.com
a443588a-cd55-4c12-80dc-b759490b43bd,2021-12-18T17:42:30,BRAND2,761.77,jiflhif@gmail.com
0137738d-e098-47bd-bd80-47b2bb38e520,2021-12-18T17:42:30,BRAND2,300.51,"""ehblhel ahjlfli"" <ehblhel@live.com>"
052dfc07-4a32-456c-ac5b-a833718d348b,2021-12-18T17:43:20,BRAND2,878.50,"""ikjfdea gikjaga"" <ikjfdea@live.com>"
01f024b0-cdbf-4baa-b505-c0b481f6e6fc,2021-12-18T17:44:10,BRAND5,360.30,iifddej@gmail.com
53726f92-9ed5-4381-8979-d6a0ed8a2047,2021-12-18T17:44:10,BRAND2,664.61,iedacig@appple.com
e27d5234-e476-41e1-b3af-ab9ffe536bd8,2021-12-18T17:45:00,BRAND2,119.43,gaglaid@appple.com
29426825-8478-4943-8801-742b7f16054d,2021-12-18T17:45:50,BRAND2,283.60,bfbagei@gmail.com
0f545483-a8e9-45bd-80bd-6b0d418bb8f9,2021-12-18T17:46:40,BRAND2,202.44,gjgfbjj@gmail.com
129f8a7e-856b-48b4-b61b-7a1beca92d3e,2021-12-18T17:48:20,BRAND2,560.60,"""lbgfabh cgijfjk"" <lbgfabh@appple.com>"
a8575f30-b6bc-4495-af0c-ee5105d7b4ee,2021-12-18T17:48:20,BRAND2,405.08,hfbicbj@hotmail.com
ec40bc19-e226-4dc8-98e6-f78821b35a67,2021-12-18T17:49:10,BRAND5,461.04,gkialjl@gmail.com
96febcc8-675e-4a04-812b-0dd052ca093f,2021-12-18T17:50:50,BRAND2,514.95,kighdhj@gmail.com
136ff1a8-9660-4510-b1cc-ab308d46d79d,2021-12-18T17:50:50,BRAND5,908.37,"""flkkbhi kahjjha"" <flkkbhi@gmail.com>"
6f004e60-5947-4901-b409-1d37a0482712,2021-12-18T17:52:30,BRAND5,214.08,egjdaig@appple.com
1c8edebe-d0c0-4228-9b24-6cf5707c0112,2021-12-18T17:54:10,BRAND5,373.18,lcheaaj@gmail.com
8bcdd391-b196-4421-9302-438226d40464,2021-12-18T17:54:10,BRAND2,262.87,"""bdgdbjh hbgaehj"" <bdgdbjh@appple.com>"
2b07f244-22da-4da4-ab82-b1a3d4229d01,2021-12-18T17:55:50,BRAND2,243.59,"""ffbcbei lgglbid"" <ffbcbei@gmail.com>"
7e1cf51a-490f-46dc-a49c-06d545cd89e1,2021-12-18T17:55:50,BRAND5,27.26,ecghkei@appple.com
b2565b9b-7d7a-4dc5-9571-6b97fea803aa,2021-12-18T17:56:40,BRAND2,626.21,ajkjjkk@appple.com
a4d45f94-0969-461e-9cdb-4cdd1ca63f21,2021-12-18T17:56:40,BRAND2,366.07,"""cbbclkl cigacjk"" <cbbclkl@gmail.com>"
63df29f8-670a-426d-ba17-26c1de41c0c4,2021-12-18T17:57:30,BRAND2,493.75,hcafkfg@gmail.com
db885d02-b17c-4d34-a244-c3923f2b4862,2021-12-18T17:59:10,BRAND2,395.47,lciakfl@live.com
c6d40138-c45d-402e-8319-bea514ed4013,2021-12-18T18:00:50,BRAND5,470.11,hihgejd@gmail.com
abd6e36f-9de6-4867-bc94-e4b2eef32193,2021-12-18T18:00:50,BRAND2,654.30,khacfjl@yahoo.com
8a3f26e2-3c57-432e-b1ab-caac0aeb3d9e,2021-12-18T18:01:40,BRAND5,538.56,"""edfdjkf bjbdakl"" <edfdjkf@gmail.com>"
f447913f-f510-4e6c-9c36-70b292b6c0a7,2021-12-18T18:02:30,BRAND4,438.59,ldbahgl@appple.com
1eb96c47-fc37-42f6-a24a-2f5ebfdac299,2021-12-18T18:02:30,BRAND5,327.86,hgclhbh@yahoo.com
1f557a32-1af3-4d35-ba84-611536e034dc,2021-12-18T18:03:20,BRAND5,230.08,ccdkllc@appple.com
48651cae-3959-4694-b784-ff8281667b8a,2021-12-18T18:04:10,BRAND1,323.12,"""flflgcd akldekb"" <flflgcd@appple.com>"
9a70b3ec-493a-4c79-a4db-aab791af1d43,2021-12-18T18:05:50,BRAND5,231.32,"""jbfhgib kkefhca"" <jbfhgib@appple.com>"
6735dce5-7dc2-470e-b810-6d71bac1d555,2021-12-18T18:05:50,BRAND2,514.37,"""flibdlg cbceegc"" <flibdlg@live.com>"
90e923d3-4f0d-4859-a300-f8cf36f65ce6,Sat Dec 18 18:06:40 2021,BRAND2,957.45,"""blhfaci dfaccfa"" <blhfaci@hotmail.com>"
e0bd8188-258b-4040-a371-3d237c11e5cd,2021-12-18T18:06:40,BRAND2,355.00,"""gghchkg hhdjlhj"" <gghchkg@appple.com>"
8725607d-91c1-47e6-a6b7-3a2a3f4205f6,2021-12-18T18:07:30,BRAND5,214.00,efhjkdj@gmail.com
6a3990a9-1057-4e37-9b1e-179f16490646,2021-12-18T18:08:20,BRAND1,893.34,gcbgfbi@appple.com
bbd5d83f-1258-4860-8166-0578ccbbbaa1,2021-12-18T18:08:20,BRAND5,23.94,aeldajk@gmail.com
ca1088a7-533a-423d-957d-74a0529189d5,2021-12-18T18:09:10,BRAND2,563.02,"""ejlajbg dagcibi"" <ejlajbg@live.com>"
e2fc9056-e0cd-4869-bd94-38b23f36f1bd,2021-12-18T18:09:10,BRAND5,226.55,abkaaka@appple.com
a82a982e-238b-4e6d-aef5-39e9ccdc9a04,2021-12-18T18:10:00,BRAND1,273.10,gaelkla@gmail.com
6f24146f-0ade-4ca2-8a78-ba8ccead90ca,2021-12-18T18:10:00,BRAND2,765.83,"""chcejjc hghjgjc"" <chcejjc@gmail.com>"
7d0349e6-cdba-4df4-9376-422d460046bd,2021-12-18T18:10:50,BRAND5,17.90,"""bgcjdak djbbjgf"" <bgcjdak@gmail.com>"
d0a24f8c-285c-4a9f-9c1b-836a75ee600d,2021-12-18T18:10:50,BRAND2,69.96,ljklhcb@gmail.com
d171b889-275b-4a38-96ed-b512ca9e7661,2021-12-18T18:11:40,BRAND5,968.85,jdhedae@gmail.com
caead55c-e828-494b-9228-be6c75d0e60f,2021-12-18T18:11:40,BRAND2,553.51,"""hhekhba bfkklca"" <hhekhba@gmail.com>"
11d6ed0a-7882-45c8-b9f8-6cea3675071c,2021-12-18T18:13:20,BRAND1,431.80,"""lddehdg edlahkf"" <lddehdg@gmail.com>"
1c426a4e-e13a-40d8-9673-a53bf3ff30b8,2021-12-18T18:13:20,BRAND1,320.95,ljalcje@gmail.com
c4a6fe39-e3aa-4e4a-a182-9e046faeaae4,2021-12-18T18:14:10,BRAND2,81.44,hkebchg@live.com
979f8e2c-72c2-430a-9c22-ef8c397b2357,2021-12-18T18:16:40,BRAND2,805.64,llgeled@gmail.com
2080991e-fa6b-4c5d-935c-e5fa4cee0dc3,2021-12-18T18:17:30,BRAND2,652.12,igfiach@live.com
dd5f600b-7e05-42b6-9a8e-2ca1ff32f404,2021-12-18T18:17:30,BRAND1,153.78,lkfkcbd@gmail.com
63523026-e2cf-4510-a8af-6c9cb18588aa,2021-12-18T18:18:20,BRAND3,860.80,accbaih@gmail.com
7bf2b617-bb09-4c8e-8ef6-d0a6652b6ede,2021-12-18T18:18:20,BRAND5,397.07,"""lckeglj bdlfhfd"" <lckeglj@gmail.com>"
da7a55a8-3170-4164-9483-58303f44f686,2021-12-18T18:19:10,BRAND2,993.45,"""gekadkd ljdgeai"" <gekadkd@live.com>"
f87efb40-3ebb-4e55-94ec-8904720bd2b0,2021-12-18T18:19:10,BRAND2,154.37,adfdiij@appple.com
05a8a4dd-3908-45bc-ac12-d26b484ebc56,2021-12-18T18:21:40,BRAND1,406.75,lbcjgie@gmail.com
04ecb4cc-3553-4c60-87c7-0258e2c5d58c,Sat Dec 18 18:21:40 2021,BRAND1,430.09,"""iehcehi kcdbbia"" <iehcehi@gmail.com>"
07667d51-fd4b-4b93-8cd6-1ac7783ba21a,2021-12-18T18:22:30,BRAND4,65.05,"""aefcgca ldiidlk"" <aefcgca@gmail.com>"
