id,date,brand_id,trans_amt,email_address
12861df7-706b-4ed3-ba3e-7e29b642f678,2021-12-11T20:31:40,BRAND1,247.41,"""leekejg afkilkl"" <leekejg@yahoo.com>"
23bd5889-54bc-4131-a025-4f90759caa58,2021-12-11T20:33:20,BRAND2,963.25,"""hagbkjd igjjfcj"" <hagbkjd@yahoo.com>"
07fe1238-a4de-4abb-b2ab-b7246bcadc17,2021-12-11T20:34:10,BRAND2,37.78,hihhhce@appple.com
d6e4a9df-6a19-4cc6-849c-f4fa301036dd,2021-12-11T20:35:50,BRAND1,438.96,"""dlchhef eigjdgh"" <dlchhef@yahoo.com>"
d4184822-dc10-43ce-94e4-2f1b9f657b6d,2021-12-11T20:35:50,BRAND1,293.47,cldljkk@gmail.com
bbf26463-bf41-406a-be71-5b1ba1ad1068,2021-12-11T20:36:40,BRAND2,46.64,aklilkd@appple.com
00362f8a-4ab4-4ede-be66-0a390190a880,2021-12-11T20:36:40,BRAND2,476.83,"""babdhea iekcgah"" <babdhea@appple.com>"
2ea826cd-b4fc-4a6a-b187-6764976435fc,2021-12-11T20:37:30,BRAND4,592.47,blheggf@gmail.com
d4d90c0a-0ab8-4b2e-83ca-f0fae27778c2,2021-12-11T20:37:30,BRAND2,748.10,"""ibgaffl lcldabb"" <ibgaffl@live.com>"
5c97d39c-ded2-4269-ad9c-93958f4e5633,2021-12-11T20:38:20,BRAND5,829.44,"""edjfbck ciechjg"" <edjfbck@appple.com>"
b78c366e-c523-45de-b790-bf4dc312a6cc,2021-12-11T20:41:40,BRAND1,594.58,khjgfkc@appple.com
3cdc7b10-2537-420c-8e1c-29094ece2e59,2021-12-11T20:43:20,BRAND2,754.17,flejagl@appple.com
4c8c96e0-6614-4694-9efa-bbe9cef68af9,2021-12-11T20:43:20,BRAND2,860.57,cdagaej@appple.com
0f1912f3-ddfb-470d-85f2-deb2f9bc690a,2021-12-11T20:44:10,BRAND5,325.66,flbkefb@gmail.com
49f81d8e-07ab-4e61-a63e-21d1df59df79,2021-12-11T20:44:10,BRAND1,486.46,ggfchka@live.com
359b3f74-19f2-41d2-b87d-62e5e7fb481f,2021-12-11T20:45:00,BRAND5,658.09,icgkchl@gmail.com
e8d1e43d-5021-426a-affa-2b51e2c642b2,2021-12-11T20:45:00,BRAND3,103.32,bjcjjgi@gmail.com
3b740d66-7c52-49bb-886f-35a677fe8966,2021-12-11T20:46:40,BRAND1,937.84,jedieeb@live.com
c43bd37a-4375-4342-8a76-e78af3b5796a,2021-12-11T20:46:40,BRAND2,367.18,"""dagdgba chikeih"" <dagdgba@hotmail.com>"
3b0eb023-9840-4bfb-839a-c4f5e7b71e18,2021-12-11T20:47:30,BRAND2,266.72,dhjlkdb@gmail.com
5c227ccd-8f8e-4da2-bf3c-c197fcdd2144,2021-12-11T20:48:20,BRAND2,507.16,fglaebg@appple.com
2bfa4902-378b-4f70-9a8e-b0fa1f3881f7,2021-12-11T20:48:20,BRAND1,659.89,fcfbkdc@gmail.com
87696deb-3caf-4790-85ff-d94dc614577e,Sat Dec 11 20:49:10 2021,BRAND5,743.38,gehecah@gmail.com
87c99cb2-af4c-4bb8-a4e4-6f17186603d0,2021-12-11T20:49:10,BRAND1,98.54,ggadfag@live.com
8d54a0e1-a052-47b1-b77e-0ef4a059ef1b,2021-12-11T20:50:00,BRAND2,363.30,jfbadjf@gmail.com
20a8248b-36a0-44af-91a1-9862f111a10d,2021-12-11T20:50:00,BRAND2,471.10,"""akfjkab jbjigii"" <akfjkab@live.com>"
6ade017b-824e-4905-8f64-edc00f166cab,2021-12-11T20:52:30,BRAND1,640.00,fkihcba@appple.com
ad9f96f6-3866-4231-baf0-7ec926946f7a,2021-12-11T20:53:20,BRAND4,833.85,ckgikgj@gmail.com
4649ae1f-ecd2-4580-b28f-af1948953a19,2021-12-11T20:54:10,BRAND2,592.11,iaklkic@live.com
a95be6d0-f952-4cc4-a32a-68a1b5216451,2021-12-11T20:55:00,BRAND5,198.18,kdiffii@gmail.com
87f96143-67fb-4ee7-ac51-bfa3d1c55c80,2021-12-11T20:56:40,BRAND5,142.58,cgahbba@live.com
9a29546d-614c-47d1-afb9-867912a75de1,2021-12-11T20:59:10,BRAND1,256.50,kbdjckh@live.com
c0494785-d63e-4cbc-9181-c1d3e82d693e,2021-12-11T21:00:50,BRAND2,734.93,dljibda@gmail.com
28e786d7-80f1-4860-bc0d-24216490f776,2021-12-11T21:03:20,BRAND1,545.77,eekibia@gmail.com
1bdbab90-89f3-43df-8026-6939fd08f158,2021-12-11T21:04:10,BRAND5,257.16,"""ciaeelb hcbgecf"" <ciaeelb@appple.com>"
9658e9d9-1878-43bd-a68a-6e8a01c9d568,2021-12-11T21:04:10,BRAND5,843.08,ihleejb@gmail.com
6659d7c0-63df-4abf-aaf4-a6e2cd7b2a82,2021-12-11T21:05:00,BRAND2,609.01,ilfbcbh@gmail.com
d4906ed7-3ea1-4446-a010-49a05cd39d44,2021-12-11T21:05:50,BRAND3,695.37,jfeiehb@gmail.com
3026053c-67e7-4ac3-a88f-34c3698534ce,2021-12-11T21:06:40,BRAND2,173.19,"""cldlhic kacihef"" <cldlhic@appple.com>"
cbd017ab-bc03-4f3d-988f-e08389ccb7ff,2021-12-11T21:08:20,BRAND4,926.58,jdelhba@gmail.com
aaa9b8d1-7153-4f5c-9ca7-d76734c7ac17,2021-12-11T21:09:10,BRAND2,802.28,"""jleeebe eafedif"" <jleeebe@gmail.com>"
fa7f784b-e488-4f22-94b1-f920144d7539,2021-12-11T21:11:40,BRAND2,77.07,heajfjl@appple.com
d4ffed17-c96c-421c-a0e8-16ffa86947d0,2021-12-11T21:12:30,BRAND2,834.90,chdkdlg@gmail.com
25335fd5-593a-4b4d-8c2e-3fe6fcc8a729,2021-12-11T21:12:30,BRAND2,732.90,lgaedbc@appple.com
8dfa8f4a-05e9-4496-b67a-fad609893aa2,2021-12-11T21:13:20,BRAND2,$964.25,lgigedk@gmail.com
5c6b416b-2c95-4e18-a9ac-f767ab559f93,2021-12-11T21:13:20,BRAND3,224.55,"""fdagihl adjcekk"" <fdagihl@live.com>"
b722df4c-adc3-4c57-adf3-5f5a44eff466,2021-12-11T21:15:50,BRAND1,491.71,"""fgfdaik kfeagek"" <fgfdaik@gmail.com>"
2932fafe-7737-4867-9043-1b24b6fb6597,2021-12-11T21:16:40,BRAND2,600.45,"""gcigeea fafkalf"" <gcigeea@gmail.com>"
7388071a-4b80-4c37-8662-bc92621bb6e7,2021-12-11T21:20:00,BRAND2,876.30,"""bdhbijf ecjeelh"" <bdhbijf@gmail.com>"
ce6fbf27-6650-4f07-bc87-0797edfd1760,2021-12-11T21:20:50,BRAND3,601.66,bfhggbk@appple.com
9f863b2f-7af9-459c-9258-315956b2982e,2021-12-11T21:20:50,BRAND2,301.37,ldbhicj@gmail.com
b952076e-1787-42ba-be36-f470cc5141e0,2021-12-11T21:21:40,BRAND1,397.08,"""ahkdflf cedhhdk"" <ahkdflf@gmail.com>"
f15c8bf6-4d65-4a0f-9f81-d7a7dc27ee84,2021-12-11T21:22:30,BRAND5,996.50,"""giajhjh hiddbig"" <giajhjh@gmail.com>"
bc5dcb88-4064-4fed-ad5f-40653917ed34,2021-12-11T21:22:30,BRAND2,847.97,"""idhdblh hkcglkg"" <idhdblh@appple.com>"
998a7f51-25cc-4a77-b131-a418644d1ffd,2021-12-11T21:24:10,BRAND2,73.75,"""jhkhjdh fdedbbj"" <jhkhjdh@gmail.com>"
07cba11d-5610-4885-bfd7-7c3bebcf1255,2021-12-11T21:24:10,BRAND4,393.19,dcbfhje@appple.com
d376b36e-845f-491c-9d97-6335d3db6178,2021-12-11T21:25:00,BRAND2,306.44,fgffjgf@gmail.com
97665ad3-8a8d-46cd-8f89-6025fb2f25bd,2021-12-11T21:25:00,BRAND2,707.96,eglkaei@appple.com
228d73de-523e-40a9-9c6e-4b83e379a11d,2021-12-11T21:25:50,BRAND5,472.95,cgjhcib@appple.com
b5c8c976-a814-440a-9a09-448d2a0799b1,2021-12-11T21:26:40,BRAND5,12.22,giibihd@gmail.com
0d5b38fc-99b4-4cad-8153-68e0f1e25be1,2021-12-11T21:28:20,BRAND1,579.96,jglhjbi@gmail.com
cfe03015-3ee4-47d7-b29d-1b920c02000a,2021-12-11T21:28:20,BRAND5,201.23,"""klicbjg ceiaeii"" <klicbjg@yahoo.com>"
78c224b6-986f-4004-a773-ea0d1c368a52,2021-12-11T21:30:50,BRAND2,662.34,ebljfei@gmail.com
7499d455-4324-46ab-8177-60875e51d64c,2021-12-11T21:31:40,BRAND2,425.96,gcigkjb@gmail.com
c79add99-597d-4aad-8252-cbd64631f87e,2021-12-11T21:32:30,BRAND5,700.07,"""lkfdegb bljkfib"" <lkfdegb@gmail.com>"
9b012aa2-6ed4-41c8-90b4-2f81867ff073,2021-12-11T21:33:20,BRAND3,703.76,"""dddjaic fjlllca"" <dddjaic@yahoo.com>"
1775ee84-abac-46b2-b99c-b5ce5627bda3,2021-12-11T21:33:20,BRAND1,242.91,"""gjccdfh fiahcgh"" <gjccdfh@live.com>"
fae0c819-c158-4ea5-8368-17ece989d874,2021-12-11T21:34:10,BRAND2,713.60,ikalcdl@gmail.com
e8e11149-091e-4491-9d49-7b875853dc97,2021-12-11T21:35:00,BRAND5,203.42,"""jkeejac geddefj"" <jkeejac@gmail.com>"
b7febd2b-5a9d-4669-b815-2caeea84524b,2021-12-11T21:35:00,BRAND2,177.68,dalkgfa@gmail.com
8d5cc382-94f4-41ac-bd88-0f118e984934,2021-12-11T21:36:40,BRAND2,168.37,lijiaid@hotmail.com
d769d3a7-511f-4193-b5e3-f2d921cb4f33,2021-12-11T21:37:30,BRAND5,297.57,dfflgdi@gmail.com
bedef59b-a7e2-42b0-9617-3e19c4768aaf,2021-12-11T21:37:30,BRAND5,190.10,khjclbg@appple.com
cc0f4e37-a609-4385-aa32-410d68d3da1c,2021-12-11T21:39:10,BRAND1,455.60,"""chcahbc eididal"" <chcahbc@live.com>"
ee44426a-315f-4f54-914f-45d74347bae7,2021-12-11T21:39:10,BRAND2,761.65,"""hkehaih bbfhlgc"" <hkehaih@gmail.com>"
c0128239-6050-4175-8a45-91d326066929,2021-12-11T21:41:40,BRAND2,121.11,bjheaia@gmail.com
441395a9-9ed3-4024-84c8-107ae4c9df30,2021-12-11T21:41:40,BRAND5,590.21,dgbjlfb@appple.com
25f0e895-fc89-4ae8-8f7c-27a3e3c2ba23,2021-12-11T21:43:20,BRAND2,838.95,"""edeaiaj klbichh"" <edeaiaj@yahoo.com>"
b293d7a1-88c6-488b-981f-0e624e50b344,2021-12-11T21:43:20,BRAND1,410.19,dakhiad@gmail.com
4a7c450b-4b59-40f9-8b9f-464f005b3e92,2021-12-11T21:44:10,BRAND1,438.21,"""gkgfijk abhjbhi"" <gkgfijk@gmail.com>"
95e0c01d-2571-446e-b4e3-70dc50e9ce84,2021-12-11T21:44:10,BRAND5,240.79,"""djhghdj cajjfkd"" <djhghdj@gmail.com>"
dc022ead-e625-4095-a50b-7580dcc96cff,2021-12-11T21:45:00,BRAND5,643.21,hjkaigg@gmail.com
f5ea9086-8127-4dab-bf63-480f2aabc98b,2021-12-11T21:47:30,BRAND1,492.85,ahcfkkk@gmail.com
fef12d37-2a75-4568-b559-223ff6e55799,2021-12-11T21:47:30,BRAND5,880.47,flgiifk@live.com
9839f4cb-ff96-4490-85ae-94c0858f189d,2021-12-11T21:49:10,BRAND5,319.92,bjiglai@gmail.com
8d5c9a5e-2561-4e71-874f-b02c60ccd6be,2021-12-11T21:49:10,BRAND4,372.26,kbfadej@gmail.com
ca12d571-fe53-4d77-8731-22ad71c4ce9e,2021-12-11T21:50:00,BRAND2,248.22,kgcilfd@gmail.com
87bee32c-5a51-42e2-8ab4-40b79a37599d,2021-12-11T21:50:50,BRAND1,133.21,hghllfi@live.com
606f5b26-b439-4bde-8d7d-d53547789624,2021-12-11T21:51:40,BRAND2,422.42,"""ibabaci dacfjeg"" <ibabaci@live.com>"
77da9708-79cb-4b18-b98a-c2a2eb42c03e,2021-12-11T21:51:40,BRAND2,79.33,abddbal@gmail.com
7c02f8d4-e012-45c8-a04c-a7930ec817c0,2021-12-11T21:52:30,BRAND2,453.74,badhhbe@live.com
40e449db-a805-44a7-864c-44027e7e6504,2021-12-11T21:54:10,BRAND1,499.94,"""jfcbgcf ahakebf"" <jfcbgcf@gmail.com>"
b142e61b-105a-4aac-8354-bbfb77e2d7bb,2021-12-11T21:54:10,BRAND5,230.68,ebichch@gmail.com
f6ffd0b6-230a-4aa6-953f-0ad394dd8bca,2021-12-11T21:55:50,BRAND2,8.15,"""gblgdif adlbeei"" <gblgdif@gmail.com>"
be9d9098-0e58-4f59-ad4f-ed8383588940,2021-12-11T21:55:50,BRAND2,643.10,"""khlhecd ccaiedb"" <khlhecd@appple.com>"
b5ccecd7-3f92-43f4-82f7-a29eee601369,2021-12-11T21:57:30,BRAND2,974.04,"""dkejbif ihefiff"" <dkejbif@gmail.com>"
51c25fc0-d7eb-425d-9803-4f69df764716,2021-12-11T21:58:20,BRAND2,669.10,"""flbljke hdgjeda"" <flbljke@appple.com>"
bfdfd818-002e-4ec7-a79c-2305a2c55480,2021-12-11T21:59:10,BRAND1,41.74,jaejahg@appple.com
1b49fc45-bdfb-4f62-830a-55075bd972cb,2021-12-11T21:59:10,BRAND2,466.32,"""cffhehc lkhijcb"" <cffhehc@live.com>"
7c324170-26b0-409f-ad97-7f424075a989,2021-12-11T22:00:50,BRAND1,516.05,"""bjbaafe djejhdg"" <bjbaafe@live.com>"
52870da1-30e5-4eab-928e-c362bd4a02e0,2021-12-11T22:00:50,BRAND3,226.57,"""jhcfcdl dkdebhb"" <jhcfcdl@appple.com>"
2200a2be-e0c2-44b4-8a10-28e07e44d7e6,2021-12-11T22:01:40,BRAND5,232.98,egljlhe@gmail.com
f1251a6a-b70f-4a15-8070-59e6f4d1b4b7,2021-12-11T22:01:40,BRAND2,278.44,idhidah@yahoo.com
65f26f31-65bd-45a3-862d-970d56905a91,2021-12-11T22:02:30,BRAND1,718.96,aidiicd@gmail.com
264e7010-7d95-4ca5-ac23-ff6bdd961f41,2021-12-11T22:04:10,BRAND2,447.46,"""beigjdh ibijaih"" <beigjdh@appple.com>"
3166d9de-3608-40db-8960-3fdff139c1e9,2021-12-11T22:04:10,BRAND2,660.19,"""ddgjdhi fckjblb"" <ddgjdhi@gmail.com>"
39a7a6c1-b90a-41e2-9e47-a70fc3bd09a5,2021-12-11T22:05:00,BRAND2,427.87,cccjkjk@live.com
2c45be21-9b17-4479-8662-ddd70b9ac5c4,2021-12-11T22:05:00,BRAND1,76.35,bhifjca@appple.com
939c0273-cc60-4876-aa01-46e35e7ee00a,2021-12-11T22:05:50,BRAND2,736.04,edkjhak@yahoo.com
4b08fd03-4276-4a78-bc42-03f878a9d09a,2021-12-11T22:07:30,BRAND4,210.28,"""hfjjeai jfiildh"" <hfjjeai@gmail.com>"
4cc3e6fa-1f10-44b8-b3c0-375a02679dbb,2021-12-11T22:08:20,BRAND5,686.06,fckdiil@gmail.com
3db0c24f-3a02-4d90-93fc-e73276263351,2021-12-11T22:09:10,BRAND2,51.57,jjfkidj@gmail.com
48ac69a7-c68c-43c0-9c0f-5b43437aaa6b,2021-12-11T22:10:00,BRAND2,595.73,"""gjilgje filchgj"" <gjilgje@gmail.com>"
b90b44ca-37fb-4664-b015-3a2f5ba2d4c0,2021-12-11T22:10:50,BRAND5,192.49,"""fadfjkg lkjgjkj"" <fadfjkg@appple.com>"
82bfefe1-ebe9-4cd0-801a-06d64b8ca8e2,2021-12-11T22:10:50,BRAND2,391.43,jgilccc@gmail.com
b03f2ae3-bfce-43fa-9948-2e0204858dd6,2021-12-11T22:12:30,BRAND2,315.02,"""gclcfjg lhhagbf"" <gclcfjg@appple.com>"
b029ad19-0c22-4207-ae0b-2213c330f37e,2021-12-11T22:15:00,BRAND2,929.04,"""fkahhjk ejkidbi"" <fkahhjk@gmail.com>"
1b9ad8e8-b6b5-404e-bb2e-e349a5deb92b,2021-12-11T22:15:00,BRAND1,379.20,hlhhbad@appple.com
414fb885-0343-411b-b819-c6b733637e9e,2021-12-11T22:15:50,BRAND2,305.67,hflbhab@gmail.com
547ab0f6-0d98-4eb8-9024-04c7f3846480,2021-12-11T22:17:30,BRAND2,287.61,bcbekkl@yahoo.com
ea4e7d62-f93e-4a11-bb22-4b52d72bf10e,2021-12-11T22:18:20,BRAND3,695.53,elgkgag@gmail.com
2e6c3c6e-630b-48ca-a2ef-346181a54755,2021-12-11T22:18:20,BRAND4,418.39,"""jfialje gbdikhg"" <jfialje@appple.com>"
263a2aa4-267c-4cd3-88ca-abb35011d228,2021-12-11T22:19:10,BRAND2,14.23,caeebll@gmail.com
235d349d-85f1-4e00-83b5-ceb918a0f1fd,2021-12-11T22:22:30,BRAND5,39.72,jhbbfal@gmail.com
b75b8ad7-9afe-437e-a257-747db068355d,2021-12-11T22:22:30,BRAND5,471.59,fjeddik@appple.com
58ccfbf7-28b3-4436-8927-fd785e345319,2021-12-11T22:24:10,BRAND5,39.43,aedcgaf@yahoo.com
2e73e238-48d8-445a-a415-a795136833a2,2021-12-11T22:25:50,BRAND2,583.99,"""jdhikak jbfkbbc"" <jdhikak@appple.com>"
ee9bd603-2daf-4269-aa9d-513ae1d3e1d5,2021-12-11T22:27:30,BRAND1,932.13,eebdcie@gmail.com
312df0ac-1ee1-435c-8794-fe8e00f9ec98,2021-12-11T22:30:50,BRAND3,954.36,flakakg@gmail.com
86a97f5c-d5dd-4454-9f82-e2659caae8f7,2021-12-11T22:30:50,BRAND2,171.21,fbcgckd@appple.com
22d5f9e6-37a2-4cca-a8fe-4f23488a4e26,2021-12-11T22:32:30,BRAND5,732.01,aekchda@gmail.com
96e1c706-709d-45cb-b3df-0189419347a0,Sat Dec 11 22:33:20 2021,BRAND2,187.14,jbgljcd@gmail.com
07e46f25-41b3-4a31-997e-06c830857d50,2021-12-11T22:33:20,BRAND4,878.67,"""ljaacjl lcdeldb"" <ljaacjl@gmail.com>"
62b98698-5c99-4e8c-8db1-8f48e0b33162,Sat Dec 11 22:34:10 2021,BRAND2,900.63,kkbdbch@appple.com
2dbf882d-7990-4d43-969d-5f98db0b2a84,2021-12-11T22:35:00,BRAND4,314.29,jabefji@live.com
e20b7734-f6c3-4397-80ca-de8cfae85215,2021-12-11T22:36:40,BRAND2,38.39,giaflch@gmail.com
4019d7b9-dfc6-4e57-b364-64295229db8d,2021-12-11T22:36:40,BRAND3,850.97,"""llhiffg kaaehki"" <llhiffg@live.com>"
a456e41e-f0f7-4c8d-bcb2-04934f388bf4,2021-12-11T22:37:30,BRAND5,446.47,"""jfhjbih dealeic"" <jfhjbih@live.com>"
6a6c0fd3-469e-4664-83b9-cfe9f2939cac,2021-12-11T22:37:30,BRAND2,424.99,"""fgkclef dhjcldk"" <fgkclef@gmail.com>"
0006d352-4b49-40c2-a567-4168f1821d48,2021-12-11T22:38:20,BRAND1,443.36,cjgehke@live.com
e9dbd030-b4f8-4dad-8812-be4f8c0ea43a,2021-12-11T22:38:20,BRAND2,962.47,"""igaefal lbicdgg"" <igaefal@gmail.com>"
818a0d87-504a-4006-91ff-e2355458ad5b,2021-12-11T22:39:10,BRAND3,701.27,ackdajd@appple.com
8a4858b6-22cd-4226-841c-1e95ab8a4e8f,2021-12-11T22:40:00,BRAND1,158.83,"""dkcgifa iffcdjh"" <dkcgifa@yahoo.com>"
3da196e8-cbf9-464e-8978-3af5e2ffa0e1,2021-12-11T22:40:50,BRAND2,12.45,afdidjc@live.com
ca711653-68b7-4f62-a5cb-5f763fe7251d,2021-12-11T22:40:50,BRAND2,399.86,"""iagfikd jfikaej"" <iagfikd@appple.com>"
895a73b6-d5e3-4e04-82a0-4de87788e6a8,2021-12-11T22:42:30,BRAND5,378.66,dafkida@appple.com
20b46ac0-465d-4f24-8b6f-1a91ae9248d2,2021-12-11T22:42:30,BRAND2,253.52,"""edbfebf fddbjif"" <edbfebf@gmail.com>"
84f7c5c8-6320-49b5-a82d-55c1678e8277,2021-12-11T22:44:10,BRAND2,160.18,"""bgheial idfchha"" <bgheial@gmail.com>"
4ad6175c-04a8-4458-aecc-45e08e70560b,2021-12-11T22:47:30,BRAND1,266.76,bclbfal@live.com
2ef2ace5-9114-4c83-bb5f-bb17879e2b8e,2021-12-11T22:49:10,BRAND2,75.67,hclhfcf@gmail.com
ecf2b385-3bee-483d-a58b-77a3b5d7518f,2021-12-11T22:50:00,BRAND2,52.97,kafedkb@gmail.com
603bb654-b65c-4bd3-bf19-de1c0d08c7a9,2021-12-11T22:50:00,BRAND1,317.76,"""lkallib dakihhj"" <lkallib@gmail.com>"
76b57fea-ebec-4ab4-a545-2e90f77d690c,2021-12-11T22:50:50,BRAND2,213.59,bdcbjdg@gmail.com
e7acea47-1c89-449c-8a4d-a746b477d6da,2021-12-11T22:51:40,BRAND1,615.99,flfdlgl@gmail.com
8eeaee87-fc3e-43d9-a456-8b7068e540b9,2021-12-11T22:51:40,BRAND1,812.63,"""ajgcebb abbajkd"" <ajgcebb@yahoo.com>"
a06c9c1b-99c9-4329-b918-230573ed9d1e,2021-12-11T22:52:30,BRAND4,302.75,ahdfhjh@gmail.com
af8a6f4b-6056-4278-90e6-b8bd0addf61a,2021-12-11T22:52:30,BRAND4,592.40,"""jjlaled dchkaed"" <jjlaled@gmail.com>"
259656d0-75a7-4c65-ba15-42ba01928e60,2021-12-11T22:53:20,BRAND2,903.76,hhlbdcf@appple.com
617d6283-1f44-4a77-ad91-93925f3ec373,2021-12-11T22:54:10,BRAND5,723.57,hffkfjl@appple.com
f74e1640-3076-48b0-99f8-d84a4de4a187,2021-12-11T22:54:10,BRAND1,860.49,ikglahg@gmail.com
4cad5b93-2586-4058-9ec7-d97f0f682b91,2021-12-11T22:55:00,BRAND2,879.19,"""kjkaiel hjdbife"" <kjkaiel@appple.com>"
5941b305-9212-4876-8a8d-f9615d8065c4,2021-12-11T22:55:00,BRAND1,967.51,"""dlbbbbc jijkige"" <dlbbbbc@live.com>"
3ddd2e89-a51c-4b6f-bd14-135d0edebc8e,2021-12-11T22:55:50,BRAND2,365.83,fgjfllb@yahoo.com
63f8d771-128c-4cc0-bd74-f8a52dfeb7a0,2021-12-11T22:55:50,BRAND5,856.07,ebghdbf@gmail.com
924051ae-2627-4585-8f2c-4db63d4b9348,2021-12-11T22:57:30,BRAND2,477.55,"""edjkbca ibbafef"" <edjkbca@gmail.com>"
2624d109-598d-4931-92af-37706228452c,2021-12-11T22:58:20,BRAND5,285.16,"""ebkkifg acbfdei"" <ebkkifg@gmail.com>"
77dc7ec1-db96-4f3b-af2d-b6257081cc76,2021-12-11T23:00:00,BRAND2,98.95,"""aibjhfk eflfgid"" <aibjhfk@gmail.com>"
6a7fc3cd-cc3b-47f1-a700-b37fed3848da,2021-12-11T23:00:50,BRAND2,211.85,"""ilcgljc acdbjli"" <ilcgljc@gmail.com>"
13d625a8-ca80-4c9b-84d6-68cba29e1324,2021-12-11T23:00:50,BRAND1,903.93,"""cjkdlad elckaih"" <cjkdlad@gmail.com>"
7cb25f08-1669-48b2-a2ae-1c7e4c1a3c94,2021-12-11T23:01:40,BRAND5,77.20,abefgig@appple.com
87fdf5d1-c655-4a67-bc34-fbaf72c59940,2021-12-11T23:01:40,BRAND1,71.36,"""fagjjkd lgcfhca"" <fagjjkd@gmail.com>"
958c8d7f-c34c-443d-9b00-f52818ddb7a5,2021-12-11T23:02:30,BRAND5,813.62,aedagaf@gmail.com
a58116b0-15d9-45f3-8b5c-5e2be84f12ee,2021-12-11T23:03:20,BRAND2,500.16,dkchiek@gmail.com
ff2e29f6-c193-4146-a5cf-cf437a36ec34,2021-12-11T23:03:20,BRAND4,966.61,"""eijdedb igligca"" <eijdedb@appple.com>"
60f2f358-d5d7-4368-9062-1f5c5b267b86,Sat Dec 11 23:04:10 2021,BRAND2,233.08,fhcklhg@yahoo.com
fb77bc24-48d0-4b69-875f-fd814df9cbe8,2021-12-11T23:04:10,BRAND2,78.69,fadiejc@yahoo.com
7684fab7-8456-459b-a5c9-af3ff9a85175,2021-12-11T23:08:20,BRAND2,939.41,hkfbglh@gmail.com
a21a4ad6-a5e7-4562-b291-d343e3da1ed3,2021-12-11T23:08:20,BRAND1,681.14,"""ecdbbjh fchghaa"" <ecdbbjh@live.com>"
5df2ec71-810d-4f37-bc9a-921a14265340,2021-12-11T23:09:10,BRAND2,205.02,"""gdehici fkdlgaj"" <gdehici@gmail.com>"
7c6ef385-0f87-4125-8a50-b3e926457f74,2021-12-11T23:10:00,BRAND2,635.12,"""cbflkdj aeklfai"" <cbflkdj@gmail.com>"
f2d88ad1-8fdc-4267-8adf-0df75d35b896,2021-12-11T23:10:00,BRAND2,130.89,"""kacgjhk jfkaeka"" <kacgjhk@gmail.com>"
c5e09c8c-8e6b-4059-aaf5-8b7fafea661e,2021-12-11T23:10:50,BRAND5,312.60,ilalhlb@gmail.com
b4d0a0f4-fb72-4f40-bf58-050c7686ea29,2021-12-11T23:12:30,BRAND2,292.12,bkggkfb@gmail.com
7ca591df-c8aa-4eb9-a1eb-a4cf51a5ba95,2021-12-11T23:15:50,BRAND2,974.15,"""bkffkdb cdaaeid"" <bkffkdb@yahoo.com>"
be5c04ae-510f-40d0-9f1a-d8c696b35fcc,Sat Dec 11 23:19:10 2021,BRAND5,725.68,elhjhge@yahoo.com
72575c1d-3379-4998-9e19-3b461cdf33b9,2021-12-11T23:19:10,BRAND1,697.01,gkccjbj@gmail.com
a3ba7bfe-7530-4cb6-8608-8e766e68af0a,2021-12-11T23:20:00,BRAND5,264.89,behlblh@gmail.com
4ba5afde-7f5b-410c-8e18-1166ea22311e,2021-12-11T23:20:00,BRAND2,$70.53,aceblik@appple.com
32ee5ffb-d036-4c4a-8993-6bf0c543952c,2021-12-11T23:21:40,BRAND2,$605.41,ejaflad@gmail.com
cd8c1483-0165-49e2-aa8d-5adf5af435f4,2021-12-11T23:21:40,BRAND2,535.71,bibbadl@gmail.com
8c7266c7-573d-4f87-be6e-a73e9ed6da1d,2021-12-11T23:23:20,BRAND3,563.62,ddbaael@gmail.com
99fb48f6-2c86-46b6-a616-69b64acdace8,2021-12-11T23:23:20,BRAND2,$634.78,"""lekchja bekadje"" <lekchja@appple.com>"
9637afc5-18ff-4c73-8ad0-f864c22bd6a9,2021-12-11T23:24:10,BRAND3,644.84,"""cldgbee eblkjji"" <cldgbee@appple.com>"
212e8867-7956-472b-9921-72675a4db390,2021-12-11T23:24:10,BRAND1,976.58,"""ccfkhic ggeficl"" <ccfkhic@gmail.com>"
2e595568-1001-427f-8ed2-67719da81857,2021-12-11T23:25:50,BRAND1,540.10,"""hbiibdd digdkka"" <hbiibdd@yahoo.com>"
38137160-f2f0-4bbd-a00f-caaee214c101,2021-12-11T23:26:40,BRAND2,349.16,"""edgigec fjdebcd"" <edgigec@gmail.com>"
f51f2364-781b-4d15-a200-6f9e9e3971ec,2021-12-11T23:27:30,BRAND2,642.64,"""iadkflh ldhjaii"" <iadkflh@appple.com>"
42c70e21-c269-4b1a-8ddc-3252d03620d8,2021-12-11T23:28:20,BRAND1,550.74,dafldkc@appple.com
8f5879f7-244b-4295-9cd3-18cf627e67a1,2021-12-11T23:29:10,BRAND2,780.78,kbgkdde@yahoo.com
ec73fbcb-7ce0-4d89-871e-7df60ca3d00a,2021-12-11T23:30:00,BRAND2,193.72,aibiilg@gmail.com
0c8f6542-f659-4641-9cf8-56423fabaea6,2021-12-11T23:30:50,BRAND5,914.63,cccgeei@gmail.com
5ddad2f4-ec61-4586-842a-795782751819,2021-12-11T23:31:40,BRAND2,393.37,"""hkfdcel flafhai"" <hkfdcel@gmail.com>"
1e15efc6-cb96-4b3a-b8a0-7f4b32f11a7b,2021-12-11T23:31:40,BRAND1,239.31,jjfghdg@gmail.com
0708bbd9-92c0-4ff9-95b5-05f0da9a0b21,2021-12-11T23:32:30,BRAND2,767.48,fhcahjg@appple.com
59bd5dd9-6eba-40d1-b133-a29069fae761,2021-12-11T23:32:30,BRAND1,435.27,"""biaijgf kgfafka"" <biaijgf@gmail.com>"
1cd50066-1ccd-428e-afc9-43cdb1b4af84,2021-12-11T23:35:00,BRAND2,171.17,dbikghd@gmail.com
d927cb62-f8c9-4697-822d-e8471024cd5b,2021-12-11T23:35:00,BRAND2,762.30,hchbkga@gmail.com
641a7915-c6f4-487b-9a8b-48cb3ec9ad31,2021-12-11T23:36:40,BRAND1,117.59,jahaehg@gmail.com
51938445-4d7a-4765-bb04-98b4cd78f2b4,2021-12-11T23:36:40,BRAND2,876.51,lkaehgd@yahoo.com
70030700-8663-4f77-883f-09a833cff46c,2021-12-11T23:37:30,BRAND5,875.28,fkhalhg@appple.com
db27a258-a2a9-4c5d-be9e-c6fdafccac48,Sat Dec 11 23:40:50 2021,BRAND2,383.31,jfhfeib@gmail.com
6c7a34b9-de8b-4bae-91fe-a323af08a3ea,2021-12-11T23:41:40,BRAND5,137.43,fgccdlh@gmail.com
78f73c49-b285-4494-9f15-129cefd9aa7f,Sat Dec 11 23:41:40 2021,BRAND3,960.56,"""lkbilig cfegech"" <lkbilig@yahoo.com>"
9e5bcd44-24df-4675-8439-0b548ed91485,2021-12-11T23:43:20,BRAND1,967.34,"""khilhbj ahgaebk"" <khilhbj@gmail.com>"
251acf83-824c-47bf-9ec7-4e54bb7224a7,2021-12-11T23:43:20,BRAND5,909.64,cjjehba@appple.com
fe232952-6066-4d5f-81f3-7efdf4843850,Sat Dec 11 23:44:10 2021,BRAND2,639.69,iehldgf@gmail.com
018e414c-6773-4721-8d7e-e87c76a7e691,2021-12-11T23:44:10,BRAND2,9.83,gglifja@gmail.com
52fe682b-1c17-468d-9dfe-82613d70346d,2021-12-11T23:45:00,BRAND2,654.22,"""kfcekhe lcakffj"" <kfcekhe@yahoo.com>"
378be980-8c35-4cfb-a023-b70f1a710b6f,2021-12-11T23:47:30,BRAND5,587.62,"""ckjcgag kffbjbg"" <ckjcgag@gmail.com>"
26d551a2-4359-40ab-98cf-758f508624a8,2021-12-11T23:48:20,BRAND2,368.20,"""hjhkcdj fiagfhb"" <hjhkcdj@gmail.com>"
38bc641a-5e11-47f9-bc53-47a73e809062,2021-12-11T23:50:00,BRAND5,111.92,jelklgc@live.com
69de5d91-a9a6-4e7e-9a69-544f351491b8,2021-12-11T23:53:20,BRAND5,751.69,gjaefcc@gmail.com
33dc862c-6564-4fc0-a6ae-dcaf253c595d,2021-12-11T23:54:10,BRAND2,192.41,kchiide@gmail.com
6de88e74-6b23-4d13-a8c4-3075e58bc4d5,2021-12-11T23:55:00,BRAND2,499.41,ecbhhbf@gmail.com
ef20523c-a1a6-45ce-b9ff-85f6c2dd3410,2021-12-11T23:55:00,BRAND1,614.66,"""jaibbdd kgjkgil"" <jaibbdd@gmail.com>"
16c82e89-e311-4850-80f9-f6d29f7a8534,2021-12-11T23:55:50,BRAND2,820.94,hgaicib@gmail.com
001715c7-6017-4773-9475-dcb213a49b26,2021-12-11T23:55:50,BRAND5,854.15,ejejdej@gmail.com
35778788-84d9-499d-96c6-e92a0aff22b6,2021-12-11T23:56:40,BRAND2,806.50,kifffij@gmail.com
fba92d7a-84a0-4fcf-837e-a3e4a0b8d503,2021-12-11T23:57:30,BRAND2,968.93,"""gekkghc fehaaci"" <gekkghc@appple.com>"
6a4f284e-467d-4fc3-8a61-b37c7ed1cf99,2021-12-11T23:59:10,BRAND5,896.66,fbldfgj@yahoo.com
0a2e087f-a44b-4d19-9975-52d04cb0b2ff,2021-12-12T00:00:00,BRAND2,98.08,"""dikbfif kdefkjh"" <dikbfif@appple.com>"
87d6f5b5-9f08-4ca4-a752-a2b039be967b,2021-12-12T00:00:50,BRAND2,842.44,gacbkgh@yahoo.com
d104eea8-2a24-4eb6-b4a7-4085bfa16f9e,2021-12-12T00:01:40,BRAND2,925.45,"""cbgeieh fhfdhlg"" <cbgeieh@appple.com>"
2958b1b4-2743-4edd-8711-497f1ca215cc,2021-12-12T00:04:10,BRAND2,852.54,llhgcjg@appple.com
ec6c0d67-2c8f-4142-8929-fedceae52ef2,2021-12-12T00:04:10,BRAND5,0.85,gekaecc@gmail.com
b3800348-77f2-4495-9605-f781c18a74c8,2021-12-12T00:05:00,BRAND2,650.60,gcadlai@appple.com
52b1e327-53f1-4970-9c72-b47466384df8,2021-12-12T00:06:40,BRAND2,920.96,"""abbfglb bjegabi"" <abbfglb@appple.com>"
431f5f0e-c10b-4b61-b137-818d522b0909,2021-12-12T00:07:30,BRAND5,408.60,"""bjkdeea fdibjjd"" <bjkdeea@gmail.com>"
3cb23abe-d5af-4c9c-8cbd-3176c1c3b940,2021-12-12T00:08:20,BRAND5,445.24,"""bibhjlj hfghcgh"" <bibhjlj@gmail.com>"
e6e06f86-6333-48a0-bb5e-c6062fa9d39e,2021-12-12T00:09:10,BRAND5,366.82,gfckfab@appple.com
032f829a-d258-4e6c-80a0-6b96f7879f5e,2021-12-12T00:11:40,BRAND1,819.77,eibejdj@gmail.com
ed8f259b-8b2d-4e2e-b037-08a67244dcf7,2021-12-12T00:11:40,BRAND1,328.93,"""cgdljjj illhgbh"" <cgdljjj@gmail.com>"
7e2ff783-8b47-4096-a158-e0943aa1156d,2021-12-12T00:14:10,BRAND2,911.33,"""chdahjj bhgkkhb"" <chdahjj@hotmail.com>"
54e510eb-14d0-40c4-a328-71ec35319a39,2021-12-12T00:14:10,BRAND2,813.30,"""icichcb ggigdai"" <icichcb@yahoo.com>"
04466eaf-a62e-4162-a786-0ee13b5848e9,2021-12-12T00:15:50,BRAND2,550.63,ficdbel@live.com
ad201980-6aad-49fc-a37c-95a6fb7b1ded,2021-12-12T00:15:50,BRAND2,272.09,gbaaalk@appple.com
f3cc317b-fd60-4fdf-80ca-f5bafebd11f2,2021-12-12T00:16:40,BRAND2,345.34,jcjddbl@gmail.com
688b6492-ee76-433f-ad52-fe17c5e42273,2021-12-12T00:17:30,BRAND5,495.38,"""daiggjj gdiddfk"" <daiggjj@gmail.com>"
b5c09e10-a2e0-4aca-9dcc-0030a9c067b6,2021-12-12T00:17:30,BRAND1,272.38,"""dgjjeig idikhcf"" <dgjjeig@yahoo.com>"
5d611595-6e0b-47f0-b852-922d5b6c0d05,2021-12-12T00:22:30,BRAND2,208.47,"""cfljlkh lhjebij"" <cfljlkh@gmail.com>"
28b2669e-c0df-41ed-a0df-cade8f1b1da7,2021-12-12T00:22:30,BRAND2,825.74,gcadfle@gmail.com
04391ab7-04d2-468c-9ef1-db41e7129859,2021-12-12T00:23:20,BRAND5,587.76,"""hkkaflh dgiedga"" <hkkaflh@gmail.com>"
9fc4738a-b088-45a9-83c8-261440fcd124,2021-12-12T00:23:20,BRAND5,981.53,"""akafjjh lihelke"" <akafjjh@gmail.com>"
2b6a6929-1d9c-4098-a44f-d18f3fe067c5,2021-12-12T00:25:50,BRAND1,902.71,adfcjcf@gmail.com
956a86f2-e2df-45b2-a2a4-08dc0ed0f588,2021-12-12T00:25:50,BRAND2,$888.25,hlldlie@live.com
b4339a62-774d-4d04-a3cf-6fc1710c6fae,2021-12-12T00:26:40,BRAND2,758.40,"""efbggjj abbklcd"" <efbggjj@gmail.com>"
343784ef-7a55-4848-8e31-c3c44c4665a5,2021-12-12T00:26:40,BRAND3,516.01,ackhddg@gmail.com
0ce29848-bf6a-41a7-87c1-83507944bac1,2021-12-12T00:27:30,BRAND2,995.33,"""kkjkaac jkbicig"" <kkjkaac@appple.com>"
14544fd3-93f2-4619-870b-e8b526ef1535,2021-12-12T00:27:30,BRAND4,743.30,ddbigjf@gmail.com
734c7f6e-5cdb-43f8-b9f1-01d3cff53b31,2021-12-12T00:28:20,BRAND4,610.23,bdkiikd@gmail.com
b6ad9124-e37b-4fed-bf93-44fc6bb7e179,2021-12-12T00:28:20,BRAND1,349.02,hllehfa@gmail.com
e7fe6da6-31d3-4956-92e2-7b041cb0544e,2021-12-12T00:30:00,BRAND3,496.22,ebgflke@appple.com
06159e8c-f44a-4c7b-ba55-9021391584a1,2021-12-12T00:30:00,BRAND5,153.50,clafdce@gmail.com
b3abd5eb-70a8-4223-b67a-6aeefa78a0c8,2021-12-12T00:30:50,BRAND5,96.07,iblllfg@gmail.com
abc3917b-b3b3-49ab-a506-ef3eca5dd4a7,2021-12-12T00:31:40,BRAND2,903.50,ediefjb@gmail.com
c16056db-a5f5-46c1-bfe5-697b5287466f,2021-12-12T00:32:30,BRAND2,540.13,ddcjgkk@live.com
f02fc954-9c34-4c00-8d47-f5a73e6b8be9,2021-12-12T00:32:30,BRAND4,245.53,"""ijdldij ikccgjc"" <ijdldij@gmail.com>"
9776c2c1-415a-42e9-95d3-a8fe9633dc76,2021-12-12T00:33:20,BRAND2,117.65,cajahia@gmail.com
841ade1d-08f0-4088-83ec-55ab61526768,Sun Dec 12 00:34:10 2021,BRAND2,383.21,"""ffbcbed cgjggfg"" <ffbcbed@appple.com>"
28d4bea3-e342-4908-9b1b-4eb718053dc4,2021-12-12T00:35:00,BRAND5,102.85,kbebkcg@appple.com
39eb419c-f0fd-478a-b162-328c540c117c,2021-12-12T00:35:50,BRAND2,575.37,cbbkcgh@gmail.com
d2b0e1da-4548-4ed3-b4d3-891c030e1665,2021-12-12T00:35:50,BRAND5,742.39,jacfcdg@gmail.com
918c9db8-8b2d-4bf0-b2b2-3b806c148f96,2021-12-12T00:37:30,BRAND2,133.71,"""hadecil kclkegg"" <hadecil@live.com>"
5bea0d56-8884-4e3f-a6f0-c37d403fcee3,2021-12-12T00:38:20,BRAND2,171.31,"""fcjaech chaiieh"" <fcjaech@gmail.com>"
dfd7e939-1ab2-4d24-b978-82fe8c94209f,2021-12-12T00:39:10,BRAND2,367.79,hklcbdi@gmail.com
9b3d3d52-e240-4260-a5d6-b69f37de9086,2021-12-12T00:39:10,BRAND5,253.18,"""aallaai cjagafa"" <aallaai@gmail.com>"
3f06a661-4765-4d44-a3ac-30b37f4902ce,2021-12-12T00:40:00,BRAND2,755.28,dacflhf@appple.com
032840fa-dc69-4081-92bb-e667c64eac5f,2021-12-12T00:40:50,BRAND2,141.72,hggbdgb@yahoo.com
a2035fe9-6fac-47a8-8d0e-23dd334ccf01,2021-12-12T00:40:50,BRAND2,415.39,kikkdgf@appple.com
0f53094f-04a3-433c-aa3c-48f7c7459935,2021-12-12T00:41:40,BRAND2,582.11,hkidbdj@appple.com
240cfefb-6372-48d6-b6c3-9fb24fa83de8,2021-12-12T00:41:40,BRAND5,419.64,ehhlcdf@gmail.com
5d5c6117-215d-4e68-b301-5cc473f07b81,2021-12-12T00:43:20,BRAND2,312.29,"""hfejdif elfbefc"" <hfejdif@live.com>"
d5328a02-9028-4da8-ac38-1cc26353ecab,2021-12-12T00:45:50,BRAND5,507.68,jffgldf@gmail.com
49116bd8-5fc6-4175-a1e5-79216589098a,2021-12-12T00:45:50,BRAND5,67.98,"""bfjdkld leflkal"" <bfjdkld@gmail.com>"
9257b2d2-90a1-49b7-aef4-d1b23569fa86,2021-12-12T00:46:40,BRAND2,263.68,bbijfhi@gmail.com
ad93744a-8458-4f54-9c45-2d28d686e4a0,2021-12-12T00:46:40,BRAND5,921.24,"""cfgkaef egfjhaa"" <cfgkaef@gmail.com>"
a2eba654-493f-4bad-939f-fdc785ac4d6e,2021-12-12T00:47:30,BRAND5,957.70,adallde@gmail.com
108e69ef-68ad-4470-8102-e305215412dc,2021-12-12T00:47:30,BRAND3,559.57,"""jbejiej kehkglc"" <jbejiej@gmail.com>"
c6fbb2d2-553b-4685-a375-0ab8f7129cfb,2021-12-12T00:48:20,BRAND2,474.32,dlgabee@gmail.com
518b2e5c-b4b1-48cb-a18b-9fad3ca4772d,2021-12-12T00:48:20,BRAND5,58.52,egidjja@appple.com
70950cdc-4e43-4741-aee9-f16d38cab595,2021-12-12T00:50:00,BRAND2,776.36,"""bjlhdgi jdfadfh"" <bjlhdgi@gmail.com>"
63309263-5d74-414b-b0df-d985b5b5963e,2021-12-12T00:50:00,BRAND2,692.46,adkdeab@gmail.com
92f352aa-3def-449f-9e3f-eb76c5572624,2021-12-12T00:51:40,BRAND2,767.96,"""fjihbed fehdhaf"" <fjihbed@appple.com>"
3ac16202-9096-4b21-b66f-be10410024ea,2021-12-12T00:52:30,BRAND2,349.28,"""hbghegf glbckji"" <hbghegf@appple.com>"
d98ef3fc-1da6-4eb9-a0d5-3134dcef3ec3,2021-12-12T00:52:30,BRAND1,545.90,"""khdkdbk ieeebak"" <khdkdbk@gmail.com>"
3a4fe327-cae0-44b1-be25-5d2632860458,2021-12-12T00:55:00,BRAND5,419.19,idakieh@gmail.com
87f9096f-8319-403c-998b-40cc5a34df26,2021-12-12T00:56:40,BRAND2,911.73,"""hhijhdh lacahjl"" <hhijhdh@appple.com>"
06d4cbce-e809-44b7-a4cc-2fe759ad19f5,2021-12-12T00:57:30,BRAND5,851.18,"""bifajea ibbhale"" <bifajea@gmail.com>"
c6a0a5c3-fc34-48ac-a734-d897893c778c,2021-12-12T00:57:30,BRAND4,238.73,dcccidi@gmail.com
b2bd62dd-d0ec-4270-8425-44d96fc48dce,2021-12-12T00:59:10,BRAND2,320.32,hifgdif@live.com
56c828ee-f561-4780-b9cc-607f2d37408d,2021-12-12T01:00:00,BRAND5,863.13,"""hedfkee cccffld"" <hedfkee@gmail.com>"
10b4d06b-31d6-47de-843c-1c179722b831,2021-12-12T01:02:30,BRAND2,323.90,lfhbada@gmail.com
e50cfb1c-6fab-4df7-8e0b-fb77b179c687,2021-12-12T01:02:30,BRAND2,546.33,"""lghccig clifihc"" <lghccig@gmail.com>"
b825f763-0408-4e70-9bf0-38021c5fd0be,2021-12-12T01:03:20,BRAND2,110.28,"""jcbileh jlccjae"" <jcbileh@gmail.com>"
f3f94b88-c0ae-455b-9f7d-10880deeacf0,2021-12-12T01:03:20,BRAND4,54.75,gdkefkd@live.com
7c0d6a2a-313f-460a-97e4-4b55508875aa,2021-12-12T01:04:10,BRAND2,721.93,djcilef@appple.com
ba9b29f5-baa4-49f2-99c0-cd0dde3809f6,2021-12-12T01:04:10,BRAND2,368.58,dghbcgb@appple.com
1d455b78-bc0e-45e6-b041-0354804dab8f,2021-12-12T01:05:50,BRAND5,826.89,"""gcedffh bhahjbd"" <gcedffh@yahoo.com>"
728db8df-207f-4050-882f-92d6c12303f5,2021-12-12T01:06:40,BRAND1,16.57,abeccih@appple.com
186f3efa-46a9-489b-8277-0bda5b67ccce,2021-12-12T01:08:20,BRAND1,529.26,cfbkebj@gmail.com
916c072f-3b03-4c05-b6b2-f13b0deae3f3,2021-12-12T01:08:20,BRAND5,193.67,fcfhiaj@gmail.com
982c45e2-0308-473e-a0b8-184e00eeb67b,2021-12-12T01:10:00,BRAND5,354.10,"""lhakijh blaghll"" <lhakijh@gmail.com>"
2c5e7f66-dd52-4b09-812d-c1ab0f4f2b73,2021-12-12T01:10:50,BRAND5,12.41,ilggclk@gmail.com
66408340-d86f-41af-8cf0-234966265da1,2021-12-12T01:10:50,BRAND5,274.08,kdcebfi@live.com
5c803622-09f0-4651-8351-1738fd08ab5f,2021-12-12T01:11:40,BRAND5,343.09,fagffee@live.com
87eb9fc3-4874-4b9f-88a9-8fc65b5a7971,2021-12-12T01:13:20,BRAND2,299.91,"""bghicgl ekeigfj"" <bghicgl@appple.com>"
94980694-865f-4ad0-919a-09732a8c7304,2021-12-12T01:13:20,BRAND1,838.64,"""djgklbb adfahhf"" <djgklbb@appple.com>"
8d1f06c9-6d2a-4f3a-9614-784eef717d15,2021-12-12T01:14:10,BRAND2,313.42,"""hackhkb lfigkfd"" <hackhkb@gmail.com>"
d8fb9058-b5d8-4437-91b1-6a0b5d06c519,2021-12-12T01:15:50,BRAND2,744.74,"""hiaflfj llfedga"" <hiaflfj@gmail.com>"
4b4e3012-f0fd-4611-84c9-06e9febd5154,2021-12-12T01:16:40,BRAND5,48.17,agiflkg@appple.com
f00b6482-c216-442b-a423-adc0f178711b,2021-12-12T01:17:30,BRAND2,277.20,"""dcgidkl keahehc"" <dcgidkl@appple.com>"
ab319ccc-b109-4608-a33b-3e038e2c7e24,2021-12-12T01:18:20,BRAND2,745.39,"""hfajkfi eibiaef"" <hfajkfi@appple.com>"
c926a0dd-d141-4772-93ce-81d413fa18e6,2021-12-12T01:18:20,BRAND2,928.53,"""kffcgjg hahjkea"" <kffcgjg@yahoo.com>"
d85b2c26-764c-441e-a8b5-87630a116ef1,2021-12-12T01:19:10,BRAND2,272.80,jbfhihi@gmail.com
faa0b302-6296-46ae-a6d2-1fec74e1457e,2021-12-12T01:19:10,BRAND2,890.03,kfcfedg@gmail.com
dcfd42cc-1026-4ffd-a88a-c377c59ed0a2,2021-12-12T01:20:00,BRAND5,326.22,kaakgck@live.com
8778e7ac-a3d4-4816-a5b2-0c8fa0ab81cc,2021-12-12T01:20:00,BRAND2,11.77,ecbadfe@appple.com
8980c6ca-4a2b-4f0c-a291-cdc37d53336e,2021-12-12T01:22:30,BRAND1,736.21,ghgjegk@gmail.com
014f980f-7cb9-418f-86c1-dda4dd67e183,2021-12-12T01:25:00,BRAND2,415.71,hhkfldl@live.com
983a7cd6-18ba-4756-8d53-c97a87a7cdfc,2021-12-12T01:25:00,BRAND5,376.32,ggjheji@gmail.com
2ebb0a02-1bae-4379-ab56-7f0dd76fecec,2021-12-12T01:25:50,BRAND3,946.53,ibglkhl@live.com
7548d881-fcdc-4202-9506-a7b6713c0fa4,2021-12-12T01:25:50,BRAND4,276.80,"""jlclagh kehflik"" <jlclagh@live.com>"
97a342ca-9065-48c3-b21c-b24dd83cf58b,2021-12-12T01:26:40,BRAND1,963.61,cadhcfh@gmail.com
e7b54a8c-9785-4dff-bf34-1ad409889239,2021-12-12T01:27:30,BRAND2,375.01,kecdaji@yahoo.com
028a133d-8750-4c68-bfc4-7ea218ef1ed2,2021-12-12T01:29:10,BRAND5,184.80,bakdlbi@live.com
d8a64add-e14c-4136-9681-0ce5c9b8b4ec,Sun Dec 12 01:29:10 2021,BRAND1,863.55,fgkiabj@appple.com
05c5e702-5fae-40cb-8f9e-c3c21ea60afb,2021-12-12T01:30:00,BRAND5,128.65,jfijdkl@yahoo.com
6e0413ea-cdaf-4833-b230-e64e01ddde47,2021-12-12T01:30:50,BRAND5,28.13,cabfcld@appple.com
b02805f1-bd6b-44c3-8415-16793e4348fd,2021-12-12T01:31:40,BRAND1,829.70,"""egbdjid jigfdic"" <egbdjid@appple.com>"
10aec8e4-7351-49ef-a625-d07287bed8ee,2021-12-12T01:32:30,BRAND5,607.41,"""jhhbhkl jgbblhd"" <jhhbhkl@live.com>"
4cdbc226-0b08-4050-be86-7729086be8f7,2021-12-12T01:34:10,BRAND2,696.40,ahbjeia@live.com
74691d9a-47d7-41b5-a2c6-357653c0730b,2021-12-12T01:35:00,BRAND5,849.29,hhkechl@live.com
dfbc5782-d763-4254-862f-e042f7ef5c94,Sun Dec 12 01:36:40 2021,BRAND3,901.57,"""hffhilb gaafclc"" <hffhilb@appple.com>"
01a01626-b892-43ec-b7e5-61ed893e0d40,2021-12-12T01:36:40,BRAND5,927.29,jglcgij@gmail.com
56793928-ed79-4bc2-be6a-c93e3d996ec7,2021-12-12T01:37:30,BRAND2,666.65,gjclbla@gmail.com
fdc25b46-9b01-454d-9a55-42517b34d5ce,2021-12-12T01:37:30,BRAND5,886.64,jfedfch@live.com
0bd2ba69-b9e2-4614-adea-293757a4f3f4,2021-12-12T01:38:20,BRAND4,375.78,ehaglka@appple.com
b61ac596-3e88-4a60-9ac7-23b14d5fe149,2021-12-12T01:40:00,BRAND2,23.42,"""fjchebe hbfakbg"" <fjchebe@live.com>"
729eb9fa-40a1-41cc-8485-e54ab4fe75ca,2021-12-12T01:40:00,BRAND3,85.97,ajidbkh@appple.com
951b8e0e-bd58-40cc-b22a-4281621e2131,2021-12-12T01:41:40,BRAND3,886.00,"""fgdjcla lfdbeci"" <fgdjcla@gmail.com>"
dec9f05c-80a6-4f81-8c69-0ab39cf333f5,2021-12-12T01:42:30,BRAND2,426.48,"""ifaldka glklhii"" <ifaldka@gmail.com>"
250f3d50-9c7d-4d25-8b25-51ad4582d797,2021-12-12T01:42:30,BRAND1,79.02,lghdhdg@gmail.com
96fdd723-0466-4a3d-9558-a0cff8defdcd,2021-12-12T01:44:10,BRAND2,837.72,ddeghca@gmail.com
6681f027-76bb-42cd-b5a0-648688a4b956,2021-12-12T01:45:00,BRAND1,52.38,"""hahegcg hhihgch"" <hahegcg@live.com>"
33acb0ec-f4a7-49bb-8538-c764da0daa28,2021-12-12T01:46:40,BRAND2,885.67,"""faibicd dlkihdc"" <faibicd@yahoo.com>"
93406ffb-0713-44fc-bb73-e513c3079909,2021-12-12T01:47:30,BRAND3,955.91,lbbcleh@gmail.com
e82d81cf-567d-4fdf-860b-39690fe146bf,2021-12-12T01:47:30,BRAND2,16.09,"""flkggie cgghgac"" <flkggie@gmail.com>"
871f8a84-887c-40a0-97f0-79cbdde19c58,2021-12-12T01:48:20,BRAND1,591.25,"""iliakhl gbddicd"" <iliakhl@gmail.com>"
b38cef79-ef53-4939-83b1-4833798f6f5f,2021-12-12T01:48:20,BRAND2,454.54,"""acffdij ciiccah"" <acffdij@hotmail.com>"
a1e14002-5777-4c76-ae8b-4ca3d38ef31d,2021-12-12T01:49:10,BRAND2,993.27,"""hcecljl lbjkila"" <hcecljl@gmail.com>"
d8e17798-67b6-4fc7-b815-030d66e287c9,2021-12-12T01:49:10,BRAND4,72.20,"""ddcckij bacjjfg"" <ddcckij@yahoo.com>"
808d2280-ebb3-4c60-905b-2b568cef48f1,2021-12-12T01:50:00,BRAND1,944.86,"""dealbhg kefjkgb"" <dealbhg@appple.com>"
b1bbe993-1fe2-4394-ab41-aa3973fa7bdc,2021-12-12T01:53:20,BRAND5,$67.87,libahed@live.com
f7c62e74-b518-4e10-951e-ffb00e168c6b,2021-12-12T01:54:10,BRAND1,860.25,kgeggff@gmail.com
ea06fb40-b502-4249-8c72-d0ffb88b64f6,2021-12-12T01:54:10,BRAND2,409.56,iahdefk@gmail.com
641ca899-2259-48cf-abe8-a3455d2583e5,2021-12-12T01:55:50,BRAND2,769.93,lifcfig@live.com
43ed4d31-f7ba-429f-bb77-e85f41f0c967,2021-12-12T01:55:50,BRAND2,965.04,higbdfg@gmail.com
d8f00ad7-a047-4f41-b982-af37f0b8c69f,2021-12-12T01:58:20,BRAND5,463.77,eckdhhh@gmail.com
9b3902d2-16c4-4da1-912e-f1e749fae110,2021-12-12T01:59:10,BRAND2,183.18,bbgkdeg@live.com
4ab9235f-19dc-4519-8311-cdc09e9fb2c0,2021-12-12T02:00:00,BRAND2,56.61,"""aajcdeb ibkbhei"" <aajcdeb@appple.com>"
9284ef89-67b1-49c8-ae61-2a617b88a61d,2021-12-12T02:00:00,BRAND1,111.97,kgjljcj@gmail.com
b5f36d90-d530-4b40-8893-359c3d0c6502,2021-12-12T02:01:40,BRAND2,116.09,"""allbfid llkfdgi"" <allbfid@gmail.com>"
cb286557-eb1b-40d2-a3d9-73346506320c,2021-12-12T02:01:40,BRAND2,283.15,"""kijcldh fflahjl"" <kijcldh@gmail.com>"
83b69fde-4663-45e5-a5fd-42e0fe6b49d1,2021-12-12T02:02:30,BRAND1,522.91,"""glgkfka dahdkbj"" <glgkfka@live.com>"
fe4cf576-bcba-46d7-9293-4a81de3520ff,2021-12-12T02:02:30,BRAND2,197.00,ifjgaca@live.com
b362c26f-d798-4001-abc8-56c8ed482469,2021-12-12T02:03:20,BRAND5,733.36,fckfaib@appple.com
95394673-8004-49d4-8fde-0804985b4cd2,2021-12-12T02:05:00,BRAND5,31.99,bgfebhi@gmail.com
84bd8e2e-c24e-418d-94b4-07ed58d9cd5a,2021-12-12T02:05:50,BRAND1,206.75,ajjdile@gmail.com
0470ce89-9d85-45e1-917e-2cb07fdc83cf,2021-12-12T02:08:20,BRAND5,981.45,jkleifg@gmail.com
90e8848f-2e93-41ab-8832-7fde0dae8acf,2021-12-12T02:08:20,BRAND2,920.33,"""bheaccb fdkkhad"" <bheaccb@gmail.com>"
085c96f4-d84c-43a8-9165-3802cf325228,2021-12-12T02:10:00,BRAND2,571.50,"""fedeagb jcekfic"" <fedeagb@gmail.com>"
7954f8e8-53e1-4cec-ba57-22dc014f6355,2021-12-12T02:10:00,BRAND2,431.64,"""ealeeeg jiikald"" <ealeeeg@appple.com>"
29c25886-ca02-4642-b3ff-60cd48ae27fd,2021-12-12T02:12:30,BRAND5,71.78,"""gcgkcje fkejecd"" <gcgkcje@appple.com>"
5ea229f9-5e88-4deb-99ba-685ec0b88673,2021-12-12T02:12:30,BRAND2,62.92,hfkfice@yahoo.com
3161bcb6-0703-4cc2-9c8f-ea0da0e55867,2021-12-12T02:13:20,BRAND3,260.54,lggfcih@gmail.com
f74dd32d-3e46-4ed0-a7b8-9613cd9cb902,2021-12-12T02:13:20,BRAND5,$55.39,cedbeke@appple.com
5b8ee246-6f58-453a-8278-5269c55949a8,2021-12-12T02:14:10,BRAND5,871.04,"""idbjbda bdlhkgg"" <idbjbda@appple.com>"
c6aea7f0-e30e-4457-b20d-c69fcf40a2c9,2021-12-12T02:15:00,BRAND5,$248.41,"""dgbbhja ehcafai"" <dgbbhja@gmail.com>"
150ae598-0dfd-4d3b-b400-f5643715b23c,2021-12-12T02:15:00,BRAND2,14.87,ggfbkah@gmail.com
48cedda5-be0c-4465-877d-38efaf38a96f,2021-12-12T02:15:50,BRAND1,183.26,"""cbgbddd iefikhi"" <cbgbddd@appple.com>"
89c7ef5a-2853-4312-a855-50e14d83c217,2021-12-12T02:17:30,BRAND2,732.75,ffdaddd@live.com
733f7848-b375-43ad-9210-9ff6898cd4c3,2021-12-12T02:18:20,BRAND1,512.52,bbgglhk@gmail.com
25a19e48-7ab6-43fa-88b5-1a4bfede7569,2021-12-12T02:18:20,BRAND2,502.33,"""egciall eifkbbe"" <egciall@live.com>"
88bcc333-e0d0-477b-8294-9bbd8a1cb4cd,2021-12-12T02:21:40,BRAND4,865.81,"""hiebblj gilidae"" <hiebblj@gmail.com>"
ca71e3e3-1867-44a3-afe6-146320f0a0d2,2021-12-12T02:21:40,BRAND2,506.18,fdakbfd@gmail.com
d7bd8225-c1c0-4aa8-8aae-40581a185388,2021-12-12T02:23:20,BRAND1,595.96,blcjdjg@gmail.com
a6ade4f5-d14f-4a5e-8d16-dcd0fb4017ef,2021-12-12T02:24:10,BRAND1,738.77,"""gggdkfl iagfgef"" <gggdkfl@gmail.com>"
91a75652-72c1-45c6-b4bd-33d828c77270,2021-12-12T02:25:00,BRAND4,538.37,hchlcce@appple.com
2290b409-f0e8-4f72-89fe-69c6397e7810,2021-12-12T02:25:00,BRAND2,36.17,fgbcdci@appple.com
6622bd97-5e85-4931-ade8-787d5c7a4801,2021-12-12T02:25:50,BRAND2,615.63,"""cdikald iedbklj"" <cdikald@live.com>"
712732da-d57a-491a-b985-b1c12bf2f0fc,2021-12-12T02:25:50,BRAND2,936.60,"""hbahlek jalldgi"" <hbahlek@yahoo.com>"
e946a28e-c40e-4ed5-9ef7-23558413a399,2021-12-12T02:26:40,BRAND5,684.53,kbcgedh@gmail.com
476a3d37-1bb7-45e3-850b-44cb7520915e,2021-12-12T02:27:30,BRAND2,124.86,cdkagef@gmail.com
8af5986d-8920-4a87-b49e-ae250f25977d,2021-12-12T02:27:30,BRAND5,777.89,"""gkfbjgj gfgegjb"" <gkfbjgj@appple.com>"
cf112d0a-1a73-4e47-80f7-aabfd5cd2245,2021-12-12T02:29:10,BRAND5,591.94,fgacdec@appple.com
66e16295-3468-42d0-b565-e68ff61900e9,2021-12-12T02:29:10,BRAND5,873.80,"""ahlafdj alidlie"" <ahlafdj@live.com>"
bdddcc03-19ab-42f9-a0d0-2a7491093e1c,2021-12-12T02:30:00,BRAND2,7.63,"""cbchhbd aflaebf"" <cbchhbd@gmail.com>"
6aa8a83d-fff2-4177-b153-f91abd111bdd,2021-12-12T02:30:50,BRAND2,909.22,"""bkljalk kkikahi"" <bkljalk@yahoo.com>"
e2307dd2-22dc-47c4-bda9-d564b45384e5,2021-12-12T02:30:50,BRAND2,403.94,aaefeea@gmail.com
7580707c-1794-4237-9d55-96e9137118fc,2021-12-12T02:31:40,BRAND2,540.97,agbbhgf@appple.com
4eaa7f0a-12d2-4ce4-84b9-1f90a6135c5d,2021-12-12T02:32:30,BRAND5,375.75,"""alghjbj cladegg"" <alghjbj@gmail.com>"
d3dea327-614a-4714-95f6-3a4cb953b6ee,2021-12-12T02:32:30,BRAND2,182.74,"""lalbdkd keiekal"" <lalbdkd@appple.com>"
a70d6d9c-bb61-404c-92f1-7d7295d5aec3,2021-12-12T02:33:20,BRAND1,865.49,egjiagd@appple.com
9815e92c-8d14-426c-875b-216065011955,2021-12-12T02:33:20,BRAND2,59.03,gfacjfd@live.com
5f3b8c70-91f3-41be-98df-f9fe68830f9c,2021-12-12T02:35:00,BRAND5,195.83,gajgdik@gmail.com
c69176f4-b14e-4eae-bc8d-f0c335801fd7,2021-12-12T02:35:50,BRAND2,850.64,"""jjjbali ilhghdb"" <jjjbali@gmail.com>"
b53b93e5-a99f-44fa-8314-80a5edc20100,2021-12-12T02:35:50,BRAND2,176.83,bfefkda@gmail.com
1d2d6b80-5fbc-45b1-9442-e971ed16cc14,2021-12-12T02:36:40,BRAND5,61.71,fbbegea@gmail.com
e4ac6115-4c23-4293-9e76-1596caab1d64,2021-12-12T02:39:10,BRAND3,328.28,"""kkhlgjg eilfgak"" <kkhlgjg@live.com>"
f4102d2a-0427-43e2-8e3a-531729af6edb,2021-12-12T02:40:50,BRAND2,628.21,"""eljfcfj iebacbl"" <eljfcfj@gmail.com>"
66dd9afa-3563-4a63-9f32-29db58495d98,2021-12-12T02:40:50,BRAND2,38.01,keeecdl@live.com
57b8ad47-4c94-4320-aba0-e8dcec75821b,2021-12-12T02:43:20,BRAND2,285.09,fdbjife@yahoo.com
64da0246-4490-4627-83af-0f3ea02642d0,2021-12-12T02:44:10,BRAND2,873.01,"""cgkcjla ffeidck"" <cgkcjla@live.com>"
0ff36ae4-25b8-4895-a4e2-b019973ac13a,2021-12-12T02:45:00,BRAND2,962.29,"""cikkhfk blidjfg"" <cikkhfk@gmail.com>"
2746bff2-2ac1-49c4-99af-cffd53837ba7,2021-12-12T02:45:50,BRAND2,991.99,libheac@yahoo.com
da4ccec2-a470-4893-af4b-bc1168c4f870,2021-12-12T02:45:50,BRAND5,961.13,bieijda@gmail.com
5d744b3d-d8b4-4040-a440-bce9822f490c,2021-12-12T02:48:20,BRAND2,252.00,hkkcegf@gmail.com
efd06516-ad3d-4155-93a2-ab4ef5ac6206,2021-12-12T02:48:20,BRAND1,284.73,"""gdeciab fkcjaif"" <gdeciab@appple.com>"
6659d7a6-7c94-4241-b5d2-4592fb913ca8,2021-12-12T02:49:10,BRAND2,340.19,fgbedcf@gmail.com
8d5dc96b-0a41-4c9c-b8c5-ddb2b0dc5342,2021-12-12T02:50:00,BRAND2,165.75,"""faghega ihdjjib"" <faghega@live.com>"
fe65f1b9-7de3-4b8e-9e19-b59f35da80d9,2021-12-12T02:50:50,BRAND5,751.88,egifdhg@gmail.com
402776d7-7959-4d9e-8b72-12f19cd2ef0c,2021-12-12T02:52:30,BRAND5,378.39,kkelebg@gmail.com
0be54928-4e96-4536-aa81-5944949e24d1,Sun Dec 12 02:52:30 2021,BRAND5,319.55,ibhidbe@live.com
cc4de03b-37fa-4f0c-98c7-eb84e926436b,2021-12-12T02:53:20,BRAND5,998.10,"""ajijlcd cfidlle"" <ajijlcd@appple.com>"
dd99c80e-ca83-446e-94f2-016ed0c0ea9c,2021-12-12T02:54:10,BRAND5,357.28,lcklebc@gmail.com
f5002dd5-f688-47b8-b6db-f85ffcaec0ed,2021-12-12T02:55:00,BRAND2,113.48,"""akcbgkl jhbbkie"" <akcbgkl@live.com>"
0fbcc125-c14e-4175-8684-50760ac612d8,2021-12-12T02:55:00,BRAND4,280.76,"""iccdilj ghdfglb"" <iccdilj@live.com>"
55e0004e-42a6-4bda-b310-a80e042954e3,2021-12-12T02:55:50,BRAND1,343.65,hbdjjel@yahoo.com
55307d70-5a07-43bf-8b09-4b3dd45cfacf,2021-12-12T02:56:40,BRAND4,219.45,"""flggeek bjghalf"" <flggeek@gmail.com>"
db9a0ca1-6abb-4eed-9744-47f627764475,2021-12-12T02:57:30,BRAND2,519.21,"""ldaabgk lcddllb"" <ldaabgk@gmail.com>"
86061e5d-34ce-469a-b450-c107f3de3ff4,2021-12-12T02:57:30,BRAND5,265.93,hhdjdjl@appple.com
26a859c4-d013-41b1-93bb-a823329b7452,2021-12-12T02:58:20,BRAND4,671.55,fhdgdad@gmail.com
1371f23e-2b17-4543-934c-f959876da0e6,2021-12-12T02:59:10,BRAND1,307.19,ekbeibb@appple.com
9dde3288-2943-4b01-9f15-346291890d71,2021-12-12T03:00:50,BRAND1,635.01,kfgcidh@appple.com
a884aa86-689d-4ef8-82df-48d6d0091750,2021-12-12T03:01:40,BRAND2,250.77,"""jdgljek chljceb"" <jdgljek@yahoo.com>"
935440fb-d983-4b7c-a4c3-f5ac22f02ecf,2021-12-12T03:01:40,BRAND5,439.32,ehediab@gmail.com
5371a65d-d566-4d52-a568-e5e22305a99a,2021-12-12T03:02:30,BRAND5,729.96,jlfjlab@live.com
9c1b3ebd-4be8-4fd2-b741-aaf5abfaaa01,2021-12-12T03:04:10,BRAND5,342.07,"""kjjebil igadjgl"" <kjjebil@yahoo.com>"
e26c7d99-5149-4f71-83f8-a522003e650e,2021-12-12T03:05:00,BRAND2,430.57,dhjbljl@appple.com
bddba2f8-a603-4d94-aa28-bc47e646637d,2021-12-12T03:05:00,BRAND5,811.21,abdhilh@gmail.com
167746cd-b31d-4b36-8aef-68b22f59399e,2021-12-12T03:05:50,BRAND1,762.72,lkklaih@yahoo.com
f0cfedd8-3018-427b-9368-6fa86777ad03,2021-12-12T03:05:50,BRAND1,348.35,hfhieaj@gmail.com
1b34164f-c37a-4b5b-b8a9-0b015af2025e,2021-12-12T03:06:40,BRAND2,928.35,"""ebfgcce kbgiija"" <ebfgcce@gmail.com>"
b4494f79-49b2-4315-87ac-a14694b9876d,2021-12-12T03:06:40,BRAND5,904.39,eeaidji@gmail.com
3d3f408c-7027-48f6-913b-64b20edcd324,2021-12-12T03:08:20,BRAND2,753.98,"""ffaigfh ekfbeea"" <ffaigfh@gmail.com>"
8f67981f-b242-44ab-b266-858aa98eec67,2021-12-12T03:08:20,BRAND1,726.12,ikefhdc@gmail.com
468e1a0c-0264-4f0c-9504-d6f7a2c69767,2021-12-12T03:09:10,BRAND2,983.70,ebcebld@appple.com
9f9fb20b-46d3-40c3-9668-6cea2e743bec,2021-12-12T03:10:50,BRAND1,730.12,fcgcgjb@gmail.com
e00c690b-4983-463a-a3c5-8164f7f4ad3e,2021-12-12T03:10:50,BRAND5,46.76,dahgekl@yahoo.com
296fc77c-1b9e-4ed1-9bb1-06f40e07f4f9,Sun Dec 12 03:11:40 2021,BRAND3,776.39,bdeljfk@gmail.com
99ec8e5e-d91a-4f47-a223-37228c861a64,2021-12-12T03:12:30,BRAND2,733.86,cekdgec@gmail.com
74cfc4e7-5a99-4ec0-b044-df55ce7b5330,2021-12-12T03:12:30,BRAND2,771.21,lfdjakc@live.com
703568a1-2da6-492d-ac97-6f08ae1ff167,2021-12-12T03:15:00,BRAND2,642.53,"""ghfcfbi glebalg"" <ghfcfbi@appple.com>"
75d54c94-57af-4bdd-bf98-43c2b34c2fe7,2021-12-12T03:16:40,BRAND2,835.39,"""ceibglg jbjgkea"" <ceibglg@gmail.com>"
bcbcde4a-5cb3-45d0-b9fe-88cbcfc6effd,2021-12-12T03:16:40,BRAND2,437.22,hfkcgbi@gmail.com
9f6a54fa-9d72-4b8f-b36e-7f8808e72225,2021-12-12T03:17:30,BRAND5,390.51,"""cdigklg cehegbg"" <cdigklg@gmail.com>"
ec79ee3c-ec54-4cae-acd6-0a29e43a32c1,2021-12-12T03:20:50,BRAND1,478.30,hjhfcik@gmail.com
0b6e480e-e1c7-43ed-add1-20ebca4040d1,2021-12-12T03:20:50,BRAND1,$157.59,lkaaacf@gmail.com
af6cb575-3b7c-43a9-b4cf-5115604c4f9b,2021-12-12T03:22:30,BRAND5,143.43,dgkgfjc@gmail.com
78d87f19-b397-432e-8965-442c1a528238,2021-12-12T03:22:30,BRAND5,461.28,jldacfk@live.com
d52228c3-39ee-4254-8ae3-daa209aa387f,2021-12-12T03:23:20,BRAND2,124.61,"""ijllfid khbhaee"" <ijllfid@live.com>"
a3c2cc3f-af78-4964-867b-bb8f69a61b90,2021-12-12T03:23:20,BRAND2,149.08,ieladld@gmail.com
95f8496f-3582-4258-a5ed-5609767ea0f0,2021-12-12T03:25:50,BRAND5,473.78,"""dalchlf hfedcld"" <dalchlf@gmail.com>"
9423ba1b-5ae4-4fcc-b4a4-fec8ad9cd76b,2021-12-12T03:25:50,BRAND5,779.32,"""ccgffal khcjggj"" <ccgffal@appple.com>"
d9b5edac-da52-4792-87f1-a57250f5a915,2021-12-12T03:26:40,BRAND2,929.58,ijcjdbl@live.com
c90375ac-7721-4601-8752-8e566f08cfc3,2021-12-12T03:26:40,BRAND5,836.90,"""lcdhkak lacfiee"" <lcdhkak@appple.com>"
e31286a1-d9c0-4d6e-98d7-cdc21ce740a1,2021-12-12T03:27:30,BRAND2,293.62,kdecgal@gmail.com
4bf77133-954b-4374-9841-bc1d692c4db1,Sun Dec 12 03:29:10 2021,BRAND4,507.93,"""egjecje jaagdfl"" <egjecje@live.com>"
bdcdf32a-738a-420a-ace2-457229e39ce2,2021-12-12T03:29:10,BRAND2,507.27,ilfjjki@yahoo.com
d689ac62-1a45-4a10-9a24-fbd6ec2e340f,2021-12-12T03:30:00,BRAND5,541.79,kgkhgab@gmail.com
887de20c-619f-4868-ad44-edd5c306c1a7,2021-12-12T03:30:50,BRAND2,412.67,ieehgdg@appple.com
31d55ea1-c969-443e-875f-b01b67cc41a4,2021-12-12T03:32:30,BRAND2,850.44,"""dfhcgie fgcfhja"" <dfhcgie@live.com>"
1d9bd651-a4a9-4422-86d7-b59f1a630c8a,2021-12-12T03:32:30,BRAND2,49.59,"""fbigbih kdbiihl"" <fbigbih@gmail.com>"
c69ca07d-2b68-46a2-b32c-ff66ae3b9b44,2021-12-12T03:33:20,BRAND2,910.60,"""iiljldl jjjekba"" <iiljldl@gmail.com>"
cedcdb1d-087d-4a48-b7ec-506994fb4bbd,2021-12-12T03:33:20,BRAND1,932.66,ajblfec@gmail.com
50f91629-7a6d-40a2-88bf-dbcc3138c85f,2021-12-12T03:34:10,BRAND2,161.82,kibcbed@gmail.com
afd70d0e-42c1-45c3-9f3a-2dca22ebcafe,2021-12-12T03:35:00,BRAND2,550.68,eejfiij@gmail.com
e3941280-309d-41a6-ba6f-8098bbc2cdae,2021-12-12T03:36:40,BRAND1,61.80,jfeahcb@gmail.com
41c59f52-022b-42f4-ba61-9f22c7ec9f8d,2021-12-12T03:39:10,BRAND1,384.23,"""jkiaikd bfhhhei"" <jkiaikd@gmail.com>"
be72a765-2543-46b0-a63c-590313e8e7c2,2021-12-12T03:40:00,BRAND2,884.79,"""hfilbhd dibghjf"" <hfilbhd@appple.com>"
23d864c1-c6ee-43a0-85a5-98cb01db3b84,Sun Dec 12 03:41:40 2021,BRAND5,629.88,hdcecie@gmail.com
c5da6cb3-be2c-4551-8695-758f859cc487,2021-12-12T03:41:40,BRAND2,888.45,"""lihface ggkjebe"" <lihface@gmail.com>"
b44345de-c0b8-48a1-a43a-faaaa95fab17,2021-12-12T03:44:10,BRAND2,922.41,afffcib@live.com
6c401272-a1cd-4504-8bfd-5dd056ff78f2,2021-12-12T03:44:10,BRAND5,896.53,"""bedhabi bhghklg"" <bedhabi@gmail.com>"
f7dee926-66c1-432d-a728-7a1ae802d9b2,2021-12-12T03:45:00,BRAND2,249.17,hlgcbad@live.com
7198cc34-42ed-43ac-8ff0-50db3daa52b9,2021-12-12T03:45:50,BRAND2,141.29,bagladb@gmail.com
9d86fddd-8c1a-455f-8b0c-b66e13dd5801,2021-12-12T03:47:30,BRAND5,58.08,icdakld@gmail.com
433cf175-adb6-430d-87e4-caf9a6f6c5d0,2021-12-12T03:49:10,BRAND5,108.55,"""edkkbji bibcelb"" <edkkbji@gmail.com>"
00cf3d91-79d1-4d6d-beb4-19c7a574dbcf,2021-12-12T03:49:10,BRAND2,297.98,"""hklabij dfflbck"" <hklabij@appple.com>"
2ba5a49b-9836-425e-bf92-ea0803f57c7f,2021-12-12T03:50:00,BRAND2,947.25,"""efllfda eciigbd"" <efllfda@appple.com>"
7a8ccc05-cb4c-456e-b351-2696697ad618,2021-12-12T03:50:00,BRAND2,670.94,akdbkif@appple.com
cb616df5-1a02-430f-8fc4-01899e6b09ad,2021-12-12T03:50:50,BRAND2,240.87,lididdb@gmail.com
d5ddf90d-6dbd-4b5c-975d-5de22f58126a,2021-12-12T03:52:30,BRAND5,454.25,hheakgc@appple.com
cdd1731b-3ed1-42ab-95fa-c7f42955837d,2021-12-12T03:52:30,BRAND2,297.24,khhhjdk@live.com
c69ce2a6-3c46-4bc0-b7e0-22eb879cdfaf,2021-12-12T03:53:20,BRAND2,968.80,"""ljeaibl iiddfge"" <ljeaibl@hotmail.com>"
6ce600f6-bb7d-47a6-9143-f7dff247e4cb,2021-12-12T03:54:10,BRAND5,821.44,fjjdabj@live.com
a14e3287-fe02-4718-b981-a72a0488d291,Sun Dec 12 03:54:10 2021,BRAND2,975.40,feaafhj@appple.com
236ea43a-2b22-4d8e-b6a1-cce289917f30,2021-12-12T03:55:00,BRAND5,645.89,elachhk@appple.com
fb09df26-9cee-4ed0-86fd-eb9d8af6ca6c,2021-12-12T03:55:50,BRAND2,692.03,"""ijgdlhd flllhjk"" <ijgdlhd@gmail.com>"
576a5d93-3dfe-4436-8b58-4ca52f8b66aa,2021-12-12T03:55:50,BRAND2,251.64,bifdlcb@yahoo.com
e1d2057a-bfa5-43ea-bc91-3f13576fbd03,2021-12-12T03:56:40,BRAND2,97.51,"""addaeea aafelfi"" <addaeea@gmail.com>"
60d6b909-c417-497c-8e8a-f8f39a6ce05d,2021-12-12T03:57:30,BRAND4,492.39,liaieij@appple.com
be90ed25-5951-4ec4-886e-83da250ea5da,2021-12-12T03:57:30,BRAND5,272.21,jdeiald@gmail.com
4c74ef4e-1ba1-434f-85ec-ea136c166045,Sun Dec 12 03:58:20 2021,BRAND5,977.38,iiddhbg@gmail.com
abfd6793-f568-46a3-bbec-52a5e295396b,2021-12-12T03:58:20,BRAND4,985.27,"""ghdbcef gedhadh"" <ghdbcef@gmail.com>"
092d52e6-d6da-49a9-a435-d2a54355a667,2021-12-12T03:59:10,BRAND3,810.97,chdbcae@appple.com
a0bd90f2-b97d-416b-a2c5-c67d8eb77375,2021-12-12T03:59:10,BRAND5,801.94,"""jggfcdd lhbfegd"" <jggfcdd@gmail.com>"
34a01b67-2938-4d96-8360-c77979e7a645,2021-12-12T04:00:00,BRAND2,547.86,cebedid@yahoo.com
ab741d69-2708-48e8-a12c-37a5d7232a6d,2021-12-12T04:00:00,BRAND2,711.52,afjcjag@appple.com
aa3d5c1b-47e5-4ee3-86fd-f20c192e182c,2021-12-12T04:02:30,BRAND2,599.41,chiiffa@live.com
a040a32a-a3ff-40f0-be1c-b2120e497c66,2021-12-12T04:03:20,BRAND2,180.98,"""iklljck afddhki"" <iklljck@yahoo.com>"
83155958-f4ac-4aa3-9631-3d69972546ab,2021-12-12T04:03:20,BRAND2,81.59,"""fdljgkj bkebcga"" <fdljgkj@gmail.com>"
dfe2b15c-ee9e-4bfe-8422-edf32500ebd3,2021-12-12T04:04:10,BRAND2,645.12,kjiigfj@gmail.com
ef1e33d3-0953-4f12-8523-bbcd23123b02,2021-12-12T04:05:00,BRAND5,89.99,djafldc@gmail.com
c234f980-beaf-468a-9da6-66f1238c1703,2021-12-12T04:05:00,BRAND2,802.17,"""ehadkbk klhdheh"" <ehadkbk@hotmail.com>"
cefc3b6b-cc03-4c56-8557-0372c8c3dda9,2021-12-12T04:05:50,BRAND2,491.66,ccfdgek@gmail.com
6c569847-458a-46d6-9df5-a6c75fe82147,2021-12-12T04:05:50,BRAND3,39.57,"""bkbbkkk abghiag"" <bkbbkkk@appple.com>"
2d334738-5574-480a-a35c-a8d092f6cf01,2021-12-12T04:07:30,BRAND1,604.06,fbhgbgg@yahoo.com
df3a853f-a215-47eb-945d-977de66c62ea,2021-12-12T04:08:20,BRAND2,476.52,"""akblfjg dielbii"" <akblfjg@gmail.com>"
091a56b8-0981-4ec3-b43c-6332f9dc2578,2021-12-12T04:09:10,BRAND2,95.55,dflgjga@gmail.com
1cb27e37-68dc-4b00-bed1-c1b65b769097,2021-12-12T04:09:10,BRAND2,278.23,cfdefef@appple.com
0080948b-9dc1-4409-b8fe-cc8d2631c187,2021-12-12T04:10:50,BRAND1,371.11,ifjgifl@gmail.com
d622ae4c-99ca-4821-9fd0-33aed93249f7,2021-12-12T04:10:50,BRAND5,629.06,"""jgdkcie bdkgdjj"" <jgdkcie@gmail.com>"
05a22b08-d967-46b3-86dd-162f2e36d661,2021-12-12T04:11:40,BRAND4,651.09,jhbjgkf@gmail.com
502bffc3-5bb6-40cc-b9ae-2f6cc10c3796,2021-12-12T04:12:30,BRAND1,691.87,kljkigc@live.com
4274d7d9-ba4b-41c4-9be6-8dc35db2d74d,2021-12-12T04:12:30,BRAND4,884.68,gbldahk@gmail.com
cf50fe4c-def7-4be9-bfb7-c1031823e8f8,2021-12-12T04:13:20,BRAND1,935.53,dghhjjj@appple.com
386f3e24-f46e-49a6-9742-d1f627a0f232,2021-12-12T04:13:20,BRAND5,896.21,iadeeic@gmail.com
71063f78-c1f4-4d40-8791-9ff03f6787b9,2021-12-12T04:15:00,BRAND2,470.37,ehilidb@gmail.com
36211b59-f8b0-4f51-a62c-ff6acb74f8ec,2021-12-12T04:17:30,BRAND2,960.09,"""blhecid jkfhldk"" <blhecid@gmail.com>"
f7496a6d-da39-4c55-a35e-89f1d5d12c7f,2021-12-12T04:18:20,BRAND2,927.42,"""bjhjijl jheglef"" <bjhjijl@appple.com>"
7666032c-f138-47b4-bdbd-aff8f3abb30a,2021-12-12T04:19:10,BRAND5,911.41,"""bhgkcjf afdjjhj"" <bhgkcjf@gmail.com>"
f661ec87-4be5-4d78-8dbd-80a1c78f559d,2021-12-12T04:20:50,BRAND1,838.93,"""dfcdlld fcehjch"" <dfcdlld@appple.com>"
5dcb96a6-df79-40dd-a52f-cd38a60df7a7,2021-12-12T04:21:40,BRAND5,306.45,ebldibe@gmail.com
b1207ee8-86b6-4ccf-9b0c-50f578bffb42,2021-12-12T04:21:40,BRAND2,719.49,"""ecbilii cabfjlc"" <ecbilii@live.com>"
dd464179-5b27-4088-bc72-d3f7ec4f9e8e,2021-12-12T04:23:20,BRAND2,248.86,"""kdlijhl galkahg"" <kdlijhl@live.com>"
fb1fbbb2-a47b-4dcf-b554-4f59232e5785,2021-12-12T04:24:10,BRAND5,700.16,"""khlecbl cbdilfc"" <khlecbl@live.com>"
3a0b0692-0673-4f93-ab52-98afcc21799e,Sun Dec 12 04:25:00 2021,BRAND2,740.08,dlhjjdj@live.com
53e44a8b-2260-444d-8728-63ca9c394b3d,2021-12-12T04:25:00,BRAND1,43.06,cjlbbfb@gmail.com
bdb2f936-b4d3-47c6-b721-a7bb7423634d,2021-12-12T04:25:50,BRAND1,465.41,"""fbbcbhf bchbjak"" <fbbcbhf@gmail.com>"
3f3574d3-ecae-473f-9a91-91ea29f5363c,2021-12-12T04:28:20,BRAND2,894.57,cflcgji@gmail.com
f113d169-4de6-4ab7-bf73-5ecbbd0a13ae,2021-12-12T04:28:20,BRAND1,872.74,fllhejg@appple.com
bc1885d1-0198-4b9f-b6f1-83bd9c5a8317,2021-12-12T04:29:10,BRAND1,223.49,"""edbllki akhbfca"" <edbllki@gmail.com>"
ec5843c1-0d86-484d-8b20-da1a2e1dcd4d,2021-12-12T04:29:10,BRAND5,866.56,jfbiadc@live.com
926f17d3-0e38-4293-839c-b09d72abc260,2021-12-12T04:30:00,BRAND5,329.85,gdghdlg@gmail.com
faa4e215-bbf4-4072-ae10-c6f06ee23590,2021-12-12T04:30:00,BRAND5,378.31,cbeibea@appple.com
c30288a3-81d6-4cc9-a832-507e31524aec,2021-12-12T04:30:50,BRAND1,260.30,"""aefjjbc bfalakd"" <aefjjbc@live.com>"
073170f3-3fd3-478d-9bc0-b6c489d839a8,2021-12-12T04:30:50,BRAND2,28.02,ehaejgh@appple.com
b64187cc-8bc3-466a-ad5a-5e83745d9378,2021-12-12T04:31:40,BRAND2,958.20,aklfhfa@gmail.com
bf8b132d-3577-4a04-95fb-9d09fdf17043,2021-12-12T04:32:30,BRAND5,50.14,egejfhi@hotmail.com
ede06746-17f2-4e67-8ef3-586f86a5b157,2021-12-12T04:34:10,BRAND1,201.75,ekllkja@gmail.com
15df4331-aa6f-4ff5-b777-ce01f4fdfccd,2021-12-12T04:34:10,BRAND4,614.95,"""lhdgili hiaafif"" <lhdgili@gmail.com>"
660fb913-4979-4455-b9d6-b281f55254de,2021-12-12T04:35:00,BRAND1,55.01,"""gfgjfhc djhdiak"" <gfgjfhc@gmail.com>"
c6815ee9-bfa7-436f-8e91-d02c85e07397,2021-12-12T04:38:20,BRAND2,948.94,"""ikicabh bdahagd"" <ikicabh@gmail.com>"
0469293b-8bff-46bb-b871-9b3c3d14b497,2021-12-12T04:41:40,BRAND2,676.72,"""fbljihl fegdlcf"" <fbljihl@appple.com>"
0768ca5f-cc33-41ef-a8b7-4d495a0e71df,2021-12-12T04:41:40,BRAND2,861.32,dgcbage@yahoo.com
e0fab50e-e7f6-44e8-8907-9c8d29a56dc0,2021-12-12T04:42:30,BRAND2,919.94,"""aagadhh eflbiei"" <aagadhh@gmail.com>"
d7df019c-42e1-4051-8c51-252b63468caa,2021-12-12T04:43:20,BRAND3,809.45,hgehhhb@gmail.com
7c5db85b-f72a-48eb-9c07-d125e051d80e,2021-12-12T04:44:10,BRAND2,608.21,"""eadjieh jedkldk"" <eadjieh@gmail.com>"
496c4fd0-7670-41ca-a57b-5ea937ad34ff,2021-12-12T04:44:10,BRAND2,806.23,"""aghidak elljfdc"" <aghidak@gmail.com>"
34ff54d4-33c0-4c08-933b-957e4b6c9381,2021-12-12T04:45:00,BRAND5,317.84,"""lahjahe hlgjkjg"" <lahjahe@gmail.com>"
75e083c8-2625-4f9f-99dd-c083d48824ec,2021-12-12T04:45:00,BRAND1,521.55,"""hhhccib khhhkfe"" <hhhccib@gmail.com>"
1284bc0c-d24c-428c-965a-b27c0660a223,2021-12-12T04:45:50,BRAND1,93.85,"""kljakla faakkkg"" <kljakla@gmail.com>"
d63f24c6-af06-4ef0-9b86-6b594fd65754,2021-12-12T04:45:50,BRAND2,744.08,fegabhb@appple.com
0c45c30e-2a33-4c2a-bd33-22fb155ca7fd,2021-12-12T04:46:40,BRAND2,715.81,fjjljdf@yahoo.com
a61df20d-837d-4824-b181-b497933077fe,2021-12-12T04:46:40,BRAND5,200.51,iiegjad@live.com
acdaf4c8-0376-405e-b4c4-cc983190ff68,2021-12-12T04:47:30,BRAND1,167.48,elkhhlb@appple.com
1f019dfa-1113-46f3-8fe5-ba502c196747,2021-12-12T04:50:00,BRAND1,963.53,ahhcflj@appple.com
51198e12-3e19-46f3-a34a-7d2b510d68e5,2021-12-12T04:50:50,BRAND2,565.98,"""igcblhd bdcajfj"" <igcblhd@appple.com>"
cb666d12-1ca3-4a02-85e4-b6c2463ab1ed,2021-12-12T04:51:40,BRAND2,45.15,"""djlieli fhkdegg"" <djlieli@gmail.com>"
1aadd9bc-edf4-411a-a799-dde91c26bfdc,2021-12-12T04:52:30,BRAND2,579.69,eikgkde@gmail.com
d5b90fbf-90ee-4ad7-a47d-da701e5b2893,2021-12-12T04:52:30,BRAND2,618.80,ibijgfd@gmail.com
5524524c-d252-47cc-9f28-b9476f829f61,2021-12-12T04:53:20,BRAND5,598.48,"""ghgiadb ikhkefe"" <ghgiadb@yahoo.com>"
295f29db-cb85-432b-99f5-6cf25a668b5b,2021-12-12T04:53:20,BRAND1,615.11,iaaleld@appple.com
56640c63-e6f3-44a9-9861-26513adee4f8,2021-12-12T04:54:10,BRAND2,226.03,blfkkce@gmail.com
7e2e9e4e-40c6-4bb4-9d80-b8cc124db56b,2021-12-12T04:55:00,BRAND5,605.16,feckcla@gmail.com
53b40f8b-a99a-4f8d-acec-3a1c85cf2607,2021-12-12T04:55:00,BRAND2,334.52,hgbhffd@appple.com
6a540fbd-6849-4b3d-a922-89b84271c447,2021-12-12T04:55:50,BRAND2,156.27,ghfllhk@gmail.com
70e873cf-9a7b-4492-abed-586d39197e28,2021-12-12T04:56:40,BRAND5,801.51,"""jcjkfic bilcgbk"" <jcjkfic@gmail.com>"
5aa88997-2c11-4559-b2f6-8f4d9cc3db18,2021-12-12T04:57:30,BRAND5,752.74,jbgjbki@live.com
fb46feba-cb13-4f48-aaed-706c2fa581bf,2021-12-12T04:57:30,BRAND2,5.65,jhdhkac@gmail.com
33fecd5c-9344-40ce-aad2-3211d9ce90f0,2021-12-12T04:58:20,BRAND5,163.10,"""dghliec khiaikd"" <dghliec@live.com>"
b602dcbe-7b5d-4982-a8d6-2576ef6c1f15,2021-12-12T04:58:20,BRAND1,448.36,kglfiik@gmail.com
a7e371e1-1ccd-433a-bb96-37a88cce1b0e,2021-12-12T04:59:10,BRAND2,787.38,dcackhj@appple.com
3c32c44e-5cc2-45c1-98bb-914ce0c7e3e5,2021-12-12T04:59:10,BRAND5,881.28,hiehhdf@gmail.com
1021a220-b77e-401f-a1bd-edeaf4c1890f,2021-12-12T05:00:00,BRAND2,725.62,"""lkbjhfc biklkgh"" <lkbjhfc@gmail.com>"
f43c826e-7f7b-4a94-88b7-e66349d2d9bd,2021-12-12T05:00:00,BRAND3,232.87,aciaihi@appple.com
1bf278cb-ee07-44f4-820b-67f97cd7ca6e,2021-12-12T05:02:30,BRAND5,$173.64,ilblefh@appple.com
cd2609cb-db21-4546-98dd-72b05a71aa8a,2021-12-12T05:02:30,BRAND2,$185.38,gfkdjkb@appple.com
4c70fbb0-baa0-4444-8859-c38aad81cd50,2021-12-12T05:03:20,BRAND5,625.65,bldddbd@gmail.com
48b83976-6748-4e65-8567-aac5fc6a34d0,2021-12-12T05:03:20,BRAND1,709.08,"""gkfikje hggaige"" <gkfikje@appple.com>"
7c55b4f1-634d-4706-8576-8a25e9c79cb2,2021-12-12T05:05:00,BRAND2,547.90,jbldhaf@yahoo.com
6e89cd09-070f-44ae-a8d4-1ec44687076b,2021-12-12T05:05:00,BRAND2,899.31,"""djcehii ejgfkei"" <djcehii@gmail.com>"
3a29ba1c-1f6e-40d3-a27a-301510dfe727,2021-12-12T05:05:50,BRAND2,244.90,kbichdh@gmail.com
153edf47-54f2-47de-a3ee-b70b9ce07798,2021-12-12T05:06:40,BRAND2,455.38,"""jefkgba dgigdjh"" <jefkgba@yahoo.com>"
b3d7b250-3f6d-48a3-91bc-3b1b321c2130,2021-12-12T05:08:20,BRAND5,446.82,ikkdgch@yahoo.com
5c49ffbc-4a0c-4312-979b-023a84f11581,2021-12-12T05:11:40,BRAND2,466.16,"""dfghgbd hehgkec"" <dfghgbd@appple.com>"
9e03e03d-9901-47ab-9a70-b39a4f63abdc,2021-12-12T05:12:30,BRAND5,81.39,ellkegh@gmail.com
3017ac42-d29b-4bcb-b5bc-1b9baea43f27,2021-12-12T05:13:20,BRAND2,376.32,kcjiage@gmail.com
9b79d404-1639-4ce8-9d26-3037d7c5e177,2021-12-12T05:13:20,BRAND2,670.68,"""ikddehh ghklkhe"" <ikddehh@gmail.com>"
12290dd6-7724-4f14-b1d4-17c7b08a6b7c,2021-12-12T05:15:00,BRAND2,826.48,"""cdkajhl gifcild"" <cdkajhl@gmail.com>"
9dc15e1c-1dc6-4794-b7eb-4aa56c536fde,2021-12-12T05:15:50,BRAND2,910.73,"""djijahc bhkafch"" <djijahc@yahoo.com>"
4d778e31-6de9-4ef4-8662-4333ffab904e,2021-12-12T05:17:30,BRAND1,762.90,ehijaci@gmail.com
7ef2688a-bcb6-4c83-828d-dfcdae5968dd,2021-12-12T05:18:20,BRAND1,725.76,gilablb@gmail.com
7a2dd63d-ccd2-45d3-884d-7fd73da03065,2021-12-12T05:18:20,BRAND5,129.40,fdfcgkl@gmail.com
dfcb8e2b-921e-48c7-943a-f93f4ccc9b61,2021-12-12T05:19:10,BRAND2,205.13,"""bkkbfgj ilbkefa"" <bkkbfgj@gmail.com>"
7b72aa1e-bb36-4e7e-8f92-c975ab6a983c,2021-12-12T05:19:10,BRAND2,975.32,becgebd@gmail.com
98fd7ae5-fa43-43d9-8fa2-d3ccbc439d76,2021-12-12T05:20:50,BRAND5,388.06,lhajebe@gmail.com
839384b4-18fd-40c5-aa63-e8849304c424,2021-12-12T05:20:50,BRAND5,226.12,kkalgcd@live.com
fe95bc2e-4e8a-4d4b-ad62-d6deb329ffc7,2021-12-12T05:21:40,BRAND5,611.72,"""cllciha biegabg"" <cllciha@appple.com>"
8e55460a-7440-4513-a38e-315441648c23,2021-12-12T05:21:40,BRAND5,594.40,alhkfej@appple.com
9b527a6b-42c2-48fa-811e-3398ffdd4ab9,2021-12-12T05:22:30,BRAND3,379.38,dcgclch@appple.com
6a8632c7-deb6-42ba-a9ca-5cf29992a182,2021-12-12T05:23:20,BRAND3,51.36,"""jfhaafa aeigfee"" <jfhaafa@gmail.com>"
04f9403f-6e1f-4ac9-8f69-1b846bd3b6d0,2021-12-12T05:23:20,BRAND5,212.39,"""abedfcl efebljj"" <abedfcl@gmail.com>"
9cf317bb-8cda-4c76-84df-1d87aa7f4a1d,2021-12-12T05:24:10,BRAND2,778.69,"""eghkece clgikjb"" <eghkece@appple.com>"
efa3e6be-3c0c-4858-9ccf-ed333d2c0179,2021-12-12T05:24:10,BRAND4,971.91,"""ddebjie icdcifa"" <ddebjie@yahoo.com>"
8894512e-6d28-4ae3-a439-965c82001258,2021-12-12T05:25:00,BRAND3,44.08,ihjdcae@appple.com
75b21d8b-aba7-414e-8f84-c3587a2f8d1d,2021-12-12T05:25:00,BRAND2,207.97,lhbkgfg@gmail.com
6b161b76-a622-4e04-894a-22e9a400ac96,2021-12-12T05:26:40,BRAND5,509.54,fillcab@appple.com
b7d07839-90ec-4dce-8dec-842b0ee352d3,2021-12-12T05:27:30,BRAND2,222.78,cjcfdki@gmail.com
28879c5b-61fd-4d7e-8486-861a160a8724,2021-12-12T05:28:20,BRAND5,549.55,"""gecgblk iekalcj"" <gecgblk@appple.com>"
d9223100-b475-4970-a19d-cac312adda8a,2021-12-12T05:28:20,BRAND2,187.37,khceeja@appple.com
8480963e-e152-479e-aaa8-8553804e8be4,2021-12-12T05:29:10,BRAND5,802.22,kfdjjcd@appple.com
b090b3a7-2ece-4f0c-9994-3af26aa872f4,2021-12-12T05:31:40,BRAND2,336.94,"""gdficdd acalkfa"" <gdficdd@gmail.com>"
562dcebd-e239-46e8-a22d-29b2cccf607d,2021-12-12T05:31:40,BRAND5,758.66,ijakjii@yahoo.com
b282f489-fd9c-4015-87a3-8361daf2f1bd,2021-12-12T05:34:10,BRAND2,745.57,cdjaeff@gmail.com
43c21c4f-50b4-4b53-82f1-928c864881c7,2021-12-12T05:34:10,BRAND1,62.12,"""gadcfkg lhihhcj"" <gadcfkg@appple.com>"
4729990a-a196-4101-9b21-a57b68438f22,2021-12-12T05:35:00,BRAND2,447.04,"""hecgija cfjllfk"" <hecgija@live.com>"
71292d24-9e5f-4d8d-8332-adb3afdd12b3,2021-12-12T05:35:50,BRAND2,570.08,efaadlk@gmail.com
25671688-fdaf-4ca2-b9b1-1fe54c369ed0,2021-12-12T05:35:50,BRAND5,407.01,fhiehcl@gmail.com
0e17281e-56db-448a-a3fc-8cd1ddfd27fa,2021-12-12T05:36:40,BRAND1,859.13,klcdbig@appple.com
085ec344-a631-4fd1-81e5-eb7de697d607,2021-12-12T05:37:30,BRAND5,148.45,"""elcbdfl kdlgaci"" <elcbdfl@gmail.com>"
712a70f5-293d-426a-8de8-3eb23a47ea2e,2021-12-12T05:38:20,BRAND1,948.36,"""bhghfdh cgljjli"" <bhghfdh@gmail.com>"
d30ccaf3-2340-4360-ba79-63725e78ee34,2021-12-12T05:38:20,BRAND2,828.32,hcghalj@gmail.com
56db6303-5157-4f73-b4c6-24b47924521d,2021-12-12T05:39:10,BRAND2,246.55,"""calajdg ggiehge"" <calajdg@yahoo.com>"
132b7b29-735b-46b1-ad1e-f786290fb3a9,2021-12-12T05:40:00,BRAND2,600.69,ehjlckb@gmail.com
1dbb39e5-d1b9-4937-89bf-8713965b505e,2021-12-12T05:40:50,BRAND2,918.15,gkcihba@gmail.com
ab207eef-e423-4cd6-bbf4-538af10882d3,2021-12-12T05:40:50,BRAND2,872.52,ealfgli@live.com
df8ab57e-80e0-45a7-82db-097729ef6947,2021-12-12T05:41:40,BRAND1,603.99,bdecfcl@yahoo.com
ba183b52-0907-4760-8116-a9b1e8a1102a,2021-12-12T05:41:40,BRAND2,886.87,kkigafc@gmail.com
e323f2fc-e80f-4778-b50d-37bdd5b55ae3,2021-12-12T05:42:30,BRAND5,161.83,"""hkcldka aakehbb"" <hkcldka@gmail.com>"
e3ac4ea3-06d3-4bae-a382-62fbd6c83e9c,2021-12-12T05:43:20,BRAND4,102.00,"""dcibbkf bgeifdh"" <dcibbkf@gmail.com>"
c3245ed9-93fe-41fa-bb9a-914f9c5c567a,2021-12-12T05:43:20,BRAND2,822.59,"""hclkkcl jckadge"" <hclkkcl@gmail.com>"
baa2a1a7-2c5e-4fb4-8335-b121e87fbcb0,2021-12-12T05:44:10,BRAND2,861.81,jidicdg@appple.com
6ab22562-7cc5-4d0d-a46f-ed27b4acefbd,2021-12-12T05:45:00,BRAND5,679.05,ffgafcl@appple.com
ee17c7f0-3e76-4a3e-874a-2f2b2646dfca,2021-12-12T05:45:50,BRAND5,154.05,dihhilf@appple.com
b595e5bf-3585-40a9-aa4e-36e92cc94683,2021-12-12T05:45:50,BRAND1,123.15,"""jjaceli jjfhldg"" <jjaceli@yahoo.com>"
c49928d5-7e3a-4686-a12c-bd1f64388a61,2021-12-12T05:46:40,BRAND2,875.18,cflhlkl@appple.com
e67be0f5-695e-49c6-b814-40c9ffae75bc,2021-12-12T05:47:30,BRAND2,506.39,hajgdgd@gmail.com
4aeb0866-89e2-4800-8409-aacad11ef60e,2021-12-12T05:48:20,BRAND5,4.83,"""eggdhib jgbejgk"" <eggdhib@gmail.com>"
bb6edae0-38eb-4991-88d5-853e3d172bbf,2021-12-12T05:49:10,BRAND2,294.79,gfffkib@gmail.com
ef785ff7-65b5-499f-a490-788e89f8852f,2021-12-12T05:49:10,BRAND1,906.95,"""bbcgbdf iejibli"" <bbcgbdf@appple.com>"
70db78fa-33e7-4a6c-89f7-ec94b4c24202,2021-12-12T05:50:00,BRAND2,15.18,egdbckk@gmail.com
5e153d0e-41d4-4d3e-906e-3dba0df6772e,2021-12-12T05:51:40,BRAND5,129.32,glfllgf@appple.com
9caeebca-b7c0-4567-a775-5b4a68127eef,2021-12-12T05:52:30,BRAND1,454.98,"""kfgjbac efgkacj"" <kfgjbac@appple.com>"
1342055c-ac45-4613-9acf-1b2bd01cf99f,2021-12-12T05:52:30,BRAND2,739.86,"""fkgcbbi lhhicca"" <fkgcbbi@gmail.com>"
49e1439d-a362-4910-86ff-2da4f0294cb3,2021-12-12T05:53:20,BRAND1,898.00,ihkbeal@gmail.com
890c582b-687e-4d50-8116-024ea8b3d871,2021-12-12T05:53:20,BRAND2,373.16,hjieejl@appple.com
c997aec3-e2b3-4c69-8c9b-f0be7b981ba8,2021-12-12T05:54:10,BRAND5,452.93,hafdeag@gmail.com
2f56c1bb-87fb-4c7a-a058-baf397ced80f,2021-12-12T05:56:40,BRAND2,452.71,"""khkjlek jfcjaih"" <khkjlek@live.com>"
da38bcba-c83a-41f3-8df3-470afb4695e7,2021-12-12T05:57:30,BRAND2,477.35,gfjgdgb@yahoo.com
eb96451a-f98c-4b60-b9f2-df4b35b8b339,2021-12-12T05:58:20,BRAND2,805.57,hdhgfkj@appple.com
50f756a7-fee9-43d9-a93c-c6a0ee12774d,2021-12-12T05:59:10,BRAND2,237.18,"""aafkebd llffdjj"" <aafkebd@gmail.com>"
cd43e47c-1a70-4eb7-9126-7a9de7202e54,2021-12-12T05:59:10,BRAND2,141.90,bagbiaa@gmail.com
fdaa509d-5b8d-4cbb-85bf-ba0489cf6bf0,2021-12-12T06:00:00,BRAND2,314.39,ejfdhdl@live.com
96cec50c-6884-48c7-b07c-c0e2487fe13b,2021-12-12T06:00:50,BRAND2,985.20,faafkke@appple.com
eaf22dea-6fea-42f8-a0cd-19e91b290e90,Sun Dec 12 06:00:50 2021,BRAND2,621.26,"""hdaljhb bfhgkid"" <hdaljhb@gmail.com>"
2e0514de-0143-43c4-b25d-50df552d3635,2021-12-12T06:01:40,BRAND1,949.46,ckfcgik@appple.com
28a122b6-cbdc-4fbc-ab37-cf39ea1bd33c,2021-12-12T06:01:40,BRAND2,446.17,ddjeeaa@gmail.com
b4f63dbd-4263-47cb-9897-c573876dd7f1,2021-12-12T06:02:30,BRAND2,651.63,"""ejejcaj lagheel"" <ejejcaj@gmail.com>"
e8128b2f-5711-4d5c-83e2-887ed25340ec,2021-12-12T06:02:30,BRAND2,387.32,hiheggb@gmail.com
e68d21e4-a5e0-4dd6-90d3-717a5abe01cd,2021-12-12T06:03:20,BRAND2,835.53,"""dfedege gdgkkjk"" <dfedege@gmail.com>"
918af370-101c-48e2-afd7-6033567153fc,2021-12-12T06:04:10,BRAND5,243.27,bhddlkg@gmail.com
57343f6c-697c-478e-956e-7a944adede53,2021-12-12T06:04:10,BRAND3,996.44,bfikjfk@appple.com
a4750806-4f59-4744-b377-5d0b653309c7,2021-12-12T06:05:00,BRAND4,917.43,"""lblfdhi gceabgk"" <lblfdhi@appple.com>"
56bb4c7d-d2af-4b43-bf15-8245917b8492,2021-12-12T06:05:50,BRAND2,238.40,hffcjdl@live.com
784f29e3-c821-4020-a93f-7de6bd336c4c,2021-12-12T06:05:50,BRAND1,684.50,"""fdbbgdk cecehjc"" <fdbbgdk@gmail.com>"
0cca6bfb-8d72-4b5c-acee-c3c8e29fa223,2021-12-12T06:07:30,BRAND1,591.28,"""daellch dceeahk"" <daellch@gmail.com>"
e572fdf5-6be0-4791-afe2-46ae62f67c02,2021-12-12T06:08:20,BRAND2,227.05,ahldcka@gmail.com
1eb9bc05-b3a0-41ca-af8d-0fa1ed401bd9,2021-12-12T06:08:20,BRAND2,62.60,"""ebfakic clgfgjh"" <ebfakic@gmail.com>"
0e9a0f2c-fd29-4bfc-bde1-f76227613219,2021-12-12T06:10:00,BRAND3,958.18,ikciacl@live.com
6a0cb244-0baa-4947-9eb7-e7c40c89d9a4,2021-12-12T06:10:50,BRAND5,630.38,"""lagiikk ehbjjjj"" <lagiikk@gmail.com>"
21d143ee-9db4-412b-aedf-c532d9eb9a76,2021-12-12T06:10:50,BRAND5,670.81,"""dhkdhli gecfdcc"" <dhkdhli@gmail.com>"
bb3643e1-d650-40ec-bcaf-c7ff46a6521a,2021-12-12T06:12:30,BRAND2,812.64,ajfjaec@gmail.com
7f6aa57b-e634-4869-9a2c-a1cd6d142306,2021-12-12T06:12:30,BRAND4,885.65,"""dagldce dbabajh"" <dagldce@gmail.com>"
8700a5fc-4089-44b9-b9f3-c29ee1bed93c,2021-12-12T06:13:20,BRAND5,398.40,ckdelal@yahoo.com
4e984966-68e1-4a2a-9f7e-eea05c4a2139,Sun Dec 12 06:15:00 2021,BRAND4,131.66,"""kfaeece fcieelh"" <kfaeece@gmail.com>"
c549b5c9-e94b-4b55-b688-3334673406d1,2021-12-12T06:15:00,BRAND2,749.94,"""bfklaaa akbgjkf"" <bfklaaa@yahoo.com>"
34b74ee9-c37c-456f-a836-b63060efce89,2021-12-12T06:17:30,BRAND2,108.94,"""jcigblj ebiifii"" <jcigblj@gmail.com>"
3b854c9e-2624-4db6-8f7f-ecf49d1f4ab6,2021-12-12T06:17:30,BRAND5,935.95,cdcijle@appple.com
94cf0a58-9415-4794-af8e-80dc701f277c,2021-12-12T06:18:20,BRAND2,807.87,"""fggfbcd cbdbblb"" <fggfbcd@yahoo.com>"
290709db-cf0e-4e35-abf8-057f06e43fbe,2021-12-12T06:20:00,BRAND2,60.49,balcblc@live.com
2cc55ac0-dbe9-4046-bf2d-16983bf843f5,2021-12-12T06:20:00,BRAND3,374.77,"""lckbjbb edfhege"" <lckbjbb@gmail.com>"
6d2f3bc5-e25d-45a8-ad87-e94399efe64e,2021-12-12T06:21:40,BRAND1,333.82,"""bgfahhf ehkajki"" <bgfahhf@gmail.com>"
c83ec6c6-f1d3-4f4a-aa84-f6198b10af71,2021-12-12T06:21:40,BRAND1,801.96,bagjgbd@live.com
9194d962-88d9-4b8b-8204-318e2f7db5ed,2021-12-12T06:22:30,BRAND5,722.94,"""ccigfil kdkgjej"" <ccigfil@gmail.com>"
1cc00d7f-9f83-4553-a177-f8a6dd560014,2021-12-12T06:23:20,BRAND2,597.19,bagcdgb@appple.com
afb77ec0-5939-4539-af24-841dd22b07c7,2021-12-12T06:23:20,BRAND1,475.63,"""ejjajki hjagchd"" <ejjajki@appple.com>"
35d2f0fe-6f1f-4df3-855c-1bbdac001951,2021-12-12T06:25:00,BRAND5,863.81,bbjgefg@appple.com
4998ca8f-8bf3-40ad-becf-40cf8dc13fd8,2021-12-12T06:25:50,BRAND2,765.97,gibfeij@appple.com
b4ef6212-f09a-4b06-8232-532908effc57,2021-12-12T06:25:50,BRAND1,762.64,dgbcfga@appple.com
095598e3-6d8b-4bac-80a3-78117ab87bc7,2021-12-12T06:26:40,BRAND2,134.59,iaebhfh@appple.com
6397cd2b-64ec-49cf-a111-9ab7447fd01d,2021-12-12T06:26:40,BRAND4,715.98,gjdbhdc@appple.com
49bec50b-70d5-46c6-b9f9-97d5267347f1,2021-12-12T06:27:30,BRAND5,151.40,ckkdbal@yahoo.com
45006c16-5a12-403b-834b-09249a4d9091,2021-12-12T06:28:20,BRAND1,115.39,"""hfdbace haeabia"" <hfdbace@gmail.com>"
9e0480a5-b9ea-4e36-9371-e7e83bae3591,2021-12-12T06:29:10,BRAND2,484.97,ihddejj@yahoo.com
ef059a85-9141-4b12-80ee-303a83b06fab,2021-12-12T06:29:10,BRAND2,856.79,fagfcfi@live.com
f60b573e-a8f5-413d-be3e-5f92293dcccd,2021-12-12T06:30:00,BRAND5,95.45,cbdkfdg@live.com
7245c839-132a-4ff7-a1f5-b834e7c0fcbb,2021-12-12T06:30:00,BRAND2,$241.59,fkbhghh@appple.com
ae10cb21-1deb-419b-ad90-ec4aa28f635f,2021-12-12T06:30:50,BRAND2,182.06,"""gdliafk ckcfbac"" <gdliafk@yahoo.com>"
573a17de-f589-4410-bac8-548b3a76cc68,2021-12-12T06:31:40,BRAND5,577.55,kcbjhkk@gmail.com
bfd654ca-635f-4c5a-a688-ba5b39c1792c,2021-12-12T06:31:40,BRAND2,995.89,"""gahcjle bjjijjg"" <gahcjle@appple.com>"
f6d97114-2a0b-41d5-a205-fe7560bfdce6,2021-12-12T06:33:20,BRAND2,467.51,"""kfbjegh lakdide"" <kfbjegh@live.com>"
4394ddae-a565-4232-97f6-12f4dfa0ea0f,2021-12-12T06:33:20,BRAND1,85.41,"""jklcebi eblffca"" <jklcebi@gmail.com>"
22b5af2f-41fb-493c-ba79-8fd0f7c53da9,2021-12-12T06:34:10,BRAND2,173.92,gcdjbai@appple.com
37ea1afe-6cdc-49b4-888f-a58e058950c3,2021-12-12T06:34:10,BRAND2,420.86,"""iehbjik cafcbed"" <iehbjik@gmail.com>"
c0f2c8ae-a8da-45c7-8ac3-fae7034c6027,2021-12-12T06:35:00,BRAND2,375.21,jjkeakg@gmail.com
ce38abdd-b35d-4624-aab0-b836479f8358,2021-12-12T06:35:50,BRAND2,264.05,ficacld@appple.com
11e74505-1f2d-4343-8bd2-dbd01814bff8,2021-12-12T06:35:50,BRAND2,583.03,"""aehfeee hkihfde"" <aehfeee@appple.com>"
648dd73c-f453-43af-90cb-3acce7e362de,2021-12-12T06:36:40,BRAND2,312.15,gfglfdi@gmail.com
6cd545d5-e833-470d-9f93-147b1426c7bb,2021-12-12T06:37:30,BRAND5,229.20,iddljif@gmail.com
2fb69231-53e4-4762-9438-9ce818f1222d,2021-12-12T06:39:10,BRAND5,439.27,hdkefkh@gmail.com
730db4b5-cd91-4718-ba84-8182f99f1373,2021-12-12T06:39:10,BRAND2,5.91,iflcklh@gmail.com
1eefd03d-ce62-4edf-849f-db0c3e1ad6a0,2021-12-12T06:40:00,BRAND1,68.92,dijbeil@gmail.com
ab0d20ab-fa3d-4e81-8d62-e9f5b19df713,2021-12-12T06:40:50,BRAND1,$840.18,gfgfcbi@live.com
4995c7bd-7f72-4528-be3b-23507c930f41,2021-12-12T06:40:50,BRAND5,44.45,"""idjcfce cfggedi"" <idjcfce@gmail.com>"
067302a5-a59f-4d5a-a211-15f648db9e4f,2021-12-12T06:41:40,BRAND2,931.62,"""kdkjkja aadbjic"" <kdkjkja@gmail.com>"
d8519a5e-20ff-475c-9122-ee4cabca3e25,2021-12-12T06:42:30,BRAND4,739.04,idkabdl@live.com
30f4eea5-6a07-409a-9c8c-09f3cce8a962,2021-12-12T06:42:30,BRAND2,324.93,"""bkdeifd jckfcjk"" <bkdeifd@yahoo.com>"
8fd9a38a-b072-47e7-b2c1-a3ccd546e856,2021-12-12T06:43:20,BRAND5,432.26,ebkgjca@appple.com
afc23791-e7f2-4866-b56c-5419960d6b4c,2021-12-12T06:44:10,BRAND1,447.29,jbacfgf@gmail.com
2ac28575-f8f7-429e-a81a-437eef153780,2021-12-12T06:45:00,BRAND2,822.09,"""hefdega ifbekkc"" <hefdega@live.com>"
704e9c01-5b55-4cdc-a47d-7a97df20cfd3,2021-12-12T06:48:20,BRAND5,370.88,"""eicajcb ifkibhh"" <eicajcb@gmail.com>"
b420d86f-fdd2-497e-a3e6-44fe67f5f521,2021-12-12T06:48:20,BRAND5,841.37,"""jjijdhb lhbldgc"" <jjijdhb@gmail.com>"
979d8354-68ce-4027-a31d-c657e05c0977,2021-12-12T06:49:10,BRAND1,960.66,ejbekhc@appple.com
8eb07646-bc78-4bc6-8eab-3415dff28fe5,Sun Dec 12 06:49:10 2021,BRAND5,829.33,aaadghk@gmail.com
4711ae36-f07a-44e8-9745-f6a3858f1d36,2021-12-12T06:50:50,BRAND5,237.48,cbfjiab@live.com
6cd317e9-a64c-432a-9e49-ac0f2150580e,2021-12-12T06:50:50,BRAND5,472.84,"""cjegfbb ejicgla"" <cjegfbb@gmail.com>"
93a3cd21-0835-4573-a779-796386569f29,2021-12-12T06:52:30,BRAND2,432.97,"""ejjggjk ifiaehk"" <ejjggjk@live.com>"
6efef318-f358-41aa-9942-ba630e53af7f,2021-12-12T06:55:50,BRAND5,225.64,lgclkkb@live.com
2c1be4f3-a1bc-465c-b00f-c2b8bb3e89bd,2021-12-12T06:55:50,BRAND1,479.90,jdhhhjl@gmail.com
397f19d8-5773-4bbb-ba3c-41b2e821bc92,2021-12-12T06:56:40,BRAND2,104.31,"""ieijgej bgldehc"" <ieijgej@gmail.com>"
30a465dc-ecf8-4a97-8cc5-656f550d04f9,2021-12-12T06:56:40,BRAND1,314.52,"""bfbcgac kilbfii"" <bfbcgac@appple.com>"
cd7149ea-82c8-4232-8b33-854bbe6abd47,2021-12-12T06:57:30,BRAND2,468.10,cjfdfcl@live.com
44ea3b55-761e-4db0-b85c-4df179ef145b,2021-12-12T06:59:10,BRAND2,429.80,"""hegfkea ddlcfed"" <hegfkea@gmail.com>"
234b7099-5cc2-4ed8-8c92-8f52184cd7e5,2021-12-12T07:00:00,BRAND2,817.30,hkdhbdd@live.com
13bc6d13-c57d-48db-9130-ab9331bfe494,2021-12-12T07:00:00,BRAND5,234.28,dfjcfgj@gmail.com
7a206f74-d462-4fb6-a4a4-0caaeb7a8f97,2021-12-12T07:00:50,BRAND5,315.67,"""ieiaaak gadlehl"" <ieiaaak@gmail.com>"
e2a2832a-a55f-4527-ab48-2733a04618d2,2021-12-12T07:00:50,BRAND5,771.06,"""dghgdga ldcfaja"" <dghgdga@live.com>"
88422359-1698-450f-9c46-33bd58d5f0a1,2021-12-12T07:04:10,BRAND5,54.73,cddaajj@live.com
1e5d2e37-cfb7-46c3-89e5-b686df51468c,2021-12-12T07:04:10,BRAND5,444.63,ifhaeii@gmail.com
500f1bed-bc5c-4d4e-b24c-693703d1a6a9,2021-12-12T07:06:40,BRAND2,85.76,kckgljf@gmail.com
77687729-fc9f-4c4b-9fe2-f62ba50d6aca,2021-12-12T07:07:30,BRAND2,341.64,gdbeljl@gmail.com
fe1234d3-0325-4f61-a962-9ee026e38987,2021-12-12T07:07:30,BRAND2,276.85,"""dfjkjak cjhkakb"" <dfjkjak@appple.com>"
3ec679fe-5546-49b9-84d7-095b7d943986,2021-12-12T07:10:00,BRAND2,774.59,"""beifdlf jildahi"" <beifdlf@live.com>"
3d342a8c-22e4-45ee-9917-afde674bb8fd,2021-12-12T07:10:00,BRAND2,897.04,llgggea@appple.com
ebcc723f-5f74-4079-8792-75c6e20d3add,2021-12-12T07:10:50,BRAND1,562.06,aiabhfc@yahoo.com
c8de1bf1-7ce2-44cc-9973-4ac36020a03c,2021-12-12T07:10:50,BRAND3,208.30,"""jebfddh flhdbhl"" <jebfddh@appple.com>"
a4af54fc-6b10-4734-9d73-badd3db32738,2021-12-12T07:12:30,BRAND2,373.51,ibljdae@yahoo.com
a22f2a90-7555-43fa-b74f-725b01660e92,2021-12-12T07:14:10,BRAND2,153.93,"""ebcfggl icfgdcd"" <ebcfggl@live.com>"
3c007ea9-4e09-4e39-8806-86898d76a8c4,2021-12-12T07:14:10,BRAND2,842.15,kiclglg@appple.com
c2d8971b-f91e-44b9-bee9-54e3a118574c,2021-12-12T07:15:00,BRAND2,850.48,gibjgig@gmail.com
1cff9a69-fcde-4257-8381-5269566899e9,2021-12-12T07:15:00,BRAND2,714.22,"""fbehele dhdbgjk"" <fbehele@gmail.com>"
8bbdea24-dfad-4b4b-9a2b-f753f36e01d6,2021-12-12T07:16:40,BRAND4,15.92,cjbhijc@gmail.com
b97d1d77-1ce2-4a5a-9c42-0c603fc8825a,2021-12-12T07:16:40,BRAND5,646.72,fijjfib@yahoo.com
29b8220c-a800-4529-9f62-48fd4ef84cf3,2021-12-12T07:17:30,BRAND1,116.94,llgidik@appple.com
2788efe4-9056-4ec0-9890-d047b1f3273e,2021-12-12T07:19:10,BRAND2,51.77,"""fhfklfk kidafji"" <fhfklfk@gmail.com>"
793541c0-0d52-482c-b2c4-0e37432c8722,2021-12-12T07:20:50,BRAND2,162.48,elabcaa@gmail.com
56205c77-acd2-4dac-b39a-51d451a3cc1d,2021-12-12T07:20:50,BRAND5,902.35,bbjgaje@gmail.com
c1e8d475-bb73-4636-9488-04894edb84d4,2021-12-12T07:21:40,BRAND2,603.06,"""flflece fkjehdh"" <flflece@appple.com>"
91e9d932-339f-4fba-8afe-2891853c4c9a,2021-12-12T07:22:30,BRAND2,720.79,keddfla@gmail.com
36fe8b61-1c96-4ea2-bcea-b4ce7a5ff39f,2021-12-12T07:22:30,BRAND2,529.47,"""aajldcj hilhihk"" <aajldcj@gmail.com>"
afb723fe-1491-41ff-929f-f938134836ac,2021-12-12T07:24:10,BRAND5,586.37,hjbjljd@hotmail.com
d522610e-1fed-405d-a9da-2a02cbe40233,2021-12-12T07:25:00,BRAND2,470.54,ikkglij@appple.com
6273716a-6acf-4015-9192-e2fc16c62704,2021-12-12T07:25:50,BRAND2,87.81,kfddhja@appple.com
0e805641-7df8-40d6-8009-7ed346a25dd4,2021-12-12T07:25:50,BRAND5,473.05,fdjebbc@appple.com
f87d452e-3181-4405-8b68-8a41f4e6e936,2021-12-12T07:26:40,BRAND2,360.62,"""jgbbbhc ckiflgg"" <jgbbbhc@gmail.com>"
aabd47ed-91b8-419c-8995-4700ee59bdf8,2021-12-12T07:26:40,BRAND2,614.84,jbalhhl@gmail.com
77ca5ed7-ae44-4f6f-93c8-d7a0dc4d0799,2021-12-12T07:28:20,BRAND2,509.76,caaifgg@gmail.com
6fc864db-abf0-4548-a385-1d6e5004c32a,2021-12-12T07:29:10,BRAND2,559.73,"""biaabcl hlfjikg"" <biaabcl@gmail.com>"
ece39234-9c73-42ca-b95a-44fdbcee0081,2021-12-12T07:29:10,BRAND2,325.39,gcjhkbg@gmail.com
73f6d615-d567-42b6-8ab4-4063ccaa4ea9,2021-12-12T07:30:00,BRAND1,169.69,eafgeee@appple.com
07c8e3b6-c950-44a2-bca9-41438e60e0ce,2021-12-12T07:32:30,BRAND5,272.83,jfjdljj@appple.com
9dd111b7-ca0a-4db9-b49a-1ac09184ed15,2021-12-12T07:34:10,BRAND5,693.45,"""lcjledk caajfgi"" <lcjledk@gmail.com>"
ce3876e8-36ee-4044-a3d5-e795f80f374e,Sun Dec 12 07:34:10 2021,BRAND2,307.54,kccgfih@appple.com
6159367a-05f0-497e-a3b8-a9c7bb491709,2021-12-12T07:35:00,BRAND2,737.62,"""flfajkd dhcddad"" <flfajkd@appple.com>"
79133c3e-82ae-47dd-859b-9e1e5d30b801,2021-12-12T07:35:50,BRAND2,956.25,fcigldk@appple.com
22d6279a-0fbf-48c8-95d5-a3ec0cb57a7a,2021-12-12T07:35:50,BRAND4,102.10,icgedkh@live.com
a1dfbb39-75ff-4029-b2bf-c1e41ec138cc,2021-12-12T07:36:40,BRAND2,474.31,klabble@gmail.com
27b536f7-beec-43d9-9512-b274a98f1e50,2021-12-12T07:36:40,BRAND5,420.35,"""ecadgha iihbjfh"" <ecadgha@gmail.com>"
19510262-698c-46af-bf70-d61e4a020121,2021-12-12T07:38:20,BRAND2,77.98,"""fcbdfbi kjiikga"" <fcbdfbi@gmail.com>"
8c0f4123-0205-4ea8-bfde-61e206ddb68c,2021-12-12T07:39:10,BRAND2,328.24,bcjafel@appple.com
b5f06857-443b-4a05-8450-61394bc8be15,2021-12-12T07:40:00,BRAND5,483.28,ehjjfaj@gmail.com
961bf971-fb3d-4737-bf67-c6c160161716,2021-12-12T07:40:00,BRAND5,856.94,"""dihdghl blciceg"" <dihdghl@gmail.com>"
154ad163-62c4-4bc1-ac1e-42343a8a3f8e,2021-12-12T07:41:40,BRAND2,634.03,"""ihhdegk dgiljkc"" <ihhdegk@gmail.com>"
0f0049f6-1690-4208-92e1-6989b65a3bf2,2021-12-12T07:42:30,BRAND3,348.82,eegihdj@gmail.com
8eb2f73b-4aa3-4bc5-b6c5-8cdaa6ce0c3a,2021-12-12T07:43:20,BRAND2,876.04,aklkaee@gmail.com
aea611c3-3677-4361-8c67-0ba81d3c286a,2021-12-12T07:44:10,BRAND5,652.18,edbhbhh@gmail.com
4c97f67b-654b-40d7-b2f6-caab050a1c37,2021-12-12T07:44:10,BRAND5,561.87,"""belaecg kgklgfk"" <belaecg@gmail.com>"
d089aef8-3c22-44d1-8051-9c9793d64d24,2021-12-12T07:45:00,BRAND2,416.60,"""gfhcejk blgklcf"" <gfhcejk@gmail.com>"
1741220f-05a4-4ef3-ba84-2206203b96d9,2021-12-12T07:45:50,BRAND2,566.86,"""ihejahh dgidcbd"" <ihejahh@gmail.com>"
b5a9a5d5-d4fe-48c8-960f-27059794efc1,2021-12-12T07:45:50,BRAND5,76.90,kleicjg@yahoo.com
4bac3576-2923-4fe1-9c4c-69c8a804be9e,2021-12-12T07:47:30,BRAND5,530.67,bhcfkkb@appple.com
15c23a6d-3e3f-4ac6-a7cc-a0fb1f28bf68,2021-12-12T07:47:30,BRAND1,$403.42,eckalki@appple.com
01b6a159-bdad-48e0-ba53-433a350d04fb,2021-12-12T07:48:20,BRAND2,823.13,dkffbgl@gmail.com
29296b55-14c2-4bbb-a5b0-563625086010,2021-12-12T07:50:00,BRAND1,957.93,dbkhcce@live.com
b7682687-2299-4b28-9e20-18da34041ea8,Sun Dec 12 07:50:00 2021,BRAND5,980.10,"""hifjghe bddbdeh"" <hifjghe@appple.com>"
204ee826-af99-4a7e-9be7-f7ae812d669f,2021-12-12T07:50:50,BRAND1,412.52,"""bciifci bbbfgia"" <bciifci@gmail.com>"
d519c457-6025-4888-be19-0ef41fb8af9b,2021-12-12T07:53:20,BRAND2,378.61,adceedi@gmail.com
10af1c23-a301-451a-858a-a830873de94c,2021-12-12T07:55:00,BRAND1,712.20,hglakdi@live.com
f1d97982-2830-48c9-af1f-24dc1f5092bc,2021-12-12T07:55:50,BRAND2,822.86,"""efdkahk jbhhkib"" <efdkahk@gmail.com>"
8f2dd16b-a95a-48af-867d-51f2516033ab,2021-12-12T07:55:50,BRAND2,569.00,efdiakg@gmail.com
706b3754-33d8-448a-aa43-0a98a6da7e59,2021-12-12T07:56:40,BRAND2,281.80,cjfeglb@appple.com
641919a6-48c7-4242-b0ac-c73db5276725,2021-12-12T07:56:40,BRAND2,330.96,"""hilckaa ihadjil"" <hilckaa@gmail.com>"
125486b5-cdb8-469b-a59e-2e2be8baaa88,2021-12-12T07:57:30,BRAND5,172.24,"""legkedb gcckhcl"" <legkedb@appple.com>"
4db3cb53-3097-4c3f-8c18-fc4c9c5c65c6,2021-12-12T07:57:30,BRAND5,582.67,"""gacbibg fdjekld"" <gacbibg@gmail.com>"
20630a94-a1d5-448b-b685-60f45fb58e78,2021-12-12T08:00:50,BRAND2,694.61,gghdhlg@gmail.com
3f71fd5b-2661-46ea-b281-f651d74aa574,2021-12-12T08:02:30,BRAND2,509.79,fladdel@gmail.com
7d7b07da-bb6f-45e0-a394-ac56c80b1584,2021-12-12T08:02:30,BRAND3,878.48,"""jcdcdch hdkclie"" <jcdcdch@appple.com>"
ddc254a3-d996-4878-b9de-06cec4afd88e,2021-12-12T08:03:20,BRAND1,202.17,"""bhlihjf cbbgljh"" <bhlihjf@yahoo.com>"
e38fb192-713f-452f-b9e1-e923e8d2f71c,2021-12-12T08:03:20,BRAND2,566.47,aceecaj@live.com
dcb4ffcc-601c-4242-abaa-a675f89a237b,2021-12-12T08:04:10,BRAND3,15.98,"""iidgihe hiafced"" <iidgihe@gmail.com>"
4c8330a3-0e44-416e-8c0c-65c4c667dc42,2021-12-12T08:04:10,BRAND2,270.27,"""dbibekl gdjeeei"" <dbibekl@gmail.com>"
9fc3a9c4-b013-4b8e-9fa8-40ec67b95389,2021-12-12T08:05:00,BRAND1,453.00,"""abfbkjd cgbaeej"" <abfbkjd@gmail.com>"
9bd1d918-3673-4f1b-891a-db17bc879c74,2021-12-12T08:05:00,BRAND2,458.65,ccjchfi@gmail.com
c34f7e9b-e5c7-4038-a1f0-32661c2a59cc,2021-12-12T08:05:50,BRAND2,200.50,ialbeib@gmail.com
29cf4753-4631-41d6-b334-7984e935f97c,2021-12-12T08:05:50,BRAND3,674.83,gdheklj@appple.com
d3e0b303-e37a-42bc-b84e-6408904a6602,2021-12-12T08:06:40,BRAND1,$194.24,agelica@hotmail.com
5ccc2585-b7e5-4719-8196-d2eb6198e0b4,2021-12-12T08:07:30,BRAND2,101.87,jjkbaki@appple.com
4783fa9b-0ad0-4bef-bdcd-f39d080d2d68,2021-12-12T08:09:10,BRAND2,283.48,hecladl@gmail.com
7e62a13a-92dd-4b9d-8f03-33030f50fa36,2021-12-12T08:09:10,BRAND5,598.85,bhhcbaj@appple.com
86f0458a-b99f-4ffd-b43e-54795a167b65,2021-12-12T08:10:00,BRAND2,680.45,"""llkehai lkfigbi"" <llkehai@appple.com>"
c8275603-767e-4a4c-bc72-5e15a4fc2cf9,2021-12-12T08:10:50,BRAND2,377.01,likfbhb@gmail.com
d81059b6-8f3f-4b85-a5e0-40cdde82617f,2021-12-12T08:11:40,BRAND2,363.31,dkajghc@gmail.com
6bfb07dd-a0c9-4e62-8fab-1571e824232a,2021-12-12T08:11:40,BRAND3,505.67,"""bdeglaa aighacc"" <bdeglaa@gmail.com>"
49f0d39f-3aec-45b2-959f-0a146a44abd8,2021-12-12T08:12:30,BRAND2,$667.61,bddbdej@appple.com
8a697079-df3e-4f9b-9345-b6ae3db753bf,2021-12-12T08:12:30,BRAND2,517.54,ibjjkea@gmail.com
26a99e49-f4e0-44f5-89e0-f6d99d163f82,2021-12-12T08:13:20,BRAND4,941.15,"""ebchibb blhlgak"" <ebchibb@gmail.com>"
77e82474-03e1-43fd-8273-78ef3daff44f,2021-12-12T08:13:20,BRAND2,53.05,jjcldhj@gmail.com
35b974c0-87a9-4387-bde0-85ebc7321bce,2021-12-12T08:15:00,BRAND4,577.38,dafhffj@gmail.com
471927e4-cd8f-44f8-9b48-3040f81da00f,2021-12-12T08:15:00,BRAND1,222.44,"""hiddgbi ijcejgc"" <hiddgbi@appple.com>"
a12bc8c7-63a4-40d1-ac5a-402235c25a8e,2021-12-12T08:15:50,BRAND2,543.70,lddldbc@gmail.com
70eaf6f6-4982-4f35-aff1-0a671270f08e,Sun Dec 12 08:16:40 2021,BRAND2,383.55,"""dkajhlc khbcbfg"" <dkajhlc@yahoo.com>"
4b8b999f-0b33-436c-af6c-2573eb5f50fc,2021-12-12T08:19:10,BRAND2,258.75,bhaafjj@gmail.com
15b729b1-b40b-45d5-81b0-0be0c5ac198d,2021-12-12T08:20:00,BRAND1,775.70,jghkddb@gmail.com
09a0e108-ad76-4367-82f2-3436b9df72ab,2021-12-12T08:20:00,BRAND3,62.02,kjhfebh@gmail.com
ac17e67f-efd2-4808-acdc-eb6f116b0604,2021-12-12T08:20:50,BRAND2,586.70,"""figaidl jjkagki"" <figaidl@appple.com>"
2d30ddff-1158-4d50-a9ac-b7efc96449e8,2021-12-12T08:21:40,BRAND5,720.02,hdaiige@gmail.com
b1fba291-f67d-4fff-9fa0-23c8b7738341,2021-12-12T08:21:40,BRAND2,176.65,aehlegg@live.com
d211370d-d50e-40d0-a990-8ec7aedc31b8,2021-12-12T08:22:30,BRAND2,949.17,"""eclajbg glcgkbc"" <eclajbg@gmail.com>"
6b5b2ec9-e057-4498-8e46-ff5268b4fb6e,2021-12-12T08:23:20,BRAND2,766.55,jakllkg@gmail.com
b7760730-b38f-4bfe-bb91-e5d34db46a78,2021-12-12T08:24:10,BRAND2,179.96,"""jdcbhgk ecfekjl"" <jdcbhgk@live.com>"
f1a64072-23e1-47ab-94e1-d081896481e4,2021-12-12T08:25:00,BRAND1,563.60,"""eilbabb eiccbkj"" <eilbabb@appple.com>"
f6414cb1-3422-451d-b8d9-4470d7979421,2021-12-12T08:25:50,BRAND2,827.10,"""diiglgd bhahkbj"" <diiglgd@gmail.com>"
3e7e88aa-61ca-4fb1-9f62-d19a2db17c18,2021-12-12T08:26:40,BRAND2,234.08,ieldaih@yahoo.com
1f3d53ab-3985-4814-a71d-6f9a54d14971,2021-12-12T08:26:40,BRAND1,449.17,hkkhaji@hotmail.com
72a1762c-4eaf-4b20-8b4c-945b834c65d7,2021-12-12T08:27:30,BRAND3,53.16,adlgelg@gmail.com
ed69ca01-2c2c-4b6c-be6d-e1dd45b57062,2021-12-12T08:27:30,BRAND2,958.10,"""leibefk bceichi"" <leibefk@appple.com>"
d0515189-2d39-449a-800a-014a4d0e73f2,2021-12-12T08:28:20,BRAND1,456.90,"""hfedfdf keeigla"" <hfedfdf@gmail.com>"
4198fad3-4297-40cf-a018-e4a298c1e58e,2021-12-12T08:28:20,BRAND2,772.48,fghjige@live.com
53e359e4-0128-4630-9718-da0f132d3360,2021-12-12T08:32:30,BRAND5,392.54,gdjchjg@gmail.com
6659f784-7d4f-4775-820b-a37c56309101,2021-12-12T08:33:20,BRAND2,985.72,kijhlig@gmail.com
ddfe89d0-1139-4b5f-a0c9-abe2fd5415ee,2021-12-12T08:33:20,BRAND2,580.29,keidaih@live.com
a29a8593-5bda-4125-8a2a-b39aff786d24,2021-12-12T08:34:10,BRAND5,281.31,jhlhebd@gmail.com
f66c57c7-8992-4229-948e-464eb3d4a13c,2021-12-12T08:35:50,BRAND5,507.82,"""ccljali djjicid"" <ccljali@gmail.com>"
b10200a9-4921-4d57-840f-c5eee9bdc970,2021-12-12T08:37:30,BRAND2,397.24,gcjeahe@gmail.com
f64419b2-eb5c-4b93-9901-dc3824675252,2021-12-12T08:37:30,BRAND2,449.24,"""jefijei ckaahfe"" <jefijei@gmail.com>"
974fcf7f-2a8b-4306-aca7-5abb3aa9680f,2021-12-12T08:39:10,BRAND2,496.59,ajkdkgi@gmail.com
f78202fb-28a0-4ec7-98f1-be2223eaa982,2021-12-12T08:40:00,BRAND2,162.79,libhela@gmail.com
591494d9-faed-4a48-b1d9-8d64d77362b0,2021-12-12T08:40:50,BRAND5,957.42,"""icjigej jbfdljd"" <icjigej@gmail.com>"
921dba1f-e1c7-4aec-abac-043286260397,2021-12-12T08:40:50,BRAND5,327.81,"""eekaale gjfaeil"" <eekaale@appple.com>"
a30711d4-daa1-4d58-8de7-394ad6ffa395,2021-12-12T08:41:40,BRAND4,706.23,"""gebdjlk akifbeg"" <gebdjlk@gmail.com>"
15c23a9b-aa28-46cb-bc05-f0b298993b48,2021-12-12T08:42:30,BRAND1,60.10,"""jfcjkll ajbiblk"" <jfcjkll@live.com>"
b07e9680-8291-4385-a6e8-dd36dd2e9163,2021-12-12T08:45:00,BRAND1,89.07,"""hkaljlh jakagga"" <hkaljlh@gmail.com>"
f3e8528f-d445-4f27-9cb5-d21b80826e02,2021-12-12T08:48:20,BRAND1,959.05,dgdehdi@live.com
adde4ceb-b8bf-48eb-a2e4-d1337d978d4a,2021-12-12T08:48:20,BRAND1,856.47,lhaebaa@appple.com
fb3687d0-eb8f-4229-966b-eee78ab0071b,2021-12-12T08:50:00,BRAND5,102.89,achgahk@live.com
d022fa52-8020-4b34-9a54-6e8d8148de10,Sun Dec 12 08:50:00 2021,BRAND5,183.71,hcdlkef@appple.com
bed18793-ac51-4f1d-ad1a-9a3a3a9935ed,2021-12-12T08:50:50,BRAND5,600.19,djbelie@live.com
c59ab985-d943-4850-a557-cae89016e27a,2021-12-12T08:52:30,BRAND2,843.40,bajbeie@appple.com
14d1d9fd-7fad-4755-b96a-f239184eba78,2021-12-12T08:52:30,BRAND2,813.89,ckcajll@yahoo.com
10c667de-392b-4481-b6c3-b79e30b2b3ae,2021-12-12T08:55:00,BRAND2,531.98,geljlld@gmail.com
b4efb80b-d8a4-4820-b257-7b5f397d6b9c,2021-12-12T08:56:40,BRAND2,545.55,ghjdiaf@appple.com
2339c9ab-a5aa-48d8-88b5-439eff7c8c60,2021-12-12T08:56:40,BRAND2,56.09,"""kaffbbb eflihjd"" <kaffbbb@gmail.com>"
097c5cc6-790f-478f-a9a7-4457b3503c29,2021-12-12T08:57:30,BRAND3,821.33,ilijbfa@gmail.com
93347960-cef5-4670-8c95-96a227c5c7ab,2021-12-12T08:58:20,BRAND2,$569.99,bjkfkcc@appple.com
a1e4e50e-3259-4e2f-9a5f-1440f7b54308,2021-12-12T08:59:10,BRAND2,655.16,bhchfbh@live.com
6cd17592-c024-41fd-b366-551c1ef6779d,2021-12-12T09:02:30,BRAND5,774.90,hbajbjg@appple.com
8eda46e5-fb18-44f5-8f19-21ca0ea52a4b,2021-12-12T09:04:10,BRAND3,737.52,"""ldbakkh gdidfah"" <ldbakkh@live.com>"
1504a4c5-d41a-4446-820c-0982aca7d8f1,2021-12-12T09:04:10,BRAND2,920.86,debkkjh@gmail.com
0b115c07-9a34-4541-bc71-c13c7611c7dc,2021-12-12T09:05:00,BRAND1,140.82,dcaafid@appple.com
b4c1a6d6-08e7-4c86-888d-0227e51d0e67,2021-12-12T09:05:50,BRAND1,132.10,"""bhfkiii ejiacaj"" <bhfkiii@live.com>"
b5d79e93-c429-4ee3-a8a6-04c63d7f71a7,Sun Dec 12 09:05:50 2021,BRAND2,671.78,"""dfilill ldaalej"" <dfilill@appple.com>"
7d2d6f98-28c0-4c06-8da2-5ef5b3d3dbf1,2021-12-12T09:07:30,BRAND3,174.39,ebachlc@yahoo.com
d50599d4-993b-4cdd-854e-a239089ee2f1,2021-12-12T09:09:10,BRAND5,41.02,adglgcf@gmail.com
045de9ee-4321-47ec-9c88-0905de87d828,2021-12-12T09:09:10,BRAND1,411.81,lggdilc@gmail.com
e0e0c9b0-b706-49cb-a5c9-70b343c3759b,2021-12-12T09:10:00,BRAND2,99.03,"""eekkhll dkedbcd"" <eekkhll@gmail.com>"
c41d9185-f2f0-4ff2-b45d-93b9ad34eb8f,2021-12-12T09:10:00,BRAND2,32.02,jbjgddl@gmail.com
294a640b-9762-4d00-bc94-d8dcc0a6294f,2021-12-12T09:10:50,BRAND2,369.44,jkaldie@gmail.com
b1c26037-9042-466e-bc1a-010a1bcac050,2021-12-12T09:10:50,BRAND1,229.75,"""ickehhb lfjhiee"" <ickehhb@appple.com>"
870df963-b76f-4f21-8acd-10132a8e32ef,2021-12-12T09:15:00,BRAND5,329.31,jaelhaa@yahoo.com
f958e0bf-54c8-496b-af0f-aa78e9d36141,2021-12-12T09:15:00,BRAND3,843.44,lbhbjdj@appple.com
99663e6e-686c-46b7-bade-33eed2aea1fd,2021-12-12T09:15:50,BRAND2,416.37,ebjelbk@gmail.com
a9b7f361-50b6-4dbb-9294-9dbf55e73676,2021-12-12T09:15:50,BRAND1,637.81,hgelcbh@gmail.com
61899352-b9c5-43b6-a6b8-84c75cee3e34,2021-12-12T09:16:40,BRAND2,797.46,"""cjiehkh ihjildl"" <cjiehkh@live.com>"
bf413cb3-dc4b-4722-9319-80d55c2a4c5c,2021-12-12T09:17:30,BRAND2,44.51,hhhfgjh@appple.com
82431b92-d7df-4752-8ead-83e82b08489d,2021-12-12T09:18:20,BRAND2,537.49,ajiajef@appple.com
c75e09c2-5e8a-4327-bdfc-7887ad2bc555,2021-12-12T09:19:10,BRAND2,520.84,"""hdidehl ijebggd"" <hdidehl@appple.com>"
c25bba0f-3446-4469-accf-e98edeb51df0,2021-12-12T09:20:00,BRAND2,762.23,adfbebl@gmail.com
eb3899bf-3b46-43f7-9fb7-5cb69fa0a2fb,2021-12-12T09:20:00,BRAND2,983.42,"""alciahc kgieifj"" <alciahc@gmail.com>"
9ce05f0a-d6ee-4f84-aca7-814485eada44,2021-12-12T09:21:40,BRAND1,707.95,ecjhaig@gmail.com
56ee603d-2e52-49e8-b499-7a637fe8cae1,2021-12-12T09:21:40,BRAND2,703.71,"""kcabcja gligbjf"" <kcabcja@appple.com>"
9eed8ba2-6712-4268-abe2-f1932b8af4cf,2021-12-12T09:23:20,BRAND1,797.07,fglkbai@live.com
58e97334-7510-46f0-8b20-fedeb7195de1,2021-12-12T09:23:20,BRAND2,993.08,khhgehl@gmail.com
df638857-c949-4f73-a338-fad81ca42a55,2021-12-12T09:24:10,BRAND5,379.47,jkbaaal@gmail.com
5535220a-1025-4efa-9036-596507d4f3ed,2021-12-12T09:24:10,BRAND2,296.24,"""dfejike ljiaaak"" <dfejike@gmail.com>"
426b2c35-d81b-4c56-9804-71ec5e01a802,2021-12-12T09:29:10,BRAND5,146.87,bebhbdb@gmail.com
9453e483-43b4-4e96-9d4d-5587b954c94b,2021-12-12T09:30:00,BRAND2,642.43,eeljhgg@yahoo.com
5f9b8038-66d2-4591-8111-c229cbfb4565,2021-12-12T09:30:50,BRAND2,535.82,gfkejig@gmail.com
683e6067-7907-4b53-8d56-44fab1c20a4a,2021-12-12T09:30:50,BRAND1,996.50,"""fbcbgck gdddbbf"" <fbcbgck@gmail.com>"
213a863b-02df-4e89-bf56-81ba65d5927d,2021-12-12T09:31:40,BRAND5,693.31,glcabge@gmail.com
c7e29dbd-e7b6-4d55-85c8-49df9a8e7427,2021-12-12T09:31:40,BRAND3,599.94,cfcljfg@appple.com
bbfe1692-c024-47a4-91a9-93c9234b9be4,2021-12-12T09:33:20,BRAND4,714.16,"""kedbkaf jfdegid"" <kedbkaf@gmail.com>"
a2deff2b-f5cb-4935-85af-3a8b947e90b3,2021-12-12T09:33:20,BRAND5,501.98,dfjfbab@appple.com
151f4af6-5558-49d6-ae93-4fcb2ec05653,2021-12-12T09:34:10,BRAND1,577.70,jiflihl@gmail.com
dbcf4e8e-0785-4694-bb92-5e0c8f8a74c5,2021-12-12T09:34:10,BRAND5,$736.88,"""ilefcld fifgehl"" <ilefcld@yahoo.com>"
2ca01c28-6efb-49f0-a547-9bba268477ff,2021-12-12T09:35:50,BRAND2,773.88,"""igbkdde kbcbdbb"" <igbkdde@gmail.com>"
a77d152b-6950-42a1-b704-158b58fea18d,2021-12-12T09:35:50,BRAND2,608.18,"""cficill gciiaaj"" <cficill@yahoo.com>"
22cadc1d-e7ed-41e5-9f2b-8fa142e8b65a,2021-12-12T09:36:40,BRAND1,726.34,dijabha@gmail.com
cf7060d5-bb26-4641-a807-a913cfd3c5bd,2021-12-12T09:36:40,BRAND3,505.87,blfieii@yahoo.com
e481e6d1-7d00-43c8-a5b6-fc2db08e10e0,2021-12-12T09:37:30,BRAND2,453.22,fbgkabe@appple.com
9303817d-e1c7-4949-9a35-da1eb0f7b765,2021-12-12T09:37:30,BRAND4,254.64,cigkagc@live.com
ffc0491f-c72d-4f7c-a9bf-e8f8e9bed41d,2021-12-12T09:39:10,BRAND2,$168.31,khkbidc@gmail.com
5b545ad5-a0d1-461e-910d-134fb26b2758,2021-12-12T09:40:00,BRAND2,$815.45,jjbbacg@yahoo.com
3baa46c1-8311-48fe-8f44-73a90f93b078,2021-12-12T09:40:50,BRAND1,$83.12,"""bhjgjld bafbdik"" <bhjgjld@live.com>"
ec6726dd-f125-4723-a001-b34ef610ed7c,2021-12-12T09:41:40,BRAND1,179.78,legklje@gmail.com
faeb4465-1aa6-4476-9858-9c2519c6f257,2021-12-12T09:42:30,BRAND2,310.69,"""klbijel abkhcdk"" <klbijel@live.com>"
60e69a86-32d8-4dfb-a39d-f75149ba1a3e,2021-12-12T09:43:20,BRAND5,611.77,bbdgcfj@gmail.com
c25ac490-1b51-400c-a63d-8fd9d5782baf,2021-12-12T09:43:20,BRAND2,26.67,"""dakkjkk kdddjdj"" <dakkjkk@live.com>"
45fa2e45-8aab-443c-9090-dfbacaa7b0c2,2021-12-12T09:44:10,BRAND1,478.98,ablfbck@gmail.com
ff93eac0-c374-475d-9202-233e0b69e6c7,2021-12-12T09:45:00,BRAND2,12.61,jkjcahf@yahoo.com
99bf9b51-a72c-41dd-bcd3-40d7f2023c0f,2021-12-12T09:46:40,BRAND2,961.09,"""dlabcik gefefce"" <dlabcik@gmail.com>"
f136cc93-448e-458c-ab4b-83fdf845e7cc,2021-12-12T09:46:40,BRAND3,227.44,"""chdaafh hbfbccl"" <chdaafh@gmail.com>"
592b1033-aa67-423f-8ffd-49d63447cea6,2021-12-12T09:47:30,BRAND2,922.64,"""kkclghl jediidi"" <kkclghl@gmail.com>"
8d51dbb5-6e11-4bc5-adaf-6b1350bc3bea,2021-12-12T09:48:20,BRAND2,723.38,"""jlelicc bdljcba"" <jlelicc@appple.com>"
08e60846-5260-4165-824c-1a166c6d3494,2021-12-12T09:49:10,BRAND2,411.58,"""fehlifg cljjljj"" <fehlifg@gmail.com>"
f01df946-b3a2-4218-ba7b-95504b552a6c,2021-12-12T09:49:10,BRAND2,251.86,daadlhl@yahoo.com
9779d640-68ba-4af3-a13e-90a0b51bce59,Sun Dec 12 09:50:00 2021,BRAND2,706.77,kbbebdf@gmail.com
35048430-1e2a-4379-965e-18c992afaf6a,2021-12-12T09:50:00,BRAND4,820.52,"""jchgegl clgfcab"" <jchgegl@gmail.com>"
a1090117-b367-42c4-a3dc-588a5ff4f61a,2021-12-12T09:51:40,BRAND5,241.16,fhdflig@gmail.com
0628bd80-ff0f-4445-b87d-aed65e08e356,2021-12-12T09:52:30,BRAND3,654.18,"""dbihkdd kcilkdj"" <dbihkdd@appple.com>"
1087adc6-de06-403e-ac5d-216e15892c6e,2021-12-12T09:56:40,BRAND2,472.99,"""iagigbj dhagcgf"" <iagigbj@live.com>"
da170c69-a338-442d-9969-74baeeb31aa3,2021-12-12T09:56:40,BRAND2,730.85,"""kdgaahd hciccjb"" <kdgaahd@gmail.com>"
09268af0-9d38-4a9f-982a-99bb6fde12d0,2021-12-12T09:58:20,BRAND2,962.88,"""fjlcecl flgjeel"" <fjlcecl@live.com>"
e12dc19a-928d-461d-ac95-3a109d0923c3,2021-12-12T09:58:20,BRAND1,480.75,dbibiel@live.com
7af40157-126b-49b9-a9e5-d5bb9d1b9c63,2021-12-12T09:59:10,BRAND2,850.13,"""jgakiag ckkcbal"" <jgakiag@appple.com>"
c2de7029-c497-4de8-825c-514b4ce99555,2021-12-12T09:59:10,BRAND5,51.10,khjccae@appple.com
f2857d47-e09a-4d21-a027-d21bd2b617fa,2021-12-12T10:00:00,BRAND2,532.58,khlkklj@gmail.com
6dcdfafa-4f39-4f05-912e-c7588c3e3669,2021-12-12T10:02:30,BRAND1,169.53,"""cgjhiif ljlidgj"" <cgjhiif@gmail.com>"
e615d6b2-41ac-452a-8512-4f2a2a65d839,2021-12-12T10:03:20,BRAND2,13.14,djieadk@gmail.com
fc12b2e5-92ee-4598-8c73-db2a82528167,2021-12-12T10:03:20,BRAND2,846.80,"""gjbgbjl fadhbhf"" <gjbgbjl@gmail.com>"
32a33764-2157-4da5-8eb3-9403779f4ca6,2021-12-12T10:04:10,BRAND3,547.69,"""kjllled ecfjlbi"" <kjllled@appple.com>"
952fbe63-bfc2-44be-aae8-aba455541743,2021-12-12T10:04:10,BRAND2,507.04,bjhflai@appple.com
9541bfaa-1d3c-4bfa-8e67-cc8c5810214a,2021-12-12T10:05:50,BRAND2,116.67,"""hagckjj ljcjclf"" <hagckjj@gmail.com>"
685a5c55-4726-4542-8707-016cf6ea555a,2021-12-12T10:06:40,BRAND1,6.76,eibfajf@appple.com
3ed5f1a0-5da9-4720-8c65-09d3d644e8f1,Sun Dec 12 10:07:30 2021,BRAND2,839.97,gahgkjc@yahoo.com
19c2583e-3050-4da3-9e24-eff40ce2c8dd,2021-12-12T10:07:30,BRAND2,198.46,dgekbjg@gmail.com
53172ee3-ddc7-4810-bfa2-40a5573125fc,2021-12-12T10:09:10,BRAND1,150.74,ghbdhge@appple.com
86a49038-adf8-4c31-b5ab-9e44802a7e2a,2021-12-12T10:09:10,BRAND1,109.77,lkkcbil@appple.com
1ff489da-f6f4-42a0-8bb9-aaa364902fc2,2021-12-12T10:10:00,BRAND5,453.51,fbfhggc@gmail.com
a345310d-31b0-4c8b-8ed5-9ae116565c90,2021-12-12T10:10:00,BRAND1,$594.55,lhicbae@yahoo.com
0b03adc4-96af-4913-a503-e5f3d356c2bf,2021-12-12T10:10:50,BRAND2,172.12,"""aeddglf ljcbkig"" <aeddglf@yahoo.com>"
159bd628-dd4b-4629-ac3a-041b97875d33,2021-12-12T10:11:40,BRAND4,917.32,jelfcla@gmail.com
c0bd7ff7-def3-4914-a963-9dccd725d5ad,2021-12-12T10:11:40,BRAND1,593.92,debbgfc@gmail.com
17f54509-2692-41f4-afe8-6f9e1e7507dc,2021-12-12T10:12:30,BRAND2,427.88,cjhblka@gmail.com
57f7af42-2110-40e6-9c9f-be55b0bdc152,2021-12-12T10:12:30,BRAND5,242.93,"""ehikbgh iflfibe"" <ehikbgh@gmail.com>"
2a64c220-0701-4a20-95b1-dc2d7856b045,2021-12-12T10:14:10,BRAND2,155.01,bclljfl@yahoo.com
ff36daec-33f1-40aa-9e5f-7a2830e44c95,Sun Dec 12 10:14:10 2021,BRAND5,333.71,"""eablggl ccgkkfj"" <eablggl@appple.com>"
4e24a433-95b4-45fb-9dce-f10ace4b61a5,2021-12-12T10:15:00,BRAND5,756.90,bccjakj@live.com
5521a178-eb1f-4852-862a-f7969241435a,2021-12-12T10:15:50,BRAND2,705.97,fbibhkh@gmail.com
48f3c986-a8c3-49fd-bd41-a565bbe61042,2021-12-12T10:15:50,BRAND1,854.24,jddchhe@gmail.com
9b0bd6e5-d945-483f-9b40-ef09297cd1ca,2021-12-12T10:17:30,BRAND4,647.08,idjhdjc@live.com
68ada56a-1c7d-4af0-aaf2-eb075391c89b,2021-12-12T10:19:10,BRAND5,564.35,egdbcic@gmail.com
c7078899-7f4e-4034-aaae-e499c28cd2e2,2021-12-12T10:19:10,BRAND5,464.89,"""cgekkkk hidbjgj"" <cgekkkk@gmail.com>"
c682f578-44e9-40b3-8715-ccc28a8a70bd,2021-12-12T10:20:00,BRAND2,719.55,ehhaakl@appple.com
bf189d8c-4b34-472d-a15b-02a14f407f6b,2021-12-12T10:20:50,BRAND2,159.75,bldljjd@appple.com
ce30c66a-bbe3-4bd4-8a55-37952c4dff1a,2021-12-12T10:25:00,BRAND2,666.04,gfcgled@gmail.com
fcad4346-0b9a-439c-b470-828e6e92ce51,2021-12-12T10:25:50,BRAND2,48.42,jdkjlcb@gmail.com
4a57eddc-3988-4ea9-9250-68bbc1322c41,2021-12-12T10:25:50,BRAND4,197.78,"""lejjfkd cfhleeh"" <lejjfkd@gmail.com>"
50cc1351-e9c2-4f21-b499-ce9b18ec6bcb,2021-12-12T10:26:40,BRAND2,951.05,hjhejfa@gmail.com
