id,date,brand_id,trans_amt,email_address
68b13f6f-5187-4540-b645-726bb155ee96,2021-12-13T00:12:30,BRAND1,646.88,"""lebbkkh kddljgh"" <lebbkkh@appple.com>"
c29601ad-7122-462a-a464-ee213a38b06a,2021-12-13T00:13:20,BRAND1,144.62,"""fildhfd jiieiee"" <fildhfd@live.com>"
ce8bc695-3904-4a51-84f0-8891e788fc91,2021-12-13T00:14:10,BRAND2,824.38,"""jggjllb ejljehh"" <jggjllb@appple.com>"
fc40dcd9-6b30-4b0a-aebf-1099e87697c4,2021-12-13T00:15:00,BRAND1,207.49,ehjcfel@appple.com
911adf2b-2271-459c-9a9d-8e6a4e3aa42f,2021-12-13T00:15:50,BRAND2,435.13,ebffllh@gmail.com
c0554041-c845-4bb1-8ec1-107945d3d309,2021-12-13T00:15:50,BRAND5,476.21,jabggig@yahoo.com
4f18fade-f020-4772-b816-31434b2dc749,2021-12-13T00:16:40,BRAND2,488.87,"""leidbha adaaalj"" <leidbha@live.com>"
9c44bc5c-67fd-4d3b-995a-d1dd4458e8b8,2021-12-13T00:16:40,BRAND2,771.55,ccijdia@live.com
98fbe05b-de33-4726-b9ab-3c2457f98da8,2021-12-13T00:17:30,BRAND1,918.41,"""ljebfff jfecbef"" <ljebfff@appple.com>"
758f1f62-0e97-4cd9-aa98-3b5c07a09ee2,2021-12-13T00:17:30,BRAND2,$251.74,"""afdefhb dkeaifb"" <afdefhb@appple.com>"
a42a88b8-19cf-4144-afc6-81391de033c8,2021-12-13T00:18:20,BRAND2,585.27,lbgfhda@gmail.com
2362b3b5-e528-4e7f-b322-f7ba8611d249,2021-12-13T00:18:20,BRAND5,339.90,dfbjljg@appple.com
9c2970b4-2e03-407b-8011-7f123c832d8b,2021-12-13T00:20:50,BRAND2,930.09,cglihfa@gmail.com
a9f227e2-aad0-4ff9-b56b-7a94b7305083,2021-12-13T00:21:40,BRAND2,95.75,"""hlbkhhb feailhl"" <hlbkhhb@live.com>"
beee4cd3-9a20-4bc8-b953-3e5a5040087a,2021-12-13T00:21:40,BRAND2,989.86,kgghdak@gmail.com
20fc7581-7a50-4578-97a2-c37e100c214f,2021-12-13T00:25:00,BRAND4,253.12,hbaecfe@appple.com
589093f0-0ec2-420f-81ff-abc20665533b,2021-12-13T00:25:00,BRAND5,61.37,bhjcbil@gmail.com
b01f2050-e9a6-4732-9458-38a0ddb95b1d,2021-12-13T00:25:50,BRAND2,383.33,"""jadagaa hlffgak"" <jadagaa@yahoo.com>"
0e8e1953-a572-4196-be96-057a0a4993e5,2021-12-13T00:25:50,BRAND2,$696.88,jjklhjf@gmail.com
63347a97-8aa7-4b01-8751-c846f7a8ed07,2021-12-13T00:27:30,BRAND1,779.27,igkckig@gmail.com
3af3355e-cbae-4c9f-b762-2931328932f2,2021-12-13T00:27:30,BRAND1,947.69,"""achejcj dgflgjc"" <achejcj@live.com>"
28ec58f3-21b1-4d53-b39f-3b031452d356,2021-12-13T00:28:20,BRAND2,$314.20,"""clcjlae aiciifk"" <clcjlae@appple.com>"
5ec37048-3e45-4951-8fcc-cab1598c89d1,2021-12-13T00:28:20,BRAND2,306.91,"""hlbibkb klejhhe"" <hlbibkb@gmail.com>"
8a1555dd-8098-4fca-b27c-6cad19b32e65,2021-12-13T00:30:00,BRAND5,580.71,"""kdhaeie bgcjagg"" <kdhaeie@appple.com>"
8ee4dd81-3598-4f6f-9e79-d4cfa0beaf30,2021-12-13T00:30:00,BRAND2,874.21,gleieli@gmail.com
87d0d6dd-17c0-4825-87dc-c8759d8aaf1b,2021-12-13T00:30:50,BRAND3,53.93,"""aciejli kgladca"" <aciejli@gmail.com>"
63e02b3b-1d07-4e9c-82b7-270e48e39c40,2021-12-13T00:33:20,BRAND5,777.73,bachhkh@gmail.com
49f7c891-a5bb-4262-ba5c-990f26510bd7,2021-12-13T00:34:10,BRAND2,390.84,bbhgefi@gmail.com
b4948364-ac50-44e5-8300-a323856d429b,2021-12-13T00:35:00,BRAND2,894.57,"""kddieck ichaefl"" <kddieck@gmail.com>"
7f7a40dc-8c11-4ee6-91be-4bf49284880c,2021-12-13T00:35:00,BRAND5,758.59,"""kcidiec eeceaah"" <kcidiec@gmail.com>"
35d0a8bb-5eea-477a-8ed2-e98a5dd4bcd6,2021-12-13T00:35:50,BRAND4,668.97,ggbghkb@live.com
16bed118-1d75-4707-bd99-54138a3fab75,2021-12-13T00:35:50,BRAND5,509.40,"""ccfakfb iekdeih"" <ccfakfb@appple.com>"
66e04fd1-f14b-4254-b6f4-63ab5d57f305,2021-12-13T00:38:20,BRAND2,438.44,"""bbcafcb kaladjj"" <bbcafcb@appple.com>"
6b8cb8ce-8705-47ae-aa29-71747b6dae7b,2021-12-13T00:38:20,BRAND1,343.02,ajbgfce@gmail.com
b94839ba-bb7a-492c-9749-f08454a70cf0,2021-12-13T00:39:10,BRAND5,680.34,cfchgbj@appple.com
93f3d8ee-2566-44c7-bacb-bd61169f9f72,2021-12-13T00:39:10,BRAND4,433.19,lfhcjfj@yahoo.com
cb290aad-20ae-484a-83f8-7b40f9558fbe,2021-12-13T00:40:00,BRAND2,307.82,"""ijbbibl ceafkbg"" <ijbbibl@yahoo.com>"
4f640ff9-8655-421e-ad4f-229410d289b6,2021-12-13T00:40:00,BRAND5,192.97,"""agcdfbj ehjfbdd"" <agcdfbj@gmail.com>"
561134ad-33e9-4609-95d6-73080766f990,2021-12-13T00:40:50,BRAND2,467.49,gegcbea@hotmail.com
f6daf4ba-05d4-4957-90a6-0dfb83c467c5,2021-12-13T00:41:40,BRAND2,686.69,"""cfligbc adddkdj"" <cfligbc@gmail.com>"
8023d2e6-f002-4646-8ef0-ce648a84fe95,2021-12-13T00:41:40,BRAND5,727.31,"""caagfii jbblkjk"" <caagfii@appple.com>"
cc1a4422-7c79-4b9b-bec1-fbb35674a866,2021-12-13T00:42:30,BRAND2,606.22,"""ceegjab hdicicg"" <ceegjab@gmail.com>"
744cce70-3602-4aeb-a0eb-57c0c9eb1753,2021-12-13T00:43:20,BRAND2,376.76,dhhdlhe@live.com
bb563324-9542-4a97-92a7-73d07435c734,2021-12-13T00:43:20,BRAND5,756.96,"""hcgeigg dhaehbl"" <hcgeigg@gmail.com>"
48b3e681-6752-4fe1-9c4a-4ddd058ba999,2021-12-13T00:44:10,BRAND3,937.20,aibhegj@appple.com
5b6bce78-29ee-4968-aa43-13126e733dcf,2021-12-13T00:44:10,BRAND2,966.28,"""idgjabl kkdblai"" <idgjabl@gmail.com>"
865f5c1a-6a3e-4d4b-896c-9f194cb60a72,2021-12-13T00:45:00,BRAND5,530.36,"""gdbfakd hdkfhld"" <gdbfakd@appple.com>"
648543b9-5180-470e-96ae-c80372573d2f,2021-12-13T00:45:50,BRAND2,746.44,ccgbijd@hotmail.com
69f70a93-ce4f-4548-8886-539914ea0aa0,2021-12-13T00:46:40,BRAND3,822.69,"""laaikil fhkkjjh"" <laaikil@yahoo.com>"
c0eea007-a61a-48e0-b40a-13299ea25587,2021-12-13T00:46:40,BRAND5,69.28,idhajkf@live.com
141b97dc-6337-49d6-afb8-b549f29f9c42,2021-12-13T00:47:30,BRAND2,749.63,aecfldi@appple.com
7fbaccde-5305-4ebe-89f7-292404006c72,2021-12-13T00:47:30,BRAND2,697.97,iljcdff@gmail.com
6994b30e-8e0e-45c6-9b5f-a7e08729667b,2021-12-13T00:48:20,BRAND2,596.47,iehjlge@appple.com
f2dc008e-72e8-4714-a8c4-06c17e6a0059,2021-12-13T00:49:10,BRAND2,399.69,fdlgkch@gmail.com
ef30d7d9-82ae-41b6-9ce9-735278cd9eec,2021-12-13T00:50:50,BRAND2,973.44,"""bffhiig dceliih"" <bffhiig@gmail.com>"
6483fc45-b85b-4a5a-be69-b22650c56385,2021-12-13T00:50:50,BRAND2,351.76,albdjae@appple.com
6dddc11a-d2e9-4ab9-9ef5-2becdf2f1bd2,2021-12-13T00:51:40,BRAND2,23.98,"""gfcgdjk eddidee"" <gfcgdjk@gmail.com>"
f1b0a25f-7522-473b-9728-7c03a6a0b93c,2021-12-13T00:52:30,BRAND2,816.67,lfhehai@gmail.com
a7a8b336-e674-492a-8e47-51edb0ae3425,2021-12-13T00:52:30,BRAND2,85.28,kiabbje@yahoo.com
892e55f3-2761-4602-94ba-50c33cd96684,2021-12-13T00:54:10,BRAND1,300.41,djijdje@gmail.com
a0163ec6-0d90-4004-84a9-4ebf24f6cf7b,2021-12-13T00:54:10,BRAND5,229.50,jjgiaff@gmail.com
f7ed6e3d-9764-4914-b2a2-6da2418b8a3c,2021-12-13T00:55:00,BRAND3,57.34,cekbaie@gmail.com
2ff4519b-2615-4c99-8d22-d44ce93bc668,2021-12-13T00:56:40,BRAND2,816.72,gfaicgj@appple.com
2379d757-a00b-461e-aa00-c2c06be846e2,2021-12-13T01:00:00,BRAND5,96.43,dcidgkb@appple.com
58b338f3-7fe9-4593-911f-c32d8d7224b7,2021-12-13T01:00:00,BRAND2,26.89,"""geffggi bhgfjkl"" <geffggi@gmail.com>"
65a39459-426b-4d37-92f9-0c881e3615f5,2021-12-13T01:00:50,BRAND2,814.49,aajjafj@live.com
822bac14-9e89-4106-88ff-70c0002afb83,2021-12-13T01:00:50,BRAND4,691.56,jfadahk@live.com
40b3a9ce-961e-461f-abe3-d91b5fb5fcf1,2021-12-13T01:01:40,BRAND5,390.90,hcejkih@yahoo.com
fc408380-9091-4797-b4dd-2c2098ddab1c,2021-12-13T01:01:40,BRAND2,671.29,"""cfgfdib cefhflh"" <cfgfdib@appple.com>"
ca211b3b-ee37-41ee-9e10-a1acc880b06c,2021-12-13T01:03:20,BRAND2,380.86,"""cfjddlf ghhdgda"" <cfjddlf@live.com>"
c07380c0-214c-4b63-b6d7-c81dd863dd86,2021-12-13T01:03:20,BRAND2,678.30,ckhjeec@gmail.com
49e64e8e-198d-42e6-9260-29dc20810b3d,2021-12-13T01:04:10,BRAND5,458.54,lfclaff@yahoo.com
be2ab60f-9e95-48c6-bea3-66a94ee397e0,2021-12-13T01:05:00,BRAND2,745.63,"""bhecdjk hdaeeff"" <bhecdjk@appple.com>"
b69babf3-d7bd-4bdc-9ffe-904de4f50116,2021-12-13T01:05:00,BRAND2,476.67,kfgaiei@gmail.com
fe4edcec-c900-47b8-ba84-f91c81e68fa8,2021-12-13T01:06:40,BRAND5,$166.82,ekabijf@live.com
6be008b7-9f94-4855-aba9-6947d8be3aed,2021-12-13T01:06:40,BRAND2,541.02,fbiafcf@gmail.com
9e0480a5-b9ea-4e36-9371-e7e83bae3591,2021-12-13T01:08:20,BRAND5,439.19,gekdehd@appple.com
096a8e0f-41ca-41b9-8418-ed6e49e01f7a,2021-12-13T01:09:10,BRAND5,926.62,agkhbcc@gmail.com
006bb1be-57a9-4569-aaa5-cb58662fa88e,2021-12-13T01:09:10,BRAND2,612.56,dkiecea@gmail.com
2da3e72d-a41b-475c-9526-74e9a80f3ad5,2021-12-13T01:10:50,BRAND1,303.78,"""bjjhlkj kkjgdih"" <bjjhlkj@gmail.com>"
71601a8b-f86b-4bc0-8ad5-f2a6303f90ef,2021-12-13T01:10:50,BRAND1,204.40,lileehi@yahoo.com
52230051-3cae-4dec-8568-2c3479e902a1,2021-12-13T01:13:20,BRAND2,468.54,acbhjlj@appple.com
5a3cee87-3fda-44a4-8f0b-0e321ff3f9eb,2021-12-13T01:14:10,BRAND2,321.03,hfeebed@live.com
4092cab1-dd85-4588-be1e-243607d474f9,2021-12-13T01:15:00,BRAND1,20.10,"""igghicj ghefhcf"" <igghicj@gmail.com>"
dca61fee-30e1-48df-974a-bb4fe9d60970,2021-12-13T01:15:00,BRAND5,272.44,klbkjei@yahoo.com
d130a9b1-c7e0-4374-b683-0fb3c02d9f9f,2021-12-13T01:15:50,BRAND5,894.45,"""aabccic bhlhdbd"" <aabccic@gmail.com>"
2fb5f4f3-d50d-4e27-bad2-c2c964a2dbee,2021-12-13T01:15:50,BRAND1,639.41,"""agfebaf dldgihl"" <agfebaf@appple.com>"
d76d3129-b6c1-4f2e-8019-bca027c8cd9b,2021-12-13T01:19:10,BRAND1,569.54,allbidi@yahoo.com
6f398e3a-12b0-48b5-82d9-b977acb7da66,2021-12-13T01:19:10,BRAND2,203.84,fbegfhf@live.com
856396fd-32d3-4c4f-ba97-d3a692f99316,2021-12-13T01:20:00,BRAND5,713.51,lfcfbdk@gmail.com
64f19500-701b-443c-87d7-770b489b264e,2021-12-13T01:20:00,BRAND5,450.30,flbhcdj@appple.com
d4273cef-183d-4d64-a99b-08b019e6a7ac,2021-12-13T01:21:40,BRAND1,151.59,hgjbjcc@gmail.com
65a204a2-4c1c-4fda-af7b-98d8a4a18fb9,2021-12-13T01:21:40,BRAND5,719.73,kjdfkdh@appple.com
e418f5a6-5854-4340-8710-34655f70cfab,2021-12-13T01:22:30,BRAND1,697.27,akdkebj@gmail.com
2912046c-bd30-45eb-b65e-4f512cf02487,2021-12-13T01:22:30,BRAND5,342.74,lfihegb@live.com
e6141b5d-91b9-4fe8-86a7-6fbcde1a9dee,2021-12-13T01:23:20,BRAND2,780.71,efddcje@appple.com
94cce22d-8794-4187-971d-51b92d62154e,2021-12-13T01:23:20,BRAND4,48.41,"""eldjgea cbhblil"" <eldjgea@appple.com>"
e34e1400-bbc4-4fd2-8443-8c0e9c1819c6,2021-12-13T01:25:50,BRAND5,652.66,djjbkeb@gmail.com
7f95ae86-4e9d-4b98-a338-55cecb6226f1,2021-12-13T01:25:50,BRAND2,47.84,"""fkcabec lcieded"" <fkcabec@gmail.com>"
cf33cbab-a201-49c6-ab5b-f65c71c2cd8a,2021-12-13T01:26:40,BRAND2,240.22,dfhkcbi@appple.com
d2c65801-a571-40c3-ade9-385cc3236228,2021-12-13T01:26:40,BRAND2,731.64,bcfefbi@gmail.com
c9a65910-2e1d-4dc1-8810-b7ea96a17bca,2021-12-13T01:27:30,BRAND4,857.09,kfhgkce@gmail.com
2cf1d1e8-b3a0-4d06-ae2e-05f5fc78270a,2021-12-13T01:27:30,BRAND5,5.30,hjehagi@gmail.com
0a3a7e24-c073-4160-86f7-125eca184dcf,2021-12-13T01:31:40,BRAND2,738.59,"""hckecfe defhglj"" <hckecfe@gmail.com>"
a6198600-2cf6-4783-8591-d950032159c9,2021-12-13T01:31:40,BRAND2,879.60,dbckiel@gmail.com
e13577df-7c60-42a6-ae60-2305004460e4,2021-12-13T01:32:30,BRAND3,973.89,hgbefec@gmail.com
52cf75b9-419d-4cda-9814-ec98c80bbca3,2021-12-13T01:34:10,BRAND2,867.14,igckggg@appple.com
aa931603-6b57-4766-92af-4ede89bfd89a,2021-12-13T01:35:00,BRAND1,756.30,"""lhihcgd ifjeggc"" <lhihcgd@appple.com>"
7cc3a20e-3e50-48a3-a23b-614981214d2f,2021-12-13T01:35:00,BRAND2,461.23,ggchfhd@appple.com
cfc7a543-5e2d-40ed-af45-d2bf8a4a93a9,2021-12-13T01:35:50,BRAND1,144.40,"""klaejfl eaedebj"" <klaejfl@gmail.com>"
43c37a13-43a1-4839-9992-bf75b5d7f9cf,2021-12-13T01:35:50,BRAND2,132.31,"""ebligid cbacafb"" <ebligid@gmail.com>"
e50739e2-61f2-4732-afbe-428a27f887c5,2021-12-13T01:36:40,BRAND5,758.77,ihckcjk@appple.com
410417d5-1bbe-4a9f-ab3b-290f3a93189e,2021-12-13T01:36:40,BRAND3,798.20,"""fdcgdah lklikbj"" <fdcgdah@gmail.com>"
f7e9b40b-952b-4b18-9501-64d7e92f90ed,2021-12-13T01:37:30,BRAND5,689.09,bkbikgk@appple.com
63b37feb-57e4-4c02-92ad-239ebb9d6623,2021-12-13T01:37:30,BRAND2,$110.58,aebaaag@appple.com
2fb9677a-ce9c-4dfe-a1b2-239a7fd169d5,2021-12-13T01:39:10,BRAND3,471.89,lifiggh@gmail.com
1117dd3c-e76f-4adf-bc45-82784854925a,2021-12-13T01:39:10,BRAND2,579.04,"""hhdacfb kaebhhf"" <hhdacfb@gmail.com>"
51620852-6130-49a0-acd8-60c855f891f7,2021-12-13T01:40:00,BRAND3,788.25,eajbbae@gmail.com
1162c520-b224-463b-a3a7-b8c3df4b7b21,2021-12-13T01:40:00,BRAND1,388.38,"""ahdflcj iakbkjl"" <ahdflcj@yahoo.com>"
6f8b55cd-a1d4-46df-a76b-e7d35a3d872d,2021-12-13T01:40:50,BRAND5,980.12,"""kddhhfi kiabjhk"" <kddhhfi@gmail.com>"
d4421fde-9767-479f-a2bd-b21d2a3483e9,2021-12-13T01:40:50,BRAND2,235.02,hlggbic@gmail.com
7f0a436c-2635-400e-a312-a047dc0cd76f,2021-12-13T01:42:30,BRAND1,812.34,lffgcdb@gmail.com
523b7e96-6706-4c89-944f-6baac413b089,2021-12-13T01:42:30,BRAND2,160.65,"""hefkkjc akeahkb"" <hefkkjc@gmail.com>"
6f1f172d-84ad-400d-887e-2e923283a190,2021-12-13T01:43:20,BRAND2,188.03,"""faelggd bgikide"" <faelggd@appple.com>"
a13c103a-033a-4bfa-ad1b-2f3008946083,2021-12-13T01:44:10,BRAND4,213.84,"""clkkelg ijblfad"" <clkkelg@yahoo.com>"
0e6efc45-a2b8-47a7-90c9-7bec43f80725,2021-12-13T01:44:10,BRAND2,952.52,"""feegcjd fgijlga"" <feegcjd@gmail.com>"
eabd0a16-3acd-4747-8a95-2eb052987b10,2021-12-13T01:45:00,BRAND4,102.62,bijglai@appple.com
7445b7ce-e357-4345-bbef-2e686cda0b0e,2021-12-13T01:45:00,BRAND5,653.04,bebjkfl@appple.com
e161a4f7-98b8-4b3a-b9ca-ad4f3184fc9b,2021-12-13T01:45:50,BRAND1,782.40,"""ljdhacb iaidgej"" <ljdhacb@gmail.com>"
be6c2278-4a8f-4204-abd3-da5d3822555f,2021-12-13T01:45:50,BRAND5,629.85,"""jdbiild effhifa"" <jdbiild@live.com>"
f5558753-79f4-44bf-8fdd-c43b950ad2c0,2021-12-13T01:47:30,BRAND2,758.55,gfflefi@gmail.com
f4728fc3-42c7-4914-8ab8-8c7eb945185f,2021-12-13T01:49:10,BRAND5,512.18,ceacidc@appple.com
b8ec5ad7-fe42-4bac-9a5c-7791fe1f1b2d,2021-12-13T01:50:00,BRAND3,279.18,eealkba@appple.com
5219a031-c04b-4a20-8827-bbe6858a3dbb,2021-12-13T01:50:50,BRAND2,162.33,khckldh@gmail.com
2d48e9d4-6a09-429f-acbf-e2333d639a93,2021-12-13T01:51:40,BRAND2,10.90,iidddia@appple.com
e6c711c7-12a4-4443-a7df-5fc735545a6e,2021-12-13T01:52:30,BRAND2,479.93,"""fcakakc kdaacld"" <fcakakc@gmail.com>"
e31b6d73-c34e-46f4-8afa-5c574e06a305,2021-12-13T01:53:20,BRAND2,436.86,gblcfgj@gmail.com
7e8294d1-2b09-4e5a-8d21-61140aed32bf,2021-12-13T01:53:20,BRAND2,795.95,ibccajc@gmail.com
9763fba4-08ce-4adb-b1d1-5205a6c7d6de,2021-12-13T01:54:10,BRAND2,969.22,kdldihe@gmail.com
cc1fa90b-7919-4c36-b4b7-44021464f1e2,2021-12-13T01:55:00,BRAND5,314.00,kigifdi@yahoo.com
cc5de018-83e4-4b67-8295-0e5315020bf2,2021-12-13T01:55:00,BRAND5,35.82,decljck@gmail.com
893103dd-33c3-4388-8678-745ffdf94a08,2021-12-13T01:55:50,BRAND5,553.87,illkgjl@gmail.com
4cc335c5-5126-4064-a30f-4b5656266285,2021-12-13T01:56:40,BRAND2,267.89,baegdfc@appple.com
7ad9b17f-2f83-47d7-abce-a81bdcf0272f,2021-12-13T01:57:30,BRAND2,169.56,"""blkgjba defjgch"" <blkgjba@gmail.com>"
81a045d3-c980-459a-89c5-1ac0739fbecc,2021-12-13T01:57:30,BRAND2,393.33,"""chdcljf jdjfkfi"" <chdcljf@hotmail.com>"
b29e57d0-45b2-4ddd-977e-1f50dd48bec2,2021-12-13T01:59:10,BRAND1,866.68,dkdegjd@live.com
e50b4386-459f-4551-bc31-a6cc3a2b9da4,2021-12-13T02:00:00,BRAND2,541.10,glbddjb@gmail.com
555c3712-29c2-467b-92e6-6c81c7a8afe1,2021-12-13T02:00:00,BRAND5,624.05,fiibjdi@appple.com
284d8e8f-2860-49c1-98ed-fe7c347f5f0b,2021-12-13T02:00:50,BRAND5,597.53,"""fkihckc llgiabl"" <fkihckc@gmail.com>"
94ec6a41-bf89-4188-bbd1-f0058158d6da,2021-12-13T02:00:50,BRAND1,207.82,"""jleeiie igafeba"" <jleeiie@live.com>"
d2c5300b-9919-49d0-ba95-56422fef662f,2021-12-13T02:01:40,BRAND2,818.23,efidghk@live.com
dea8a87e-fb5e-46f3-aa9c-0074002b63e1,2021-12-13T02:04:10,BRAND5,131.78,"""hlbighd lefcaed"" <hlbighd@gmail.com>"
0eb93af3-9dd9-4c27-91cf-de8ea9ad1a5a,2021-12-13T02:04:10,BRAND2,4.93,"""blhgjck ibkifka"" <blhgjck@yahoo.com>"
7639d5c7-1a46-4c67-8d86-dd4c7cb3758f,2021-12-13T02:05:00,BRAND2,36.25,"""keijfcg egaldei"" <keijfcg@live.com>"
ac13a572-3d28-4d52-ae07-237aefb86cfd,2021-12-13T02:05:00,BRAND3,872.88,jflglfj@gmail.com
cceec33a-cced-4767-ae8c-3abf634d3307,Mon Dec 13 02:05:50 2021,BRAND2,426.54,"""bbhgaej ddllhii"" <bbhgaej@appple.com>"
341f13f2-01c1-4a3b-981f-5d95210b5edc,2021-12-13T02:05:50,BRAND2,336.11,efdkiga@gmail.com
3bddcc14-e3c0-41a5-ab01-d9cb7c04c59d,2021-12-13T02:06:40,BRAND2,762.96,iffddgg@gmail.com
d8113347-ab93-4ab4-b567-e3642bbafc39,2021-12-13T02:08:20,BRAND2,797.92,djbbbda@gmail.com
d785b9b7-4922-4fb4-8283-ea97972f884e,2021-12-13T02:09:10,BRAND5,268.33,"""helfbdf eilgjfi"" <helfbdf@appple.com>"
e983cfd9-fcfd-4ea4-b35a-76a29b6bc007,2021-12-13T02:09:10,BRAND2,449.65,klafkai@appple.com
d664c93a-9c7a-471a-881d-bd0beebbc126,2021-12-13T02:10:00,BRAND1,828.16,"""adiched gkfckaf"" <adiched@appple.com>"
0abb557d-77f6-48b3-bbfb-739a2aaeaef8,Mon Dec 13 02:10:00 2021,BRAND2,426.75,abcbilc@appple.com
3abfbcbe-4ce0-4372-9798-70003f61f5cb,2021-12-13T02:10:50,BRAND3,92.64,kghahel@appple.com
cfe65ca4-18cd-40b9-8571-298e0be1a471,2021-12-13T02:10:50,BRAND4,773.65,ckkbebe@gmail.com
2462089d-1edc-4102-82f7-f630a8522e85,2021-12-13T02:11:40,BRAND3,207.12,kihfaaa@live.com
a8557813-b9e6-4876-95e2-059318c92c47,2021-12-13T02:14:10,BRAND3,814.19,alfjgle@gmail.com
54e42ae6-e649-4e24-943d-7c035024d859,2021-12-13T02:18:20,BRAND2,20.75,"""jgdeebf jhefkck"" <jgdeebf@appple.com>"
359f0c2a-fb60-4b55-b432-14762ed50683,2021-12-13T02:18:20,BRAND1,392.25,"""aehfejf bbllfah"" <aehfejf@live.com>"
495c297f-0658-4bd4-ae6d-3ee82eea7f88,2021-12-13T02:19:10,BRAND2,965.58,"""ckcjbdl hhafbga"" <ckcjbdl@gmail.com>"
1e31b15e-d412-44bb-a094-792de5a897fb,2021-12-13T02:19:10,BRAND2,567.31,jblbjff@gmail.com
36353a84-dc3b-41db-8ca2-61904dacbfb8,2021-12-13T02:21:40,BRAND2,333.18,"""dbdidhc hjjlcdh"" <dbdidhc@gmail.com>"
d34d003d-73f5-4f6b-9052-a90a914f3764,2021-12-13T02:23:20,BRAND4,585.50,lfddfjc@gmail.com
fb5e85d7-8902-4653-b52d-2a5c6c6c5086,2021-12-13T02:24:10,BRAND1,513.63,ileelik@live.com
22e740d1-e5cc-42a8-a722-d453e7533ae3,2021-12-13T02:27:30,BRAND5,945.85,edkggfh@gmail.com
a5c8d0d1-21a8-48b0-86fb-44ed7034688b,2021-12-13T02:28:20,BRAND1,481.88,"""aechkde fjlggga"" <aechkde@gmail.com>"
84feb6b6-a2d2-4548-b806-02bba990d4c1,2021-12-13T02:28:20,BRAND2,404.67,bkjefeh@appple.com
01144f4b-c8b7-46a5-ac40-f0e0d7020bc0,2021-12-13T02:29:10,BRAND5,14.11,"""dhkldgg hfdieja"" <dhkldgg@gmail.com>"
ef5a9eff-b7d5-4805-acc1-8e69ee35feed,Mon Dec 13 02:29:10 2021,BRAND2,292.45,"""gfadgib jfjhcjc"" <gfadgib@gmail.com>"
e558a739-f16a-4fd4-8e02-c0e80d2f52ce,2021-12-13T02:30:00,BRAND2,452.35,jegeaae@live.com
52c8c35c-844d-4c99-9964-481bee8bd55a,2021-12-13T02:30:50,BRAND5,294.27,"""bajalac cijhgfi"" <bajalac@gmail.com>"
95c3583b-55ce-433b-9520-1ad3019af48b,Mon Dec 13 02:30:50 2021,BRAND5,941.85,"""kgbigfj lblhhgl"" <kgbigfj@gmail.com>"
f14817ee-de93-4008-997c-5165e49e8a25,2021-12-13T02:32:30,BRAND5,99.52,chdhbke@hotmail.com
4ec36f3c-b67c-4317-a2e3-3ee95a8e2a43,2021-12-13T02:32:30,BRAND2,270.38,"""blkchgb ccgaffi"" <blkchgb@appple.com>"
2088a2dc-e4ab-4f5c-b4fa-7b5cc39dcb19,2021-12-13T02:33:20,BRAND2,573.70,"""dhglbbc keckbff"" <dhglbbc@appple.com>"
0cc28d16-9557-49e6-9488-a3143d0ec9cd,2021-12-13T02:35:00,BRAND5,177.21,jdfhcii@gmail.com
a38b4e87-bdd5-4e31-a320-0a79404f7beb,2021-12-13T02:35:50,BRAND5,164.38,"""ljijbia hbehlgj"" <ljijbia@appple.com>"
be8d6c74-8ade-45f1-a1bb-6912bc0b5636,2021-12-13T02:35:50,BRAND2,485.02,"""jffbdjd haieddg"" <jffbdjd@appple.com>"
d8f6ad5d-d988-450e-902a-42b03c87ee51,2021-12-13T02:37:30,BRAND5,271.85,cfhalfk@yahoo.com
3252028e-6ff7-4490-b940-2efa8a60bda0,2021-12-13T02:37:30,BRAND1,168.67,hljcjlj@appple.com
e4b8c0e6-109b-4c11-b83b-2f778855ae0a,2021-12-13T02:39:10,BRAND1,793.48,iclajgj@gmail.com
10cfe150-aa67-438e-ad8b-6246416c8294,2021-12-13T02:40:00,BRAND2,496.56,cjdiehh@appple.com
f1d6c579-1bbc-4f7e-827e-f1e91ea6a887,2021-12-13T02:40:00,BRAND2,979.11,"""fjjacfl ijgajbl"" <fjjacfl@gmail.com>"
5a622262-d986-48e2-8f9a-ad2cf6d46b68,2021-12-13T02:40:50,BRAND2,966.49,dgjkgjh@gmail.com
3b07ea51-3405-4157-916b-3c238df4fda4,2021-12-13T02:40:50,BRAND1,459.74,"""aialbja bhcedef"" <aialbja@appple.com>"
e8ce9dea-9f7b-4d0b-baf0-a4025288db57,2021-12-13T02:42:30,BRAND2,374.58,kbiklah@live.com
0d087949-8811-4fe3-9892-78c588bd1fbc,2021-12-13T02:44:10,BRAND2,817.00,"""acadaib jhfhhdb"" <acadaib@appple.com>"
f0b71869-f675-4c93-8b8b-f370702df656,2021-12-13T02:44:10,BRAND2,81.49,iadkehl@gmail.com
bbd02c96-af74-4ada-839a-4482c2db142e,Mon Dec 13 02:45:00 2021,BRAND2,305.25,abeekag@gmail.com
56f720d5-b275-4995-a54c-cec74f884359,2021-12-13T02:45:00,BRAND2,444.41,dhejdkf@hotmail.com
f2cb2546-1b71-4779-97a6-77eab3cfcb29,2021-12-13T02:45:50,BRAND1,658.65,"""illgekh aeliekg"" <illgekh@gmail.com>"
3b6f269c-b146-4413-91e0-e2e3350bbdbf,2021-12-13T02:48:20,BRAND2,933.24,jfbaecb@gmail.com
8d022ccb-d10c-44ed-9e1c-622c69bc3ee9,2021-12-13T02:49:10,BRAND2,636.56,jegfdba@gmail.com
0a219840-e2ba-4620-b5e8-2bacacda0b17,2021-12-13T02:50:00,BRAND3,33.04,"""kiekkhf dbeklfb"" <kiekkhf@gmail.com>"
05ffcb26-736c-4f4c-b8be-c53e926a74f4,2021-12-13T02:50:00,BRAND5,895.64,jghhflj@gmail.com
a0992011-1a3f-46a4-977a-8983eb465c2c,2021-12-13T02:51:40,BRAND2,941.35,jebajdl@appple.com
add43ec0-3a49-453a-8dd9-87851dcb6b20,2021-12-13T02:51:40,BRAND5,241.99,edfdcfi@appple.com
186a0fdd-c664-4467-b4da-4203bb053eec,2021-12-13T02:52:30,BRAND4,846.30,ecbelff@gmail.com
b76601ab-9882-49c7-bc48-7a0f3f880936,2021-12-13T02:52:30,BRAND5,246.39,hljdaij@gmail.com
7c121af9-59db-44be-b3e1-dc693aecd627,2021-12-13T02:54:10,BRAND5,88.31,"""gcjhgff jddcdhe"" <gcjhgff@gmail.com>"
d70c0bc0-5193-47c1-87f1-6f85949e8c32,2021-12-13T02:55:50,BRAND1,22.65,ilbjhcd@yahoo.com
16fec976-3519-487e-a93c-342de308a482,2021-12-13T02:56:40,BRAND2,256.49,"""ffkcbbe jfaaccd"" <ffkcbbe@gmail.com>"
4a0dd980-5a03-492c-977d-89c33cbd7cf6,2021-12-13T02:57:30,BRAND5,112.35,"""bhdaahj khgchjc"" <bhdaahj@gmail.com>"
653518d8-ef54-44f4-83b4-295602e137d7,2021-12-13T02:57:30,BRAND5,741.61,"""fiakifc gfifhha"" <fiakifc@gmail.com>"
433d4b21-a6cf-4de0-a2b9-50fa72d07bd4,2021-12-13T02:59:10,BRAND2,556.07,ialkcea@appple.com
7c248a6e-9cc9-4630-95df-4060d7a34923,2021-12-13T03:00:00,BRAND2,761.22,"""afhhcjb ibifjgj"" <afhhcjb@gmail.com>"
3c75aa0f-c1c3-4090-b8c9-7b1942cd0744,2021-12-13T03:01:40,BRAND2,249.57,"""adjgblc heebgkb"" <adjgblc@appple.com>"
2c8d7c31-153d-4878-a235-6557031e44e6,2021-12-13T03:01:40,BRAND2,428.50,faeblgh@appple.com
d3f5977a-9cdf-4795-b2b9-df3f1e25ead1,2021-12-13T03:02:30,BRAND2,547.40,ckllagk@appple.com
c1798331-9a89-4d52-a854-1e3c2da1d112,2021-12-13T03:03:20,BRAND5,636.79,cihebcg@live.com
9cc1822b-6eb2-495f-b896-bcd040211e0f,2021-12-13T03:04:10,BRAND5,309.55,dcdfdha@yahoo.com
349af4ac-d6c8-4955-95e3-0e3e681615a3,2021-12-13T03:05:00,BRAND2,376.43,"""kdaclcl celchbe"" <kdaclcl@yahoo.com>"
0f1998a9-d99f-4c53-8c96-591cc7b6583d,2021-12-13T03:05:00,BRAND2,953.08,"""ehhhfkd lehhjib"" <ehhhfkd@gmail.com>"
c39ccce0-e022-4bd6-a9d1-a726efd33d77,2021-12-13T03:05:50,BRAND5,570.58,ebliggd@appple.com
cf25aa0b-f921-4427-92da-f42f3e09cc81,2021-12-13T03:05:50,BRAND2,408.93,"""alihbfi hdajiji"" <alihbfi@gmail.com>"
7b94d98c-cfed-4bf5-825a-bd8cd7efb650,2021-12-13T03:06:40,BRAND5,$526.09,jhkekec@gmail.com
361055f6-6723-4713-a59e-6f654ba23c51,2021-12-13T03:06:40,BRAND5,714.77,"""jkdglkc iiijdde"" <jkdglkc@gmail.com>"
872dae98-654c-4ce3-bef8-4495b72a1011,2021-12-13T03:07:30,BRAND2,660.92,"""kaakabg egafjcd"" <kaakabg@appple.com>"
5a5525ac-ea1d-4e0c-8c17-4661195c6dc8,2021-12-13T03:07:30,BRAND5,808.43,ggkdedh@gmail.com
854e33c1-69c2-434f-a019-fba6ad487c3f,2021-12-13T03:09:10,BRAND1,855.95,"""ekeadfl hhgchii"" <ekeadfl@gmail.com>"
5e966eb1-ada4-4b65-b81e-b5974bc1e299,2021-12-13T03:09:10,BRAND1,874.63,kedajlc@live.com
87abd4ff-41b8-4b01-b506-c47cc2c304bc,2021-12-13T03:10:00,BRAND1,$256.25,"""digdibd cdgbjge"" <digdibd@live.com>"
c7c22cec-cf4f-4a0e-ad69-ff391dbdbc3e,2021-12-13T03:10:00,BRAND2,519.45,"""fdhdiab cialfcc"" <fdhdiab@appple.com>"
9413d4ca-a1a8-4b6c-bf06-5831a5205f33,2021-12-13T03:11:40,BRAND5,807.60,ccefeig@gmail.com
c4747369-322b-4349-8695-3cf5c3ba69d9,2021-12-13T03:12:30,BRAND3,418.76,"""abkhbka liidjij"" <abkhbka@live.com>"
c8bc1151-2c77-4030-9339-3621ef329139,2021-12-13T03:15:00,BRAND5,572.14,dihgkli@live.com
ad07e25e-624b-4f7d-afc5-e0eaf06791ee,2021-12-13T03:15:00,BRAND2,113.82,ldcallj@gmail.com
256c978c-f436-4333-a3cf-656baf443687,2021-12-13T03:15:50,BRAND2,99.63,kgahbie@gmail.com
aa1a7077-f03f-4a79-b0ff-87f228655c20,2021-12-13T03:15:50,BRAND5,$632.16,eleiglc@gmail.com
9d6bddf9-cef6-47a4-b28f-902f334ec11f,2021-12-13T03:16:40,BRAND2,206.24,"""hlldbbb kidjgjb"" <hlldbbb@appple.com>"
1df99114-50ed-44cb-83b7-0e29494ec012,2021-12-13T03:17:30,BRAND2,841.10,gjdebak@appple.com
3a7ece71-a3ac-40ac-9d3a-efe86cad4f41,2021-12-13T03:18:20,BRAND2,480.07,"""hagkcbi jblgdlh"" <hagkcbi@appple.com>"
e471da12-ab67-41b6-b685-d2df515ed03a,2021-12-13T03:18:20,BRAND5,557.42,jlallde@appple.com
09a4b510-b8b1-4a28-97f5-c833d28b27ff,2021-12-13T03:19:10,BRAND2,847.73,hiliffi@gmail.com
bad20604-5fae-4872-b923-83404e0e9cbb,2021-12-13T03:20:00,BRAND2,429.92,lbbklki@gmail.com
c30d5cfa-efb1-4ff3-a9b0-90c3f20cfd97,2021-12-13T03:20:50,BRAND2,413.84,iacdhke@live.com
eac4b104-0ae2-4951-95e3-17106de02491,2021-12-13T03:21:40,BRAND5,796.45,khafelj@live.com
d1844b06-1281-4819-9567-7d23be8f8277,2021-12-13T03:22:30,BRAND5,874.31,"""ekdbdic heddalh"" <ekdbdic@gmail.com>"
93b3559c-696d-4b40-a840-a89ad02eb365,2021-12-13T03:24:10,BRAND2,999.94,"""ajklidc icadcic"" <ajklidc@appple.com>"
c80d706e-c8c3-4075-a5b0-698cd741f0f0,2021-12-13T03:27:30,BRAND5,545.41,ligfhii@gmail.com
c160263e-088f-4752-9e9b-e1af94f188d9,2021-12-13T03:30:00,BRAND2,350.33,cfjhhja@gmail.com
58689e8a-dc59-4df4-8a4a-1f0acc463c89,2021-12-13T03:30:00,BRAND2,22.40,"""eccbjca jabahcg"" <eccbjca@gmail.com>"
2c469793-6270-4aef-8b16-8e82b68c4d80,2021-12-13T03:31:40,BRAND2,685.90,jijcgki@gmail.com
949db701-8199-43f3-b322-bdfbc63a205e,2021-12-13T03:32:30,BRAND1,553.39,"""bjlhcbg giigcjk"" <bjlhcbg@gmail.com>"
802e645a-4594-484d-82e2-db69d49ce679,2021-12-13T03:32:30,BRAND3,761.79,"""jfdcdkj jeildaj"" <jfdcdkj@gmail.com>"
1b274fd0-66d6-4c96-9006-abdd08e974af,2021-12-13T03:34:10,BRAND1,605.61,flhdhgj@live.com
204353b1-11bc-49e6-93d7-b990c223fc79,2021-12-13T03:34:10,BRAND1,871.27,"""bkigaek cgfbcbd"" <bkigaek@yahoo.com>"
7f5ca162-2f60-4e1e-9059-abfb6439a1c8,2021-12-13T03:35:00,BRAND4,968.39,ghakgfd@appple.com
035c4b5a-c120-4389-9427-87761bd69856,2021-12-13T03:35:00,BRAND2,64.09,lcbhggl@appple.com
3dcf585e-953f-4658-b4a1-27ddb869fb7d,2021-12-13T03:35:50,BRAND5,452.58,cjfchdh@appple.com
9a75a80b-dd8b-400d-a7c9-115fe05383d2,2021-12-13T03:36:40,BRAND2,166.53,fjbjelg@appple.com
69adfd50-2f7a-497e-b9fd-86df46533cb5,2021-12-13T03:38:20,BRAND2,138.08,cbhhfgd@appple.com
e47aa8fc-48e1-4529-b358-2f5994741480,2021-12-13T03:38:20,BRAND2,980.36,aajkele@appple.com
6a017446-fe73-4e26-a4a0-2bd70d820592,2021-12-13T03:41:40,BRAND2,458.14,"""aijclei dhfafle"" <aijclei@appple.com>"
d1e807b4-d598-434d-85cf-cb00c330d157,2021-12-13T03:42:30,BRAND4,322.71,djiiahh@gmail.com
4f5ba099-eade-4a45-9783-4226ac8d4dfa,2021-12-13T03:42:30,BRAND5,365.43,"""cclbaec aaigfil"" <cclbaec@gmail.com>"
b8912578-345f-4786-abb1-fb56648af4cf,2021-12-13T03:44:10,BRAND1,894.09,lckciad@gmail.com
d199dc7b-0c0f-479b-9332-98283d0cc6d8,2021-12-13T03:45:00,BRAND1,389.39,"""gbfkijj akgilgj"" <gbfkijj@gmail.com>"
37a20b6f-a56f-4e91-a9a1-99db18befb07,2021-12-13T03:45:00,BRAND2,818.17,bkiaifd@gmail.com
7593d9fb-7638-45a3-9b32-9f5d03171264,2021-12-13T03:45:50,BRAND2,243.76,"""bhaljhj bkhacij"" <bhaljhj@appple.com>"
214b675d-4dac-4439-8eba-291eeb39edef,2021-12-13T03:47:30,BRAND5,73.32,blidack@gmail.com
4784a68a-ad97-4d7c-ab23-0cde98ce70e8,2021-12-13T03:47:30,BRAND5,652.42,"""ldlcdbk eccfhgd"" <ldlcdbk@gmail.com>"
9b30b868-35b4-4ddb-bec8-302ff7400f01,2021-12-13T03:50:00,BRAND2,513.07,lbaehha@gmail.com
c8e816b9-c008-48bb-a1dd-98628fd33a85,2021-12-13T03:50:50,BRAND2,190.62,hjaeaba@live.com
e978afb9-9854-412b-95ca-be83d7e718c2,2021-12-13T03:52:30,BRAND3,955.89,gegadbf@gmail.com
8d12730b-ac3e-4c99-b8a4-d5d14f0c2ea7,2021-12-13T03:52:30,BRAND5,435.93,jkdgegh@appple.com
9e9f84f9-4a51-4013-b710-8d4ddf7c97e9,2021-12-13T03:53:20,BRAND2,224.70,jldifgc@gmail.com
6cc52a63-14b0-48bd-8896-3b79dc7f3390,2021-12-13T03:54:10,BRAND2,222.92,lfaljbh@gmail.com
176dbe55-d166-45e4-9fba-72fef1cee976,2021-12-13T03:54:10,BRAND2,953.07,gjelgel@gmail.com
17f71a61-95b7-479a-bc73-1d33d0d4d78a,2021-12-13T03:55:50,BRAND1,455.76,kgbhidg@gmail.com
aff8d86e-3e85-4de2-a9e1-7f3a25dd6b2a,2021-12-13T03:56:40,BRAND2,858.65,"""hhfgejk iehkkdc"" <hhfgejk@live.com>"
092922e2-3e4c-4568-885a-851b5fb9577c,2021-12-13T03:58:20,BRAND1,$791.07,dlaaikg@gmail.com
07a92d85-b133-4a68-8897-9015862da7fe,2021-12-13T03:58:20,BRAND2,194.65,ggklglb@yahoo.com
2cc4bb22-f65d-4ffa-b8c0-286080366fae,2021-12-13T03:59:10,BRAND5,275.48,"""faafbfc baaccgk"" <faafbfc@gmail.com>"
5b973f5a-cf4b-4ed4-8c37-8d6b51b31306,2021-12-13T03:59:10,BRAND2,980.96,kjkagkb@gmail.com
e733eca9-ad30-4a62-9713-234381fa9b6a,2021-12-13T04:00:00,BRAND2,182.32,gaafhcc@appple.com
9264db21-61d0-472e-9686-2bf3b7437f53,2021-12-13T04:00:00,BRAND4,541.18,"""bkblcak lkjgbje"" <bkblcak@appple.com>"
40bb440d-68a6-42b5-8be3-1c39359aba04,2021-12-13T04:00:50,BRAND2,979.00,hejdifh@gmail.com
97e096d7-5571-424e-a11f-5dfef516228b,2021-12-13T04:00:50,BRAND2,85.54,ecgelef@gmail.com
2e2c365e-2002-4ce1-aee5-f653d1a94523,2021-12-13T04:02:30,BRAND2,614.21,lhahhih@gmail.com
ea4ad7e3-fd07-4ef9-b19c-306aced1cdc7,2021-12-13T04:03:20,BRAND1,715.61,"""hkhicfi ilkhdba"" <hkhicfi@live.com>"
1925e643-7eb2-4d01-8eb6-fbbc064cd40a,2021-12-13T04:03:20,BRAND1,783.45,ehcjbjk@gmail.com
8511023f-7673-42b8-b0e6-bf226cd72b40,2021-12-13T04:04:10,BRAND2,789.14,cealiae@gmail.com
bde7c756-9d7b-4f84-9106-5b6557bc0ea5,2021-12-13T04:05:00,BRAND2,262.86,hfaeehi@appple.com
264ba6fc-2eaa-41bf-88ae-9412f2d071d4,2021-12-13T04:05:00,BRAND2,916.04,ahegdcj@appple.com
9bbfcf2b-e405-4180-a4ea-16702794307e,2021-12-13T04:05:50,BRAND2,320.31,leichjf@gmail.com
462ae11e-1c3b-4b4e-8e77-7dd835ae8839,2021-12-13T04:05:50,BRAND2,44.13,elgacfg@gmail.com
fd659126-846a-4228-8665-2ce081ee2c54,2021-12-13T04:06:40,BRAND3,204.80,"""ecefjkg clehcdl"" <ecefjkg@gmail.com>"
8a5e8139-e16e-4dc2-82e0-0efb080e40f8,2021-12-13T04:07:30,BRAND5,532.45,"""kgdglad jkjdibj"" <kgdglad@appple.com>"
c2b3aa48-f82a-48eb-90d3-0ffcb6312195,2021-12-13T04:07:30,BRAND2,498.91,ebdkgel@gmail.com
7c988c70-0f86-4fd6-bdea-b850b557b352,2021-12-13T04:08:20,BRAND2,754.04,ebdgdkj@live.com
01a32121-5711-4a07-ae9f-861f877b6948,2021-12-13T04:08:20,BRAND2,283.30,cfklhlh@appple.com
776b64a3-e4dc-48a5-9829-1963f6471ed1,2021-12-13T04:09:10,BRAND2,935.03,eefakdl@live.com
0436673e-70db-4ef0-84c6-e2051ee19e82,2021-12-13T04:10:50,BRAND3,965.72,cgjikle@gmail.com
016bbbd5-2a79-4f28-9079-3e14a8aeacc0,2021-12-13T04:10:50,BRAND2,620.86,"""lkkldgl hagjedh"" <lkkldgl@gmail.com>"
34e58d1e-9238-4596-80de-bd260b6c121b,2021-12-13T04:11:40,BRAND2,64.63,glflccf@yahoo.com
6c118207-fa89-449f-8cd9-e9aa10e08030,2021-12-13T04:12:30,BRAND2,86.77,"""agagjdk lajfajg"" <agagjdk@live.com>"
4a546d10-5197-4a08-9f10-37d1a9a7ba52,Mon Dec 13 04:13:20 2021,BRAND1,441.93,"""akcglhf edjhiee"" <akcglhf@gmail.com>"
42567781-d815-498a-a912-d3a9f6f2cf9e,2021-12-13T04:15:00,BRAND2,677.83,"""albblbl aclhbfb"" <albblbl@hotmail.com>"
3e4e3e6d-aaa5-4d7a-ae35-bf533a6f06d5,2021-12-13T04:15:50,BRAND1,953.42,ljfcaek@yahoo.com
67a28fc5-0626-41f7-aad1-d93d5b169a45,2021-12-13T04:15:50,BRAND2,424.29,fhkbgcc@appple.com
e6571a22-844e-4d05-8c26-933c7ace813a,Mon Dec 13 04:16:40 2021,BRAND5,885.53,haldjic@appple.com
ef9f0e75-28dd-4118-8f61-7877ed0b786b,2021-12-13T04:17:30,BRAND5,355.96,ggcahig@live.com
2c03cb04-d972-4652-8b81-16228c001b91,2021-12-13T04:17:30,BRAND2,832.78,gflfjgh@live.com
8ab44e54-48e1-46ec-90fa-cbfbdf4e0355,2021-12-13T04:18:20,BRAND2,128.99,lhailga@gmail.com
4ae49e48-1004-4317-bb2f-36435385d82e,2021-12-13T04:19:10,BRAND2,416.02,gaaffgf@gmail.com
9dede716-81b5-4cbd-9762-2cdf3737f192,2021-12-13T04:19:10,BRAND2,848.25,jhcgfle@gmail.com
c666868a-123a-4dab-aadb-ff93006afff1,2021-12-13T04:20:00,BRAND2,489.13,"""caikbie iaiaflg"" <caikbie@live.com>"
a994cd90-d71c-4db1-99f2-0169d1a2a552,2021-12-13T04:20:50,BRAND2,908.10,igehfkh@appple.com
97bbae37-b7e3-491b-bc75-c57918aa225c,2021-12-13T04:21:40,BRAND2,3.23,"""ddbeiaa bhjbbkh"" <ddbeiaa@gmail.com>"
ecbac367-2bd1-4680-8aa7-5f298e52f885,2021-12-13T04:22:30,BRAND5,920.98,kiifddk@gmail.com
cc779343-e81a-4540-980f-913c2ab83b55,2021-12-13T04:23:20,BRAND3,202.36,"""cagdgfd liddifb"" <cagdgfd@gmail.com>"
ea919307-836b-40f8-ad9f-9012a4f246fd,2021-12-13T04:23:20,BRAND5,392.54,chiccef@live.com
42cecc82-0406-4954-9f6b-f0bf0ec14748,2021-12-13T04:24:10,BRAND5,658.43,"""liecegh bhhgfie"" <liecegh@gmail.com>"
dcdba833-d058-4a6e-8d24-4551f698fef0,2021-12-13T04:24:10,BRAND3,496.10,jbjdeae@appple.com
4675ba70-0e54-421b-b620-beb46b7ab3b8,Mon Dec 13 04:25:00 2021,BRAND2,461.63,dhefbbh@yahoo.com
53125a7f-023e-4872-9801-ee5d9f25f2a9,2021-12-13T04:26:40,BRAND5,254.98,gkejckh@gmail.com
04274773-f7f1-497c-a968-e2640ef3d985,2021-12-13T04:27:30,BRAND5,599.26,jhaclde@appple.com
3d67aaf7-424b-40bb-933e-48521127c333,2021-12-13T04:28:20,BRAND2,391.69,"""aifecgl lbecdkh"" <aifecgl@appple.com>"
dba8a8bf-29cc-46a5-8667-167869b30c01,2021-12-13T04:29:10,BRAND5,507.81,lkfclfk@gmail.com
d0d95b51-b339-4543-b976-fdace6d658aa,2021-12-13T04:30:00,BRAND1,518.63,ladhheg@appple.com
e0b59f18-40c2-437c-9fbf-4321051d7d66,2021-12-13T04:30:00,BRAND1,363.97,"""ljgchjb gffbiaf"" <ljgchjb@appple.com>"
0648106a-79fc-4c9b-b9d5-ba0a4f13806d,2021-12-13T04:30:50,BRAND2,961.60,ihjalli@gmail.com
9b9fd093-d065-4d6f-8b56-60d075c39208,2021-12-13T04:31:40,BRAND2,117.27,ebgihbk@gmail.com
6ec275de-c9c3-44ac-b5ee-e6fb958eb263,2021-12-13T04:31:40,BRAND2,346.86,"""cdlhfak lhjgjei"" <cdlhfak@hotmail.com>"
991596b9-84a8-4b35-9771-fd38a2d978bc,2021-12-13T04:32:30,BRAND1,433.65,ekedade@live.com
3e3deb28-81b6-4a95-a4fd-b97ead5c0e07,2021-12-13T04:32:30,BRAND5,217.95,"""bjhdcbe aidkhac"" <bjhdcbe@appple.com>"
6719eeac-b117-43dc-adab-3f69e3765c20,2021-12-13T04:33:20,BRAND2,652.81,"""egjdkaa dffbjah"" <egjdkaa@gmail.com>"
f563361b-6119-4235-9e71-2b230d4475d7,2021-12-13T04:33:20,BRAND5,530.56,ababgje@gmail.com
4927af8c-54fc-4d08-a043-89a11e164ced,2021-12-13T04:34:10,BRAND2,661.64,"""bcihdab ejlffed"" <bcihdab@gmail.com>"
cea3f8d4-f342-4197-849c-6f90cfbbc8d4,2021-12-13T04:35:00,BRAND5,466.35,djljegb@gmail.com
13de5058-7082-4507-94cd-5ca52e345db5,2021-12-13T04:35:00,BRAND2,431.22,jkddldh@appple.com
8c8eb389-9f07-47b9-9c26-337083bd7872,2021-12-13T04:35:50,BRAND1,923.88,"""kbblgjl ajaeacg"" <kbblgjl@gmail.com>"
c9b4807d-6861-4123-8692-5011c53745c5,2021-12-13T04:35:50,BRAND2,943.11,"""dajcaee kkgjgcj"" <dajcaee@live.com>"
d38462ae-bcd2-465a-8a9d-4a07e24393a1,2021-12-13T04:36:40,BRAND2,967.90,jfahccc@gmail.com
4e652e8c-a566-4b59-957e-785f8b181e2e,2021-12-13T04:37:30,BRAND2,262.03,"""elgkdfh bbajfgj"" <elgkdfh@gmail.com>"
aa3c4f6d-02ed-4bd5-a4f4-42cfa4aec960,2021-12-13T04:38:20,BRAND1,218.28,cahkghg@gmail.com
270c7cf8-7a53-4477-86ca-9da0777829a8,2021-12-13T04:38:20,BRAND1,537.87,ldgkbca@gmail.com
2844a7be-215a-48f5-bf64-2e813a6add6e,2021-12-13T04:40:00,BRAND5,496.19,ababbba@gmail.com
86b79f75-4081-4cee-b50a-b86c862814ec,2021-12-13T04:40:00,BRAND2,574.60,"""cliahjf hebglfi"" <cliahjf@appple.com>"
350c2a17-d2c1-4ded-a576-3a21830bf6c7,2021-12-13T04:40:50,BRAND2,877.95,bebejgb@gmail.com
6e101906-1d4c-4e8a-9335-cd1ebe585bc3,2021-12-13T04:44:10,BRAND5,772.22,ihkekli@gmail.com
7d3acc28-1662-41ab-826f-b22c81d8926f,2021-12-13T04:44:10,BRAND5,476.99,"""flfjgfl ehadifh"" <flfjgfl@live.com>"
9e41fa29-4b92-49d0-a29d-b6293a41a073,2021-12-13T04:45:00,BRAND1,226.78,aaeffjk@gmail.com
e23530fa-9f12-496e-a9ea-aba5559db893,2021-12-13T04:45:00,BRAND5,719.34,efeckik@gmail.com
5f426ab8-001f-4f03-8c45-45d1e5875b5f,2021-12-13T04:45:50,BRAND2,777.17,"""jlkdeej lfilaik"" <jlkdeej@gmail.com>"
4b006670-aec7-4fa9-8997-1471290cad04,2021-12-13T04:45:50,BRAND1,449.33,dalbbic@gmail.com
754813fd-043c-4331-8521-71818b3995b3,2021-12-13T04:50:00,BRAND3,969.87,"""ijfclhl hfediak"" <ijfclhl@gmail.com>"
ac76195d-3307-4a37-ae36-39dd1ef02358,2021-12-13T04:50:00,BRAND5,197.49,"""dhhhcja glbfkig"" <dhhhcja@appple.com>"
95232283-39e2-489f-8eee-d5631049de5f,2021-12-13T04:50:50,BRAND5,140.30,cieakki@gmail.com
e2d9cc59-674c-4b73-882e-597bd1929012,2021-12-13T04:51:40,BRAND2,922.25,"""acjgbjj iljklac"" <acjgbjj@gmail.com>"
0733aecb-ed5a-46f0-a0ce-2f089876b688,2021-12-13T04:51:40,BRAND5,519.47,afllkbd@yahoo.com
45b2f836-ba13-4ce1-b56d-e6619eeb5ddd,2021-12-13T04:52:30,BRAND1,13.49,gbifiij@live.com
d489b4bf-f176-42a7-add7-0f5accc81901,2021-12-13T04:54:10,BRAND3,$199.49,hkghfek@gmail.com
ccdbffb7-dcf0-4274-b7fc-01c34501dafc,2021-12-13T04:54:10,BRAND4,603.66,jafkbak@hotmail.com
3fda0476-dd48-4200-b3c3-5881ca14d83a,2021-12-13T04:55:00,BRAND2,625.63,"""lfdidig kdelhcd"" <lfdidig@appple.com>"
f03aa290-5a04-4cdc-9f16-173f96403022,2021-12-13T04:55:50,BRAND2,727.78,gcellji@yahoo.com
013e0ae0-c4d6-42ad-a12e-b6ffd93c0e48,2021-12-13T04:56:40,BRAND5,513.01,idebejg@live.com
072c12f1-fdc2-4a70-9d57-fccc7d69e8a3,2021-12-13T04:59:10,BRAND5,961.99,dbfdjlf@gmail.com
348de6a8-47e9-42ef-882f-c8226456cc9e,2021-12-13T04:59:10,BRAND2,77.23,"""lfedhcj gkdcijb"" <lfedhcj@gmail.com>"
a4b6af2c-76f4-4260-bcd0-612e69b717d1,2021-12-13T05:00:50,BRAND5,159.07,behlilj@live.com
8998341d-236b-48cd-ab23-aded5a2eb6e6,2021-12-13T05:00:50,BRAND2,818.44,diddicb@gmail.com
6bcbf364-1922-4f6a-9e95-f2e4dc72c8e7,2021-12-13T05:01:40,BRAND2,$391.89,ajdlbah@gmail.com
78d9303a-0d74-48a0-a38b-35280e1f86ef,2021-12-13T05:01:40,BRAND1,431.47,"""jjlghde hhillei"" <jjlghde@gmail.com>"
cb5aa9bb-2b13-4b08-b3b1-2c88fc33435e,2021-12-13T05:02:30,BRAND1,14.25,"""chifahc fgglihb"" <chifahc@gmail.com>"
bbdd7b1c-37d8-4a0e-a29d-b9956a4a41db,2021-12-13T05:02:30,BRAND2,387.48,"""lfcdlgf hfcdcdc"" <lfcdlgf@hotmail.com>"
8cd24fac-cfbe-42ae-90e7-4fb752a6596f,2021-12-13T05:03:20,BRAND2,866.30,ildgiak@gmail.com
a065e067-a69e-48d5-98b0-33e53a206ec2,2021-12-13T05:04:10,BRAND5,470.75,aahbkdg@gmail.com
1db41524-0e7a-41ea-9925-13073f302e16,Mon Dec 13 05:05:50 2021,BRAND1,766.11,"""flbegce icgljej"" <flbegce@yahoo.com>"
4d27b930-cb2d-49e5-a156-d077919a3ff9,2021-12-13T05:06:40,BRAND5,694.43,clhgbbc@appple.com
16ebc710-cd07-4362-8796-730389030f2e,2021-12-13T05:06:40,BRAND2,876.10,lbahbdi@gmail.com
e6ecdc49-1b5a-4a2c-bc42-314646b94505,2021-12-13T05:07:30,BRAND5,331.53,dgdhffd@appple.com
684d09f4-10a2-4e50-a427-8990a5b261fc,2021-12-13T05:08:20,BRAND2,877.24,chekgfd@yahoo.com
56e467d9-1188-4ccc-a78d-b508c789b1e2,2021-12-13T05:08:20,BRAND1,439.79,"""bgkgljj ieddkkf"" <bgkgljj@appple.com>"
a154f320-861b-45d9-b9ae-c92f1a7ed0be,2021-12-13T05:09:10,BRAND2,978.51,hdacbhb@gmail.com
d85b96a0-4734-4cf6-9b68-de3c3ff07dba,2021-12-13T05:10:50,BRAND5,381.86,cikdclh@appple.com
a3e744b0-f625-45ac-8341-5dce9a8e8d38,2021-12-13T05:11:40,BRAND1,466.16,bdjcfka@yahoo.com
45bb49cf-7e2c-4ffc-9322-61b756d7368e,2021-12-13T05:12:30,BRAND2,178.53,fcliibk@gmail.com
52667a02-ec07-47e2-a5b8-c36f6eca8608,2021-12-13T05:12:30,BRAND2,139.91,fcifhaf@gmail.com
699ac908-2a74-4179-b4a3-57c84a65efce,2021-12-13T05:13:20,BRAND5,392.69,ljfhgja@gmail.com
985d3d74-3616-41b0-beb5-2054e8540780,2021-12-13T05:13:20,BRAND5,221.05,"""ellfafi ehkfaea"" <ellfafi@gmail.com>"
5e0bf073-98f6-490e-9054-0d23873675e7,2021-12-13T05:14:10,BRAND2,597.65,jhjhfkh@gmail.com
8046e84b-da3f-432b-a9cc-6d9bbef58fbd,2021-12-13T05:15:00,BRAND2,897.00,bccklbc@appple.com
938515f6-a10c-4515-ba08-d1da423d46eb,2021-12-13T05:15:00,BRAND1,558.95,dlhklab@appple.com
999c4b7c-d682-48a6-9b65-3dd82085ad38,2021-12-13T05:15:50,BRAND2,655.58,"""aegkbfb dkbffke"" <aegkbfb@live.com>"
c2340f1d-4b26-4407-992b-e810968faf07,2021-12-13T05:17:30,BRAND1,376.43,acahgjl@gmail.com
47828817-3a6d-4c3a-ad1e-0178d06e5141,2021-12-13T05:17:30,BRAND2,855.42,"""cjjcjaj hjbfbkl"" <cjjcjaj@gmail.com>"
3f78cf3b-ac16-4e5f-949c-e365ec003b67,2021-12-13T05:18:20,BRAND3,106.72,fgdeage@gmail.com
f96094b2-850a-4ba3-ac34-2557b8c7ed7e,2021-12-13T05:18:20,BRAND2,688.41,giigdlc@gmail.com
11a468ce-9b69-417d-bb33-9ef61c2d4e76,2021-12-13T05:19:10,BRAND1,884.91,heljhch@appple.com
23c8a8fb-5509-4bb9-bd78-9d5152fa0600,2021-12-13T05:21:40,BRAND2,318.93,"""geaagad egfagdf"" <geaagad@appple.com>"
90fb3369-b3d4-456e-bdfd-fc16cb4252d3,2021-12-13T05:22:30,BRAND2,$907.22,fekiilg@gmail.com
d5577ebe-be36-47a5-b33a-3aec3c602f7e,2021-12-13T05:24:10,BRAND1,189.55,aabiglh@appple.com
4866b2fc-4e9b-4c8e-8c91-bb460e833cef,2021-12-13T05:24:10,BRAND1,953.43,bckllgc@gmail.com
5589ad4b-6aca-41cc-8ac5-c75a0a7afd9c,2021-12-13T05:25:00,BRAND4,639.91,"""kichfli jajklcj"" <kichfli@gmail.com>"
55d3d165-0243-4c24-a92a-cb7c7beb7820,2021-12-13T05:25:50,BRAND1,329.92,kajbfjf@appple.com
0965528f-6645-4e40-827e-5203042d32ac,2021-12-13T05:26:40,BRAND2,331.08,"""aifhgjf bjjclcf"" <aifhgjf@gmail.com>"
696ff975-25d6-4429-aab5-12e3fa73f5e2,2021-12-13T05:28:20,BRAND5,649.93,ifflkig@gmail.com
82c117b1-530c-4c88-bdbc-0790ae98732e,2021-12-13T05:28:20,BRAND1,694.63,fjbcdak@live.com
5c7c9776-1826-4e99-8442-331e3a5dcba8,2021-12-13T05:29:10,BRAND5,898.42,"""effkele gfijajg"" <effkele@gmail.com>"
2bd15423-0761-4f17-9fdb-4002a06a79b2,2021-12-13T05:29:10,BRAND2,456.74,"""kehfbck acbicgi"" <kehfbck@gmail.com>"
1c7af8a9-9474-40a5-90a8-485786bb43aa,2021-12-13T05:30:00,BRAND5,349.77,dhfafhg@gmail.com
d15819c3-13fd-4607-91d2-6efb190d5fac,2021-12-13T05:30:00,BRAND1,167.63,"""ifbdhig ejececd"" <ifbdhig@gmail.com>"
a171d868-fdcb-4b9d-8861-de3585b37a94,2021-12-13T05:30:50,BRAND1,651.37,"""jlajjak hgkdjee"" <jlajjak@yahoo.com>"
05278dd5-0206-400b-90d7-c0539a61fc78,2021-12-13T05:30:50,BRAND1,960.03,"""hfjjied kjbbaif"" <hfjjied@yahoo.com>"
bbd87a55-428d-4c66-a820-ea7ba88f884b,2021-12-13T05:31:40,BRAND2,127.56,"""fcijfac djjlekb"" <fcijfac@live.com>"
e4a3553e-0451-4180-bf43-628c4778d61e,2021-12-13T05:32:30,BRAND5,388.69,ablkaji@appple.com
448816ff-6214-4d62-bf66-7769cf3840f9,Mon Dec 13 05:33:20 2021,BRAND4,551.51,kdjjakl@gmail.com
5e343307-f92a-4197-9e8a-5ed36995a68a,2021-12-13T05:33:20,BRAND2,377.44,fklaakl@appple.com
3df4e4c7-86f2-4290-8504-540dcf95686e,2021-12-13T05:34:10,BRAND2,611.94,lbggeaa@hotmail.com
9fce2c38-179a-44e1-8fc6-073f8abefa59,2021-12-13T05:35:00,BRAND3,964.36,ciebaaf@appple.com
c32db4bd-ebb4-4346-b5b2-38e56015daa0,2021-12-13T05:35:00,BRAND5,893.86,"""kifijff jfabcal"" <kifijff@gmail.com>"
3707b2a7-5f1d-4460-aede-bae9980e24f9,2021-12-13T05:35:50,BRAND5,437.69,eedghab@appple.com
df97e630-90e1-4eca-bf53-95a329437712,2021-12-13T05:35:50,BRAND2,727.56,cbfejia@appple.com
06ac8586-f90c-47f5-a068-b73030b54f9e,2021-12-13T05:38:20,BRAND2,648.84,hlekghd@gmail.com
6b57853a-1e99-4e76-b5b8-39ce754d5f01,2021-12-13T05:39:10,BRAND5,212.22,cacacch@appple.com
ad9c8ed2-7ae6-4a21-aaef-442764145a00,2021-12-13T05:41:40,BRAND2,571.57,cdfbcag@gmail.com
4c02da26-0ab8-4367-86f4-57a9793d3312,2021-12-13T05:41:40,BRAND5,207.29,"""jdlahfd jeifjeg"" <jdlahfd@gmail.com>"
d6c705c1-5d11-4f05-afe6-4d3f38d50593,2021-12-13T05:42:30,BRAND2,218.80,gieljcf@gmail.com
29c67aba-1b0a-4add-b524-f848d3db34db,2021-12-13T05:44:10,BRAND5,349.33,"""gjifecg ehcgebg"" <gjifecg@appple.com>"
40aded5b-e06c-4c53-8860-588fe80af5c8,2021-12-13T05:44:10,BRAND5,228.89,"""idbbccb dddlfif"" <idbbccb@gmail.com>"
bbd560b0-c78e-47ee-8abd-bdf69f1dc0b9,2021-12-13T05:45:00,BRAND3,111.23,iadlebb@appple.com
431e19db-12b5-4d27-9c2b-fd7aa57a85fc,2021-12-13T05:46:40,BRAND2,469.96,kffihkl@gmail.com
609de1c5-6244-4584-90c1-d30b55bda7f0,2021-12-13T05:46:40,BRAND1,791.01,hjifbca@appple.com
4bdf05fa-42fa-4a87-a223-bfe471adbc51,2021-12-13T05:47:30,BRAND1,319.47,"""dbbfagj fkbejcf"" <dbbfagj@yahoo.com>"
97046eaf-1d47-4c9c-a5b1-e0f8624981c9,2021-12-13T05:47:30,BRAND2,435.47,hhgkhdc@gmail.com
0ce090c3-ba83-439e-b797-5b2afff6b7b7,2021-12-13T05:49:10,BRAND2,740.72,"""dglbfel cfeiedj"" <dglbfel@gmail.com>"
aa70d9bc-6375-402a-a286-92aceb9adf56,2021-12-13T05:50:00,BRAND2,776.64,iialkka@gmail.com
44c55a2a-4b15-4014-bceb-5b8790263e3f,2021-12-13T05:50:00,BRAND5,122.23,lliaikj@gmail.com
cd29dee4-6e04-4e98-b218-51b3cb8d24fa,2021-12-13T05:50:50,BRAND1,948.71,bbabhlh@appple.com
2fcd01f9-58bf-4abc-b1a5-42d9932444f4,2021-12-13T05:51:40,BRAND2,250.69,edkheia@hotmail.com
b3b1557d-b1b7-4201-8520-226e4f0afb61,2021-12-13T05:52:30,BRAND2,723.57,"""hakfehi ehdkgal"" <hakfehi@gmail.com>"
f0bc15d6-a9ee-41a4-9e22-2796c6a345ce,2021-12-13T05:55:00,BRAND1,790.13,"""gkjkdlb gabgjhg"" <gkjkdlb@yahoo.com>"
fde81167-b9b2-4609-a4b4-1edc84f929ad,2021-12-13T05:55:50,BRAND2,721.62,"""affjchj bbdcacc"" <affjchj@yahoo.com>"
75e98c08-f168-441f-9ca1-34af22a829d4,2021-12-13T05:56:40,BRAND4,337.49,"""eiigagk hgggecc"" <eiigagk@gmail.com>"
d47e2c24-05dd-45d2-a935-73f5fcce4201,2021-12-13T05:56:40,BRAND1,775.30,cagfeaf@appple.com
861cf635-9a8d-40af-880a-e74e9badc190,2021-12-13T05:58:20,BRAND1,231.86,fackkka@live.com
f93f70a9-3a20-4576-96ad-d873ee3b96ab,2021-12-13T06:00:00,BRAND5,283.81,"""chgkiee dgegcbk"" <chgkiee@live.com>"
d9276cd7-b718-4b9f-9457-0820dfb7087a,2021-12-13T06:00:00,BRAND2,580.70,jbbkcbf@yahoo.com
bb0dfca4-fe74-4234-9935-47da0ab974e4,2021-12-13T06:01:40,BRAND2,35.01,"""ejadcje dacdgdc"" <ejadcje@appple.com>"
eadb7105-59d8-48d0-8008-646c0cb9924f,2021-12-13T06:02:30,BRAND2,610.57,aalghbh@gmail.com
7435219e-ad8b-4125-a72e-9563fa40b2a1,2021-12-13T06:02:30,BRAND5,8.29,fdbgehj@gmail.com
7f134a64-6ab0-4c1a-99b7-08021eaeff74,2021-12-13T06:06:40,BRAND5,936.89,"""beeaecj lldgckb"" <beeaecj@hotmail.com>"
c80a5f7f-8e88-4409-bf52-e190e9d20b12,2021-12-13T06:06:40,BRAND2,204.27,ecbchik@appple.com
63ae8fcf-f6b5-4fb8-82ae-c9ad4cc04424,2021-12-13T06:07:30,BRAND4,754.89,"""bhahhfg fcbhabk"" <bhahhfg@appple.com>"
2c13f427-041c-40c5-a0af-421602556292,2021-12-13T06:08:20,BRAND4,417.89,ihadghc@gmail.com
831d660a-d539-4310-a7e2-548d00376ff1,2021-12-13T06:08:20,BRAND2,927.84,blcgfbd@yahoo.com
384eea75-a53d-4211-8814-234c8a19de7c,2021-12-13T06:10:00,BRAND2,495.16,"""iljcgii fbaelai"" <iljcgii@gmail.com>"
c1b8c81f-af94-4a25-8657-3246851e27ec,2021-12-13T06:11:40,BRAND2,202.98,gjabibl@yahoo.com
a86c693e-3f65-4393-82ab-ffc9481b1619,2021-12-13T06:11:40,BRAND2,119.12,cfljlbb@gmail.com
ac715531-5758-41cd-8e28-f3ef85c37af7,2021-12-13T06:13:20,BRAND1,430.41,"""idhihgg jljejkc"" <idhihgg@gmail.com>"
6c9208a8-4856-4797-b10d-e7fec473a308,2021-12-13T06:14:10,BRAND5,611.38,igcjiha@gmail.com
2bf25beb-d0db-4f69-8340-b6a61d860962,2021-12-13T06:14:10,BRAND2,190.53,"""lgjfaah ggldabj"" <lgjfaah@gmail.com>"
fae3f849-4a30-4d1e-a4ba-9c2597e0b049,2021-12-13T06:15:50,BRAND3,323.21,akfklag@appple.com
dfff43dd-d00c-4b96-8871-4c89b4f738c2,2021-12-13T06:16:40,BRAND2,854.43,bakhaci@appple.com
a4408cb4-4ee0-498b-9581-915f08ed4f93,2021-12-13T06:16:40,BRAND2,921.39,jbfdjdf@appple.com
a06c2891-3203-42bb-a809-ecb11c1f52ce,2021-12-13T06:17:30,BRAND1,868.14,bgaljji@gmail.com
c03f42f9-686d-479d-aac5-52d7300c8016,2021-12-13T06:20:00,BRAND1,291.94,fgglcbg@live.com
af9c2387-96e2-436d-8daa-3dd505509ffb,2021-12-13T06:20:50,BRAND5,508.07,aajbfac@live.com
624a22a2-e8eb-4364-9c41-0e32d0309a85,2021-12-13T06:20:50,BRAND2,168.30,ihgkkif@appple.com
e3a582f6-fd5a-45e2-9113-6f38777b23ea,2021-12-13T06:21:40,BRAND5,954.62,hdkkdcl@live.com
b3c842a9-207e-4eb8-b757-4a5677251f38,2021-12-13T06:21:40,BRAND1,199.31,"""dkkbebe babfllg"" <dkkbebe@appple.com>"
2635f768-35a0-49b2-a615-397ee8c8a7bc,2021-12-13T06:22:30,BRAND2,269.24,bccahae@hotmail.com
aae24469-b762-4fed-9820-9c3f3c63d2ff,2021-12-13T06:22:30,BRAND1,843.69,"""ddiehfb hgfaaee"" <ddiehfb@gmail.com>"
1871d9d2-9c7a-493a-9708-62252fbd6781,2021-12-13T06:23:20,BRAND2,448.60,ebjalli@appple.com
e8ce3aa7-e8c2-4a04-b536-3de1f2c0ff26,2021-12-13T06:23:20,BRAND4,266.34,ihkfdkb@gmail.com
fe6b4758-05e1-4d9a-980a-4038bd823bdf,2021-12-13T06:25:50,BRAND5,267.95,kejjick@live.com
653a08a1-edeb-48c8-abe0-d27249de231e,2021-12-13T06:25:50,BRAND2,875.32,efcbjlk@yahoo.com
cd47b572-803d-4355-add9-335e8c949bd7,2021-12-13T06:26:40,BRAND2,271.64,bcagcjk@yahoo.com
561a34ac-a52b-4bab-b9b3-a949b8d8be2b,2021-12-13T06:26:40,BRAND2,534.99,"""deckdhb hhdbkgk"" <deckdhb@gmail.com>"
5ee9d756-4d79-4916-9be6-84023448b7f5,2021-12-13T06:27:30,BRAND2,664.18,"""hagghhh khalkfi"" <hagghhh@appple.com>"
ad5b1c90-bf61-4c22-b485-144c5071cf33,2021-12-13T06:28:20,BRAND1,199.40,icldbgf@gmail.com
fbd4c29f-5ba4-40d1-a285-0ae3e90481a2,2021-12-13T06:30:00,BRAND2,726.05,gegbgjk@yahoo.com
9bcf46cd-77ea-4986-bea4-9afb620ddd55,2021-12-13T06:30:50,BRAND3,850.62,cafajjb@gmail.com
15acee69-bd8c-4884-9458-8a7c1f43ca0a,2021-12-13T06:31:40,BRAND2,791.63,fchhhfg@gmail.com
2fa269f3-f2c5-4c46-8e72-7b9893b91612,2021-12-13T06:32:30,BRAND5,848.17,babkbbg@live.com
95181fa0-5e20-4cf9-991e-6e3178398790,2021-12-13T06:33:20,BRAND5,615.51,eddajle@live.com
d1574754-ec87-4b25-83c5-132a51b2d0f1,2021-12-13T06:35:50,BRAND2,744.15,iaclddb@gmail.com
df857bc0-9da7-4a98-a185-af6469478b14,2021-12-13T06:37:30,BRAND5,89.95,"""defjhff adiklfj"" <defjhff@appple.com>"
ab4cf18c-8b9d-4562-8267-d30d0de824cc,2021-12-13T06:37:30,BRAND2,977.94,flcghci@gmail.com
3c49be0b-70ed-4d1b-85a4-c5f4205a93b9,2021-12-13T06:40:00,BRAND5,772.62,kbdelkg@appple.com
c551b6c8-e76a-4c98-b7d2-7457cc1ef89b,2021-12-13T06:40:00,BRAND2,679.05,llliegf@appple.com
82e1086e-889b-4dac-92bd-80912694a189,2021-12-13T06:41:40,BRAND2,687.30,"""dajfblj cibfhij"" <dajfblj@gmail.com>"
a538e34a-e643-44c4-a966-f5010ad50281,2021-12-13T06:41:40,BRAND5,240.81,"""cegffjf khjhbad"" <cegffjf@gmail.com>"
d4dfe7c8-bfcc-4c16-9831-84775d5b938e,2021-12-13T06:42:30,BRAND1,23.82,hiddkjh@appple.com
b370de05-56ea-41e5-87b1-951c26a623be,Mon Dec 13 06:43:20 2021,BRAND1,1.24,"""eghlaca gedjkai"" <eghlaca@appple.com>"
1c4ca0e4-0606-41df-ba90-7743f0e9ff40,2021-12-13T06:44:10,BRAND2,463.04,"""klhball fbghlje"" <klhball@appple.com>"
8226a323-acf6-49df-8dba-4eaf4e9ee755,2021-12-13T06:45:00,BRAND5,731.37,lkaaeeh@gmail.com
7e598a08-2f7c-4ff4-89aa-0efc3531368e,2021-12-13T06:45:00,BRAND1,280.40,"""ajjeeeb adkcdke"" <ajjeeeb@gmail.com>"
6f600025-6d35-4fae-abc4-af9b7675c3c5,2021-12-13T06:45:50,BRAND2,33.87,"""fdeclja kdkacgf"" <fdeclja@gmail.com>"
5d7d39a0-518f-49df-9bd2-6445e8eb9483,2021-12-13T06:46:40,BRAND5,565.71,eebelbd@appple.com
5eec2a1a-2138-43f7-8e68-e9ff98da7ef7,2021-12-13T06:47:30,BRAND5,232.65,"""ilgdbfc kkackjb"" <ilgdbfc@gmail.com>"
10bf6cc1-9efc-4565-9054-1d5948086cc9,2021-12-13T06:48:20,BRAND5,239.07,"""hkkifck lafekji"" <hkkifck@gmail.com>"
dcdd0081-7a5d-4f76-af6e-8123f1463669,2021-12-13T06:48:20,BRAND2,38.15,"""jladahj lbgcdec"" <jladahj@yahoo.com>"
43cd4230-f4d4-4017-9b8d-7f2575a8a1a8,2021-12-13T06:50:00,BRAND2,809.27,aljljge@yahoo.com
3b2e1c37-344a-46c1-8dfc-430ce591cf19,2021-12-13T06:51:40,BRAND5,664.59,gcdfakk@gmail.com
2b64d30a-4065-4dac-bee2-b56d01bec85d,2021-12-13T06:51:40,BRAND2,873.81,"""ijaijci bbhfelb"" <ijaijci@yahoo.com>"
2a13ed4d-ea59-4193-b18a-727374926718,2021-12-13T06:53:20,BRAND2,940.17,iabbeig@gmail.com
cb4642d1-6f0a-40a0-8a47-43dd90f07382,2021-12-13T06:53:20,BRAND1,909.92,bgjgbcg@gmail.com
18bf0ef6-c0fa-4e7e-bb6f-baa93f2ea403,2021-12-13T06:54:10,BRAND2,$668.02,"""jjaiafc gafefhi"" <jjaiafc@appple.com>"
e547c167-af65-452a-9352-6452828f94b0,2021-12-13T06:55:00,BRAND2,315.73,"""bdhkfhi jcklihf"" <bdhkfhi@gmail.com>"
a68dc84a-bd8e-4e85-956a-cfcb43b2bf08,2021-12-13T06:55:00,BRAND1,849.41,"""bhlajgg fihelaj"" <bhlajgg@gmail.com>"
893103dd-33c3-4388-8678-745ffdf94a08,2021-12-13T06:55:50,BRAND2,980.83,hgegfgk@live.com
abd3ed10-5cb5-459b-9a0f-27e9a21e079d,2021-12-13T06:55:50,BRAND2,510.62,eilhaik@gmail.com
5800bb85-4521-4020-b4fb-e6cc9add5732,2021-12-13T06:56:40,BRAND5,413.58,"""ceaaeal bjhcida"" <ceaaeal@appple.com>"
ae651587-6fc3-48af-8098-e1e30b7f1bbb,2021-12-13T06:56:40,BRAND2,821.74,abaijgb@gmail.com
b1677dac-e4a1-476d-8ecf-2c427fdb62ab,2021-12-13T06:58:20,BRAND2,339.67,"""lblfifd bdhlilb"" <lblfifd@live.com>"
03529228-b7d6-4993-9e33-05b71db6c402,2021-12-13T07:00:00,BRAND5,389.04,fdjgflg@gmail.com
79d02abf-e419-4d3c-bb93-7d6368decf05,2021-12-13T07:00:50,BRAND5,384.00,hjkfbck@live.com
f815e5bf-9669-4091-b6cd-a7f151251736,2021-12-13T07:00:50,BRAND2,320.16,aeaajih@appple.com
0f209cdb-4c76-48c5-9c2d-1ac5073effaa,2021-12-13T07:01:40,BRAND5,566.33,bjfaddi@gmail.com
49bb7792-4566-41a7-9dc3-70802f4ad4e4,2021-12-13T07:01:40,BRAND2,438.76,gkbcjaj@yahoo.com
e144cac2-0aad-48c9-be6b-9d0a4ba7eadd,2021-12-13T07:02:30,BRAND2,740.50,kdhkkbf@gmail.com
1a3d1db9-747d-43ca-a4ff-82553e829ad4,2021-12-13T07:04:10,BRAND2,978.45,ebbglhj@gmail.com
e2bb303d-85ea-464c-933c-5dbdb9076e5d,2021-12-13T07:04:10,BRAND5,150.13,"""agjhihl kkkbhef"" <agjhihl@live.com>"
38a449c0-5ddf-458c-870e-5317e1aec872,2021-12-13T07:05:00,BRAND4,534.82,lkclhld@appple.com
24f4f0ba-a535-4de5-bd57-a3f84898feb6,2021-12-13T07:05:50,BRAND2,187.79,kaiefda@appple.com
3b9a3b7a-7f31-4308-ac98-fb9c23976adf,2021-12-13T07:08:20,BRAND2,46.64,gclaffe@appple.com
2e8df0d3-1441-452f-a41b-12f791d4aa91,2021-12-13T07:08:20,BRAND5,48.81,aebeigb@live.com
1c4e8164-c2a5-4f98-bbf8-3c28d5b74b1b,2021-12-13T07:09:10,BRAND5,37.43,"""lcdibie eikbhac"" <lcdibie@live.com>"
9b7c9da1-5738-4673-88de-9aa6934f9c89,2021-12-13T07:10:00,BRAND2,23.80,"""jlflakc jdgjcbe"" <jlflakc@gmail.com>"
343a6dc6-0070-4127-a346-8d440b83666a,2021-12-13T07:11:40,BRAND1,833.85,"""hcjebge lahafgd"" <hcjebge@gmail.com>"
e80f8222-47ee-4eac-98bf-b8b16da779ba,2021-12-13T07:11:40,BRAND2,11.18,ahchaie@gmail.com
b8d4a6dc-7ba9-4bef-88f8-b7553fb3be46,2021-12-13T07:12:30,BRAND5,504.53,fiklfdg@gmail.com
e4d8fd23-3dde-4836-aa8d-5dbd25607338,2021-12-13T07:12:30,BRAND2,494.06,"""agghglf dklgfkb"" <agghglf@gmail.com>"
6ad711ad-f0a1-4621-a4b5-c3075fd4f8ca,2021-12-13T07:15:50,BRAND5,139.62,ddlhhie@live.com
bc9ca9aa-e34d-4dc0-92fc-e371b18e5d6d,2021-12-13T07:15:50,BRAND2,897.98,idbbaei@appple.com
7bdcb3c3-07de-425c-aab0-1742e97ea9c4,2021-12-13T07:17:30,BRAND2,114.74,"""cakbaji ikhldib"" <cakbaji@live.com>"
7d0cd3a2-475c-4938-a2c8-7b226883ad65,2021-12-13T07:18:20,BRAND5,147.83,cbgajff@appple.com
1b74e45e-d9ac-44f4-812f-4a4a59f9afe3,2021-12-13T07:19:10,BRAND2,648.83,"""hbiilkd kdabakj"" <hbiilkd@gmail.com>"
76d4a71b-fbf0-4e56-aa50-be737fb2e601,2021-12-13T07:20:50,BRAND3,782.48,"""fagalgd ccfddlb"" <fagalgd@appple.com>"
ebd5fc2d-7a3b-4735-a6fa-d58ad5416b85,2021-12-13T07:20:50,BRAND5,695.64,bidagfi@gmail.com
95bf13fb-68f6-467e-9a37-a262ec7ed333,2021-12-13T07:23:20,BRAND1,320.23,"""ihcdghh cjhlcdl"" <ihcdghh@live.com>"
4db56587-0e50-4ebe-9505-ebc099a2f2f3,2021-12-13T07:23:20,BRAND4,372.26,"""cgkbldc aedejcl"" <cgkbldc@appple.com>"
2510960c-ce5e-41ad-a49c-a1c25253befd,2021-12-13T07:24:10,BRAND2,710.24,edegalj@live.com
560aab0e-e265-42ec-b82c-4608b49b68e7,2021-12-13T07:24:10,BRAND1,897.43,bfkbgfl@gmail.com
4da50108-af26-44a5-bfd9-fedc87940f8c,2021-12-13T07:25:00,BRAND1,7.90,ccahgdk@gmail.com
2da70621-b1bc-4964-bb83-41631d2db370,2021-12-13T07:25:00,BRAND2,73.16,"""egggicd fhecdgc"" <egggicd@live.com>"
41b177d2-cbb7-4149-98f4-70979ea9f610,2021-12-13T07:25:50,BRAND2,283.12,"""adkbgkg jiifdhi"" <adkbgkg@yahoo.com>"
0f4437b7-6aa3-4cdc-9a15-ca9e3b92093d,2021-12-13T07:26:40,BRAND1,260.07,"""dghjilh fjhfkli"" <dghjilh@gmail.com>"
bcb3de73-3879-4bb9-bafd-d229c8de092f,2021-12-13T07:27:30,BRAND5,430.91,clbdiac@gmail.com
4875c11c-da9b-4217-9de6-6aaceec3cb34,2021-12-13T07:28:20,BRAND5,275.10,ajhilae@hotmail.com
e172537f-2554-48de-932b-e0dccbb42db1,2021-12-13T07:30:00,BRAND2,757.88,lacdedc@appple.com
f9dd4a50-5e8f-463b-b212-64d264f8ce91,2021-12-13T07:31:40,BRAND2,581.93,agclajf@yahoo.com
61f20596-266d-4a68-a664-2199ff3fc8d0,2021-12-13T07:31:40,BRAND5,149.30,"""ieclbeh fggagja"" <ieclbeh@appple.com>"
c993c377-0262-431e-afec-b2c61a363b7c,2021-12-13T07:32:30,BRAND1,629.36,lgdcjbf@gmail.com
b0488297-f848-4722-a4a5-b75ad6d96780,2021-12-13T07:35:00,BRAND2,583.43,edgkgaf@appple.com
8c688e8e-37ba-433b-bbd0-b690b14875d5,2021-12-13T07:35:50,BRAND4,512.31,iecggbi@gmail.com
c08561c7-f344-462a-8378-cb0458e8a14b,2021-12-13T07:38:20,BRAND5,367.61,"""haklbag cifcceg"" <haklbag@gmail.com>"
2e7e957f-56b7-41c2-8a06-88e9bbbc723c,2021-12-13T07:38:20,BRAND1,670.89,"""jilcjli bkdbead"" <jilcjli@yahoo.com>"
9073638a-3733-4e60-819f-1665ad45ffdc,2021-12-13T07:39:10,BRAND2,511.06,"""fgiidcj kfadlef"" <fgiidcj@yahoo.com>"
a0b66e90-fd61-4c18-8307-7d2ae811b55b,2021-12-13T07:40:00,BRAND1,548.82,"""cabcdhi kighckh"" <cabcdhi@live.com>"
55db697a-d181-4838-a5f4-68e24070db82,2021-12-13T07:40:00,BRAND1,595.12,"""ggfggek gckcigi"" <ggfggek@appple.com>"
2f503119-5c19-460c-a519-8b9784ba2007,2021-12-13T07:40:50,BRAND2,216.81,lhakdgf@gmail.com
17a47dc9-376e-4d3b-bc56-2c0a2a317eac,Mon Dec 13 07:40:50 2021,BRAND1,495.13,ffebika@gmail.com
c4c05d75-870f-482f-8beb-8275653b6046,2021-12-13T07:42:30,BRAND2,518.20,"""bidjahb ecjikaa"" <bidjahb@appple.com>"
a9f2511e-c2a5-4c23-934a-f2207e46a78f,2021-12-13T07:43:20,BRAND1,927.98,hchicgl@appple.com
218fdff3-ae4a-4aa9-8d30-d06f003ac96a,2021-12-13T07:43:20,BRAND2,24.04,"""kbhibdk eifbdke"" <kbhibdk@yahoo.com>"
74a5822f-121b-4c51-ada8-36c0113509a4,2021-12-13T07:44:10,BRAND5,306.48,"""hakiefk jbbggbe"" <hakiefk@appple.com>"
2942ed0e-2856-4514-9300-0dee5e7d3de4,2021-12-13T07:45:50,BRAND2,327.89,lcgkfcf@gmail.com
fc274dc4-d3d5-471d-8e64-85a682da2f44,2021-12-13T07:46:40,BRAND2,547.04,lkhgjck@gmail.com
71afbb50-a099-4032-9e96-e343b390fbde,2021-12-13T07:46:40,BRAND2,104.47,"""jhefell iefdada"" <jhefell@gmail.com>"
eb37a5ff-6bef-4b10-b90e-cb8605fdcf8f,2021-12-13T07:47:30,BRAND4,589.37,aidhgla@gmail.com
d0cf5e57-fc1e-4548-82c5-f0b961edd7f8,2021-12-13T07:47:30,BRAND1,948.93,"""biccdfa clebhlj"" <biccdfa@gmail.com>"
7fdb311a-d501-4ece-bb98-40bba3f306a3,2021-12-13T07:48:20,BRAND2,466.27,cfflhac@gmail.com
b07d05d3-0a7f-4c9a-93a7-c0e2a434fa1d,2021-12-13T07:48:20,BRAND2,405.27,"""fbilihh kgcledk"" <fbilihh@gmail.com>"
d003da39-ca96-433e-8b2b-136969602cc4,2021-12-13T07:49:10,BRAND2,511.82,hfdklij@gmail.com
2f313128-c1ee-4444-a50b-9e9b4509b636,2021-12-13T07:49:10,BRAND1,198.40,hcidjfe@gmail.com
d78dfa1f-5f05-47ce-b297-7653ab07ff1d,2021-12-13T07:50:00,BRAND2,438.84,cdgkifd@appple.com
7bbbbcdd-c8e7-4a2c-a96b-1436f0e4df70,2021-12-13T07:50:00,BRAND5,278.02,ikgllil@appple.com
fb9340a8-9b5a-4341-9b1f-9b52b97b795e,2021-12-13T07:54:10,BRAND3,465.02,kakckfk@gmail.com
0d83045a-fa24-4839-b355-7d0604cf00d4,2021-12-13T07:54:10,BRAND5,597.16,bdegdlh@gmail.com
f8173749-afdc-4df6-b7bd-8dfb32c1c1cb,2021-12-13T07:55:00,BRAND2,614.14,"""bljblki gjdjbjh"" <bljblki@gmail.com>"
6157920c-1463-4d98-9ff2-4b29d6c89930,2021-12-13T07:55:00,BRAND5,562.79,ckkhhll@appple.com
387ef867-a7ae-4c36-9741-4379fa8bd20c,2021-12-13T07:55:50,BRAND2,934.25,ijbgddj@appple.com
b34e276a-a69b-45bd-8564-a2e537f909ac,2021-12-13T07:56:40,BRAND5,705.43,kfdjflf@gmail.com
d52690fa-b659-4c86-81da-badf39ad2425,2021-12-13T07:58:20,BRAND3,728.00,hkdlllg@gmail.com
1e40d9ce-fe44-4be7-9da0-88af2225385e,2021-12-13T08:00:00,BRAND2,481.07,iekkhcc@gmail.com
76227a46-a321-4390-a921-ffd4908b17b0,2021-12-13T08:00:00,BRAND2,784.52,afchefi@gmail.com
73350fe2-c262-473b-a7ce-d7bd1eea998e,2021-12-13T08:00:50,BRAND1,230.37,biggglg@appple.com
fe67b0f9-826a-4606-904b-05d83dfef364,2021-12-13T08:00:50,BRAND1,971.75,hjbeabk@gmail.com
329fa32b-80e2-4d80-ae44-fccefadad82f,2021-12-13T08:01:40,BRAND5,675.80,"""jigkaha jcjjcee"" <jigkaha@gmail.com>"
133d79eb-8663-4f12-9609-b1fd0b182e73,2021-12-13T08:02:30,BRAND1,622.49,"""hdclfgj ejeclbd"" <hdclfgj@appple.com>"
08a67813-2448-4140-933a-5b3493c3d399,2021-12-13T08:03:20,BRAND1,44.34,allikcb@yahoo.com
de730bb2-5fa8-4103-ba3e-6a57e609312c,2021-12-13T08:03:20,BRAND2,583.02,fldclgk@appple.com
63c660ff-81a3-4234-83cf-5fcbaef8c1a7,2021-12-13T08:04:10,BRAND2,620.63,kebcjae@appple.com
96c35d7b-a355-4866-97a9-ca8bb74893cd,2021-12-13T08:07:30,BRAND2,75.08,flalldf@appple.com
61e899f5-26bf-4b84-af67-241d052bd81c,2021-12-13T08:08:20,BRAND1,852.67,"""elhakaa jgdeefj"" <elhakaa@appple.com>"
8f2253a6-600f-402f-8a7f-de1c2fb01568,2021-12-13T08:08:20,BRAND2,27.97,fhfdcfj@live.com
b0c91405-7e2d-45eb-9baa-d03d95fbc0be,2021-12-13T08:09:10,BRAND2,166.64,cflikda@gmail.com
1e0c3657-fc2d-4b13-8ad5-44dd7be47642,2021-12-13T08:10:00,BRAND2,850.59,fhcicle@gmail.com
1666a3d9-671d-4834-b761-e096f76f665a,2021-12-13T08:10:50,BRAND2,924.05,"""ldcalaa cgekjkl"" <ldcalaa@appple.com>"
6659f5b9-6521-42b4-9053-bb3f783996ec,2021-12-13T08:11:40,BRAND5,430.26,"""alcejak adcbele"" <alcejak@gmail.com>"
03e73830-86fe-4dbc-be18-5a424f6e1822,2021-12-13T08:12:30,BRAND2,630.22,dglakca@live.com
edac7ee7-a663-4bb7-8cc2-bcc9411c3033,2021-12-13T08:12:30,BRAND1,497.05,cjjlakk@appple.com
ac8be292-4eb5-4a02-aaca-1651174e2a4a,2021-12-13T08:13:20,BRAND1,907.99,"""jgichag lcdeegh"" <jgichag@gmail.com>"
24d968fe-2c1f-49bc-91d6-193e41c6ad37,2021-12-13T08:13:20,BRAND5,785.41,"""eahjidj afigdbj"" <eahjidj@gmail.com>"
87c25111-a1f8-43bd-a958-84c3399e9dd3,2021-12-13T08:14:10,BRAND4,890.80,ejbgdil@gmail.com
9baaa0bf-fb92-4df5-9aff-55ecb5d74b42,2021-12-13T08:16:40,BRAND2,538.10,biedahk@appple.com
85263a21-b3ba-4e2f-b94d-fd36794acafb,2021-12-13T08:16:40,BRAND5,155.27,libcedj@gmail.com
0709f52e-e909-4058-ba2c-f804846a3712,2021-12-13T08:17:30,BRAND2,505.39,lkfeelk@gmail.com
56d2323b-4b4b-46a7-9454-b5ea6f70e519,2021-12-13T08:17:30,BRAND2,290.05,"""dijagbk ielajhk"" <dijagbk@appple.com>"
15e465f4-1e33-4e68-86b3-d62071d410ec,2021-12-13T08:18:20,BRAND2,721.19,"""hbfiadc ihdkddi"" <hbfiadc@yahoo.com>"
e14ad9f8-6f74-45ed-ae7c-b6a421e01149,2021-12-13T08:19:10,BRAND2,267.49,dccfked@appple.com
b91615d7-70b4-47dd-b691-912462d195f9,2021-12-13T08:19:10,BRAND1,914.45,"""ecejckj lfladlb"" <ecejckj@appple.com>"
b73bed27-ec12-4452-8276-0692be317ea8,2021-12-13T08:20:00,BRAND2,421.30,"""ikibiag cjdhaeh"" <ikibiag@appple.com>"
2e387df3-1f93-4a9e-8055-19a9a089807f,2021-12-13T08:20:50,BRAND5,30.11,dldcfbj@gmail.com
98cd87ad-fb21-41e7-ad70-e4159717154b,2021-12-13T08:23:20,BRAND2,610.18,dajfble@appple.com
0f9334a7-5db4-48a6-a8fb-5e250a9a724c,2021-12-13T08:23:20,BRAND2,827.58,elchllh@appple.com
16b68383-6434-4824-b593-c7472588f200,Mon Dec 13 08:24:10 2021,BRAND2,155.37,"""ffggdfh fccaeea"" <ffggdfh@gmail.com>"
7f214b92-8f71-4b2e-85fb-a8703304ae0b,2021-12-13T08:25:00,BRAND2,413.08,iakedjl@gmail.com
29b71862-c6a1-46d0-b5fb-81ebbd0cd54f,2021-12-13T08:25:00,BRAND2,923.12,kcjkljj@gmail.com
80bc6b39-3bfb-42ee-ae60-a7067018b6b2,2021-12-13T08:26:40,BRAND3,$211.54,jlflkdb@appple.com
12f9f750-bf74-45e2-a279-eb5aa51e2d62,2021-12-13T08:26:40,BRAND2,96.68,kblekkd@gmail.com
e67c2b1f-e131-493c-a658-64f378707877,2021-12-13T08:27:30,BRAND2,895.87,kbckafg@gmail.com
bf39f7dc-c643-471e-9131-90c365ee03c1,2021-12-13T08:27:30,BRAND4,516.95,bkdblag@gmail.com
156e1793-614f-4ed2-9751-62eded898c2b,2021-12-13T08:29:10,BRAND2,831.94,glieidg@live.com
19e91247-51e4-4970-8c68-db2a8c241b86,2021-12-13T08:29:10,BRAND1,140.33,"""ifecbdg cdgcdec"" <ifecbdg@gmail.com>"
c87da40b-ca7a-4998-83b0-7afd936ac124,2021-12-13T08:31:40,BRAND2,133.76,hbffdff@gmail.com
c83c4097-5364-429c-b618-35cd28899acd,2021-12-13T08:31:40,BRAND2,227.22,ficeeei@yahoo.com
9b7b5463-25a9-4d55-a110-341c91de839a,2021-12-13T08:32:30,BRAND2,73.62,"""fiflgae jgkfbhd"" <fiflgae@gmail.com>"
34fbe676-3d90-41c0-8e7b-29c556bcdd4c,2021-12-13T08:34:10,BRAND1,32.56,"""bchbjjc dabaaji"" <bchbjjc@live.com>"
9c1f77f4-8d62-4d68-ac82-b9ed3b3c139e,2021-12-13T08:34:10,BRAND2,540.15,dibdejk@live.com
6d105d76-b546-4235-ba5e-ec77731b6f76,2021-12-13T08:35:00,BRAND2,781.35,"""idikbig kcakjbb"" <idikbig@gmail.com>"
3e477772-24df-4027-b4b3-60f40ba36743,2021-12-13T08:36:40,BRAND2,839.51,"""likkbff baglkla"" <likkbff@gmail.com>"
87f3df5d-b062-4840-8fce-330517e46627,2021-12-13T08:36:40,BRAND2,251.11,"""bbiahlh jlbjall"" <bbiahlh@live.com>"
a9641109-41ea-4ca0-96aa-fad79456bdf9,2021-12-13T08:37:30,BRAND4,816.91,gfiehii@appple.com
a952b3e7-a2e1-40bd-a2ed-eccb9e49c676,2021-12-13T08:37:30,BRAND2,665.94,"""cbgcaeb ijhbffh"" <cbgcaeb@gmail.com>"
2b060fc2-84b1-4a32-8364-2bc08e71044e,2021-12-13T08:38:20,BRAND2,698.02,efhdigi@live.com
2c5e72af-9170-49df-9171-b0cd871b7820,2021-12-13T08:39:10,BRAND2,711.51,ajjkaba@gmail.com
387cc3c2-bbcc-4dad-b439-d8f2a7606cb6,2021-12-13T08:39:10,BRAND5,208.02,"""kaiadgj eciecjk"" <kaiadgj@live.com>"
1b8a362d-3f3c-4273-ba97-136e213f91cd,2021-12-13T08:40:50,BRAND5,345.92,bglbajk@yahoo.com
4c11bbe7-7cae-406c-928f-0d1d07c857ab,2021-12-13T08:43:20,BRAND2,534.36,"""dekkada jidedgj"" <dekkada@appple.com>"
b8d3b0f9-ab6b-4280-bc49-c7f94b2ed173,2021-12-13T08:43:20,BRAND2,726.34,"""ahdidbj bejefca"" <ahdidbj@gmail.com>"
9bb0e5ae-c729-43a7-adde-32ff07300d51,2021-12-13T08:45:50,BRAND2,678.89,kgjalcg@yahoo.com
41df38ef-0e9a-4b21-b3f2-8816b00d7e5c,2021-12-13T08:46:40,BRAND2,111.90,aeklhbg@appple.com
f551ac7b-ad33-4937-a4be-c5dd0b26a7bd,2021-12-13T08:47:30,BRAND1,156.21,ejlgbel@live.com
66658d07-304c-40da-8910-a1f1bfe2d128,2021-12-13T08:47:30,BRAND2,915.99,"""jbjgelj cjcbead"" <jbjgelj@live.com>"
4d9a07c6-d522-4076-a218-d7fb5d152818,2021-12-13T08:48:20,BRAND2,382.16,"""cikijkh hgiaejd"" <cikijkh@gmail.com>"
69fbe5fc-0eec-4fc3-80b3-acbc765b1262,2021-12-13T08:48:20,BRAND4,373.63,acbgafb@gmail.com
d8b76c56-3893-4302-841f-c742166b3be5,2021-12-13T08:49:10,BRAND2,893.16,dglaikf@gmail.com
884c7426-378c-48e7-a9ab-0d1fbd7d9759,2021-12-13T08:49:10,BRAND2,481.20,"""dailldj gkfihii"" <dailldj@gmail.com>"
033f936d-edfa-4487-803e-a5b85054e8db,2021-12-13T08:50:00,BRAND2,267.02,"""lhcfkff kccjkkj"" <lhcfkff@gmail.com>"
45e999e2-4575-4c41-a005-9b8fcd3f30b6,2021-12-13T08:50:00,BRAND5,440.83,fjiegdd@gmail.com
b119337c-c4a0-4d37-9154-7b06ad60969a,2021-12-13T08:51:40,BRAND2,747.04,"""ajebgke gjaeace"" <ajebgke@gmail.com>"
e3aec1e0-de59-4cbd-aef7-2ce998356849,2021-12-13T08:52:30,BRAND1,981.16,hjflcgg@gmail.com
04c5c681-9bca-4659-843f-eeac391380b2,2021-12-13T08:53:20,BRAND5,294.79,"""ddiafgl fafagab"" <ddiafgl@appple.com>"
dab314af-47ce-4435-a097-5d91ce054aae,2021-12-13T08:54:10,BRAND2,984.90,acjcfkl@gmail.com
3dd54698-6a30-4012-a314-ee6d6611bb35,2021-12-13T08:55:50,BRAND5,748.20,beifhbg@live.com
7cad9427-a131-488e-bf65-35a8143204ec,2021-12-13T08:58:20,BRAND2,$101.95,accjkih@gmail.com
d33d0895-d9b5-45fc-8550-a5b42ac51139,2021-12-13T09:00:00,BRAND2,585.15,jdejiid@gmail.com
208b3c30-aa93-4397-bfe8-80c06643bc94,2021-12-13T09:00:00,BRAND2,781.95,dkifccl@gmail.com
99dda05b-37f9-4446-aefa-e72c1df22798,2021-12-13T09:00:50,BRAND2,250.68,"""bkkkheg bhlblhd"" <bkkkheg@live.com>"
f3d540a7-389d-4568-9796-cd0fc9246297,2021-12-13T09:01:40,BRAND2,927.12,bdbeddg@gmail.com
7224175f-472f-4a78-9622-667926f4b412,2021-12-13T09:02:30,BRAND1,546.65,lcefail@appple.com
5c2901b3-39ed-4629-bf2e-705c8157165e,2021-12-13T09:03:20,BRAND2,17.58,"""bilhgcb lglggcl"" <bilhgcb@gmail.com>"
3073ab2b-1ae9-4459-a387-1d14b2e1d246,2021-12-13T09:03:20,BRAND5,637.75,dckbgif@yahoo.com
b272a098-de75-4126-870a-540ba9ab0f9f,2021-12-13T09:04:10,BRAND4,736.53,"""lbaedfi kcejebf"" <lbaedfi@live.com>"
ace36868-d82d-457a-935a-6bfc58b505ab,2021-12-13T09:05:50,BRAND3,693.64,lecjlic@gmail.com
f44c575f-60a1-4bb2-a7c7-d9495e27012c,2021-12-13T09:05:50,BRAND2,519.72,gghilgl@appple.com
9ff6a9c5-64f4-49e8-84e0-f0a26c2d1661,2021-12-13T09:06:40,BRAND5,49.42,"""ealhgci dbelbag"" <ealhgci@appple.com>"
20ce9797-06f4-4968-a01e-217acf1bb986,2021-12-13T09:06:40,BRAND2,500.05,"""hcciejl jgidhhe"" <hcciejl@gmail.com>"
e6db2842-3b83-4f4d-bea8-b64352c72530,2021-12-13T09:09:10,BRAND5,396.78,"""feleeal kgdigif"" <feleeal@live.com>"
eb8d8c12-92dd-49f7-8af5-6ca4afaacf81,2021-12-13T09:09:10,BRAND1,11.92,"""jjggakf kjggccd"" <jjggakf@appple.com>"
bf751253-4c04-4802-a7d9-78adb3050d7b,2021-12-13T09:10:00,BRAND3,705.45,ccjgjal@gmail.com
194b2308-dbe2-40c0-a700-5851d64895f6,2021-12-13T09:10:50,BRAND2,480.60,aakjcfc@appple.com
c4ecb7e2-f937-4cde-a242-4330eafd5381,2021-12-13T09:11:40,BRAND2,961.61,hbgjbda@appple.com
bc3fc5e5-8ca2-4cd4-b0f2-11ad974bc62a,2021-12-13T09:11:40,BRAND5,299.57,bfhjegj@gmail.com
434d7384-892f-491d-9dbf-952c25ad7897,2021-12-13T09:12:30,BRAND2,982.93,"""ggiabib bfihcjg"" <ggiabib@live.com>"
9cf2a663-7806-4782-ba8c-14d1bce71cf6,2021-12-13T09:13:20,BRAND5,15.17,khchgal@gmail.com
fc568305-bf78-411e-a589-66fb08670a5b,2021-12-13T09:14:10,BRAND2,551.91,aibjdfb@gmail.com
e81ce243-4329-44db-ba36-70a842385f81,2021-12-13T09:15:00,BRAND2,4.52,"""hejkhij ilaljii"" <hejkhij@yahoo.com>"
6cd7c7ee-00b9-4598-8e57-f0f8efac8498,2021-12-13T09:15:00,BRAND2,949.77,aehkaja@gmail.com
2dd02a96-42c9-4419-bc20-855f97739ed8,2021-12-13T09:17:30,BRAND5,509.77,fjlblhg@appple.com
17e1826b-76e8-4a93-8bed-3696f2848c62,2021-12-13T09:19:10,BRAND1,430.96,"""ajceeec bkaiikg"" <ajceeec@gmail.com>"
1aaf28cd-c759-46f7-92bc-2c14852df5a2,2021-12-13T09:19:10,BRAND2,832.21,hiljbji@live.com
8164c812-13d5-42ae-a960-5893c8dc3e9d,2021-12-13T09:21:40,BRAND5,391.68,khhildg@hotmail.com
f53744a3-8e22-4100-90c2-75dbd8ff4040,2021-12-13T09:21:40,BRAND1,38.22,dcdjeid@appple.com
60fd0689-5705-4407-830b-43e2ffcde59d,2021-12-13T09:23:20,BRAND5,102.07,gcbeaah@gmail.com
a6c76298-4057-42f2-9582-7c86f79f635b,2021-12-13T09:24:10,BRAND2,648.99,"""kblakch adhkdig"" <kblakch@live.com>"
a0e8c424-8508-4ec0-a8bb-549e1b20fc50,2021-12-13T09:25:00,BRAND2,239.42,bjkaddb@gmail.com
b756a814-2fc2-4bcf-82bd-7355cd27a811,2021-12-13T09:25:00,BRAND5,$989.93,cflfgkf@gmail.com
8bdf7d34-20b6-4e0a-ab85-ab2809bb05eb,2021-12-13T09:26:40,BRAND5,691.34,gaeblkk@appple.com
a95694d3-5603-4554-ba69-c30834c615ce,2021-12-13T09:26:40,BRAND5,406.76,dgicflg@gmail.com
0f911f2a-565e-4be7-802c-ebcd28160e8c,2021-12-13T09:27:30,BRAND2,274.65,deffkha@gmail.com
7d9ab320-3f36-4373-ba34-30ae621bdd1a,2021-12-13T09:27:30,BRAND2,250.95,lfkajhb@appple.com
6f76f0c9-9d19-4d88-b5ca-fd887edd39e7,2021-12-13T09:28:20,BRAND1,63.00,hkiiglb@gmail.com
aed60903-d793-44c1-942f-12582a19bc43,2021-12-13T09:29:10,BRAND2,803.53,"""abaiagk jefkjab"" <abaiagk@appple.com>"
c34a3c8e-f0f0-4027-8d7e-2b8bb0bcbe61,2021-12-13T09:29:10,BRAND5,225.13,fbabaek@live.com
42faea3e-7ccf-4a81-a764-e025cb3d3147,2021-12-13T09:30:00,BRAND4,702.51,bgligbg@yahoo.com
c1c43873-18c0-4e21-b1c3-6a1b3989d6ba,2021-12-13T09:30:00,BRAND2,398.51,"""ccajdld aeakgeb"" <ccajdld@gmail.com>"
ca9174b0-5982-4908-bbfd-debc678617ee,2021-12-13T09:30:50,BRAND1,245.95,fgahcba@gmail.com
07080d06-d84e-4239-aeb4-773537c65bb8,2021-12-13T09:32:30,BRAND5,399.93,hecjiai@gmail.com
afca774e-aa48-4501-a6fd-746fa7f35402,2021-12-13T09:32:30,BRAND5,469.47,"""badhlga efgjjal"" <badhlga@gmail.com>"
c63463ef-4efb-4df4-92bd-ea4dcc16a3b2,2021-12-13T09:33:20,BRAND2,675.55,glkblkg@appple.com
8c422ae8-14c7-4754-b322-abf054bddb75,2021-12-13T09:34:10,BRAND1,343.19,"""ebhjkbj efbjhgf"" <ebhjkbj@gmail.com>"
1a6fa5d0-428d-44e8-bc6b-40b2b9bc358b,2021-12-13T09:34:10,BRAND1,614.95,"""fhcidkf cdeigfk"" <fhcidkf@gmail.com>"
1eca92ac-7cf6-4a31-b54b-041bc7756505,2021-12-13T09:35:50,BRAND2,297.18,eiihiab@gmail.com
34dd7252-4a0e-4de5-9547-1d5750ad5a87,2021-12-13T09:36:40,BRAND2,83.28,efakkgc@gmail.com
f03da172-0c98-409e-90d4-932a42e70e38,2021-12-13T09:36:40,BRAND2,480.79,"""ibilckc gfehfhf"" <ibilckc@appple.com>"
30d60f9d-d536-4706-9433-2bf799ea3680,2021-12-13T09:38:20,BRAND5,265.41,"""bbicaac fdediaf"" <bbicaac@gmail.com>"
25b6f3e4-add7-492e-a89c-9cc70bee993c,2021-12-13T09:38:20,BRAND2,62.21,klalbie@appple.com
503d46df-b09f-45df-8891-63463a9b51dc,2021-12-13T09:39:10,BRAND1,76.67,cckgkbh@gmail.com
21ee0ccc-d93c-4728-b8e7-89b2efe2eb6c,2021-12-13T09:39:10,BRAND2,730.55,beddbhj@gmail.com
c3ceb71d-a876-46db-b9e7-725965002bba,2021-12-13T09:40:50,BRAND2,34.41,edjecfc@gmail.com
9139f902-ae4a-4a1b-ab13-1a6b33c65919,2021-12-13T09:42:30,BRAND2,886.42,"""jiedkdi hffiiaj"" <jiedkdi@gmail.com>"
d910f74e-d389-4392-94b2-a00e9992637e,2021-12-13T09:42:30,BRAND1,541.39,chhgagk@gmail.com
b18e576a-7189-4bed-8cb0-4d0491b707fc,2021-12-13T09:43:20,BRAND1,736.16,kdiaifk@appple.com
fb26b302-ca64-45ca-bd92-75dd1fbfc27a,2021-12-13T09:43:20,BRAND3,714.89,gglkkfc@gmail.com
cf4fc407-c432-4226-a4b2-9686cddf9b7c,2021-12-13T09:45:00,BRAND1,862.74,fgbljhj@live.com
1168ea7a-5eee-4809-aafd-53bdf3818e93,Mon Dec 13 09:45:00 2021,BRAND2,943.35,gagcafl@live.com
97b95788-2bd7-4e64-b3b7-2bf780b7f87a,2021-12-13T09:45:50,BRAND4,974.92,eclidik@yahoo.com
5be9f6de-f886-469d-a964-18b56f380b92,2021-12-13T09:47:30,BRAND5,694.10,hgcihag@appple.com
84516dc3-63c0-4434-a310-d81862aac400,2021-12-13T09:47:30,BRAND2,375.43,"""haehkje bgibkej"" <haehkje@yahoo.com>"
a37357c5-6611-4c70-ace6-78ef8401fdb1,2021-12-13T09:48:20,BRAND2,535.06,"""cblfgbl eghiidl"" <cblfgbl@gmail.com>"
1167e2ee-d49a-4ee6-a41b-e38de9ac6bbc,2021-12-13T09:50:00,BRAND1,$559.82,"""bhicegd hglfigd"" <bhicegd@gmail.com>"
54efb233-bd1c-4467-98b0-552aa86d8ca0,2021-12-13T09:50:00,BRAND2,986.93,dbbdjli@appple.com
83d79088-4a28-44df-aafb-9957a3ec601c,2021-12-13T09:50:50,BRAND5,521.36,fgjclfb@appple.com
54fd7873-70cb-4c46-ae30-5a4b1e4a7b5e,2021-12-13T09:50:50,BRAND2,213.39,llkfgbi@appple.com
f9fcb325-b317-4e78-af0c-af0ed5a1a8d8,2021-12-13T09:52:30,BRAND5,316.02,"""edggach bgkcfbk"" <edggach@gmail.com>"
311a8384-f4aa-44bb-b77f-d2abc6fee671,2021-12-13T09:53:20,BRAND2,269.76,"""kcdabjf lefidbi"" <kcdabjf@appple.com>"
9343781b-7a01-41d5-87f5-6f2c6b5ca40f,2021-12-13T09:54:10,BRAND2,599.10,kjhfifb@gmail.com
ca362294-9bfa-42c4-ae2f-52aa06fbb445,2021-12-13T09:54:10,BRAND4,$468.74,"""geiclee elelddf"" <geiclee@live.com>"
27613889-c0b2-4ae0-bc69-baef75621909,2021-12-13T09:55:00,BRAND2,117.39,lffaedh@gmail.com
9500d485-00a5-4dc7-8fef-bd8de3c7c070,2021-12-13T09:55:00,BRAND5,530.29,ehedfjl@gmail.com
90c8b92d-41e5-4d8a-836d-153fa9f16345,2021-12-13T09:55:50,BRAND2,882.74,"""lifckhb ljhgkjl"" <lifckhb@gmail.com>"
cfc7cef5-ba49-4c4a-ad94-371f23b0063b,2021-12-13T09:55:50,BRAND1,133.21,"""jfffbcg jfdhhgh"" <jfffbcg@appple.com>"
6b638ac3-8b03-4749-adc9-56198f2830ca,2021-12-13T09:57:30,BRAND5,635.67,ajdkhef@gmail.com
ee8c2e8b-8ae4-488a-bfec-21445089d52e,2021-12-13T09:57:30,BRAND2,422.52,chhebic@gmail.com
52378207-3ad0-4cfa-91b0-0a79f04410d7,2021-12-13T09:58:20,BRAND5,46.50,fiaggbj@appple.com
88bd2592-43f3-4596-a754-76cb525fab8d,2021-12-13T10:00:50,BRAND5,150.66,ldkhbhk@gmail.com
a1135dee-a1ad-401e-946f-42b635a92f0d,2021-12-13T10:01:40,BRAND2,484.76,"""baebbae keccabe"" <baebbae@gmail.com>"
35e7d9fc-8a98-483a-8c9b-4caabdf6cb98,2021-12-13T10:01:40,BRAND5,358.91,"""lbacgkd cdabklh"" <lbacgkd@gmail.com>"
d8a30983-49dc-4cff-b352-2d1cc049a90b,2021-12-13T10:02:30,BRAND2,866.47,"""agijeke jfllejb"" <agijeke@gmail.com>"
0eda1520-07e8-4dcf-8b6d-264117659495,2021-12-13T10:02:30,BRAND5,691.87,bkghbkc@live.com
6a88ced3-c3bc-40b1-8b6a-a3b95e8f093e,2021-12-13T10:03:20,BRAND2,439.79,lidkffc@appple.com
82031251-c4a0-4eb2-921e-2288164174d2,2021-12-13T10:05:00,BRAND5,523.04,ileddej@appple.com
a01f8f2e-3860-4069-b154-740f6be6be8e,2021-12-13T10:05:00,BRAND4,788.03,ihkgige@appple.com
9365354f-eb3c-47b5-a20a-e89a7be35f67,2021-12-13T10:07:30,BRAND1,406.04,kcaejld@yahoo.com
f96104e1-6ecb-4f8e-9a5a-f1e4486e33e8,2021-12-13T10:07:30,BRAND2,845.47,keccalg@appple.com
ba756c11-2d3c-474b-b3c7-57ce6b1581a9,2021-12-13T10:08:20,BRAND2,898.29,ilhkijc@yahoo.com
8399230c-5ff2-498a-a12f-99ece84530e9,2021-12-13T10:10:00,BRAND1,119.24,gchlijh@gmail.com
8c9073bd-2e69-4507-9a9c-d1a1471bb026,2021-12-13T10:10:50,BRAND2,961.01,fjjkbfd@gmail.com
f49112c8-1e00-426b-91bb-fc584bb6e2f1,2021-12-13T10:10:50,BRAND2,$492.03,"""lkekjgf jjcbcll"" <lkekjgf@gmail.com>"
16443633-1dce-499e-b88d-76f03e44005d,2021-12-13T10:12:30,BRAND5,563.65,hbjffjh@gmail.com
33ace12a-1842-437f-853d-440b1e9ea9e9,2021-12-13T10:12:30,BRAND2,303.32,jfjkead@gmail.com
cf675bca-2790-4bf5-9465-75a88908c92e,2021-12-13T10:13:20,BRAND3,413.83,jckdjhc@gmail.com
ea47b2de-23d1-40f7-b709-208cf840f774,2021-12-13T10:15:00,BRAND5,809.99,"""acihlfa elieidi"" <acihlfa@appple.com>"
0063d0db-1aa2-48db-ac05-7504794fa0be,2021-12-13T10:15:00,BRAND5,762.48,acefbfg@appple.com
420cc460-74e7-406d-a6e7-e79ae2102ac6,2021-12-13T10:15:50,BRAND2,98.33,acbjffk@live.com
e0f4a95e-2b6b-42bf-8374-89ddc8b08f11,2021-12-13T10:16:40,BRAND5,138.21,kelffaa@gmail.com
2846934f-0ade-42a3-8033-74e2a7b7061c,2021-12-13T10:18:20,BRAND5,42.23,"""fikgecd gabfjck"" <fikgecd@appple.com>"
f184a34a-bb75-4ff0-a8da-93be203d290c,2021-12-13T10:18:20,BRAND3,135.56,ejfldcf@gmail.com
4ca78778-e8ac-4403-ac54-dc4f9a502dcc,2021-12-13T10:19:10,BRAND4,384.48,"""cahbkeg icfidaa"" <cahbkeg@appple.com>"
6a650e1d-2661-4d8e-8ca8-09677bc2a4da,2021-12-13T10:19:10,BRAND2,117.75,heafbcb@appple.com
4c2711b7-bbfb-40f9-83cd-377c52f3faf9,2021-12-13T10:20:00,BRAND2,375.99,"""bighhic ahdlfhk"" <bighhic@gmail.com>"
d695d5cb-a65e-42ef-be45-e22b70c91952,2021-12-13T10:20:50,BRAND2,708.79,"""dkkhggg jekfihk"" <dkkhggg@gmail.com>"
5d8d2d48-5828-4691-a76b-bfe1c53da710,2021-12-13T10:20:50,BRAND2,410.77,"""afijfbe leiifgi"" <afijfbe@appple.com>"
8b5f0aec-2021-44b6-ac63-d023e53cf088,2021-12-13T10:23:20,BRAND4,135.15,"""ijfcjli bkdjefa"" <ijfcjli@live.com>"
30e6fcb6-9dbf-47c1-a414-62da4a46bfd0,2021-12-13T10:24:10,BRAND1,226.67,"""bgfadeh gjjaaba"" <bgfadeh@gmail.com>"
ea10635e-0928-466e-873b-778dc4185507,2021-12-13T10:25:00,BRAND2,31.89,"""ghaagei leeedlk"" <ghaagei@gmail.com>"
7b4ddde8-6800-49ad-84d9-114d3124ccf5,2021-12-13T10:25:00,BRAND4,831.51,ikalegk@gmail.com
79dadfee-fea7-41ad-b2dd-8f5930c2ecd4,2021-12-13T10:25:50,BRAND5,897.90,hceceii@gmail.com
41e1c372-b79a-441c-9a02-d9d431b3521e,2021-12-13T10:26:40,BRAND2,986.97,"""lhbbaij ebaibjc"" <lhbbaij@yahoo.com>"
92e9fbba-d803-455f-b8c8-73306f58c04f,2021-12-13T10:28:20,BRAND2,298.38,fildjji@gmail.com
726b8914-7b3d-4370-bf94-20c79fa068bd,2021-12-13T10:28:20,BRAND5,16.45,"""dkeflcb hkahefa"" <dkeflcb@gmail.com>"
0b1df9ed-6089-4d1f-be39-f040c09db4d0,2021-12-13T10:29:10,BRAND5,313.37,"""ccadija kcdeibc"" <ccadija@live.com>"
0f3710d6-37f1-4121-9d3d-12bf57e322fd,2021-12-13T10:29:10,BRAND2,537.65,"""blgiglh lhhijek"" <blgiglh@gmail.com>"
5981a2e3-3f4c-4b70-ab25-5fb887783cc8,2021-12-13T10:30:00,BRAND2,681.96,hbgfeee@appple.com
265a03ae-91ec-4ce6-a5e3-d7516927af7a,2021-12-13T10:30:50,BRAND2,489.65,jajaijb@appple.com
38e54c73-4c96-42d0-9cdb-399b7816b9f6,2021-12-13T10:31:40,BRAND5,297.67,hellbdd@live.com
e13064d2-12a9-48dd-aee3-3ee4320ab735,2021-12-13T10:31:40,BRAND2,898.26,dkbcjia@live.com
d40ffa8c-0134-48f1-9161-dbd7e91e3422,2021-12-13T10:33:20,BRAND1,389.07,ilggefh@gmail.com
f6819f77-2e03-45ee-9f55-e4ddbc45612c,2021-12-13T10:33:20,BRAND2,522.68,"""hdeiicd acdhkgk"" <hdeiicd@live.com>"
427714fc-a4ea-4f14-bbb4-ea73e5ad32c4,2021-12-13T10:34:10,BRAND2,561.96,"""lcdbdah begdhkl"" <lcdbdah@appple.com>"
ad400993-6e46-428f-a286-be1702f6c050,2021-12-13T10:34:10,BRAND4,448.40,eilehbj@gmail.com
89bb48fd-bdcc-47b4-867c-23c8f5b99476,2021-12-13T10:35:50,BRAND5,134.00,jjgeifb@gmail.com
be3b4621-b6a5-448b-9d79-6bc9bd2ce698,2021-12-13T10:35:50,BRAND5,511.58,"""cjbcajg fjlceil"" <cjbcajg@gmail.com>"
a440e648-de61-4dae-b537-f234c634d80e,2021-12-13T10:36:40,BRAND1,493.31,"""jklhegh jbjajlf"" <jklhegh@gmail.com>"
8f88b49f-b07d-428e-8c35-01c2d3e2b71c,2021-12-13T10:36:40,BRAND2,738.69,eelbgad@appple.com
939382db-8266-47db-814e-36ac86ad482f,2021-12-13T10:37:30,BRAND2,486.26,kbabahk@yahoo.com
ab3eba86-d530-418c-a74c-0da2f0d2bc36,2021-12-13T10:38:20,BRAND2,701.84,"""dhdijif bcifdja"" <dhdijif@gmail.com>"
90808521-53c8-466c-8181-3327348144a9,2021-12-13T10:38:20,BRAND2,648.41,"""fcbdgca feejkfl"" <fcbdgca@gmail.com>"
eb67e529-f628-4dd2-8a2d-5e5ec427e12e,2021-12-13T10:39:10,BRAND2,203.13,"""clkdifg jlbffji"" <clkdifg@gmail.com>"
c281336f-9a11-448f-911b-e265c4323015,2021-12-13T10:39:10,BRAND2,392.57,"""kgkbjka aibcjlc"" <kgkbjka@appple.com>"
0bb5a6fc-5cad-42eb-a075-5c5793a4725a,2021-12-13T10:40:00,BRAND3,262.64,bkihflc@gmail.com
7be071a7-9ccb-45af-9890-824ad0495301,2021-12-13T10:40:00,BRAND2,683.44,"""kkgckik ikliehh"" <kkgckik@gmail.com>"
ba3009d1-2c41-49a3-9f50-d540e0ea716e,2021-12-13T10:41:40,BRAND5,376.14,"""jaifeib fdjchcf"" <jaifeib@appple.com>"
0e3090e7-c843-455d-8076-54e0692e2ae8,2021-12-13T10:41:40,BRAND2,508.24,lafgebh@gmail.com
597a9d79-74ac-4b8a-ae1e-cb36711cf8c2,2021-12-13T10:42:30,BRAND1,717.32,aaljhlc@appple.com
b2c867ed-6043-429a-a62f-1a82b74c40cc,2021-12-13T10:44:10,BRAND5,167.91,"""eilbclf adgeikd"" <eilbclf@gmail.com>"
4d432b9e-5fc6-4d71-8a1c-cb0e9fd732e1,2021-12-13T10:44:10,BRAND2,633.52,llacakf@live.com
482a8bff-cab9-4b55-a0b1-9cfebec903e3,Mon Dec 13 10:46:40 2021,BRAND2,794.26,"""ddeiecc jlaecae"" <ddeiecc@gmail.com>"
6bfe5632-ecee-4774-8f57-8b90dd6f7125,2021-12-13T10:46:40,BRAND1,169.98,"""balbjia chegfdl"" <balbjia@gmail.com>"
c11b1c99-6632-4e3b-b37e-1879f18134c2,2021-12-13T10:47:30,BRAND2,447.06,gfhdcaa@gmail.com
b25226a7-913d-40a8-b149-83241f072d24,2021-12-13T10:48:20,BRAND1,570.63,"""ahlfaek fbadldj"" <ahlfaek@live.com>"
aea6eb5c-b805-4d7c-9bd4-c02cb82734a4,2021-12-13T10:49:10,BRAND5,579.42,"""diadbib bijadha"" <diadbib@appple.com>"
d0b84fa2-d059-4ab1-bfd9-e69b4cae5150,2021-12-13T10:49:10,BRAND2,600.77,ckfhkka@hotmail.com
e249bb04-3189-4289-836f-4f4456c41fec,2021-12-13T10:50:00,BRAND5,3.42,habeieh@gmail.com
1ba6e8e7-ae98-41f2-a885-8f10b6d41dde,2021-12-13T10:52:30,BRAND5,622.61,edjldhb@gmail.com
9e5e3b02-d4fa-4344-97bb-59791edf90c0,2021-12-13T10:52:30,BRAND1,88.30,"""klfhlhd dgdelje"" <klfhlhd@gmail.com>"
ecc78de6-b0c6-4aa3-8b28-b943fa2b6ea9,2021-12-13T10:54:10,BRAND2,136.79,fhblbbf@appple.com
4f25080e-18c4-4fed-b4a1-57715bd16ed9,2021-12-13T10:54:10,BRAND2,972.24,alegbjg@live.com
2ed57a10-8833-4e9f-8747-941d62c595e8,2021-12-13T10:55:00,BRAND2,519.36,ciihghl@appple.com
0fd49af5-3153-4c36-a586-27c7c733ffa0,2021-12-13T10:55:50,BRAND2,804.95,"""ejdkide dcgjcjc"" <ejdkide@gmail.com>"
8de62608-d960-4cb1-ad60-2100a62f116b,2021-12-13T10:55:50,BRAND2,550.86,"""jgcjgcb fghidfl"" <jgcjgcb@gmail.com>"
ff18514a-1bb7-4714-b74e-5db9b261d95d,2021-12-13T10:56:40,BRAND2,34.58,cgbdjej@live.com
66c3dd27-951e-4e59-a8fe-66eea115952e,2021-12-13T10:57:30,BRAND1,211.71,bddefcj@gmail.com
7817eb1a-b920-4482-9af6-e225c147c6ef,2021-12-13T10:59:10,BRAND2,163.63,gagligl@appple.com
187496ac-941a-449a-8557-ad521729b092,Mon Dec 13 10:59:10 2021,BRAND2,293.62,"""bchbaih geklbka"" <bchbaih@live.com>"
d1c9505c-cad9-4651-ac87-5a7771f286bf,2021-12-13T11:01:40,BRAND2,9.77,"""ehkffjj laibddh"" <ehkffjj@gmail.com>"
5ab0e6a9-62e6-415c-9637-190143a47c38,2021-12-13T11:03:20,BRAND1,18.38,ggckedj@appple.com
11bce7a5-ee9f-42f0-8c09-ae7596901c58,2021-12-13T11:04:10,BRAND2,30.58,"""dbkhbfh lghajaf"" <dbkhbfh@appple.com>"
ed8b3792-328e-44ff-8267-60324a1fdc2a,2021-12-13T11:04:10,BRAND2,537.79,gbcefjh@gmail.com
59955873-3a86-4ba5-ab89-c38a1a05429f,2021-12-13T11:05:00,BRAND2,367.05,feejeil@appple.com
d919b8fe-2a4e-4a6f-840f-6109ecf30981,2021-12-13T11:05:00,BRAND2,996.76,kghccjg@appple.com
535030b4-3f1b-46db-90f8-a5f396917b02,2021-12-13T11:05:50,BRAND2,936.81,"""ihcbgie hhghbae"" <ihcbgie@yahoo.com>"
db31ada5-7c23-474b-9f91-628001db8894,2021-12-13T11:06:40,BRAND5,257.58,ileaklg@appple.com
655534e8-8b64-4ecf-b3ba-84c43a46cff4,2021-12-13T11:06:40,BRAND3,524.73,fkagafc@gmail.com
b303713d-5c63-476f-b8c4-58cd9e1e95a7,Mon Dec 13 11:07:30 2021,BRAND2,236.33,fldgfbc@appple.com
b291fb1a-2096-4417-ae2c-c5262293da9c,2021-12-13T11:07:30,BRAND2,451.52,"""cejeagb jhhblhk"" <cejeagb@yahoo.com>"
fe6c54d6-164e-4f5c-a2f2-326088d41728,2021-12-13T11:09:10,BRAND2,191.62,digkdcg@appple.com
31925425-d2fe-45dc-b4bc-ca5c9f120d5f,2021-12-13T11:09:10,BRAND2,312.91,"""iacceed efgaejc"" <iacceed@gmail.com>"
d30715b2-3c20-48f1-8881-79c981531b2c,2021-12-13T11:10:00,BRAND2,62.83,gahlhic@gmail.com
d37fbc36-4d2b-4436-86c0-d16e6b267b1f,2021-12-13T11:10:00,BRAND2,516.39,aghleii@gmail.com
0aa32287-338d-4fde-bfa3-68ddffc33652,2021-12-13T11:10:50,BRAND1,236.13,"""gfdellg gilhhbe"" <gfdellg@appple.com>"
e8bde79a-25f0-4a55-8272-4a724654af34,2021-12-13T11:11:40,BRAND5,140.48,aieeifg@appple.com
182acd80-6e64-40c1-acd4-5385a432451f,2021-12-13T11:12:30,BRAND2,722.48,"""cgdjldf icialji"" <cgdjldf@gmail.com>"
ae1d6dbc-de69-4534-b47a-89e430084d47,2021-12-13T11:12:30,BRAND1,656.10,iefgeal@gmail.com
69b688d1-8a83-42f3-9f54-7a3d34b4193b,2021-12-13T11:14:10,BRAND1,969.76,bhfdkle@gmail.com
8f3faac9-8a1b-494f-bec2-9968e6e6ca88,2021-12-13T11:14:10,BRAND1,549.09,"""jklgikd cchdged"" <jklgikd@gmail.com>"
aab13834-51a5-493a-8359-013861ed8012,2021-12-13T11:15:50,BRAND3,984.51,eahjkbb@yahoo.com
7be50dc7-2209-4176-a9b9-4f5c1f644b9b,2021-12-13T11:15:50,BRAND2,596.76,"""dkkfgjj bfgkikg"" <dkkfgjj@appple.com>"
3a90dcb6-35c2-4073-92ab-eccc64e651d2,2021-12-13T11:16:40,BRAND2,314.81,eclagef@gmail.com
05f28c1a-6b6f-405a-a484-b56532d5f6a3,2021-12-13T11:16:40,BRAND2,787.33,jbgejge@gmail.com
fe6bd7fb-5bac-404c-b149-b8150c0b2d59,2021-12-13T11:17:30,BRAND5,464.91,"""jkgaadb lickhfc"" <jkgaadb@gmail.com>"
2392b0dc-f226-40df-8bce-0424f18f634f,2021-12-13T11:20:00,BRAND2,312.84,dfgldei@live.com
e084b8d1-171f-4a21-9f3d-6274ea09a839,2021-12-13T11:20:00,BRAND3,879.48,"""ihggibd eadbklb"" <ihggibd@live.com>"
ea8ae2ba-9f11-40b2-a242-ef444af7eca9,2021-12-13T11:20:50,BRAND2,78.12,"""ggahljc ifdkilj"" <ggahljc@gmail.com>"
46a976a8-eaba-4a40-a8c3-f6322fce4009,2021-12-13T11:21:40,BRAND2,534.76,ekfbglg@appple.com
ce621202-d48a-4f0f-9c26-fc2ec9a37a37,2021-12-13T11:21:40,BRAND2,33.51,"""kcjibkg ffbhgae"" <kcjibkg@live.com>"
b65c73d5-fc46-4968-a682-5726f5e880c0,2021-12-13T11:22:30,BRAND5,878.81,hgjbhdh@gmail.com
9ac13353-75c3-4d81-ade4-201766b1bd19,2021-12-13T11:22:30,BRAND4,299.43,eidghfg@appple.com
63ba2b49-57b5-4309-80a6-0939178a3f1f,2021-12-13T11:27:30,BRAND5,404.82,ebebaej@live.com
4de25fe9-6083-4421-9860-321557c66984,2021-12-13T11:27:30,BRAND5,761.04,"""iehebhl lfeafik"" <iehebhl@appple.com>"
c65d3efc-cf07-4c70-a26f-8d885b029106,2021-12-13T11:29:10,BRAND2,499.04,cfdkhhg@gmail.com
516251bc-0553-4669-85fc-6819203dbdc5,2021-12-13T11:30:00,BRAND2,61.28,gbadcbb@gmail.com
5d6ff50f-0e0f-4cd3-b862-6000427c90a5,2021-12-13T11:30:00,BRAND2,$589.92,igclgkk@gmail.com
0482754c-4441-4150-bf08-29d86af4bbf5,2021-12-13T11:30:50,BRAND5,732.71,"""cbbcijg efcgiij"" <cbbcijg@appple.com>"
98dfbea3-e5d4-4a83-bc79-2c184266a0a5,2021-12-13T11:32:30,BRAND2,90.63,kihajei@appple.com
972e40d1-e93a-4be2-99a2-07326ebc6ea8,2021-12-13T11:34:10,BRAND2,843.39,dhkebjb@gmail.com
97e3dc71-322b-4c6d-af51-a80ffb05f517,2021-12-13T11:34:10,BRAND2,632.07,kkbablb@yahoo.com
93889e48-d903-46a1-bdbc-b18514851b76,2021-12-13T11:35:00,BRAND5,753.84,"""cegffab kflkifh"" <cegffab@appple.com>"
58186c15-6c55-4d4f-b9c9-f10a331b0669,2021-12-13T11:35:00,BRAND2,277.40,jhkkked@gmail.com
25f0419a-95eb-4d8e-b5a9-1c63c39d27d1,2021-12-13T11:36:40,BRAND2,432.80,"""jecelcg hiiehkc"" <jecelcg@appple.com>"
fd93a337-4f5f-4cd6-9096-8dafc8a36838,2021-12-13T11:38:20,BRAND5,138.51,gjkgeak@gmail.com
db530757-d6b7-4977-a501-f53f014d25ab,2021-12-13T11:38:20,BRAND1,629.09,"""hlllbhg fafkkal"" <hlllbhg@gmail.com>"
2e061b33-b7a7-4b0d-9513-2dc11c0b68a9,2021-12-13T11:39:10,BRAND2,515.10,gjckjcc@hotmail.com
160b94f0-450d-446e-a3af-b486b23e5ac8,2021-12-13T11:39:10,BRAND4,58.36,deaflid@gmail.com
8203a7dc-b0a4-4fab-bb7d-68792c9133d1,2021-12-13T11:40:00,BRAND2,713.60,jiihhlf@live.com
ac21e5e2-9ff4-44de-bdf3-6809074f32e9,2021-12-13T11:40:50,BRAND2,282.05,"""lddkffh dbaekda"" <lddkffh@live.com>"
be1e9e74-8393-4147-b66a-97b962a25561,2021-12-13T11:41:40,BRAND3,619.14,"""gagiaca dbijlbl"" <gagiaca@gmail.com>"
2e787738-c5bf-4793-8c8e-b62f71edb4fa,2021-12-13T11:42:30,BRAND1,0.17,"""jkajjch ghkhhjl"" <jkajjch@appple.com>"
64b33e4f-fbba-4ba7-ae65-9108393a64fd,2021-12-13T11:45:00,BRAND2,520.53,ijdicij@yahoo.com
4c809a1e-c7f8-44db-87ca-655b381c7b94,2021-12-13T11:45:50,BRAND2,769.10,"""gajbifg ejgggag"" <gajbifg@live.com>"
b4d4610c-5a0d-4596-b42a-82540b1273ac,2021-12-13T11:45:50,BRAND1,657.13,bbbbbcd@gmail.com
ed7e6eb6-2e87-4972-97a9-f453e8dac24f,2021-12-13T11:46:40,BRAND2,819.22,jihjabi@gmail.com
aedab30e-ab51-4374-b29f-b04cdb106e3b,2021-12-13T11:46:40,BRAND1,924.91,"""klkgiel dkldada"" <klkgiel@gmail.com>"
27e4162e-1d9e-409e-aa84-38f41202fd79,2021-12-13T11:47:30,BRAND5,337.77,leadjek@gmail.com
5e01d04b-600d-4b50-acc7-8707caa30a72,2021-12-13T11:47:30,BRAND2,822.14,"""eigbclj klbklaj"" <eigbclj@gmail.com>"
37f6099a-69d5-4d23-893e-0364e12a8785,2021-12-13T11:48:20,BRAND4,397.99,diblchf@appple.com
686c8d40-dc5a-47e6-90e3-10ee1084d746,2021-12-13T11:50:00,BRAND2,93.12,klddlii@gmail.com
9f724dfe-4f71-4c4a-a154-009b69186cdb,2021-12-13T11:50:00,BRAND1,670.44,"""lgadihd dcaefic"" <lgadihd@yahoo.com>"
fc0c9817-073a-4b02-a43f-c3cb6d92059a,2021-12-13T11:50:50,BRAND5,444.48,kagijgg@yahoo.com
5102b299-2b9a-47b2-8a67-7883ad790504,2021-12-13T11:50:50,BRAND2,174.62,gfjkche@live.com
65decd4a-47e5-41eb-ade6-aabf240dc9dc,2021-12-13T11:51:40,BRAND1,540.24,"""calacbf hjbjfbe"" <calacbf@gmail.com>"
35374d02-222b-492b-bfb8-c23b9ec68eaa,2021-12-13T11:51:40,BRAND2,324.05,hkkadbf@yahoo.com
b5435333-a1d7-4a11-8da7-bb638e054ecd,2021-12-13T11:52:30,BRAND4,129.31,"""dblllac cikggdh"" <dblllac@gmail.com>"
11f448b2-ebf4-437b-badd-ffd4804f15c9,2021-12-13T11:53:20,BRAND2,153.01,jafkfbe@gmail.com
6cb7a851-da94-49c5-b51d-5f9f13595b9b,2021-12-13T11:55:00,BRAND2,115.73,kbicjbh@gmail.com
d1a9bcd9-301d-4691-9b80-4c7f23e1916a,2021-12-13T11:56:40,BRAND1,601.14,jalgfch@appple.com
13190113-409e-444a-a111-58ac88f9b5b9,2021-12-13T11:56:40,BRAND5,239.94,gfhchei@gmail.com
b38d5f0e-29f3-4fe2-9d6e-bb29acc1401b,Mon Dec 13 11:57:30 2021,BRAND2,420.72,"""gcaehbb eibkdbc"" <gcaehbb@gmail.com>"
a38f6100-fbe5-45bb-a4fa-3693bea65975,2021-12-13T11:57:30,BRAND5,12.36,"""cfhkafc dhikjgi"" <cfhkafc@live.com>"
a7d5f41e-3a27-4bd2-9e14-22c6bbb94634,2021-12-13T11:58:20,BRAND2,364.13,"""cdglehb hackgid"" <cdglehb@gmail.com>"
4e8016c5-6118-475f-b15c-ceac1c2faa9d,2021-12-13T11:59:10,BRAND2,297.84,"""aijigkl khcfejc"" <aijigkl@appple.com>"
d3ed0f21-b481-4b06-8a5f-fc37d920e307,2021-12-13T12:00:00,BRAND2,555.76,"""geelbkd akcdjli"" <geelbkd@appple.com>"
53f2e019-6294-4fdd-9086-ffa3d804686c,2021-12-13T12:00:50,BRAND2,944.21,"""jkhehkg ljllfda"" <jkhehkg@gmail.com>"
5abfcf7d-5695-4388-ad3c-81dc245d185c,Mon Dec 13 12:00:50 2021,BRAND5,$972.14,lakibah@yahoo.com
2085b245-ecf6-4036-9289-6ec6a8e1e2a1,2021-12-13T12:02:30,BRAND2,315.02,ggkdcee@appple.com
f5977327-22f5-4524-92ae-588799fc90cb,2021-12-13T12:04:10,BRAND2,69.58,kbkfbfk@gmail.com
78ef770a-e30f-4ab1-b87d-d3b946b885e4,2021-12-13T12:05:00,BRAND2,391.70,"""gkdflad gelgagh"" <gkdflad@gmail.com>"
4415b915-7cc4-4872-bb39-551d73bc8b98,2021-12-13T12:05:00,BRAND1,816.91,dbddcal@gmail.com
78f1e03c-5100-4f8d-a80c-58f55848c76b,2021-12-13T12:05:50,BRAND5,$885.29,"""abacfka fbhcage"" <abacfka@appple.com>"
50bab79e-b96a-49fb-a6ff-d66a8c075a1a,2021-12-13T12:05:50,BRAND5,857.28,"""cdhbbbi djfhgjl"" <cdhbbbi@appple.com>"
186d3b19-b3c7-4398-8b47-aaaab00ec5a3,2021-12-13T12:06:40,BRAND2,383.33,baiglfk@gmail.com
b55a3f32-913e-43f9-8d49-02422d93c4e6,2021-12-13T12:06:40,BRAND2,566.22,"""gbcaail hhgdfec"" <gbcaail@hotmail.com>"
773ef0f1-521e-4fdb-80c9-78edbc1958bc,2021-12-13T12:08:20,BRAND2,944.74,ghgcidb@gmail.com
aaffe206-8ae3-491b-aa18-09f9fa935dc2,2021-12-13T12:09:10,BRAND2,31.13,aikjjjc@gmail.com
c7e5a69d-7009-46bc-8494-2cb6dac89804,2021-12-13T12:09:10,BRAND5,130.52,"""djclhdd cdggeck"" <djclhdd@gmail.com>"
c043463f-e6d6-4631-ba0a-ee9f22a4e14a,2021-12-13T12:10:00,BRAND3,248.97,"""abddlhj gljaagg"" <abddlhj@gmail.com>"
6de7fedd-fe3f-4462-a168-e1e4e63500cf,2021-12-13T12:10:00,BRAND2,135.65,cbaahkj@appple.com
3e143f89-eebc-4e47-9a36-f819a9a73071,2021-12-13T12:11:40,BRAND2,589.24,jgcfkci@yahoo.com
18050f68-749a-4cb1-a453-a7989de53709,2021-12-13T12:12:30,BRAND3,965.21,kkhchhh@gmail.com
290fbe67-7e56-4b28-8408-ab6dae37c5df,2021-12-13T12:12:30,BRAND2,370.78,bkhebld@gmail.com
370b2f19-8e06-46c5-8bf6-95d0fe102bee,2021-12-13T12:16:40,BRAND2,167.34,"""lldfkkl elcdgej"" <lldfkkl@yahoo.com>"
20cb7cd5-6a38-4b62-9170-a458b58ce1bb,2021-12-13T12:16:40,BRAND2,$35.75,jlhfeij@gmail.com
afc574cf-e879-401f-b70e-b0fca3abf983,2021-12-13T12:17:30,BRAND2,412.86,"""echebga fgcbgha"" <echebga@appple.com>"
f60d50b3-377d-43dd-a470-4f0f2f9d4019,2021-12-13T12:18:20,BRAND2,102.18,ddbhiib@yahoo.com
92ce3ee6-98cd-4880-a9a9-4bb1befe1c07,2021-12-13T12:18:20,BRAND5,36.47,ccheedi@appple.com
a996271f-a07c-4caa-9343-4ef0fbeade5e,2021-12-13T12:19:10,BRAND1,977.43,elgilai@gmail.com
bde28dff-841f-44d7-9b09-c20ea5e7f836,2021-12-13T12:20:00,BRAND2,940.75,kefeihb@gmail.com
c5d36fbc-3d3c-4cd4-a155-a7bc499d3e9d,2021-12-13T12:20:00,BRAND2,528.22,ldcbedf@gmail.com
cf1e72d9-2a4b-487b-93bb-33d045dff11e,2021-12-13T12:22:30,BRAND2,$763.34,bekbjda@live.com
bac21cb9-c858-4efa-be1f-14f32454ddc4,2021-12-13T12:23:20,BRAND2,794.60,"""hgcjicd aecckae"" <hgcjicd@gmail.com>"
83076637-cbd9-436e-8c11-3c3c58a9d018,2021-12-13T12:28:20,BRAND5,354.23,ejjebdg@live.com
acdbec75-4743-4456-9303-9e160533b99a,2021-12-13T12:29:10,BRAND2,615.36,"""acjddei fiddaga"" <acjddei@appple.com>"
13553cdf-edc0-41e9-b6a5-328c238719d1,2021-12-13T12:30:00,BRAND5,180.87,bkafiig@appple.com
f3cd9ec0-47da-4e0d-890d-25a8b5c8a3fe,2021-12-13T12:30:00,BRAND5,565.60,dfkggif@gmail.com
cb1c1ccf-b7f6-4db2-86cd-571e48e9f737,2021-12-13T12:30:50,BRAND2,437.37,aiekcke@gmail.com
64f600d0-6309-4fa1-a21b-56aef1c183db,2021-12-13T12:35:00,BRAND1,930.30,gjgigad@live.com
52b268cb-6265-4c8c-9c26-8b4cfa6cdf9e,2021-12-13T12:35:50,BRAND2,850.41,"""fbfdgaa ahdgeda"" <fbfdgaa@gmail.com>"
08073a9f-90a9-4448-89bb-dccf84488bab,2021-12-13T12:36:40,BRAND2,620.44,"""gielagh aegajal"" <gielagh@gmail.com>"
4446ae23-a87a-4e0b-a635-e12b6553c959,2021-12-13T12:37:30,BRAND2,888.65,"""fbhjjbh lahhbde"" <fbhjjbh@yahoo.com>"
caed9443-20ec-43c7-b569-9217b852e948,Mon Dec 13 12:38:20 2021,BRAND2,662.38,"""faefgec giddigb"" <faefgec@live.com>"
83ae850f-d1f4-4ccb-a835-4096b76434e9,2021-12-13T12:39:10,BRAND2,96.66,jkigikk@gmail.com
610c4a1f-174b-49ac-868b-0fe2aeec0e5f,2021-12-13T12:40:00,BRAND2,863.98,kfkcjdj@gmail.com
0d511db8-c763-452b-84dd-f15199b5e566,2021-12-13T12:41:40,BRAND2,381.67,"""ibaagli dgjbfki"" <ibaagli@live.com>"
26edbb45-7c7c-43f4-9e16-e1f83e2a86e3,2021-12-13T12:42:30,BRAND5,777.86,"""iibcblg gdejjgi"" <iibcblg@gmail.com>"
58a2aa89-fcd3-488a-b775-a37d5fece490,2021-12-13T12:43:20,BRAND2,$743.82,"""ilahadf chleijg"" <ilahadf@live.com>"
0d63585e-5a3b-437c-862b-549062648249,2021-12-13T12:44:10,BRAND1,637.31,eafhhcj@appple.com
ea6e7732-2308-4f1b-89ec-0590dfc508d8,2021-12-13T12:44:10,BRAND5,273.84,dfdibia@gmail.com
f91f514b-a107-4eea-bde6-34426241c760,2021-12-13T12:45:50,BRAND2,565.22,cjbfkie@gmail.com
fda207e4-2b41-452b-b5a7-12572e8644be,2021-12-13T12:46:40,BRAND2,301.47,kdccdie@gmail.com
e62af559-4426-4e8c-9d0f-5f23dc7e63de,2021-12-13T12:46:40,BRAND1,880.23,iichfch@gmail.com
da53fa51-102a-47cd-b14b-066abe536960,2021-12-13T12:47:30,BRAND3,383.09,"""jbdkicl ckgifle"" <jbdkicl@appple.com>"
ed36748b-f4e4-4e0e-9d9c-2d26bb21a131,2021-12-13T12:48:20,BRAND2,272.08,bliglcc@appple.com
9ed97653-56ff-479d-997d-859d7d8384b8,Mon Dec 13 12:49:10 2021,BRAND5,764.24,bkfilie@gmail.com
2d7b30eb-1982-46a6-8071-47dddeb05246,2021-12-13T12:49:10,BRAND2,615.04,bicelfh@live.com
1f2c6bac-c186-471a-8ab5-68ef335ed0b9,2021-12-13T12:50:00,BRAND1,282.74,clifgll@gmail.com
38fe70bf-fc7d-4dee-acb7-b9c46b075fda,2021-12-13T12:50:00,BRAND3,261.73,"""gldddkl dabehfa"" <gldddkl@appple.com>"
3bf8e3cf-b371-42a4-b492-3eeaf3d3f104,2021-12-13T12:50:50,BRAND2,865.76,"""hbkgaie hjaahbi"" <hbkgaie@appple.com>"
42f0a1b7-d23f-4320-9da4-2a14daf5f013,2021-12-13T12:52:30,BRAND3,376.11,"""hcfaahb acibjfc"" <hcfaahb@appple.com>"
f97ef939-5c9d-42a8-9f25-711da3372e63,2021-12-13T12:52:30,BRAND5,670.51,eegaghh@appple.com
c8fe1a54-122d-4c82-a456-1aa1d86cc7ed,2021-12-13T12:54:10,BRAND5,552.74,"""baakfeg aelilgg"" <baakfeg@gmail.com>"
19d010fd-0e33-4c70-827d-ed3716f63d8a,Mon Dec 13 12:54:10 2021,BRAND2,$90.57,bkebiih@appple.com
bcdda6af-2590-4879-ac1c-3e93ccb78419,2021-12-13T12:55:00,BRAND2,419.73,jehejkj@gmail.com
ba520533-1982-41fb-86fc-bacc2a321480,2021-12-13T12:55:00,BRAND5,557.31,chalhde@gmail.com
ffa973b9-0642-4534-88fa-0fc84bfb44a9,2021-12-13T12:55:50,BRAND2,833.46,"""kdckdbg egkgeil"" <kdckdbg@yahoo.com>"
b21b2ed9-c77d-4650-93f8-c15b3e2ac65f,2021-12-13T12:58:20,BRAND1,61.49,abbggcd@gmail.com
38de0ec1-9aa8-49b2-97e5-39af1a64962e,2021-12-13T12:58:20,BRAND5,704.83,"""fkcebid ecldghh"" <fkcebid@gmail.com>"
c7414306-cacc-420a-b5dc-88c9583c9496,2021-12-13T13:02:30,BRAND1,602.07,khibbfb@gmail.com
ba9cd39e-bc95-49e9-bd30-0fb44047343f,2021-12-13T13:02:30,BRAND5,369.73,"""ejcekee fiklgeh"" <ejcekee@gmail.com>"
3543c6db-96e3-40f9-8725-81906e036fbf,2021-12-13T13:03:20,BRAND5,21.16,ijjiiji@appple.com
b5ffdca7-99bd-4054-8d15-70ea23c2b1ec,2021-12-13T13:04:10,BRAND5,933.78,gckafhl@appple.com
80b13db3-243a-4beb-85f3-69cc0f9492f2,2021-12-13T13:04:10,BRAND5,741.57,ghgckhj@gmail.com
e15bb7bc-0a85-47f0-8a41-2605445b779d,2021-12-13T13:05:50,BRAND5,864.31,"""hbcjihg fhclcgi"" <hbcjihg@gmail.com>"
7c1acdcd-e2fa-41d6-a660-88018aceaf08,2021-12-13T13:06:40,BRAND2,558.43,jgggjch@gmail.com
ea07d3df-f3b7-4ce0-9df4-b6606b0f901d,2021-12-13T13:07:30,BRAND2,30.69,"""gdglddl baabchb"" <gdglddl@yahoo.com>"
234b30f0-0aba-484f-8147-f60707dbd2c7,2021-12-13T13:09:10,BRAND3,822.06,icjiklk@live.com
ac2c8989-bc97-4fb4-8ea9-f72cbdd4323c,2021-12-13T13:10:50,BRAND3,143.08,fklkilj@appple.com
fc2b50f6-cc56-4654-bdcf-43919e21ae54,2021-12-13T13:11:40,BRAND5,68.54,"""egbdefj bjigdck"" <egbdefj@gmail.com>"
536fe61d-f431-4685-994d-e45efa4eedb2,2021-12-13T13:11:40,BRAND2,483.59,"""dejbkbh ddfebff"" <dejbkbh@gmail.com>"
168eccdb-2f75-4b26-8f90-15a368bcca43,2021-12-13T13:12:30,BRAND2,40.84,gcilefe@hotmail.com
38bd1858-4623-4cb7-8c16-4bf4b71a602a,2021-12-13T13:13:20,BRAND4,417.65,bblhflg@gmail.com
36f1f514-d391-4a4b-a032-bae282cf1e83,2021-12-13T13:13:20,BRAND2,834.97,fhgbjad@appple.com
07e5b05d-157d-495d-af59-87c5fabf69a8,2021-12-13T13:14:10,BRAND4,199.32,cedbdid@appple.com
dbde1b9f-512b-48ec-a947-b02bb447cf3c,2021-12-13T13:15:00,BRAND2,779.62,"""ghcjkdd baailfl"" <ghcjkdd@appple.com>"
080e8cff-a317-4283-8f25-25ff0b336694,2021-12-13T13:15:00,BRAND3,432.20,"""cblgefc aclibbe"" <cblgefc@gmail.com>"
2d8aa639-661c-4ecc-8d5e-dc1de8b16b55,2021-12-13T13:16:40,BRAND5,498.72,"""ehdfibj clibeid"" <ehdfibj@gmail.com>"
681b0295-d307-4e8c-94ed-7e63c06d5c1a,2021-12-13T13:18:20,BRAND5,737.92,lejgdfj@gmail.com
6159d8a3-0c5f-4d57-9e6e-643b195d468c,2021-12-13T13:18:20,BRAND2,444.96,"""bdhdbee eifgfhf"" <bdhdbee@gmail.com>"
df6c85ee-4f28-41cf-aa69-de90e5471f3b,2021-12-13T13:19:10,BRAND1,323.74,"""hhicggj kiglaje"" <hhicggj@gmail.com>"
d35e5b5b-a9be-4324-88fe-2ebf58a65997,2021-12-13T13:19:10,BRAND5,120.49,ilffhld@gmail.com
bc91f536-24e0-41b5-918e-324e0e01d2b1,2021-12-13T13:20:00,BRAND2,744.05,"""bbjlfea eebahbg"" <bbjlfea@gmail.com>"
700bc049-eefc-4178-966c-8d3b8896db4a,2021-12-13T13:20:00,BRAND5,874.14,kddhgif@live.com
77d26f69-3ef7-44bc-9930-f5bc2b32eac0,2021-12-13T13:20:50,BRAND2,148.38,fbkdadg@appple.com
e191ae2d-f7f8-47f6-901c-0976bfc32539,2021-12-13T13:20:50,BRAND5,562.88,"""cjlkeig ijbgjjd"" <cjlkeig@gmail.com>"
df0561a0-c113-4789-8759-5575465ec1db,2021-12-13T13:22:30,BRAND2,183.40,"""jkflhjj jbdddjj"" <jkflhjj@gmail.com>"
9d8392c1-7ccc-44af-bfbe-e8606ad309d9,2021-12-13T13:22:30,BRAND2,388.33,"""dhhkbhf ihgjbjl"" <dhhkbhf@gmail.com>"
ddecf70a-7627-4da6-9bb5-d44c3c1f2226,2021-12-13T13:24:10,BRAND5,912.12,"""bgeahfa kidklgj"" <bgeahfa@yahoo.com>"
ae9f65c5-9c27-4097-ac32-b83f8553562f,2021-12-13T13:24:10,BRAND2,594.18,"""ajifaeg jaialld"" <ajifaeg@gmail.com>"
a08d0e22-606a-4f29-bfaa-1aaf74da89af,2021-12-13T13:25:00,BRAND5,142.02,ddlhbli@appple.com
110a90b1-d21e-4fa4-938e-00966dd52d68,2021-12-13T13:25:50,BRAND2,$84.58,ajdagkj@live.com
2fa58415-1380-481b-a12d-ce6b3b1ab3df,2021-12-13T13:25:50,BRAND5,344.38,dhlajcg@hotmail.com
0b863a5c-5596-40e2-9f71-beb0fe4df528,2021-12-13T13:27:30,BRAND2,859.70,"""keffdae dagfjgb"" <keffdae@appple.com>"
8f484438-e3b5-4034-ab61-127cc56d86e5,2021-12-13T13:27:30,BRAND2,791.92,"""jeehcle agibkbl"" <jeehcle@gmail.com>"
5464bca5-b872-416b-91a1-e077a1d791f0,2021-12-13T13:28:20,BRAND2,539.79,gbcedbd@live.com
ac98e424-5861-4345-ab08-ab2ea71a9834,2021-12-13T13:28:20,BRAND2,303.58,fkgikaj@live.com
da8182ef-fffb-49ef-befb-82bfb390cead,2021-12-13T13:29:10,BRAND2,997.40,"""idcbcgi ijegcic"" <idcbcgi@appple.com>"
