id,date,brand_id,trans_amt,email_address
30e7f756-23f6-46d7-beae-609b4b29a217,2021-12-06T16:18:20,BRAND2,5.25,hjfaijj@appple.com
869b906d-8e21-4164-aa30-af37c65924e7,2021-12-06T16:20:50,BRAND1,532.43,fckcgld@gmail.com
f87878e6-5e92-4fb5-a902-68478210d7a0,2021-12-06T16:20:50,BRAND1,$584.76,"""kbjlalf kjlchfi"" <kbjlalf@gmail.com>"
b302421d-8d7b-4907-a7fe-4f4e1f9b92f2,2021-12-06T16:23:20,BRAND2,42.67,alijflc@appple.com
e5b52f7f-5f7d-4533-bb8c-6858bb8d5067,2021-12-06T16:23:20,BRAND5,301.66,"""fahlkdc hjgbhgi"" <fahlkdc@gmail.com>"
9430a08d-19aa-4888-a02d-fe4499fa0da4,2021-12-06T16:24:10,BRAND5,238.10,hiaccae@gmail.com
62fd0392-f715-4928-818a-2221dabdc193,2021-12-06T16:24:10,BRAND5,373.85,bkdiigg@appple.com
24e61126-7657-460f-b5e8-ad66f428c684,2021-12-06T16:25:00,BRAND2,462.31,bdkakee@hotmail.com
546bcd12-235a-4192-8fef-52c8f862fb53,2021-12-06T16:25:50,BRAND2,56.30,"""fbkjddf dgcedlj"" <fbkjddf@gmail.com>"
96e1fa41-355d-4ca9-89f1-a951a78b10db,2021-12-06T16:27:30,BRAND2,219.32,kgdgdhe@gmail.com
b202e78c-2279-48e4-914b-38ab6c7380a2,2021-12-06T16:30:50,BRAND1,269.72,"""cgaakjd facibgh"" <cgaakjd@appple.com>"
60ccfe9c-4623-4e83-b05a-538c37b0e833,2021-12-06T16:30:50,BRAND2,667.47,efkiiaa@live.com
6dad3a20-bd8d-450f-b676-9bbf9b1d1b4d,2021-12-06T16:31:40,BRAND2,355.42,"""kbdjlge fclkgai"" <kbdjlge@gmail.com>"
5ee327f2-1d4d-413f-b7f1-5a40dfebca54,Mon Dec  6 16:31:40 2021,BRAND5,114.86,"""ehhhadc elcbhbi"" <ehhhadc@yahoo.com>"
115d479a-eb71-436d-9dd0-ad638bcd69d8,2021-12-06T16:32:30,BRAND1,620.82,"""cgbajig ajfhdje"" <cgbajig@gmail.com>"
b4a08d3d-b5fe-48be-af85-1364ff308414,2021-12-06T16:32:30,BRAND2,792.60,"""hgiehkf bjhlibl"" <hgiehkf@appple.com>"
6192045a-9108-426d-a7eb-dd732909cca0,2021-12-06T16:33:20,BRAND5,601.05,jhejfej@appple.com
cfcfe02e-3243-4e85-a659-fd597fc8e0fb,2021-12-06T16:33:20,BRAND2,411.44,aibbldg@hotmail.com
e2a7a5c1-6223-4455-bf67-aec4794eb98b,2021-12-06T16:34:10,BRAND2,38.41,biebdek@gmail.com
6e5fc163-a6ee-4b83-bfe2-ef64f2304201,2021-12-06T16:35:00,BRAND1,770.10,"""jekhhdc jefecbe"" <jekhhdc@gmail.com>"
7fec4e20-a40f-4229-aa3c-072006d76211,2021-12-06T16:35:00,BRAND5,737.95,kdkffkl@appple.com
8df73452-a419-4e16-8c35-c6fae908414f,2021-12-06T16:35:50,BRAND5,345.27,gggiehi@appple.com
a51b8240-074e-47f3-b93a-6b9fb86cb9fc,2021-12-06T16:35:50,BRAND1,858.24,kkfcffb@appple.com
2c51ae3d-f361-4a06-bb76-56f21654545b,2021-12-06T16:36:40,BRAND5,115.34,llkhbfc@hotmail.com
5e24eca1-64a1-4ddf-b526-0c48c389c0d6,2021-12-06T16:36:40,BRAND2,$240.34,"""ldcejif ljdllfe"" <ldcejif@gmail.com>"
47314ed2-9af1-4b43-b6e1-df2964396b19,2021-12-06T16:37:30,BRAND2,960.36,ehkbkhc@yahoo.com
9b1a4b27-9f1a-4463-a50c-97c79a2fe671,2021-12-06T16:37:30,BRAND4,261.30,"""jbkliak ldfcbhd"" <jbkliak@appple.com>"
19444016-5966-46f2-90f0-71141850fe88,2021-12-06T16:38:20,BRAND5,731.52,"""kdllcad ckglidi"" <kdllcad@hotmail.com>"
af62245f-a4d6-4704-8158-258d1b5d6839,2021-12-06T16:39:10,BRAND5,492.46,dfggajl@appple.com
2705f2f8-aa0b-4032-bec8-75d1b781fcd1,2021-12-06T16:41:40,BRAND2,799.47,ddcjkaa@gmail.com
83b29206-5bae-40c8-8643-df46324c4eea,2021-12-06T16:42:30,BRAND5,53.16,dkblail@yahoo.com
8dc2ca8b-2ceb-4d93-8523-06b060cb3d98,2021-12-06T16:42:30,BRAND4,70.94,"""kfideli bjfkelg"" <kfideli@live.com>"
bc9ee386-b5fc-4dba-a158-e3a0cd1cdabd,2021-12-06T16:43:20,BRAND5,126.53,ffhbbac@gmail.com
42f51e2c-fec5-4ba1-9fdd-66fe38eaba5b,2021-12-06T16:44:10,BRAND4,116.42,"""dkhlgcd bihckal"" <dkhlgcd@gmail.com>"
d6a9423b-0fee-491b-82ac-22ac3bee7b21,2021-12-06T16:44:10,BRAND1,122.41,kfebccc@gmail.com
2cde1735-b514-4136-91c0-8cac83fadedc,2021-12-06T16:45:00,BRAND2,429.64,bbdhcef@gmail.com
fc398940-fd6d-4c15-9c65-5209011f2a42,2021-12-06T16:45:50,BRAND1,607.28,hegjkja@gmail.com
17677e36-0ef6-416d-b14a-eb24b294b3b2,2021-12-06T16:48:20,BRAND5,310.03,dkhdfhe@appple.com
bec397db-1f4a-45b7-a4ce-95a4edd34899,2021-12-06T16:50:50,BRAND1,390.09,"""hbghbfb elegadb"" <hbghbfb@gmail.com>"
22d79693-fe56-4b61-94af-6b12414f0cd5,2021-12-06T16:53:20,BRAND2,815.65,jbicile@gmail.com
74311cb2-fd20-407c-ba7d-324769159426,2021-12-06T16:53:20,BRAND2,219.77,gcglgjc@gmail.com
331b5e81-06ef-4672-a0ed-3c0860071a6d,2021-12-06T16:54:10,BRAND3,44.28,lbeekhh@gmail.com
61e7e196-a868-42fd-a2ff-da14e5713ea4,2021-12-06T16:55:00,BRAND2,787.82,fibfaii@appple.com
823b4648-def1-4820-b365-39058d977674,2021-12-06T16:57:30,BRAND3,688.50,kcfkifd@appple.com
c3208e86-4725-4927-a69a-3ea335d95b30,2021-12-06T16:59:10,BRAND2,314.71,edlkafb@gmail.com
3084b412-b0a0-4aa4-99ea-55a0c324de90,2021-12-06T17:00:00,BRAND1,929.32,"""gijhijb cffahkl"" <gijhijb@appple.com>"
59d3c1f9-edcb-4e08-9a79-86c7a3b3b423,2021-12-06T17:00:00,BRAND1,839.91,kfdfdhe@live.com
d551726e-810c-488f-aaf6-d08a859be0e1,2021-12-06T17:00:50,BRAND5,138.56,kcheakg@gmail.com
c76ff937-0556-46cb-9190-0ac071c147f3,2021-12-06T17:00:50,BRAND2,99.58,kacekfc@gmail.com
24c6c304-6d2b-4c76-abc0-3023c0ca4abd,2021-12-06T17:01:40,BRAND2,352.93,bjkbecf@gmail.com
b2335e74-c79f-46ff-8be2-e91ad3eab03f,2021-12-06T17:01:40,BRAND2,73.39,jhieiec@gmail.com
d9ebc854-cba0-4593-9411-95e09f882145,2021-12-06T17:03:20,BRAND5,166.40,bgcafca@gmail.com
289a7595-8ec8-4cd8-a7fb-6db6d5a0c39a,2021-12-06T17:04:10,BRAND3,767.25,aahcdjb@gmail.com
0bc47c7f-9a3e-4963-b658-4413b47e9ca7,2021-12-06T17:04:10,BRAND2,$810.01,kgfjfcl@yahoo.com
7fb1dc7d-5238-432d-91f7-4e1cfe7e961e,2021-12-06T17:05:50,BRAND2,516.10,cgjehib@gmail.com
8343607f-759d-4694-a337-92929bd8d324,2021-12-06T17:06:40,BRAND2,591.79,"""ecgkfhc lfhicfa"" <ecgkfhc@gmail.com>"
9d2bc9ef-16ad-4a6f-95c1-a7befbeb5ae8,2021-12-06T17:07:30,BRAND4,792.98,aibbhbe@yahoo.com
26ba5ac8-c18d-465c-b7c5-168b722f1cf9,2021-12-06T17:07:30,BRAND5,842.21,hfcbbbk@gmail.com
3f454488-52b1-42db-9e56-a0b3fd42f72f,2021-12-06T17:08:20,BRAND2,313.93,cgjaigd@appple.com
9b9f38c7-16da-4d7d-9909-6c242b8565d4,2021-12-06T17:08:20,BRAND5,248.15,kbjjajj@gmail.com
03006550-3969-43be-8098-a3baf1bf5d77,2021-12-06T17:09:10,BRAND5,247.64,hjalbcd@hotmail.com
12852ead-a6fb-4db5-9698-36aba0e3ab4f,2021-12-06T17:09:10,BRAND5,326.35,igdlkhj@appple.com
d6a097f3-c24f-4b1b-a83f-ce41948ec02f,2021-12-06T17:10:50,BRAND1,477.34,"""keeikbf akbhagd"" <keeikbf@gmail.com>"
c44100b4-67fd-46af-835f-99e6dc956170,2021-12-06T17:12:30,BRAND5,527.01,"""hcgklde aeihefb"" <hcgklde@gmail.com>"
ae7571bc-e091-4e31-9797-6c80075687a9,2021-12-06T17:12:30,BRAND5,204.46,eahigkk@appple.com
4fb60bbf-643b-45ae-8021-0bd937554e78,2021-12-06T17:13:20,BRAND2,118.50,fbeiehl@gmail.com
f94c5bdc-c03b-4855-9f9c-910d84cd0164,2021-12-06T17:13:20,BRAND2,317.81,jiaedgi@appple.com
a6ca13d2-c3c5-4e5c-a8ef-922f819ad4dc,2021-12-06T17:14:10,BRAND2,109.69,"""abigldd fhikcbc"" <abigldd@live.com>"
fedf0fbb-2dba-4ed6-8469-fa7914bfcbc6,2021-12-06T17:14:10,BRAND5,94.94,"""jaeebfc aeckhhc"" <jaeebfc@gmail.com>"
f8f92214-03ff-496b-9898-0c6dcd0ad396,2021-12-06T17:18:20,BRAND2,656.00,"""aeckddd ialhfae"" <aeckddd@gmail.com>"
7e247c79-206d-46ea-9c6b-8568ba81fe06,2021-12-06T17:18:20,BRAND2,56.05,gljjdjg@gmail.com
53f708e0-e6e5-4244-860f-9c2e591f1fb6,2021-12-06T17:19:10,BRAND3,510.90,"""dljedgk ajajbgj"" <dljedgk@appple.com>"
f79605b0-2aba-417d-9359-3330a2ed05e6,2021-12-06T17:20:50,BRAND2,735.90,jfhlabl@live.com
5146179c-e34d-46da-b960-fa21889859aa,2021-12-06T17:20:50,BRAND2,794.07,jkdeiif@gmail.com
b1f20094-1d43-4f7f-abc1-81aac8602b3a,2021-12-06T17:21:40,BRAND5,94.06,"""cjbflda hedehll"" <cjbflda@gmail.com>"
ac9237b7-38a8-4e7c-83f1-f2a33107bdcd,2021-12-06T17:22:30,BRAND2,911.92,"""ekdkeka jkhjilg"" <ekdkeka@appple.com>"
4a499cc7-2f3d-4317-81b8-9052dd3222aa,2021-12-06T17:22:30,BRAND1,49.68,icihaea@live.com
42ac3578-c461-4710-ad8f-387ed6703182,2021-12-06T17:23:20,BRAND5,415.19,jgcblgj@appple.com
8d75a18c-4b9e-47bc-8656-f8156085b47b,2021-12-06T17:23:20,BRAND1,499.57,iggbgbk@gmail.com
8c495499-10c9-4f2f-a7cd-cf288cb17f52,2021-12-06T17:24:10,BRAND2,796.18,geddffc@gmail.com
9e65673d-6ce6-4ef8-aae3-ce01b273a410,2021-12-06T17:24:10,BRAND5,675.20,idijfgf@gmail.com
84b50ade-3553-4b59-aa83-79849c7247ad,2021-12-06T17:25:00,BRAND2,602.13,"""cigefgc gfckjck"" <cigefgc@gmail.com>"
25a8080f-ed42-4e2d-a6c2-5fe6c8ec0ac7,2021-12-06T17:25:00,BRAND5,802.85,fhgcadh@gmail.com
70d8fef7-5e22-4da1-ba52-0a9f9791609b,2021-12-06T17:26:40,BRAND2,269.42,dccljde@appple.com
994c3950-514b-4b95-af76-4510d328c0cc,2021-12-06T17:27:30,BRAND5,853.75,fgiijcb@yahoo.com
7fcf0f55-d3d9-4c11-812d-636e04007e30,2021-12-06T17:28:20,BRAND4,786.56,bgghchh@gmail.com
1a943add-0239-40ec-a459-a06e43e72112,2021-12-06T17:30:00,BRAND3,430.43,kadgfbi@gmail.com
f6c60cc8-b85f-45a0-a44a-de23fa015a20,2021-12-06T17:30:00,BRAND5,207.39,jhlaheh@yahoo.com
d79da216-77c5-45bd-9f8b-b1fd43159f03,2021-12-06T17:30:50,BRAND1,992.33,ajghhkl@gmail.com
4c3f7e96-d44d-4b1e-a0f6-837fde9dd841,2021-12-06T17:32:30,BRAND5,348.50,jfdlgje@appple.com
77783011-5802-4fec-a7d4-73e1f4ec3340,2021-12-06T17:32:30,BRAND2,914.88,hfkggag@gmail.com
02255eb9-789b-4af8-8072-d2b2fc25d6f1,2021-12-06T17:33:20,BRAND5,822.76,"""ebfgfcb cgkjlgc"" <ebfgfcb@gmail.com>"
25e4e729-9bd7-4177-bee4-7d37ba265d29,2021-12-06T17:35:00,BRAND2,521.41,hjchlae@gmail.com
65428ad5-ab6b-4670-9c00-898e0a9500fe,2021-12-06T17:35:50,BRAND1,245.90,"""cfbhhdc hdkafaf"" <cfbhhdc@live.com>"
fd7ae464-4164-4f77-81ba-a1d9cbbdc8a0,2021-12-06T17:35:50,BRAND4,86.22,habjelh@gmail.com
270a4d85-59a8-4f58-b276-533e027d3cdf,2021-12-06T17:36:40,BRAND2,986.48,gbfejhl@hotmail.com
3c343885-cb52-4a9e-86fd-131b8331f80e,2021-12-06T17:36:40,BRAND2,117.05,kdagbed@yahoo.com
45c1aa3d-373e-4351-9cf3-bcca0f449392,2021-12-06T17:38:20,BRAND5,332.90,dfidcaf@gmail.com
5708df39-6ba8-4d2d-8b82-5c00336e6254,2021-12-06T17:39:10,BRAND2,991.13,ejjlefb@live.com
f81b2def-0eac-46a2-8150-8951feb2ca53,2021-12-06T17:39:10,BRAND3,465.34,"""akhjacg fdldhge"" <akhjacg@gmail.com>"
b2d9a183-3964-4bb5-b894-71ea4cde5011,2021-12-06T17:40:50,BRAND2,853.45,"""eechkgi iadaklc"" <eechkgi@gmail.com>"
47e5a608-6731-4998-8599-3e7cb2739556,2021-12-06T17:43:20,BRAND1,478.64,cdlefjc@gmail.com
becc4634-f2f5-4160-8f88-b626c535efd4,2021-12-06T17:44:10,BRAND2,522.55,"""iglaljj hjkekhl"" <iglaljj@live.com>"
807a18a3-64c6-4543-a544-620dd5545411,2021-12-06T17:44:10,BRAND1,877.49,"""dgechlb dcadehf"" <dgechlb@appple.com>"
2136558d-5634-41a6-a360-bd5c4b3696f3,2021-12-06T17:45:00,BRAND5,576.70,"""idkbkjl ehljijk"" <idkbkjl@gmail.com>"
014aa2fa-c256-4863-bb85-7ab0de13f17d,2021-12-06T17:45:50,BRAND5,459.12,"""elficff blajlak"" <elficff@appple.com>"
b40e59ea-07b0-4d3d-80ec-0beed78ec380,2021-12-06T17:49:10,BRAND2,173.05,iiiaicg@gmail.com
5eff5bdd-7626-4517-9551-83c9c629e159,2021-12-06T17:49:10,BRAND2,895.31,djckkgl@gmail.com
52ec8e11-46e4-4bcd-8cc5-43057b645517,2021-12-06T17:50:00,BRAND2,477.02,fgceffa@yahoo.com
30edf244-0185-42fb-b57c-0b51d71ebf02,2021-12-06T17:50:00,BRAND5,267.39,kjackcb@appple.com
a4f51b92-dea0-43d0-970d-977aa6111332,2021-12-06T17:51:40,BRAND2,5.13,"""lfbjfdj dcgileb"" <lfbjfdj@appple.com>"
40e6db45-9503-44cf-b1bc-f5305346a299,2021-12-06T17:52:30,BRAND2,756.80,"""lcegeak dafdfdh"" <lcegeak@appple.com>"
c3ceb71d-a876-46db-b9e7-725965002bba,2021-12-06T17:52:30,BRAND1,505.33,jekejeb@gmail.com
0d069435-6db9-46fa-b144-bfbbd555ced4,2021-12-06T17:53:20,BRAND4,806.69,bdfdcli@gmail.com
4d0cfcba-0481-4a0a-b6f6-fef021418ff8,Mon Dec  6 17:55:50 2021,BRAND3,680.18,"""kcblecb fbijcac"" <kcblecb@gmail.com>"
dab79278-0c56-4826-8369-7abe3d0cf24f,2021-12-06T17:55:50,BRAND3,299.07,"""kcagkag gkecbid"" <kcagkag@appple.com>"
76de7290-b14b-43e2-a6f2-79e96963ee59,2021-12-06T17:58:20,BRAND5,988.36,lckibeb@gmail.com
8a38b724-0d4a-4fad-b359-ddbd02c87351,2021-12-06T17:59:10,BRAND2,374.98,iljlhaj@gmail.com
a9d439c8-366e-4aa5-a355-6d10a282f225,2021-12-06T17:59:10,BRAND4,189.37,fajdfgg@gmail.com
39edced3-fdb9-4f07-9876-434fce892003,2021-12-06T18:01:40,BRAND4,744.12,ehiciig@live.com
75e166bb-c835-40eb-9b50-e74d86874fd4,2021-12-06T18:01:40,BRAND5,590.86,"""kkkegkk ahijjbd"" <kkkegkk@live.com>"
486d2100-1336-44d9-8b59-f6f2d10e83c0,2021-12-06T18:02:30,BRAND2,735.88,chfelhb@gmail.com
dfeedd00-3332-45c2-9167-870f18bcb3b2,2021-12-06T18:03:20,BRAND5,898.48,"""cejchej cfkbabj"" <cejchej@gmail.com>"
1428351e-75bd-472b-bd60-ab9222b3e773,2021-12-06T18:04:10,BRAND1,764.67,"""ahhefbc khilbdi"" <ahhefbc@gmail.com>"
f6b0dbb7-2b39-44e7-bcbe-707d5420b918,2021-12-06T18:04:10,BRAND5,66.65,"""kiajial fkkleac"" <kiajial@gmail.com>"
3c9ba1ed-bd86-4111-8b47-be92e62f663b,2021-12-06T18:07:30,BRAND2,284.55,eddiied@gmail.com
b0ce255f-15fd-465f-9822-0a426dea166c,2021-12-06T18:08:20,BRAND2,697.25,"""laafgja bcccich"" <laafgja@appple.com>"
271c8cfd-6246-4d77-9395-d600158c0840,2021-12-06T18:08:20,BRAND2,8.99,"""cliikkl ikdlcda"" <cliikkl@appple.com>"
0b8d9506-c64c-4a10-9646-4b9c5921f913,2021-12-06T18:09:10,BRAND5,891.81,bakifbg@live.com
83e67163-c365-40ac-85d1-3e03b7f3259d,2021-12-06T18:09:10,BRAND1,161.37,kjkhbeh@yahoo.com
6d7e87e5-70f4-4325-b0e2-f43d571402e7,2021-12-06T18:10:00,BRAND2,579.26,"""badagcb fcbdlci"" <badagcb@gmail.com>"
0ee2b559-e260-4aaf-bff2-30e8fad5e3fb,2021-12-06T18:10:00,BRAND5,893.77,dlkhlad@gmail.com
609cf3ff-a461-443c-962e-a2a02a5c0321,2021-12-06T18:11:40,BRAND3,378.49,dkfgfgh@live.com
6cfaff8b-50cf-42ed-85d7-a1ea4b2a3c2e,2021-12-06T18:11:40,BRAND4,500.98,gegcefg@yahoo.com
cf87c15a-51b8-4e32-80ce-0e89813bcbfb,2021-12-06T18:12:30,BRAND2,378.38,afjfcdi@yahoo.com
cb3882c6-9d4c-40b0-99bf-5d28cd1e2997,2021-12-06T18:12:30,BRAND2,209.25,"""egfjegd ebcieed"" <egfjegd@gmail.com>"
10f25b5c-43b7-48f4-a8ca-f25ddc28ddab,2021-12-06T18:13:20,BRAND2,960.71,"""gjihggj cdkgikj"" <gjihggj@gmail.com>"
2df57576-61d8-4cab-98a3-ae100486611d,2021-12-06T18:14:10,BRAND5,242.08,"""hhafeci blllfad"" <hhafeci@appple.com>"
68712b1d-39ae-476a-bb3a-5163fe96aa04,2021-12-06T18:14:10,BRAND2,562.51,"""akbebgc lggijee"" <akbebgc@appple.com>"
d63895ea-2c44-4c0a-80f6-7a37629a8d37,2021-12-06T18:15:00,BRAND2,262.39,gbheefg@live.com
24498541-903b-4f1d-a430-1a86d0a43dc2,2021-12-06T18:15:50,BRAND3,138.03,"""ehlheld ljgbkif"" <ehlheld@gmail.com>"
ba330953-b357-4cd1-9e0c-70b1d7e09127,2021-12-06T18:15:50,BRAND2,282.07,jikhjjg@appple.com
9f4e8efe-f635-4de3-8d06-12ab5563bceb,Mon Dec  6 18:16:40 2021,BRAND2,304.36,"""hgjgejg ejkghai"" <hgjgejg@gmail.com>"
3f75ca39-aa0a-4e30-87b5-b15690f0cb41,2021-12-06T18:17:30,BRAND2,991.11,bjcgafi@gmail.com
bb523d5e-eb24-43cf-b863-5f592610b4d8,2021-12-06T18:17:30,BRAND2,2.51,gkfglgk@appple.com
7c6aa718-9cb4-4c62-983c-e73034c67465,2021-12-06T18:19:10,BRAND2,56.90,edbklkl@gmail.com
6556ba96-8904-4577-ad9a-042d28a827ea,2021-12-06T18:21:40,BRAND5,265.40,cclaije@gmail.com
599b5294-4ae3-41ea-91c5-909c5e4d100e,2021-12-06T18:22:30,BRAND2,519.32,"""fgckibk bbagfeg"" <fgckibk@appple.com>"
09f2d3d8-f353-474d-af2c-fe470fb5f454,2021-12-06T18:23:20,BRAND5,98.41,"""hicchjl dkdiili"" <hicchjl@appple.com>"
fad93ea4-dd29-4bc8-92ff-0cebd337b0ab,2021-12-06T18:23:20,BRAND1,259.91,"""fklieif fgebijh"" <fklieif@gmail.com>"
0a288901-897d-4aef-bc04-aeaa080a00f7,2021-12-06T18:24:10,BRAND4,260.43,fcjiebi@appple.com
242e45c4-ed1f-4e6b-99de-e9a4c3e76dfc,2021-12-06T18:25:00,BRAND2,463.31,lcakede@appple.com
18aac96f-c246-485b-a996-3a4b59726b18,2021-12-06T18:25:00,BRAND5,421.66,"""ifidhaa ekdljkb"" <ifidhaa@hotmail.com>"
8b96648f-c222-4b74-a2f0-c4240090baca,2021-12-06T18:27:30,BRAND1,405.90,ceddlag@appple.com
5f494d04-b1f7-4e63-a118-4e48158bee75,2021-12-06T18:27:30,BRAND2,358.09,"""hccdgce faacbdd"" <hccdgce@appple.com>"
766d14fe-e187-44de-bfc0-240f40a49f48,2021-12-06T18:29:10,BRAND1,495.52,ckeihff@appple.com
fb46041a-d2e5-4957-b8c8-27de2ec82761,2021-12-06T18:29:10,BRAND1,281.07,"""aefkaii ehhbcda"" <aefkaii@gmail.com>"
d660bfe9-279a-4ab5-ae81-f786dc9c6f1f,2021-12-06T18:30:00,BRAND5,6.69,ehejhcj@live.com
03c4ecae-556c-4cbd-89fa-db8e3c32c39b,2021-12-06T18:30:50,BRAND2,257.47,kglcafc@appple.com
34c18d96-3ab5-43f1-84ff-f21c9907e3bb,2021-12-06T18:32:30,BRAND2,822.74,"""fgicdfh jblbjfl"" <fgicdfh@gmail.com>"
f8452df9-4e98-40ae-b89d-3da5236e6b4f,2021-12-06T18:33:20,BRAND2,994.04,"""dblekdi kfidjjl"" <dblekdi@hotmail.com>"
969c9768-33f9-4b52-b96a-72225e060246,2021-12-06T18:33:20,BRAND2,253.75,"""djjiigg gjijgbh"" <djjiigg@gmail.com>"
6ee29c14-bb2e-416c-9e6a-c9db2fa64a60,2021-12-06T18:34:10,BRAND2,86.51,ifdahkj@live.com
5c6250c0-62d0-432a-adee-d4fabf62349b,2021-12-06T18:34:10,BRAND5,358.01,"""klgdhfl fjbfddi"" <klgdhfl@gmail.com>"
3a64faf3-75e4-4ac2-9efa-ec4f08ee58ad,2021-12-06T18:35:00,BRAND2,533.09,"""ihjkgce hlfiljk"" <ihjkgce@gmail.com>"
c471d690-d5e1-4982-bad9-de5b1475695a,2021-12-06T18:36:40,BRAND5,451.44,"""abkfcfe dgjbbla"" <abkfcfe@gmail.com>"
7b5420b1-e8a2-4130-95aa-a4d2f6b6001e,2021-12-06T18:38:20,BRAND5,353.49,"""ihihbid cajhgac"" <ihihbid@appple.com>"
1e56c859-3c18-4623-80d1-fd362ad4b04c,2021-12-06T18:39:10,BRAND5,792.36,"""egfhggf edafjjf"" <egfhggf@appple.com>"
96ffb605-73c7-4f5c-8b36-1e9cde10c520,2021-12-06T18:39:10,BRAND2,961.25,afbgakj@gmail.com
9ca41fee-4c4c-4a7d-9e56-121cb12338b0,2021-12-06T18:40:00,BRAND1,599.02,aekfiek@gmail.com
8543ccdd-4fae-4730-bb98-d16cf4963951,2021-12-06T18:40:00,BRAND5,270.33,dgijdai@gmail.com
4db93bf7-1d16-498a-9b50-221097619722,2021-12-06T18:40:50,BRAND5,455.39,"""cilddkd ahccfeh"" <cilddkd@appple.com>"
2f6e0265-ca49-49ed-ae67-b85912a15226,2021-12-06T18:41:40,BRAND2,127.53,hecfceb@gmail.com
e1a9c0b2-e5c6-4431-bb9f-6d38f2d3c737,2021-12-06T18:41:40,BRAND2,139.72,"""jlhgfce aijkcff"" <jlhgfce@gmail.com>"
047dcf10-d9f2-4a53-b83f-67b1449223e6,2021-12-06T18:42:30,BRAND5,234.39,"""fefffjc bladhhl"" <fefffjc@gmail.com>"
10a2174e-5218-4222-90fb-f02804bd2d1b,2021-12-06T18:42:30,BRAND5,24.70,"""beeffcf ckllfge"" <beeffcf@yahoo.com>"
2c69bf77-d04a-4533-88a5-669166724525,2021-12-06T18:43:20,BRAND1,743.49,"""bjabgej kkhgffd"" <bjabgej@appple.com>"
9f2256f6-d2eb-4bd9-92b4-3b0a10ca2074,2021-12-06T18:43:20,BRAND2,128.13,kcbeafa@appple.com
43960035-cca4-46e2-9515-424bd0749dc5,2021-12-06T18:44:10,BRAND5,36.41,"""ffcelgf jfalebi"" <ffcelgf@gmail.com>"
1bd65d2f-a88e-4804-90e7-ad63c599d1d9,2021-12-06T18:44:10,BRAND2,773.12,efeickj@gmail.com
acd345b5-fbf7-481f-9421-6882f2280f1d,2021-12-06T18:45:00,BRAND5,152.17,jlikbde@appple.com
e7963f82-cd8d-4b71-b894-1b449fde5511,2021-12-06T18:45:00,BRAND2,265.10,egjcghd@gmail.com
ec457e5a-45bf-4e5c-a091-2aac36ff8989,2021-12-06T18:46:40,BRAND2,186.16,ecjibll@gmail.com
e97862f8-4af0-4f6a-9ac3-291405594b85,2021-12-06T18:47:30,BRAND2,273.43,"""ajdldgf ceegcbk"" <ajdldgf@gmail.com>"
98689b9c-6d19-4625-b413-f1e4382c8747,2021-12-06T18:47:30,BRAND4,478.39,icackdd@appple.com
dbc4133a-2b3d-4851-876a-1817e36ae285,2021-12-06T18:48:20,BRAND5,218.53,jbdehfg@appple.com
7a97f169-a719-446e-bea5-d1cdbb642239,2021-12-06T18:48:20,BRAND1,864.12,jejbele@gmail.com
d1572bca-6803-4719-86df-fd81cb1d489d,2021-12-06T18:49:10,BRAND2,273.94,diaegib@hotmail.com
4e19a3a9-2dbb-4e8c-b581-9404b1c40878,2021-12-06T18:52:30,BRAND2,231.85,aekakac@appple.com
ad180e42-e68c-4b96-b019-784195597a3f,2021-12-06T18:52:30,BRAND2,995.84,adecklb@gmail.com
9da13d35-ba05-4309-8176-2a9abdcceb9e,2021-12-06T18:53:20,BRAND1,31.46,ehdcldh@gmail.com
8e72660a-303a-47b5-b9fc-ed4ad2bbd879,2021-12-06T18:53:20,BRAND5,814.69,fkeeijl@appple.com
84c3685e-f7a4-4bb7-b4e7-9a96fa73d381,2021-12-06T18:54:10,BRAND1,423.36,"""cejldlg cblhjjj"" <cejldlg@gmail.com>"
f20b7194-e8cc-451c-bb7b-4d56cca11724,2021-12-06T18:54:10,BRAND2,716.76,afckfdk@gmail.com
2ee5d39d-9eda-4239-a8c6-a593a2fde43c,2021-12-06T18:55:50,BRAND4,31.99,headhhb@gmail.com
5e44cae3-278b-4ba8-b2ec-8971c49170c7,2021-12-06T18:56:40,BRAND4,466.94,"""lbeiaae bchighd"" <lbeiaae@gmail.com>"
18a1076e-7772-448d-a505-5865731a44ba,2021-12-06T18:56:40,BRAND5,390.57,jgljbdl@gmail.com
5b7cdd5e-97e5-4326-af04-36051b55ccc9,2021-12-06T18:58:20,BRAND2,305.50,ecldacd@appple.com
fc072cbf-9107-4f9f-b63e-d1dd6932dc93,2021-12-06T18:58:20,BRAND2,97.83,"""gjebekj hljidib"" <gjebekj@gmail.com>"
209d831d-f683-45b4-9533-3ffb1e609a67,2021-12-06T19:00:00,BRAND2,84.76,bhbgdeg@appple.com
120a7572-2ba8-44af-ab66-6cbf7de8fa83,2021-12-06T19:00:00,BRAND2,645.85,gadefgb@gmail.com
20384336-30a0-4a57-9661-64db7887de75,2021-12-06T19:00:50,BRAND5,200.57,ihlldek@appple.com
5dabd860-eb19-4aff-a070-6163e6cb61a0,2021-12-06T19:01:40,BRAND2,943.73,eblehla@live.com
ff4e0586-e4e8-41e4-bcf4-0e3061096935,2021-12-06T19:03:20,BRAND1,786.11,ajddcac@gmail.com
01e6d0d7-a718-44a1-801b-b0a68fd6f46d,2021-12-06T19:06:40,BRAND2,735.21,djeaafg@live.com
d6af863e-fc09-4151-87d7-b6d2bcfac6bd,2021-12-06T19:07:30,BRAND5,261.98,dbbicjc@gmail.com
a37d57b0-9b87-4fcb-b111-1619f5fb33c7,2021-12-06T19:09:10,BRAND2,358.86,ijgfhhb@appple.com
9e2d5d6f-7369-4601-b6e0-5f9273a1a2ce,2021-12-06T19:09:10,BRAND5,25.26,eekkkih@appple.com
09f1a7a6-5b2a-4fbc-8edd-7d0fdb7a52fb,2021-12-06T19:10:50,BRAND2,752.06,"""dilbdec jahdbjc"" <dilbdec@yahoo.com>"
2ab51df7-1b80-4810-9c59-b7d410e8f0c4,2021-12-06T19:10:50,BRAND5,889.82,hehefjh@gmail.com
e39e4d93-4c38-43fc-bfdb-03bab57fd172,2021-12-06T19:11:40,BRAND1,678.61,jgajgcc@appple.com
52012992-61b1-4200-b35b-a5edd9d137ce,2021-12-06T19:12:30,BRAND2,726.77,"""igiiiff laiejbh"" <igiiiff@gmail.com>"
6193bd0e-ae4a-4881-829d-b7413e3dfcfe,2021-12-06T19:12:30,BRAND5,982.43,"""jhdclji acdheac"" <jhdclji@live.com>"
e43b6883-699f-42d1-bc65-b11fa24b274a,2021-12-06T19:13:20,BRAND2,74.28,jhlcffi@gmail.com
d74d125e-b5b5-4bd8-adc7-f508199db460,2021-12-06T19:13:20,BRAND2,517.05,cahgkba@live.com
81abd14c-722b-4d28-9602-47115a476b68,2021-12-06T19:15:00,BRAND1,437.37,bikhcfd@gmail.com
ede85db2-cff0-4b08-9be2-cee0c778409e,2021-12-06T19:15:50,BRAND4,821.55,fdeddjk@yahoo.com
1b718ca3-daa2-4e4e-87e6-555a56bb0a54,2021-12-06T19:16:40,BRAND2,421.36,"""dlbkdje hcheeif"" <dlbkdje@gmail.com>"
3f2edac5-021f-4b3d-b03f-e8db34c03706,2021-12-06T19:18:20,BRAND2,865.86,kaifjha@live.com
d3211478-c6d9-4995-9567-8bb62420d454,2021-12-06T19:18:20,BRAND2,473.72,"""ekdajdh jkbglgc"" <ekdajdh@gmail.com>"
d723a368-8624-4e11-91aa-486f4a5de541,2021-12-06T19:19:10,BRAND5,578.45,ldcghah@yahoo.com
2f762068-5ee6-426c-a727-4b34217f92f4,2021-12-06T19:20:00,BRAND2,694.78,"""cbbjdga eedljei"" <cbbjdga@gmail.com>"
8ec2609e-05a7-4f03-8a61-9fba5fcbf87e,2021-12-06T19:20:50,BRAND1,121.17,aidjfgl@gmail.com
58b2c730-5b4b-4cc6-9a21-7632fa2da3e3,2021-12-06T19:21:40,BRAND2,951.76,"""fcgllhh ikfgeci"" <fcgllhh@live.com>"
7a892100-573f-4d5c-b864-cf3c43bafd56,2021-12-06T19:21:40,BRAND2,302.28,"""iceebdk hjdjfdb"" <iceebdk@gmail.com>"
2ec4ca52-9ac5-4374-9188-d83a48d4271d,2021-12-06T19:23:20,BRAND1,716.91,"""lfkgaea aiddejg"" <lfkgaea@yahoo.com>"
fa0f2add-d7dd-4df9-99e1-54a883394a4a,Mon Dec  6 19:25:00 2021,BRAND1,312.23,"""eheklgd ffebcdf"" <eheklgd@gmail.com>"
b9c6d4af-af49-4dd1-9c5d-f5894d6577fa,2021-12-06T19:25:50,BRAND5,585.75,"""ceifeel dlkiljl"" <ceifeel@hotmail.com>"
66856227-cbb8-41df-905c-ac5713e6ab61,2021-12-06T19:25:50,BRAND5,815.55,aiicgjl@gmail.com
0db76825-ff01-4ba3-b086-92a03abb4596,2021-12-06T19:28:20,BRAND5,801.24,"""fajchbf fliblki"" <fajchbf@gmail.com>"
7be52e50-2e05-4c31-abf8-cad90b4a69c6,2021-12-06T19:29:10,BRAND5,599.85,cifildi@yahoo.com
ea3452da-cb6e-4fd0-8e08-74c77a9937ad,2021-12-06T19:29:10,BRAND5,532.27,"""ckbfbba jlciilk"" <ckbfbba@gmail.com>"
054bdaf6-3a72-473b-b8e4-2a438f4811f6,2021-12-06T19:30:00,BRAND2,949.79,lcdfcbh@gmail.com
fe77d0c5-0060-40bc-9022-a025ffc28e79,2021-12-06T19:30:00,BRAND1,332.21,kghbehl@appple.com
94805255-dbfe-4cf0-a408-2443b10222a1,2021-12-06T19:30:50,BRAND2,282.22,"""dheagli ffjjjdf"" <dheagli@gmail.com>"
f9a60c3e-ea6c-453d-a4da-2b54cd9cdd67,2021-12-06T19:30:50,BRAND1,972.69,"""edggcea ecjbecj"" <edggcea@gmail.com>"
cd25d2fe-6d82-4b59-95cf-1fb9a75a5a47,2021-12-06T19:31:40,BRAND5,890.08,iehhdab@gmail.com
76f7c64c-e2e9-42a5-967e-afa1316b806d,2021-12-06T19:32:30,BRAND5,996.39,"""gbbledl lcaakla"" <gbbledl@live.com>"
d1b0aeb3-5724-43ef-9bf6-374134295cc6,2021-12-06T19:33:20,BRAND4,619.39,bjbdhkf@appple.com
0a0161b7-263c-4a49-b966-e86e1d995268,2021-12-06T19:33:20,BRAND5,811.32,haglacd@gmail.com
9a41df27-0cfe-4602-a982-8a534c630c2f,2021-12-06T19:34:10,BRAND2,968.23,cddhefh@appple.com
da5c0e7c-2740-4cc7-81d0-d9d1a50baa58,2021-12-06T19:34:10,BRAND2,503.93,"""giljccg geahigk"" <giljccg@appple.com>"
981e60d6-c3a3-4087-9ebc-5b5523bf7dc2,2021-12-06T19:35:00,BRAND2,542.85,hffldda@appple.com
1e457d39-a295-4321-abb1-8bf7fe88df60,2021-12-06T19:35:50,BRAND1,79.19,cjcelkc@yahoo.com
010f7ac9-7161-4fe2-ac72-510104b0e1f1,2021-12-06T19:37:30,BRAND5,616.67,cbeaagj@gmail.com
3d5e894b-d20f-48de-b92b-7f172f731c0a,2021-12-06T19:37:30,BRAND2,176.36,"""kkgddle affjkii"" <kkgddle@gmail.com>"
c519180d-551b-4a58-a42f-457f4a9033fb,2021-12-06T19:38:20,BRAND5,806.09,laflfjh@gmail.com
928efca3-3b44-4b86-901d-9d2b55133c83,2021-12-06T19:38:20,BRAND5,470.27,ceiehak@gmail.com
cda2eb41-e662-4378-b371-c1486a043c54,2021-12-06T19:40:50,BRAND5,73.59,"""ihlidcl feafhba"" <ihlidcl@gmail.com>"
d52d3f1c-b16b-4439-bf0e-4302b6cf4181,2021-12-06T19:41:40,BRAND2,18.04,dgbebkc@gmail.com
6442e666-d007-4562-a375-d2ab30c2c498,2021-12-06T19:41:40,BRAND1,648.48,"""fbgbafb afabccj"" <fbgbafb@gmail.com>"
efa2c027-3db7-451e-a749-5f1e7baf0bcb,2021-12-06T19:42:30,BRAND2,$334.98,bbdhaig@gmail.com
ceac5f2e-d871-49ed-b9b3-ea721ef55bfd,2021-12-06T19:42:30,BRAND1,237.67,begldbk@appple.com
ab19c382-b3e3-4f61-9ef3-b219f46efe37,2021-12-06T19:46:40,BRAND5,320.76,"""hbhdeja hbfcdbi"" <hbhdeja@gmail.com>"
301024c0-54cc-43a9-97ab-5ebc481a439c,2021-12-06T19:46:40,BRAND5,641.07,dlkdbci@appple.com
978c2848-5c7b-4a15-aa0a-b334a6abb4ee,2021-12-06T19:47:30,BRAND2,163.45,aajdjdh@gmail.com
4fcf967c-9313-4604-a04a-e106788e4adc,2021-12-06T19:48:20,BRAND1,724.04,khljijh@appple.com
37623ac6-e548-471f-8e82-eb8b430c62f3,2021-12-06T19:48:20,BRAND1,265.16,"""kihaehg fgfldcb"" <kihaehg@gmail.com>"
93857a2d-cae0-42d1-83dc-edc79457aab7,2021-12-06T19:49:10,BRAND5,950.81,hcehgab@gmail.com
07f15bf9-c0e5-484f-8bae-b33be06e4675,2021-12-06T19:49:10,BRAND1,399.31,"""edkihhi jgejack"" <edkihhi@yahoo.com>"
e22dabb3-b166-415a-bc73-dea84268a060,2021-12-06T19:50:00,BRAND2,740.03,"""geabjhk leaifbf"" <geabjhk@appple.com>"
e8f6e869-7ab2-4325-97fd-3cec0a68ac23,2021-12-06T19:50:50,BRAND5,166.87,gdbakjk@appple.com
b8e3d5b5-02b4-4ec8-846f-c35cadfcaefb,2021-12-06T19:56:40,BRAND2,155.39,ifliiga@live.com
8a325f42-76db-4be7-b426-67e1f743cdf9,2021-12-06T19:56:40,BRAND5,1.53,cbeagki@live.com
041ef33b-53d3-4cb2-973e-f8e16d43f71c,2021-12-06T19:58:20,BRAND2,763.80,afehkdd@gmail.com
567e12dd-f0c3-4074-abd1-755e7ce5c2cc,2021-12-06T19:59:10,BRAND5,850.00,aecbfjf@gmail.com
0931d009-f385-4582-9f75-c841dc2676a1,2021-12-06T19:59:10,BRAND1,346.94,afkgllc@yahoo.com
1b1bedeb-b74d-4b02-a3ac-8b6018fab89a,2021-12-06T20:00:00,BRAND2,375.42,ikgibeh@gmail.com
cc5b794a-7538-449f-923c-2d36be183a57,2021-12-06T20:00:50,BRAND2,899.74,"""kheelfj bgdhfhf"" <kheelfj@yahoo.com>"
3ef4711c-dc17-4fdc-bfdb-c330b4958049,2021-12-06T20:00:50,BRAND2,129.81,"""dfagkal kblldff"" <dfagkal@gmail.com>"
803e6da9-9ef4-4fac-9b73-01fbe048aadd,2021-12-06T20:02:30,BRAND1,222.26,"""cefgccf akdccbd"" <cefgccf@gmail.com>"
02dcfb55-5217-4805-9d16-e190c7a1bee6,2021-12-06T20:02:30,BRAND5,640.34,cdhbhba@live.com
7a1dcfcb-1327-4405-979a-0620d186ccb0,2021-12-06T20:03:20,BRAND2,$190.33,ecffedi@gmail.com
22790254-91f0-465b-a23b-c66702c96cd2,2021-12-06T20:05:00,BRAND2,30.51,"""kclkdkb acklagc"" <kclkdkb@gmail.com>"
505b5e2d-e29c-48f6-9d7e-81daa1edd271,2021-12-06T20:05:00,BRAND2,274.75,"""hfkalhc kgflkke"" <hfkalhc@gmail.com>"
1f908dbf-ad01-427a-be12-2f21210d7135,2021-12-06T20:06:40,BRAND5,10.99,hbfkedl@gmail.com
4b93b88e-ae8f-43cd-9898-477b1137c7a8,2021-12-06T20:07:30,BRAND2,171.12,kjddlba@live.com
954a9237-ecfb-465b-96ef-ed422d959d7e,2021-12-06T20:09:10,BRAND3,870.99,"""bcckllh allglhi"" <bcckllh@appple.com>"
7d669e77-f30e-4931-bb49-026eaeb79b96,2021-12-06T20:09:10,BRAND2,147.90,"""dgddchl icdhaki"" <dgddchl@gmail.com>"
2ef0767e-6df9-4f2c-a1f2-71db1d101fec,2021-12-06T20:10:00,BRAND2,952.19,blijfkg@appple.com
ef717901-84bc-484b-b3a5-202feeee73cb,2021-12-06T20:10:00,BRAND1,621.92,eabgebl@appple.com
174b03f2-95b2-4438-82bb-06b4cf21ee58,2021-12-06T20:12:30,BRAND2,236.85,hadbldl@gmail.com
3ef64045-cef5-400b-94f6-524b6018e9f4,2021-12-06T20:13:20,BRAND5,353.77,lfbejhl@gmail.com
76c2dacd-c5fe-43d4-8143-0bf6e8b35582,2021-12-06T20:14:10,BRAND4,794.45,"""ccdiflf bjbhibc"" <ccdiflf@appple.com>"
f791261f-8441-4166-97b1-72085541928f,2021-12-06T20:14:10,BRAND2,570.73,eijleld@appple.com
3b9c659d-f79b-4294-8074-3caca9aab233,2021-12-06T20:18:20,BRAND1,993.20,klkhaaf@gmail.com
2735750e-c755-443d-89fb-836e2d77caa0,2021-12-06T20:18:20,BRAND5,372.13,"""gihlehj kdffcei"" <gihlehj@gmail.com>"
2c5a52ba-c3fb-4b9b-ae8e-e9427819752d,2021-12-06T20:19:10,BRAND4,441.90,ihbahkk@appple.com
44ff9300-7816-4fe0-a859-929450f7965a,2021-12-06T20:19:10,BRAND5,877.38,"""glaaefi alicjig"" <glaaefi@appple.com>"
b7eed5a5-5a7b-4974-abd9-9eb19020aa3a,2021-12-06T20:20:00,BRAND2,496.50,cgafjlh@gmail.com
2dabb06f-e915-4723-aaf8-38200a23cfa7,2021-12-06T20:20:00,BRAND2,930.73,"""kaekjaa ehdjlch"" <kaekjaa@gmail.com>"
ea476e78-8c63-4b98-8362-8ecfb92b17f6,2021-12-06T20:20:50,BRAND2,592.71,jgikcld@gmail.com
274448b2-ad50-4b87-8a6e-576f921b4c51,2021-12-06T20:20:50,BRAND2,161.77,"""ibjdaaa idjjgjb"" <ibjdaaa@gmail.com>"
466037e7-8942-4644-9ecb-8f10013d93ed,2021-12-06T20:21:40,BRAND2,752.74,ikkhfil@gmail.com
5eb59ab1-8e75-46ba-a90b-0a5edfcd2513,2021-12-06T20:21:40,BRAND2,325.56,hfjhefk@appple.com
0d8a8eb9-53c4-48b5-a22d-50cafff6cd8e,2021-12-06T20:22:30,BRAND2,858.01,hdbhjcc@gmail.com
a686a4b1-3d7e-4923-b4b8-79bf2520865e,2021-12-06T20:22:30,BRAND5,642.65,fgaibfa@appple.com
f709b664-2951-4a0e-8647-ccd706c33d1b,2021-12-06T20:25:00,BRAND2,857.88,"""gbikkhk eiidajj"" <gbikkhk@yahoo.com>"
f563a94a-82cf-4454-b15b-29f942bdb4d9,2021-12-06T20:25:50,BRAND1,12.06,"""fbekdac ckjjglf"" <fbekdac@yahoo.com>"
4ecbc23c-c57d-44e4-9293-f1d48c0b13da,2021-12-06T20:25:50,BRAND2,466.65,acibfge@live.com
625ba42d-6fcd-41fe-b51b-537252185997,2021-12-06T20:26:40,BRAND2,853.14,"""ijbgbdl kkgkahf"" <ijbgbdl@gmail.com>"
b837ba66-3f5d-4170-b9f3-2b96fb1162b7,2021-12-06T20:26:40,BRAND5,700.86,"""bfkajla kcjdggh"" <bfkajla@appple.com>"
c471c65c-e407-493d-8e4c-855c9125d8ec,2021-12-06T20:27:30,BRAND2,513.54,jgaclki@appple.com
2ebf9966-0990-477f-a209-45c522669f84,2021-12-06T20:27:30,BRAND2,405.20,jkghejb@gmail.com
7adb6925-fa8d-4f44-a9d7-2e6a3a8986e2,2021-12-06T20:28:20,BRAND2,202.62,"""lkgeejj ejeljfh"" <lkgeejj@gmail.com>"
1386e228-12fe-47e6-a95e-7fa79452ec0a,2021-12-06T20:30:00,BRAND1,895.15,idcagfg@gmail.com
97801711-44b7-4182-9e30-78cd18419d70,2021-12-06T20:30:50,BRAND2,972.96,"""fkeckkj leibdig"" <fkeckkj@live.com>"
ff0ff889-c803-4d39-ba4c-30cbf9b4d628,2021-12-06T20:30:50,BRAND2,986.33,hfbcclc@gmail.com
f40b775a-0725-4be4-b40a-923406b16324,2021-12-06T20:32:30,BRAND5,462.62,"""cacclcf bkkdhji"" <cacclcf@gmail.com>"
8d5ab81a-cf53-434a-b7ab-0148cfb30717,2021-12-06T20:32:30,BRAND2,718.39,"""ejaljci jkfggag"" <ejaljci@gmail.com>"
9b338d5e-380c-458f-ba61-c008d034ab4f,2021-12-06T20:33:20,BRAND5,171.79,"""libjagc hbhgcbb"" <libjagc@gmail.com>"
ef93c3e6-fa10-4a0c-9f76-46acfa3edd38,2021-12-06T20:34:10,BRAND2,94.92,bdjaihg@gmail.com
129ed29c-c422-4fb7-89aa-bc4265e837fa,2021-12-06T20:35:00,BRAND2,551.78,"""dbhbggl efddjab"" <dbhbggl@live.com>"
68253a6e-600a-444e-87c6-4536abc76d7c,2021-12-06T20:36:40,BRAND1,654.35,"""eigldcc lgfifgg"" <eigldcc@appple.com>"
a1962c27-ba9f-42e5-8c07-a3eb3edd4583,2021-12-06T20:36:40,BRAND2,654.01,"""hdgflij hgadcjk"" <hdgflij@appple.com>"
e9b31684-fc0c-4cda-9986-1b6691e022b1,2021-12-06T20:37:30,BRAND2,91.92,"""gddcbba ajcjbbk"" <gddcbba@gmail.com>"
b2eb4719-cad9-490b-b3e3-bfe5e61ba1a8,2021-12-06T20:38:20,BRAND2,721.93,hiegbdb@gmail.com
98ca0196-23e7-43c7-92db-094bb5873813,2021-12-06T20:39:10,BRAND2,258.72,"""cfiakib jhajkfa"" <cfiakib@gmail.com>"
08af06e9-3d3f-42d7-a4d1-422833351359,2021-12-06T20:39:10,BRAND2,916.70,"""dkfkiea laiebld"" <dkfkiea@appple.com>"
fadccfa1-1947-44c1-810f-2c69740982c8,2021-12-06T20:40:50,BRAND5,850.75,bhdejge@gmail.com
1b6717b9-b1ae-4184-8ace-0855ac482421,2021-12-06T20:41:40,BRAND5,824.02,bfjgehd@appple.com
2cbd7f95-5519-4368-bac4-c5d9224296aa,2021-12-06T20:42:30,BRAND4,56.57,fhacklh@gmail.com
f1d22f06-3d97-4049-89bc-f0c1acc593fe,2021-12-06T20:42:30,BRAND2,460.14,bfijkhd@appple.com
9fb14519-2162-4986-b494-9652b9a9d924,2021-12-06T20:45:50,BRAND2,610.39,"""lfkfgji dgbcgbf"" <lfkfgji@appple.com>"
0a28e5a7-4611-4607-a3e4-37ea25c4d0fe,2021-12-06T20:46:40,BRAND5,294.81,ccfjfjc@appple.com
ca9a7946-e276-405e-a304-169f623614c6,Mon Dec  6 20:47:30 2021,BRAND4,558.33,blecjli@yahoo.com
4e2caeb2-3451-4dc1-ae3f-02b629b25312,2021-12-06T20:49:10,BRAND2,614.41,heiijca@gmail.com
007fdc92-9489-478c-8716-1de7ec83f518,2021-12-06T20:49:10,BRAND2,763.40,"""cidiacd cabgiba"" <cidiacd@live.com>"
3476b1ae-2c76-4118-9ff2-662da1da479c,2021-12-06T20:50:00,BRAND2,767.26,fiadaja@gmail.com
aa4de20e-3133-4748-b7f9-a3e03e316577,2021-12-06T20:50:00,BRAND5,687.30,ckichhi@appple.com
ded4c6a9-38c6-4d12-ba85-15de637eb08e,2021-12-06T20:51:40,BRAND2,989.04,deeleaf@hotmail.com
94e3087f-3b31-400e-b6fe-5f03e1f960a6,2021-12-06T20:54:10,BRAND2,338.98,dkcbibg@appple.com
14446fbd-ec7f-41a6-b350-fbf3eced946c,2021-12-06T20:55:00,BRAND2,917.71,bljfhkc@gmail.com
fc460aee-8725-44de-a9aa-60c415bd3330,2021-12-06T20:55:50,BRAND2,288.36,ghkilbk@hotmail.com
90539feb-f5ce-466b-afbf-e71b1852f6ca,2021-12-06T20:57:30,BRAND2,447.67,gjihile@gmail.com
666be8b5-4882-4cd6-af01-a532ee10c3da,2021-12-06T20:57:30,BRAND3,175.24,"""illfigk lghlgih"" <illfigk@appple.com>"
12999d4b-4bb5-425b-b56e-b14eb3617c8d,2021-12-06T20:58:20,BRAND2,535.92,bhcihci@hotmail.com
21170748-173a-4997-a32e-5d4773277968,2021-12-06T20:59:10,BRAND2,807.90,dgglgcb@gmail.com
5e08a618-aeab-43ec-ba16-d411e449486f,2021-12-06T20:59:10,BRAND5,956.01,deakdec@gmail.com
f686130c-95e8-4a85-8fe1-feb352c9041c,2021-12-06T21:00:00,BRAND4,483.42,gaccfac@live.com
78f06e27-cb3e-42f3-b4e6-b0595b664e7a,2021-12-06T21:00:00,BRAND2,222.52,"""alalhkc hdkbehg"" <alalhkc@appple.com>"
a253700d-1c36-4197-8730-ec5a6e8fa502,2021-12-06T21:00:50,BRAND2,98.77,hidaegg@yahoo.com
06e17b44-126e-40d2-9a4d-6461c848dd4f,2021-12-06T21:01:40,BRAND2,592.75,igbaekl@gmail.com
57c3b681-00f6-4663-8ee9-acb2b1fcb213,2021-12-06T21:01:40,BRAND5,106.72,cbkedbd@gmail.com
29ec938c-4aac-4828-b041-604b994d24a9,2021-12-06T21:02:30,BRAND2,659.72,"""lkeaehf kejjeea"" <lkeaehf@yahoo.com>"
6128272d-1907-47ac-8100-fe25a22861c9,2021-12-06T21:05:50,BRAND5,582.71,jbbfaci@yahoo.com
d38c5587-4069-4e17-8d25-4a13ff0a5e04,2021-12-06T21:05:50,BRAND2,70.20,"""hkhbcke eiaflfb"" <hkhbcke@appple.com>"
39e3f56e-9508-4986-a0d6-d5c91176d2b0,2021-12-06T21:06:40,BRAND1,659.93,gdceeea@gmail.com
7655d439-4f76-4ade-9032-d6fbc07f4907,2021-12-06T21:07:30,BRAND5,912.89,"""ehcldad ecldcgb"" <ehcldad@appple.com>"
17accdcb-3360-47c7-812f-c779384a5cf9,2021-12-06T21:07:30,BRAND1,299.73,"""bgcfgdc lfjdfba"" <bgcfgdc@appple.com>"
3aca7087-c0e8-49b0-97ab-2c33bfc19770,2021-12-06T21:08:20,BRAND5,919.67,"""lkfiiei hjkkjlh"" <lkfiiei@gmail.com>"
62bae42e-763e-4243-abc4-0a66b0f1cd60,2021-12-06T21:09:10,BRAND1,288.66,"""facbgca gkfghba"" <facbgca@appple.com>"
4ce52ed5-5c2b-473d-b453-d44172bfbf74,Mon Dec  6 21:09:10 2021,BRAND2,136.63,"""dibfccb ifhfjjl"" <dibfccb@yahoo.com>"
5c20214e-b82d-43c2-8784-dcfed80bc597,2021-12-06T21:10:50,BRAND2,41.16,"""lkacfke eghdckd"" <lkacfke@appple.com>"
b949cfb8-3e1f-4ea4-aaad-771b5cd71996,2021-12-06T21:11:40,BRAND5,80.51,edhcgil@live.com
e1ee4af2-81b9-49ce-9140-7d9b5b7d6158,2021-12-06T21:11:40,BRAND1,752.35,"""lcikjba jdhikgf"" <lcikjba@yahoo.com>"
f2152107-7250-474b-9a5b-72c89e88a92d,2021-12-06T21:12:30,BRAND5,523.54,"""ebjkgih chhlklb"" <ebjkgih@yahoo.com>"
9f22d715-bc85-43b3-9b42-1ec2e1f440ca,2021-12-06T21:13:20,BRAND2,875.06,gfhggjl@hotmail.com
4e755a0c-ce35-47d9-afce-fd1a00b9b016,2021-12-06T21:13:20,BRAND1,291.52,"""fldhiaf hlcgbic"" <fldhiaf@appple.com>"
80ae4a90-695d-481a-92e2-e774c1fa8806,2021-12-06T21:14:10,BRAND3,62.71,dcjifae@gmail.com
380a5402-33b5-40d9-8b2d-150de4cfeddc,2021-12-06T21:14:10,BRAND2,170.95,cfeljda@appple.com
0be3f05b-cc5d-40a7-916a-199c7a8e14f0,2021-12-06T21:16:40,BRAND1,277.23,clhkjcd@live.com
aa677dd5-85ce-46a3-875c-62b48484dd73,2021-12-06T21:16:40,BRAND5,761.37,"""ajdgjha balkdij"" <ajdgjha@appple.com>"
dbe9a36b-18a0-4912-8597-23a4dc265c03,2021-12-06T21:17:30,BRAND2,310.80,"""hflaebf ledkjei"" <hflaebf@appple.com>"
9b47ab3a-fe31-45d2-acf0-b2bdc3dad724,2021-12-06T21:18:20,BRAND2,944.46,"""lhkjcic ihdjbej"" <lhkjcic@gmail.com>"
ad8ce4a8-eee8-44a3-96ed-4f24dd463fb3,2021-12-06T21:19:10,BRAND2,731.43,"""kbcclia jgjildd"" <kbcclia@live.com>"
e4390189-509f-4683-ad9c-4a5851b0cde2,2021-12-06T21:19:10,BRAND2,662.70,iclbdcl@live.com
8bfee847-73fd-4df0-8e79-d5318ba41385,2021-12-06T21:20:00,BRAND5,47.71,"""ehghdif dijaghi"" <ehghdif@gmail.com>"
bfdb31c8-470c-4918-af3b-9d1a7a6fc90c,2021-12-06T21:20:50,BRAND2,725.25,"""lcabdcg dalgcig"" <lcabdcg@yahoo.com>"
cd4accd3-70ed-4af6-a2be-547a009da437,2021-12-06T21:20:50,BRAND1,336.60,iblciab@yahoo.com
f1ae583e-f313-457f-81c6-d303e1129baa,2021-12-06T21:24:10,BRAND5,818.35,"""behagfh bchjhab"" <behagfh@appple.com>"
e2ea81d3-4361-47ff-a54a-9bf1ad6ed158,2021-12-06T21:25:50,BRAND1,490.41,lfdhdhi@gmail.com
5c8a332b-4acb-4796-b4ae-e291916eef38,2021-12-06T21:25:50,BRAND2,$332.49,"""bbjgidb hadaadk"" <bbjgidb@yahoo.com>"
10e541a2-51f1-40c9-9468-026a42c6ebd3,2021-12-06T21:26:40,BRAND2,745.83,"""leallbb edaklak"" <leallbb@gmail.com>"
349618a8-e4f5-4d9b-b385-77b64950c0a4,2021-12-06T21:26:40,BRAND2,893.88,giakgei@appple.com
081c3e02-b60a-49ea-80c9-187f475f3db3,2021-12-06T21:30:00,BRAND1,164.25,acakkdf@gmail.com
f8ac34e6-1c13-4da6-9ab3-b950a3ab80f7,Mon Dec  6 21:30:00 2021,BRAND4,818.94,hfbaefb@appple.com
615fb06b-16e4-4bda-836e-9d9c59e8ca07,2021-12-06T21:31:40,BRAND2,241.48,dhdblck@appple.com
1113aa99-0218-443a-98e7-8c1a39bf8212,2021-12-06T21:32:30,BRAND1,27.68,"""dedifdc bfhdbla"" <dedifdc@appple.com>"
2814150b-2fda-4207-987c-490956ef8d1e,2021-12-06T21:33:20,BRAND2,629.57,"""jhicljk ajebicb"" <jhicljk@gmail.com>"
e691c654-1acd-4429-91ed-f8769dba5bea,2021-12-06T21:34:10,BRAND1,626.28,"""jekclde ggekggh"" <jekclde@gmail.com>"
889b1242-2d9f-4200-a907-b76b9aa26e46,2021-12-06T21:35:50,BRAND1,393.36,idfffee@gmail.com
a9fa424f-73fc-4d8e-961e-e6eade78cfec,2021-12-06T21:35:50,BRAND4,64.64,"""elfbhlb fclhldf"" <elfbhlb@live.com>"
298af484-f8b6-4fcd-beaf-e549d069d192,2021-12-06T21:36:40,BRAND2,820.48,"""klfekbl illcihe"" <klfekbl@gmail.com>"
edabbd32-2711-4fca-9115-8e01d8329351,2021-12-06T21:39:10,BRAND2,454.08,kgidfak@gmail.com
54b99a67-53da-4c6c-9749-f7958ef8c58d,2021-12-06T21:39:10,BRAND5,882.05,ldfaikg@appple.com
3561b784-d7b0-4aa8-8426-426970941fd8,2021-12-06T21:40:50,BRAND2,636.35,"""edggkil egbehga"" <edggkil@gmail.com>"
76b6f2c2-0862-4a7e-a0df-1b1f9abf425e,2021-12-06T21:41:40,BRAND1,643.94,"""gkhhdae ihbabde"" <gkhhdae@gmail.com>"
4e33ffbf-7a98-4218-8e8e-1c326f12bf50,2021-12-06T21:42:30,BRAND2,713.32,"""legbaih hjalkdd"" <legbaih@appple.com>"
842770f3-9d48-4457-8133-bacd946efc5a,2021-12-06T21:42:30,BRAND2,96.16,dbjhdlc@gmail.com
c319a7c9-40c3-4331-a991-32c3b5b14c89,2021-12-06T21:43:20,BRAND2,166.40,hhkfdij@gmail.com
c7b33be4-7d00-4b65-a9b6-c32c2bb23eca,2021-12-06T21:44:10,BRAND2,390.35,gbkkhek@gmail.com
19b28b5a-c04a-4ed7-a253-9ea68bf16e7d,2021-12-06T21:44:10,BRAND2,72.40,keiaiki@gmail.com
824c35a7-3b4a-4ee4-b9b1-cb4e63949f7a,2021-12-06T21:45:50,BRAND5,451.54,"""ckbhdga klijiel"" <ckbhdga@gmail.com>"
20c2113e-d06e-441f-a4b4-2b815d81cf89,2021-12-06T21:45:50,BRAND2,487.87,efgflcd@yahoo.com
f8d65792-d8b7-454f-992f-d25910330b04,2021-12-06T21:46:40,BRAND2,386.07,ikedikk@gmail.com
65bbee70-f7b0-47ff-9f8a-a5dd1adcd1c8,2021-12-06T21:48:20,BRAND2,73.39,"""hhabige jfdhaac"" <hhabige@gmail.com>"
c04a825a-576d-49ea-bc50-4c48a2f7bc2e,2021-12-06T21:48:20,BRAND2,798.34,"""gigbggc lccglgl"" <gigbggc@live.com>"
eeb3d4c1-552b-4f9d-b9ba-2c9fe0c4bd6c,2021-12-06T21:49:10,BRAND5,300.54,"""agfgaeh jakckbj"" <agfgaeh@yahoo.com>"
00e8d1a2-d0fd-4230-97d8-810512d5dc20,2021-12-06T21:49:10,BRAND1,546.43,bfchjha@gmail.com
2d4ab640-fd82-4ce6-85c5-0169fbd75915,2021-12-06T21:50:00,BRAND2,668.28,lecigil@live.com
a8d0f7f6-4b2f-4535-977d-9660a481f4f2,2021-12-06T21:50:00,BRAND2,445.30,ffffagb@appple.com
8b5c1b50-a84a-476d-82c9-6ef73cf6012b,2021-12-06T21:50:50,BRAND2,613.56,"""ajllckh kbefdif"" <ajllckh@live.com>"
5c2b22f4-e8b6-4d98-8e3d-2b711dc41fe6,2021-12-06T21:50:50,BRAND2,783.49,bigfckd@appple.com
e2b712d2-1d25-44b0-9a58-9da6450a9589,2021-12-06T21:51:40,BRAND1,837.39,"""gcddfac bledgjj"" <gcddfac@gmail.com>"
255d47e2-13b8-4551-8063-04a3172b4eb1,Mon Dec  6 21:51:40 2021,BRAND2,370.47,jgggldl@appple.com
11b2ae68-e33b-4c49-b6d0-6298073c196b,2021-12-06T21:52:30,BRAND1,347.16,"""fcelbjg jalkkcf"" <fcelbjg@gmail.com>"
688f4e20-b2aa-4a02-9542-50f1bd1ae017,2021-12-06T21:53:20,BRAND4,473.82,haildbh@gmail.com
da565d4c-67eb-4b82-ab12-3d976ff496b7,2021-12-06T21:54:10,BRAND2,647.52,dlgchhe@appple.com
fabc31df-68c9-43df-a7a6-d61f840e5491,2021-12-06T21:54:10,BRAND1,142.94,"""elcdjlf biffkgi"" <elcdjlf@appple.com>"
25887d91-40a1-40a3-b701-f0b2dd426d2c,2021-12-06T21:55:00,BRAND2,217.42,gjcklbj@live.com
80fcf267-6094-4374-89ee-12303c0d9ecb,2021-12-06T21:55:00,BRAND2,45.02,kbeehkb@appple.com
6008997e-0437-464b-a073-d04502f5a713,2021-12-06T21:55:50,BRAND2,450.56,"""liedjgf jfghbkl"" <liedjgf@gmail.com>"
fd243ee2-10e9-4170-9b74-e2c0028534d0,2021-12-06T21:55:50,BRAND5,35.47,"""libdgfj lkaibhg"" <libdgfj@live.com>"
74e4cc3e-5437-4430-8f48-126fc36473b3,2021-12-06T21:56:40,BRAND2,633.73,agjejlb@appple.com
eb0794eb-8590-45be-b786-7aee1e36dd36,2021-12-06T21:56:40,BRAND5,69.88,lbjfbeb@appple.com
1faeca12-1057-4a3c-ba0e-7ba0fdeab25e,2021-12-06T21:58:20,BRAND1,62.74,ejfeiei@gmail.com
b8fe7d7d-f9f1-4d0e-80a2-4ba6ae68ea0c,2021-12-06T21:59:10,BRAND2,181.01,"""ibfaidd dekdiil"" <ibfaidd@gmail.com>"
439e5c57-e89e-4c7e-8db5-df2ec401f49e,2021-12-06T21:59:10,BRAND5,779.68,hbhafib@gmail.com
3aba926d-3faa-47dd-9b85-921494e93b64,2021-12-06T22:00:00,BRAND2,945.31,lghellc@gmail.com
ad85677c-b675-4879-8d14-8e34461523d4,2021-12-06T22:01:40,BRAND1,766.75,gacdjij@appple.com
51d0c813-2592-4ee3-bb21-676313bf2d93,2021-12-06T22:02:30,BRAND3,520.15,"""cfegild clcbeha"" <cfegild@gmail.com>"
2bdd76ec-17e6-44c5-841d-79f9cfebad94,2021-12-06T22:02:30,BRAND2,490.46,jadlgel@gmail.com
109ba8e2-961a-451d-86bd-031a67bd162a,2021-12-06T22:03:20,BRAND2,147.01,jjejeih@gmail.com
46e53d26-df9d-4b09-9027-c8d8f6bf2eac,2021-12-06T22:03:20,BRAND5,38.74,dglldkk@appple.com
389b4909-a115-4b22-85f2-cba5b3359a24,Mon Dec  6 22:04:10 2021,BRAND2,438.07,"""ijfbaal igbjbef"" <ijfbaal@appple.com>"
cb2529c8-86dd-4da7-9546-7cd13dc90199,2021-12-06T22:05:50,BRAND1,875.61,adllhic@gmail.com
930c509e-cc17-47ef-a613-8b896536daca,2021-12-06T22:06:40,BRAND5,186.39,decbjfb@gmail.com
9be35601-5b1d-4eb5-aa43-bad1b3ee871d,2021-12-06T22:06:40,BRAND3,332.11,clkgdje@yahoo.com
6aec0c83-b9e2-43bd-8859-3e1188350df7,2021-12-06T22:07:30,BRAND5,68.30,fgebcfb@appple.com
9d5b62ff-efa9-4b8d-8be4-05f98beaf761,2021-12-06T22:07:30,BRAND2,150.24,jhedjik@gmail.com
9173d4af-0d9e-45e9-93ba-26a9317c3ede,2021-12-06T22:08:20,BRAND5,150.50,"""khckgbf cdlcbab"" <khckgbf@gmail.com>"
97c6b69c-a930-4ab4-877c-0d765b2a498b,2021-12-06T22:08:20,BRAND2,724.73,"""kdebbgh ajcjdci"" <kdebbgh@appple.com>"
fc18e504-4568-4cae-87e7-481b7c9ab4f4,2021-12-06T22:09:10,BRAND1,291.18,akjeilk@live.com
44319c29-a4e1-4f53-a97a-83f5014c99d4,2021-12-06T22:09:10,BRAND2,84.12,"""gfheggi bbflkhl"" <gfheggi@yahoo.com>"
aefe8678-9a4a-4201-98b4-da2675d52c2d,2021-12-06T22:10:00,BRAND2,68.40,"""cklkcbg kgheegf"" <cklkcbg@appple.com>"
544df6ca-ba41-4ed7-8d3c-42db2292e8aa,2021-12-06T22:10:00,BRAND1,323.12,ihbhgge@appple.com
724cc275-12ae-41f9-bb3b-afa1011db484,2021-12-06T22:10:50,BRAND3,878.65,afcjhcl@appple.com
8515de6a-bc37-449f-b25f-e8f1d5c94e98,2021-12-06T22:10:50,BRAND1,250.47,legjjak@gmail.com
9a73a335-a22e-4b1c-988f-016ecf51d995,2021-12-06T22:11:40,BRAND5,558.44,hilcghj@live.com
e0b99c9d-cdb0-426c-8050-4a758b4a0982,2021-12-06T22:12:30,BRAND2,109.85,ccejhfi@gmail.com
400c955e-cadf-46fb-8c6d-ef96c3b25529,2021-12-06T22:14:10,BRAND2,308.34,ehdgjbl@yahoo.com
551abc04-9bba-4674-872d-cebbce8d1adc,2021-12-06T22:15:50,BRAND1,749.18,"""kejaika bglglid"" <kejaika@live.com>"
71de4913-8743-4bf6-ac39-8670551410e7,2021-12-06T22:17:30,BRAND2,957.56,"""egfkgdk dlbifal"" <egfkgdk@yahoo.com>"
a97697b7-5c8c-4103-a08d-9d76a2017d96,2021-12-06T22:18:20,BRAND2,562.67,facbiaf@gmail.com
2c8f8bbb-577a-4ef5-b289-089c2db93dd4,2021-12-06T22:18:20,BRAND5,504.17,glbgejj@appple.com
2c93b55f-e7e5-4d74-abaf-c54b677fc9e0,2021-12-06T22:22:30,BRAND4,401.09,aeghlak@gmail.com
da7f6480-c602-4a58-b6fe-367be5d2cb09,2021-12-06T22:22:30,BRAND5,637.21,hbejhlc@gmail.com
3c33e9da-a3ce-4e41-aac8-f8db233dad45,2021-12-06T22:23:20,BRAND2,993.23,jegecci@appple.com
0a2a660b-c81f-4797-90a8-4b756b7996a4,2021-12-06T22:23:20,BRAND2,403.60,cdbcjfi@appple.com
0cf98615-46b0-41b8-af4b-82293f352f46,2021-12-06T22:25:50,BRAND2,532.03,"""ldkgfaf aijiajl"" <ldkgfaf@yahoo.com>"
628dc657-346c-4b04-a561-5ea73b5172e0,2021-12-06T22:25:50,BRAND2,700.31,gkkljhf@appple.com
c1d0fad2-93cd-40b6-85b2-f430cb948d61,2021-12-06T22:28:20,BRAND5,158.40,"""eeeaeke efadjik"" <eeeaeke@live.com>"
f7956c30-e278-4026-bb24-ec8266032df9,2021-12-06T22:29:10,BRAND5,775.49,dhhjhif@appple.com
b5de814b-8850-42b2-a124-aa2dd6aa4f1f,2021-12-06T22:30:50,BRAND2,81.01,"""afhhdbc aaehfgh"" <afhhdbc@gmail.com>"
438f2e8a-135d-45bd-9d21-523c8cce18b4,2021-12-06T22:31:40,BRAND2,$427.22,haiflaj@gmail.com
345de20f-8990-4e59-8adc-ea25d0c70b7a,2021-12-06T22:32:30,BRAND1,338.44,lfcbkbc@gmail.com
2f6b7a0c-9654-476e-ae43-f6abeea0eaf3,2021-12-06T22:32:30,BRAND2,15.04,jahhfjc@gmail.com
aa38102b-d9ec-4e3f-9286-e84b6754ed2b,2021-12-06T22:33:20,BRAND1,612.87,hkgljbl@gmail.com
7093d94e-4f2f-4b6c-a5db-8726abd7367b,2021-12-06T22:35:00,BRAND3,495.00,"""jaibjid biejhjf"" <jaibjid@appple.com>"
a506091c-803d-4292-828c-4153e41a49c6,2021-12-06T22:35:00,BRAND5,753.90,dkhicae@live.com
45ab6641-1d30-467c-a6db-56bf48ca0e54,2021-12-06T22:35:50,BRAND2,744.65,"""dbcfibg ddkbbgf"" <dbcfibg@gmail.com>"
b7eed5a5-5a7b-4974-abd9-9eb19020aa3a,2021-12-06T22:36:40,BRAND2,0.39,"""gfelffd khgfjlh"" <gfelffd@gmail.com>"
82689fd0-8a7f-4222-8887-2db991e41680,2021-12-06T22:37:30,BRAND2,880.64,jefckbl@yahoo.com
74244def-93c0-4444-89ae-3cfc597af7f0,2021-12-06T22:39:10,BRAND2,13.73,"""llfgbfe idbcbgl"" <llfgbfe@hotmail.com>"
f8e0c317-db69-41e5-b4c9-79f202020886,2021-12-06T22:40:00,BRAND5,$108.05,lhgdicd@gmail.com
ed9229e2-6747-4e27-b7b4-9ffb92344465,2021-12-06T22:40:00,BRAND3,648.36,"""kjfajab gaaaklh"" <kjfajab@gmail.com>"
3ef5cc2f-6611-4673-a767-cbeb8089f8e7,2021-12-06T22:40:50,BRAND4,175.02,ijaeelb@appple.com
568955e3-582e-4bec-b8f3-8fee420d1b66,2021-12-06T22:40:50,BRAND5,178.66,flkikef@gmail.com
abd63f01-b122-4b7c-bed3-ecff5de3c187,2021-12-06T22:43:20,BRAND2,96.00,cdhellf@live.com
07337606-e2c6-460e-a910-67109e79721c,2021-12-06T22:43:20,BRAND2,942.42,ghagljb@appple.com
b4cb359a-01ce-4bee-97d9-dbff837c1bfa,2021-12-06T22:44:10,BRAND4,819.37,"""fclkjgh cjdkbga"" <fclkjgh@appple.com>"
10174d43-6803-4861-980d-d9e17767881d,2021-12-06T22:45:00,BRAND5,889.69,"""daagbjl bbffbhc"" <daagbjl@gmail.com>"
91b8af6f-66d8-4b4f-803a-9279c55c9a44,2021-12-06T22:48:20,BRAND1,717.28,klgjach@gmail.com
276df993-1bf4-41a9-8938-eb1ecbf8e2c7,2021-12-06T22:49:10,BRAND4,545.37,ebchhfe@gmail.com
d1429754-c125-4ad1-a52f-6a708a542ac3,2021-12-06T22:49:10,BRAND5,30.31,jkljjdg@gmail.com
d50b2320-63d7-43a0-a24d-8ea837289d5c,2021-12-06T22:50:00,BRAND5,403.72,"""hejdfag hadjegc"" <hejdfag@appple.com>"
e3190173-00c9-4b9d-82a3-77ea05f50070,2021-12-06T22:51:40,BRAND4,625.32,hgjjeca@appple.com
ea531c4a-6116-441b-8809-cf5b849bd317,2021-12-06T22:52:30,BRAND4,846.97,"""blccdfh cakllja"" <blccdfh@gmail.com>"
dd5540fb-2e74-409e-86ed-5e3fb0db8972,2021-12-06T22:53:20,BRAND5,76.48,"""jfflaki dhbhdfh"" <jfflaki@gmail.com>"
47b6abd2-238b-4cdf-af52-40a1f1822d13,2021-12-06T22:54:10,BRAND2,218.99,ljcceek@yahoo.com
3c511941-f7d9-435c-a3ef-4956de5d8c50,2021-12-06T22:54:10,BRAND2,941.00,cbhldge@appple.com
1479d6c4-ddda-4760-830e-3dd538983ef3,2021-12-06T22:56:40,BRAND2,791.35,hiagkle@gmail.com
4c794431-66f8-4f5c-bdb0-b7ea688b1105,2021-12-06T22:56:40,BRAND2,595.35,jaijakh@live.com
6fbc0453-1e6a-44ee-bba4-7be3deb25e92,2021-12-06T22:57:30,BRAND2,837.87,jjggehb@gmail.com
d75a8e83-0a6d-4975-bf38-54249d92affd,2021-12-06T23:00:00,BRAND2,326.84,alffglf@gmail.com
bec4c841-6313-4109-ba09-f441edbaf5dc,2021-12-06T23:00:00,BRAND5,582.50,cckfgcl@gmail.com
afc23791-e7f2-4866-b56c-5419960d6b4c,2021-12-06T23:02:30,BRAND2,713.54,glijici@gmail.com
fa490b2c-889f-4076-8cf8-027d97b5ad50,2021-12-06T23:03:20,BRAND2,332.04,"""abhglgd cjdfejj"" <abhglgd@hotmail.com>"
141ffc19-5b36-4ced-baa7-c53088230450,2021-12-06T23:03:20,BRAND1,878.95,"""gedckhf gheeclg"" <gedckhf@gmail.com>"
21f35392-046d-4095-a6ef-4a773c1b7a18,2021-12-06T23:04:10,BRAND1,2.88,kfhcdcj@yahoo.com
3edf4b9c-ef1f-4975-9949-60bbfe4d0829,2021-12-06T23:04:10,BRAND3,939.06,adfijbl@appple.com
0af729bd-7322-4356-b85b-c6dfe078f107,2021-12-06T23:05:00,BRAND2,720.83,"""gblikfg kglhcii"" <gblikfg@gmail.com>"
b0a3cac5-bc84-4cf0-a19e-e37c2493951c,2021-12-06T23:05:00,BRAND2,514.95,eglbjkc@live.com
0ca37b58-6a18-4577-ad84-2e4c14101e49,2021-12-06T23:06:40,BRAND5,615.63,"""kglahac djjajkj"" <kglahac@gmail.com>"
14c2cc47-3cd8-4f39-92bb-7a939cf4ee1f,2021-12-06T23:06:40,BRAND1,173.67,jbdedfl@gmail.com
a16269a4-faad-4d7d-9b24-c6e61f7e56c8,2021-12-06T23:07:30,BRAND2,854.70,kgaddcf@live.com
e238e426-a7d7-4c30-a0ce-e8c45ceab7b6,2021-12-06T23:07:30,BRAND2,157.66,aejddei@gmail.com
156ac89e-a373-41ae-b6e8-012232690b47,2021-12-06T23:09:10,BRAND2,603.78,"""iljfdee ifcdcgk"" <iljfdee@appple.com>"
2e9cf39b-1f08-44d6-bf1b-b9132da53db0,2021-12-06T23:09:10,BRAND2,$834.31,glgifgi@gmail.com
dd92f8a4-7339-4a4d-865f-7198100016af,Mon Dec  6 23:10:50 2021,BRAND2,830.21,"""ajhdgdf fhicbeb"" <ajhdgdf@appple.com>"
907256a4-c24c-419b-965d-0a18d0911aff,2021-12-06T23:12:30,BRAND5,574.51,kidelik@gmail.com
43015aef-503c-446b-a6d8-9026e217a165,2021-12-06T23:12:30,BRAND2,616.79,"""bjiakel edhecdh"" <bjiakel@hotmail.com>"
466afd9a-d38f-478c-8a8d-c8ebd54a951f,2021-12-06T23:13:20,BRAND2,628.25,"""dfbblad bdfbijh"" <dfbblad@appple.com>"
9ba28288-7f41-4f85-bdba-709d27534b31,Mon Dec  6 23:14:10 2021,BRAND5,799.74,"""ecjlcbh jllhhjj"" <ecjlcbh@gmail.com>"
891518e0-7e10-40fd-a8eb-151a0862882b,2021-12-06T23:15:00,BRAND2,193.21,"""ejdbgck iddehfe"" <ejdbgck@gmail.com>"
723e4acd-0e97-4f86-a811-fe476d8c7ba8,2021-12-06T23:15:50,BRAND2,397.51,"""egcihka ifjahcd"" <egcihka@gmail.com>"
eb77ab1b-f282-47d1-9024-f1001f824972,2021-12-06T23:15:50,BRAND5,360.15,"""lkfiebf jchjcgk"" <lkfiebf@yahoo.com>"
fb675e47-2073-4b56-9241-e43062eb73eb,2021-12-06T23:16:40,BRAND2,900.56,"""lceaalb lbflfbf"" <lceaalb@gmail.com>"
03d4d2f4-7ce4-4183-a513-25af42ffdbe6,2021-12-06T23:17:30,BRAND3,642.37,kclfgel@appple.com
fa96dda2-7fdb-4913-b1a6-464e3fddbb59,2021-12-06T23:18:20,BRAND1,708.35,"""iaahlbh cjckhdd"" <iaahlbh@appple.com>"
416cd38a-a284-41e4-b867-96ee53a28ff8,2021-12-06T23:19:10,BRAND1,853.66,hdcfhbc@gmail.com
07708979-f486-45b8-aab6-204583fcef22,2021-12-06T23:20:00,BRAND2,560.65,"""ihgacdl bflikac"" <ihgacdl@gmail.com>"
05e62ac5-86b9-4a5a-bb98-05db1f199d4c,2021-12-06T23:20:50,BRAND2,74.38,bgkjhhj@gmail.com
e860fa8a-a0de-40e6-8d44-bc124c56b864,2021-12-06T23:20:50,BRAND5,560.18,lbdklfl@yahoo.com
19b153c0-30bb-4797-a541-29285313a501,2021-12-06T23:21:40,BRAND2,934.67,"""eigajih fhlklbc"" <eigajih@live.com>"
9b2bd4cd-8c9b-4d0e-b1c3-58e9ea9e4467,2021-12-06T23:21:40,BRAND2,904.60,bhkffcg@yahoo.com
b41589c5-610d-4f9d-a399-df225907ebbb,2021-12-06T23:22:30,BRAND3,896.91,gdbicgl@appple.com
cec65daa-f0b0-475e-96f7-33ed46bfb1dc,2021-12-06T23:22:30,BRAND5,969.76,fidkfbl@gmail.com
6e31d976-59ec-41cf-a9ff-0953e83baa73,2021-12-06T23:23:20,BRAND2,168.05,fadfffb@yahoo.com
da786880-8945-451f-aee1-71c540dc5a74,2021-12-06T23:23:20,BRAND1,72.98,"""hhelkef lcadegd"" <hhelkef@appple.com>"
dd9baf6c-e207-4e2c-9268-6af39017014a,2021-12-06T23:24:10,BRAND2,629.71,babgiaf@gmail.com
794fe08a-c5cc-4867-b80d-2d2fcd3d9f96,2021-12-06T23:24:10,BRAND2,230.23,"""lglbikl bdjglfg"" <lglbikl@gmail.com>"
d57de050-c1fa-4c02-ac6f-35fe0cae1ea7,2021-12-06T23:25:00,BRAND2,485.09,dbkbgbe@gmail.com
cb032dfd-2c0c-4ba2-9953-da1ad03e1ac7,2021-12-06T23:25:00,BRAND2,475.91,khaghjg@gmail.com
5ef81491-3b90-4e44-82c0-f92acc528ee4,2021-12-06T23:25:50,BRAND1,993.38,"""jcgfcba lddcedi"" <jcgfcba@appple.com>"
a21772c6-b133-4c03-8489-f5b71b2879a1,2021-12-06T23:25:50,BRAND1,485.41,iecieda@gmail.com
87cfe699-5aa5-4603-987e-dea530f57298,2021-12-06T23:27:30,BRAND2,319.11,bfhgedk@yahoo.com
4eb4cbea-0832-4ff7-b1c5-a5a5c385c8ac,2021-12-06T23:28:20,BRAND2,549.92,"""jjikeii kdcjkha"" <jjikeii@gmail.com>"
33c88725-3d24-4cf5-a02c-902d0d546145,2021-12-06T23:31:40,BRAND1,841.74,"""egehfgi acghibh"" <egehfgi@appple.com>"
f8540df4-8e61-4b94-b96f-874424f45bc7,2021-12-06T23:31:40,BRAND5,440.14,eikdjeb@live.com
8b0f226b-15e6-4cfb-a49f-2ef7aed4e2e4,2021-12-06T23:32:30,BRAND5,334.49,"""likiaai cbfkbfk"" <likiaai@gmail.com>"
99b2909e-1097-4acd-a579-00fca622de3a,2021-12-06T23:34:10,BRAND2,878.95,"""kilbdhj cehcigc"" <kilbdhj@appple.com>"
512d824c-f31b-452f-831e-188aba3c2c50,2021-12-06T23:34:10,BRAND5,631.16,cdkdbfc@gmail.com
f6f180cb-4123-4953-8226-a2ef4e60d96d,2021-12-06T23:35:00,BRAND2,402.65,ehekaff@appple.com
dbf6a626-28dc-40f6-8abc-696bf90e227a,2021-12-06T23:35:50,BRAND1,11.83,"""dhdaelj jbecllc"" <dhdaelj@gmail.com>"
69666c7e-48cd-4701-aab6-d9ad098f392d,2021-12-06T23:35:50,BRAND2,479.88,cfccill@live.com
1304bad8-f9e4-49e7-ba67-09e613948f42,2021-12-06T23:36:40,BRAND5,205.19,"""hijhjja gkiihck"" <hijhjja@appple.com>"
49fc1833-f9cc-44b9-83e9-fd994831edb9,2021-12-06T23:37:30,BRAND2,991.14,"""ejlcjik bdcddfl"" <ejlcjik@gmail.com>"
a460977e-2607-43ca-a24c-a8e1a0b4579c,Mon Dec  6 23:37:30 2021,BRAND2,193.85,jaagaki@yahoo.com
9eedeeec-bcde-4290-8630-06a6865cfd55,2021-12-06T23:38:20,BRAND2,121.46,fghhaij@gmail.com
f91d600a-26b2-450a-8700-bdc2a28d9e3d,2021-12-06T23:40:00,BRAND3,878.39,ghlicka@appple.com
f738f61a-2e47-44ad-9d2f-24668087bb27,2021-12-06T23:40:00,BRAND4,976.78,"""jihflgd fihflbk"" <jihflgd@yahoo.com>"
c6959124-30b4-43c8-bba8-579d831adac1,2021-12-06T23:41:40,BRAND5,676.99,"""hfcehfi khekgbf"" <hfcehfi@gmail.com>"
abd1375f-13e3-4101-bc11-9debdd48eba0,2021-12-06T23:41:40,BRAND1,82.65,"""llhdieb gifgkaj"" <llhdieb@gmail.com>"
6f62217f-3445-41ef-ab65-8e4ec1116798,2021-12-06T23:42:30,BRAND2,899.57,hiaiidf@gmail.com
f45508ec-6690-40a8-9dc3-b00134371ea0,2021-12-06T23:42:30,BRAND1,773.46,gabikfe@gmail.com
541fe81e-c5d7-4d84-85ce-52d99d8fb075,2021-12-06T23:43:20,BRAND2,789.33,"""ffjkhgf jhbfllh"" <ffjkhgf@gmail.com>"
989ed6ad-3350-4293-a2a5-1c02930c9cd3,2021-12-06T23:44:10,BRAND5,707.26,agblfil@gmail.com
bade5f71-82fb-454a-a102-330f898022f5,2021-12-06T23:45:00,BRAND2,315.25,ibeagcg@live.com
7a6ee002-4bf2-4423-ae8b-37c4681fc1d9,2021-12-06T23:45:50,BRAND4,414.27,ahgjckh@gmail.com
0907a199-adf3-4a6f-8243-243adcb51dcd,2021-12-06T23:47:30,BRAND2,314.24,agkjfhj@gmail.com
25ea6da3-c1eb-410b-9984-4943930ba86b,2021-12-06T23:48:20,BRAND3,$207.54,hllllfk@appple.com
a613d863-8914-4bbf-bc48-960592efefe2,2021-12-06T23:49:10,BRAND2,323.92,lhafllj@live.com
47a2159e-2ebe-4151-8f4a-499a1f90f5b9,2021-12-06T23:50:00,BRAND5,703.63,kggfhbg@appple.com
da5d51e2-8809-4086-ad3d-4548e9a2b59d,2021-12-06T23:50:00,BRAND2,856.36,haiceeb@live.com
461815b9-45d4-46ea-995a-cf9814c2666c,2021-12-06T23:50:50,BRAND5,471.78,kgjdalg@yahoo.com
9962b5fc-976c-44f8-964d-66d835af937a,2021-12-06T23:52:30,BRAND1,317.96,egikdia@gmail.com
35b9454b-0b1f-4bc4-8373-7ac3a6f01a28,2021-12-06T23:52:30,BRAND5,880.35,"""edddief kglcebk"" <edddief@gmail.com>"
8daa77a0-cee2-4fc8-a192-03300b1326d5,2021-12-06T23:53:20,BRAND2,185.50,fabceac@gmail.com
180dec9a-4185-4d55-9520-0857d9674a49,2021-12-06T23:53:20,BRAND5,186.30,"""efjhabf ldhghdi"" <efjhabf@appple.com>"
adfc3b67-8672-4909-a4bf-09da4a786bc3,2021-12-06T23:54:10,BRAND5,442.20,"""jlbcbeg djadlkk"" <jlbcbeg@appple.com>"
5aee8cdb-5ce1-4f5c-95b8-f468ce3890fc,2021-12-06T23:58:20,BRAND2,889.47,"""gfaklib cbdjhga"" <gfaklib@appple.com>"
2ec11c5a-0f3b-4949-9f9a-bae14883d849,2021-12-06T23:59:10,BRAND2,687.36,bjilhbl@gmail.com
75f57449-7f4b-41f8-8d17-901b2c2651cd,Mon Dec  6 23:59:10 2021,BRAND3,191.78,iikcled@gmail.com
f6cbdef7-0217-465d-b0dc-76ce2a899f3d,2021-12-07T00:01:40,BRAND1,958.18,iblaaag@appple.com
834d57be-6821-4c30-8242-ad1a85b7c801,2021-12-07T00:01:40,BRAND5,451.29,ljflhdc@appple.com
220eb37f-df6b-48f2-ba58-b11f005de997,2021-12-07T00:02:30,BRAND2,796.02,fhckfeh@yahoo.com
0f58c723-8841-4df9-9e0a-9e5a395f230e,2021-12-07T00:02:30,BRAND1,430.70,libjhch@gmail.com
a0cb23ea-28e6-4f1e-9de9-6fb1ae5ad89d,2021-12-07T00:03:20,BRAND2,715.02,"""jldhchk laiihgc"" <jldhchk@gmail.com>"
9c4f9fb0-c903-4650-8288-0f2d2f9cf6ce,2021-12-07T00:04:10,BRAND2,297.23,hgjgjee@appple.com
fabf2077-4447-4970-8d04-dd8000ce1484,2021-12-07T00:05:00,BRAND1,960.82,ahjljbj@gmail.com
172599c3-775b-4186-943f-ea2db7df729c,2021-12-07T00:05:00,BRAND2,384.43,icgjiba@gmail.com
042b3b5b-cd2c-40bf-9480-92421a8e9004,2021-12-07T00:06:40,BRAND1,691.04,bijihba@appple.com
7cf6f420-db40-4e4e-8d33-12cb5996f8c9,2021-12-07T00:07:30,BRAND5,809.82,egbahai@gmail.com
552467d1-5711-4787-bc2b-2108826ea107,2021-12-07T00:07:30,BRAND2,306.91,"""kchbbll bgjbkbk"" <kchbbll@appple.com>"
73c49068-7da6-4f41-8bf2-cdd4095f882a,2021-12-07T00:08:20,BRAND4,$520.16,"""hhdjkgf ljilbfb"" <hhdjkgf@hotmail.com>"
d2ee8d3a-a8b7-49e8-8571-571919f8bd8d,2021-12-07T00:08:20,BRAND2,297.77,cjglfgk@live.com
b066ea38-d1cc-4ebc-91e3-223c14ddbe83,2021-12-07T00:10:00,BRAND5,337.33,"""bfcecbf ljfkbki"" <bfcecbf@gmail.com>"
0f322f5e-2528-446d-9cf1-2cfee4ee958a,2021-12-07T00:12:30,BRAND2,935.24,effjcii@gmail.com
e5d1d996-cf4d-493d-9fbb-6abcc22397f0,2021-12-07T00:12:30,BRAND5,702.20,diikfci@appple.com
421e6ec4-f28e-4e28-93ac-e310c1475847,2021-12-07T00:13:20,BRAND2,311.41,"""fkbdakc bfehdek"" <fkbdakc@appple.com>"
6960a3d9-7026-4d65-b567-9ae9aa9ce971,2021-12-07T00:13:20,BRAND5,553.57,fhdacdj@gmail.com
1f9fc4fa-c636-419a-8c9d-36358036885f,2021-12-07T00:14:10,BRAND3,304.13,hgbbjdl@appple.com
2900abe7-cac5-4471-90e4-6a85c9a2ea46,2021-12-07T00:17:30,BRAND2,160.22,"""ifjlllh ljbjhcj"" <ifjlllh@gmail.com>"
9d8e09b3-86f7-4670-b7a3-514efe2e0fb3,2021-12-07T00:18:20,BRAND5,449.74,dcelelf@gmail.com
78d71bd0-086b-48a5-8594-74bd9ddab523,2021-12-07T00:18:20,BRAND3,262.76,bhkfiae@gmail.com
135c4913-596f-495b-b359-fac3aa229029,2021-12-07T00:19:10,BRAND2,927.02,"""hibggdf bkidfhb"" <hibggdf@gmail.com>"
8724d7a9-7981-4489-a3a4-7b32e86accfc,2021-12-07T00:19:10,BRAND2,482.53,dacegcc@gmail.com
b25a6d69-9d97-4281-ac07-ae347329a27c,2021-12-07T00:21:40,BRAND2,510.52,"""kiegbal blhjgde"" <kiegbal@gmail.com>"
07351e00-d5c5-4e1a-9579-a3751661588e,2021-12-07T00:21:40,BRAND2,75.95,jbejkgc@appple.com
678d9544-b015-476f-bd50-aae85f72a9be,2021-12-07T00:22:30,BRAND2,523.59,fddigcl@gmail.com
bfa97719-66c9-473f-ace9-037b7e67017f,2021-12-07T00:24:10,BRAND2,400.32,"""jdkjcde jaeeejk"" <jdkjcde@gmail.com>"
1e0f7e2b-7762-4530-ba54-c46360d71c13,2021-12-07T00:24:10,BRAND2,74.23,fgkikbb@live.com
75bf55e6-d7d6-409b-8bee-9e6a74cff3bc,2021-12-07T00:25:50,BRAND1,724.68,"""cbjhbcj bkjeghh"" <cbjhbcj@gmail.com>"
595cb9ac-5f06-4203-9431-d67b4740fc22,2021-12-07T00:28:20,BRAND5,907.34,ehklihf@gmail.com
7499fa21-ff53-4f2e-bd97-b774689c8bc8,2021-12-07T00:29:10,BRAND1,325.96,icbgglh@gmail.com
6bf08403-a2b8-453f-9de2-88b247b869c9,2021-12-07T00:29:10,BRAND2,899.81,adgcefc@gmail.com
3c24cab7-f043-446b-bed0-4f3ce2860071,2021-12-07T00:30:00,BRAND3,188.35,ibcehch@live.com
8ce862f2-15fc-4d07-af36-b6fdac04b66e,2021-12-07T00:30:00,BRAND1,747.56,"""bikjcba lllbeia"" <bikjcba@gmail.com>"
e464dd78-0416-45ec-9c9f-5fcce3016d40,2021-12-07T00:30:50,BRAND2,115.04,kgbikdi@gmail.com
ee42e3d3-9cc2-4851-b9f3-272f33a3cf2a,2021-12-07T00:30:50,BRAND2,247.39,djjhicl@live.com
4f86d17a-6f60-4585-b767-f472d0fc1c3b,2021-12-07T00:31:40,BRAND2,817.41,bfdfadc@live.com
1d11e131-02da-4030-a155-5b4df2c54248,2021-12-07T00:34:10,BRAND2,$313.20,lkceedb@live.com
387692fc-590f-4ad4-b7c3-d462e15dff4e,2021-12-07T00:34:10,BRAND1,207.07,"""leadadl habefff"" <leadadl@live.com>"
89a2c1ff-b282-477a-ae56-d404e95f2ab7,2021-12-07T00:35:50,BRAND5,994.61,ebfbhlj@gmail.com
2bbdcd09-6094-4b70-8307-77e195e6ee1e,2021-12-07T00:35:50,BRAND2,355.36,"""hjgjicb ggldifl"" <hjgjicb@gmail.com>"
ff7b6625-e41f-49a2-b6c4-5898582d7e28,2021-12-07T00:36:40,BRAND2,800.48,kafijii@gmail.com
a0fe85ed-7c60-4eb0-9d23-1fcf9cdb4774,2021-12-07T00:36:40,BRAND2,512.91,ljeijbe@gmail.com
27a2732a-382b-4f73-abc1-fd5886450590,2021-12-07T00:37:30,BRAND1,369.68,ddlkfbe@hotmail.com
8499ca43-1909-4a3f-a1c4-cff684f33108,2021-12-07T00:39:10,BRAND2,342.96,ggckbcj@gmail.com
62c9afa9-3051-4887-8ef8-ded5d7c42ae0,2021-12-07T00:39:10,BRAND5,44.56,laahdfe@appple.com
d04ce259-7c0b-4ea0-a5e6-2154faad68cd,2021-12-07T00:40:00,BRAND3,269.87,"""cellihc gebkekh"" <cellihc@appple.com>"
6461aef9-0dad-4043-b3b9-18d84040a92d,2021-12-07T00:40:00,BRAND1,870.74,dkdfikd@gmail.com
d59d630d-5211-4f54-886c-01fbbe59e535,2021-12-07T00:40:50,BRAND2,66.75,"""hfllgij cgdieae"" <hfllgij@gmail.com>"
dcefbcf8-a991-4466-8288-d4d1c1a7b835,Tue Dec  7 00:40:50 2021,BRAND1,752.90,"""fgebclh aafldgg"" <fgebclh@live.com>"
379b4387-4863-45d1-84f6-7b534c59772f,2021-12-07T00:41:40,BRAND5,786.60,iekfkhf@gmail.com
b1bb6b6a-2e41-47af-a0ea-0204eb16fc19,2021-12-07T00:41:40,BRAND2,386.97,gbbffgh@appple.com
7abe02d2-7beb-4737-af4b-4ae6d30bf24d,2021-12-07T00:42:30,BRAND2,130.66,"""akceelj bjbbgfd"" <akceelj@gmail.com>"
23e2a6d3-774e-4dfe-817b-b47353b06b12,2021-12-07T00:43:20,BRAND5,296.63,fcbdeii@gmail.com
e7896a83-8572-4e1c-9a9b-b43505f8cad2,2021-12-07T00:44:10,BRAND3,252.34,cfficdk@gmail.com
c5dab250-14c8-4846-b559-93c2e26b0f13,2021-12-07T00:44:10,BRAND5,404.46,"""hiiaahg degeall"" <hiiaahg@appple.com>"
82224327-0d05-42dc-a331-35b0c9c52c12,2021-12-07T00:45:00,BRAND2,87.03,klhldfl@gmail.com
a2cb3f3c-5153-4b9c-9bf5-01ad99c0e39f,2021-12-07T00:45:00,BRAND5,518.13,"""lkljgcf fhhdecd"" <lkljgcf@gmail.com>"
abc825b6-a91a-4595-9d42-6b3a6b731229,2021-12-07T00:47:30,BRAND2,48.22,hjghikj@appple.com
c26c524f-e413-4014-a8ba-5b9dbfc5ddbd,2021-12-07T00:47:30,BRAND2,233.95,"""baaklaf jkhcidf"" <baaklaf@gmail.com>"
e19ae91e-b81f-410e-b0eb-3d5dcb08bff3,2021-12-07T00:49:10,BRAND5,648.71,"""dgaiblf kcgejfa"" <dgaiblf@gmail.com>"
e04cce12-72e0-47d4-9f7e-248213765786,2021-12-07T00:50:00,BRAND2,871.36,lidcjak@appple.com
2eef8147-46bb-410e-b9a2-c8d4b15ee290,2021-12-07T00:53:20,BRAND5,779.32,kfacgbc@gmail.com
4d9a7342-a69b-43d7-bc4e-014a24a82dca,2021-12-07T00:54:10,BRAND4,333.89,ekdjgbh@hotmail.com
a2686a4d-2545-4c27-b1d9-ed52cf82d713,2021-12-07T00:54:10,BRAND2,976.21,hccfdfa@gmail.com
80b56c7a-7812-4c88-b729-5f71c17e323d,2021-12-07T00:55:00,BRAND5,306.61,habgalc@gmail.com
1192f2e2-dd38-40c3-839e-9540f666a45b,2021-12-07T00:55:00,BRAND2,961.15,"""fgdihah gdbaill"" <fgdihah@live.com>"
f7a1c47b-9427-41f8-8484-5dca75b72b93,2021-12-07T00:56:40,BRAND2,524.17,"""hbglbib dblikcf"" <hbglbib@gmail.com>"
2a4c39ad-22e8-455b-bd98-70dae247db5a,2021-12-07T00:56:40,BRAND2,432.45,eekakkg@gmail.com
89c8b255-9297-49d3-b2c8-4e500a1eab61,2021-12-07T00:57:30,BRAND1,489.09,"""kchagci ljkffge"" <kchagci@appple.com>"
92aa74c7-cea3-4a65-bf02-812a84308efc,2021-12-07T00:58:20,BRAND2,727.34,iijcaga@gmail.com
7e009f27-b388-425f-a4ff-bd7e449a1b71,2021-12-07T00:59:10,BRAND1,8.02,"""gfkicfk gfdgcaa"" <gfkicfk@gmail.com>"
57488dcc-e226-49de-99f4-a13d3d0d3987,2021-12-07T00:59:10,BRAND2,273.52,eekbllk@appple.com
f4f4ac73-3ad9-4529-8d26-43f8ca7cd9bb,2021-12-07T01:00:00,BRAND4,720.34,khggjck@live.com
cc4b8157-0f0c-4ec7-96b4-2157d0252c2b,2021-12-07T01:00:50,BRAND2,133.13,"""hgflkcg cccjeke"" <hgflkcg@gmail.com>"
1275da15-91da-4868-bafb-f71bd2bd94df,2021-12-07T01:00:50,BRAND4,11.71,idchcif@appple.com
7ec7e674-227f-48c8-afee-6a41bd10bad8,2021-12-07T01:02:30,BRAND5,612.10,chibgje@live.com
ee91129e-efa4-4391-b45e-06fa691c716f,2021-12-07T01:02:30,BRAND5,$359.19,egcbfdg@appple.com
f0574acb-7e03-48d3-8a07-a7e148e7d976,2021-12-07T01:03:20,BRAND5,604.26,"""lljgjff flcgfle"" <lljgjff@live.com>"
09ab4273-3097-44e3-a9da-eaad71bab372,2021-12-07T01:03:20,BRAND2,166.42,"""jcccdjf chgjaeg"" <jcccdjf@gmail.com>"
1213c161-97fd-4ea9-8b12-596bbb3009c2,2021-12-07T01:04:10,BRAND4,556.50,"""icbkjcl ffceabf"" <icbkjcl@gmail.com>"
2332da14-7457-4b0f-9d4f-12baccc6b9af,2021-12-07T01:05:00,BRAND2,417.01,iaajdkd@gmail.com
55a3e014-41de-47d3-b9be-9264e3ff9849,2021-12-07T01:05:00,BRAND2,463.94,"""jbacllh dblfbka"" <jbacllh@live.com>"
e82d0aa8-db74-41b1-a263-0567afcd36c3,2021-12-07T01:05:50,BRAND5,91.22,cglhcjg@gmail.com
72f68871-578a-4922-bda0-c940b900bdca,2021-12-07T01:06:40,BRAND3,740.34,ljcfdij@yahoo.com
1d2ef8b8-7684-48db-9855-02e4e94c9927,2021-12-07T01:06:40,BRAND2,798.90,klagafk@yahoo.com
3d6f3f01-ded0-4642-952f-9d4931da3fa1,2021-12-07T01:07:30,BRAND5,485.26,"""klelchl ehheada"" <klelchl@live.com>"
a66d8ae8-3d63-42cb-9715-06d9864d70ab,2021-12-07T01:07:30,BRAND2,398.59,"""hieajbk aaflbbc"" <hieajbk@appple.com>"
feea5ce3-ef96-4944-9489-9eb269b4dff4,2021-12-07T01:09:10,BRAND4,65.21,"""iaklfcf klidall"" <iaklfcf@yahoo.com>"
f5174f22-b299-4a41-ba66-f662c88120e3,Tue Dec  7 01:10:00 2021,BRAND2,690.11,"""flagldl eaibfal"" <flagldl@yahoo.com>"
df372e5c-393d-4d36-8819-ec595bc6fbce,2021-12-07T01:10:50,BRAND5,505.48,"""jbkbbgd glaghck"" <jbkbbgd@live.com>"
937c0e3e-9d81-41ed-9102-d38891ecfc06,2021-12-07T01:10:50,BRAND2,881.70,bilaefd@live.com
f0ef87e7-96d4-4fd0-9e03-6fee27650df2,Tue Dec  7 01:13:20 2021,BRAND2,651.30,hedgkgk@yahoo.com
ce112cbc-7892-40eb-b44f-62ea3f0eabdf,2021-12-07T01:13:20,BRAND2,719.22,deajcki@yahoo.com
bb8ea8b4-b5f6-4ef8-822e-b95c91ecf724,2021-12-07T01:14:10,BRAND2,7.34,"""biecgad hiaebff"" <biecgad@gmail.com>"
b26f81d4-1dfe-496d-9964-2cfa38fe17b4,2021-12-07T01:15:00,BRAND2,660.21,iflhgba@gmail.com
caaca769-1e55-446b-ab64-ca0392716fdb,2021-12-07T01:15:00,BRAND2,816.46,"""fcadcli egahkal"" <fcadcli@gmail.com>"
d0400537-f5fc-42c6-9757-29e9ca2931ef,2021-12-07T01:15:50,BRAND5,128.56,"""cfgeaab ihfhdif"" <cfgeaab@appple.com>"
4853bd2d-6406-48dd-ad99-4ea4751b7932,2021-12-07T01:15:50,BRAND2,373.17,"""ljhlfbd kccgckb"" <ljhlfbd@gmail.com>"
f802ef1d-b6fd-41ba-8349-6696ac6ace75,2021-12-07T01:18:20,BRAND2,87.66,kedlhfj@gmail.com
ddece20e-3c63-4c13-87d8-8cf03975377f,2021-12-07T01:18:20,BRAND5,485.89,alcicia@gmail.com
8453c873-1219-4743-bf80-f584e8bf1250,2021-12-07T01:19:10,BRAND5,260.32,"""jgddfal lhgiahd"" <jgddfal@gmail.com>"
75a5d5d7-cfe0-488b-a5a0-16c5e8b13da2,2021-12-07T01:20:50,BRAND5,151.98,bbbeabf@live.com
a9827b3d-3ac0-4707-9d2b-5eaa39adae94,2021-12-07T01:20:50,BRAND1,932.59,"""lkdjgag fagfheg"" <lkdjgag@gmail.com>"
ad37a556-56a8-4f5a-8557-7ff1e2cbb112,2021-12-07T01:21:40,BRAND5,696.83,"""ijkjcfd hfcijhf"" <ijkjcfd@gmail.com>"
77c0c97e-0018-4217-9ec6-13b6c8330e81,2021-12-07T01:21:40,BRAND4,88.89,"""dilegla bekaefg"" <dilegla@gmail.com>"
f4a4959d-d6ae-43ee-89e8-35c4fe800859,2021-12-07T01:22:30,BRAND1,924.76,fcalagc@appple.com
ce704af3-6f2c-49b1-9b39-053da80ed9d3,2021-12-07T01:22:30,BRAND4,914.20,"""laefklh kdlcbfe"" <laefklh@gmail.com>"
b36e853e-4b12-4b5b-87ae-5d1808d7855d,2021-12-07T01:23:20,BRAND2,343.21,"""ddadbag ffakhgk"" <ddadbag@gmail.com>"
6bc83879-972a-4b1e-9ce3-03a096c5539b,2021-12-07T01:24:10,BRAND2,567.48,dbgejch@live.com
e797da4b-9cff-4d6c-b2fc-28f247e0442c,2021-12-07T01:24:10,BRAND1,629.93,lejfdff@live.com
e0bb16c2-8e16-460e-9831-c582c4df7890,2021-12-07T01:25:50,BRAND2,646.67,ailhcdg@gmail.com
f565f57a-efec-4933-805f-8e168840bf58,2021-12-07T01:27:30,BRAND2,930.43,eagkdkh@live.com
7861b296-56de-45cf-a076-8aae0dfe3da8,2021-12-07T01:29:10,BRAND5,104.07,hhjaeih@live.com
93afa72a-1c68-4b3b-8f34-d343c4c70bc9,2021-12-07T01:29:10,BRAND5,389.90,aakkjee@gmail.com
88bd66c0-ac3e-4716-9005-011697bde340,2021-12-07T01:30:00,BRAND2,161.78,dabeljk@appple.com
aa579ef0-6612-4ace-9829-d99b40eecd61,2021-12-07T01:30:50,BRAND5,88.04,icckdkk@gmail.com
042d86f8-4e3e-4b2f-8534-df422a75b739,2021-12-07T01:31:40,BRAND2,80.51,hgeejfh@gmail.com
5534f4b2-5551-4635-8d1f-8a88f78c5085,2021-12-07T01:32:30,BRAND2,416.03,"""eiedjaf agdkhjb"" <eiedjaf@gmail.com>"
94e75629-be38-4195-89cd-04f0fc3d9b07,2021-12-07T01:32:30,BRAND5,968.58,cicbjbf@appple.com
1fbfdf22-23b7-4d45-b1ab-e86725cfd432,2021-12-07T01:33:20,BRAND2,548.13,dhkeghi@appple.com
49f03962-e392-4137-9f16-87e44edcce69,2021-12-07T01:34:10,BRAND5,463.75,hfafbab@gmail.com
985dbf0d-c8c5-4df8-9042-2058d017b3b1,2021-12-07T01:35:50,BRAND1,99.91,"""lgegjjc lckkdab"" <lgegjjc@appple.com>"
73d39ec4-db75-4a80-8ba6-6c3cfd73a974,2021-12-07T01:36:40,BRAND5,349.90,"""ieeihfb cfjlibf"" <ieeihfb@yahoo.com>"
80fa6555-06a9-4547-aed7-b6a13dc36d3b,2021-12-07T01:36:40,BRAND5,676.05,"""aajfaga glaliad"" <aajfaga@gmail.com>"
558cf212-41b2-4fe9-9d52-97ab25db801d,2021-12-07T01:37:30,BRAND5,470.67,"""ibibbke lgidgjl"" <ibibbke@gmail.com>"
b48288ef-a813-4c16-9364-837818964629,2021-12-07T01:37:30,BRAND5,952.06,aajeiah@appple.com
43b2617d-bb7f-4b46-b11f-9ee0ee37756f,2021-12-07T01:39:10,BRAND2,596.31,bdggekb@appple.com
09f6ca39-3373-4264-a107-538dc4785f9f,2021-12-07T01:39:10,BRAND5,209.98,lghkbih@gmail.com
eee90a03-94d3-4354-8711-d96bf02de411,2021-12-07T01:40:00,BRAND5,893.84,"""fkiddcf lcfhkka"" <fkiddcf@gmail.com>"
ab6169e3-81f2-4026-89b7-828a5d708813,2021-12-07T01:40:00,BRAND2,40.80,"""elhiefj ehiccic"" <elhiefj@live.com>"
d1f8da7a-0f30-4b70-bd26-5f1aa0417e01,2021-12-07T01:41:40,BRAND5,569.24,"""bgfhagj dfcikkk"" <bgfhagj@yahoo.com>"
90ac5772-0c26-4ea0-bcd8-f6cbf228c68f,2021-12-07T01:41:40,BRAND2,146.03,"""hkjladl ikdlbia"" <hkjladl@gmail.com>"
2bc9ec31-33ec-4d62-b4f1-e871a04891bb,2021-12-07T01:42:30,BRAND2,771.30,khhbfff@gmail.com
9d937567-5cd6-4d26-9267-ae982c1c7804,2021-12-07T01:43:20,BRAND5,687.90,ehkillf@appple.com
bce2a5e1-e456-487a-b0c2-12451826073e,2021-12-07T01:44:10,BRAND2,272.60,kkdddcg@appple.com
4ae9558b-1d84-4989-b604-5ec8f8750511,2021-12-07T01:44:10,BRAND2,507.05,bgegifc@appple.com
8d42a123-d58a-4a8b-896b-02e37c54e79f,2021-12-07T01:45:00,BRAND2,317.33,"""ieabkcg clcbjki"" <ieabkcg@appple.com>"
932140ed-0de8-4af4-8abf-51d94b1a2e00,2021-12-07T01:45:50,BRAND2,678.11,ajcheee@gmail.com
d0a913ea-dab1-4c22-be03-261a9b1f063a,2021-12-07T01:46:40,BRAND2,257.33,jfkcklc@appple.com
d0b8a1c9-c868-4de6-b7d4-05583216c0f0,2021-12-07T01:46:40,BRAND2,656.99,gabadhi@live.com
1ac3b62f-df7d-48ff-abcc-934b37f3b149,2021-12-07T01:47:30,BRAND5,880.24,kbligab@yahoo.com
389094ff-ae38-4e01-b388-1fa1f92f1c87,2021-12-07T01:47:30,BRAND4,741.45,"""kcadcgj ficakll"" <kcadcgj@live.com>"
bd7ab7ee-6356-4b4e-9020-235dd6580c26,2021-12-07T01:49:10,BRAND5,221.18,adeaafd@gmail.com
ea4c80ad-1824-4526-9e67-fd97da1fee6e,2021-12-07T01:50:50,BRAND1,814.65,"""eihegai ihhdile"" <eihegai@gmail.com>"
bd67a561-25ff-4c5e-b24d-42251f29449c,Tue Dec  7 01:50:50 2021,BRAND1,64.70,jijdije@live.com
bdfa5a8f-80ab-4a9f-be8c-d77fdb325e40,2021-12-07T01:54:10,BRAND5,364.71,"""gajaigd ibfialc"" <gajaigd@live.com>"
cbf6d44d-a8ca-4578-9416-4d10aca5efb1,2021-12-07T01:54:10,BRAND2,457.31,"""ddikldh iddaeaj"" <ddikldh@gmail.com>"
389fea1a-9993-4ccc-8486-dba10ccef766,2021-12-07T01:56:40,BRAND5,82.16,ldidjga@gmail.com
5285a4b0-ed0b-436e-8c68-de2a666e46e9,2021-12-07T01:58:20,BRAND3,3.74,gjlkeli@yahoo.com
45e39689-8721-4992-aec7-fbb66564033d,2021-12-07T01:59:10,BRAND4,174.96,kaidgib@appple.com
6db09b45-0bfc-4dec-b62e-ce9bcc612d89,2021-12-07T01:59:10,BRAND5,919.75,afkeeaf@gmail.com
66410dac-ad8b-462b-83f9-058e844401c8,2021-12-07T02:00:00,BRAND5,417.33,gddjjdj@gmail.com
5c051669-819d-4f6e-a295-bcf807cb68bf,2021-12-07T02:00:00,BRAND5,141.25,faekccl@live.com
9ab0d400-f80d-4b0f-ae80-22647289c81f,2021-12-07T02:05:50,BRAND4,190.25,bafccla@gmail.com
40dbeb97-f489-4487-afbc-0bad019bc6fb,2021-12-07T02:05:50,BRAND1,600.33,fddgibf@yahoo.com
22d73276-a4c2-46b9-aefc-6dc32997197b,2021-12-07T02:06:40,BRAND1,805.38,hkigebj@live.com
d859ce96-2ad1-488c-a84a-ecb9c5a40557,2021-12-07T02:07:30,BRAND1,418.97,"""hialbaj kaccdah"" <hialbaj@live.com>"
ad5bf3fe-aa8c-4c66-9755-fd0b1adcf9d4,2021-12-07T02:07:30,BRAND5,$304.12,djeaecl@gmail.com
770459ae-0cec-4d92-b3b2-5d445e3dc013,2021-12-07T02:08:20,BRAND2,525.36,"""fifhbcl blljjle"" <fifhbcl@gmail.com>"
bf6fc0c2-c221-4215-a591-bb3accd08e05,2021-12-07T02:08:20,BRAND2,$967.50,kcahchh@gmail.com
a0236096-d9ab-4dad-aea9-44c362409e88,2021-12-07T02:09:10,BRAND2,859.36,hjkgacc@gmail.com
aff9b7ef-83bf-45bc-9f52-23c067dbd937,2021-12-07T02:09:10,BRAND4,954.27,"""agbifeg ajbajlg"" <agbifeg@appple.com>"
d29e1643-f0f0-4183-b612-8df50ab325b7,Tue Dec  7 02:10:00 2021,BRAND4,797.95,ibfflie@appple.com
6bb6083a-c552-4e08-9a5e-e55218dbf654,2021-12-07T02:10:50,BRAND2,875.02,flfafcd@gmail.com
ab99c049-06f4-4269-be78-2fc30578465d,2021-12-07T02:10:50,BRAND2,672.43,bglblae@gmail.com
7b8ecfc3-78b3-4727-b4ea-9be4ba1846d9,2021-12-07T02:11:40,BRAND2,988.91,kdgkcjc@gmail.com
d9b8e78a-b4e3-46df-a039-ba9527c0c61b,2021-12-07T02:11:40,BRAND5,857.64,"""jgfflla fellaka"" <jgfflla@yahoo.com>"
8be21d33-e96c-4e32-8e15-042bc36546b5,2021-12-07T02:12:30,BRAND5,199.26,glghbik@appple.com
31f015d9-b39f-4003-9a5d-04abd83e2f99,2021-12-07T02:15:50,BRAND2,226.28,"""jldfihh jigjlfl"" <jldfihh@gmail.com>"
73eccf3e-a557-4c36-819e-63ec99a291d1,2021-12-07T02:16:40,BRAND5,295.11,"""ffbcghl alcaleh"" <ffbcghl@gmail.com>"
cbaf3ff9-3831-461d-bc08-7f0f361bdad7,2021-12-07T02:18:20,BRAND1,30.51,"""cklchii ibjgkif"" <cklchii@gmail.com>"
867ad83e-a85d-478a-a09f-e1d5a0f4f15a,2021-12-07T02:18:20,BRAND2,834.67,"""hhgfcah cfclici"" <hhgfcah@gmail.com>"
d7f9e2a4-0d49-4a61-9872-7036043daa36,2021-12-07T02:19:10,BRAND2,321.49,algjfge@gmail.com
4c263bde-b3d0-4f63-9241-a78961a97620,2021-12-07T02:20:00,BRAND2,429.14,bghafgl@gmail.com
7d41d53b-548a-46db-bb2c-41edc2ee48b2,2021-12-07T02:20:00,BRAND5,687.49,"""kgkkbgf hfcelca"" <kgkkbgf@gmail.com>"
75faf6d4-bad5-49f6-83de-eadf51dd8bd4,2021-12-07T02:21:40,BRAND5,922.72,eghcjhc@gmail.com
4b4f67db-20f0-458c-954c-e1d2ac45968c,2021-12-07T02:21:40,BRAND2,153.27,iikibhe@gmail.com
514b2fe1-c2dc-4ee7-8647-9a34f3665b8f,2021-12-07T02:22:30,BRAND5,879.09,kcbeihf@appple.com
8586194c-e1f6-4500-85de-c5512999046e,2021-12-07T02:24:10,BRAND2,662.15,"""accdbcc cdcgkii"" <accdbcc@gmail.com>"
2404eb1b-f7e5-49a3-9ac4-31130f9dc215,2021-12-07T02:25:00,BRAND2,355.05,efjclih@appple.com
2ef69c5a-371c-47a9-9e55-5813e969becb,Tue Dec  7 02:25:50 2021,BRAND2,46.15,"""ghkffdb ghfhggf"" <ghkffdb@appple.com>"
4c8ef035-21c4-4a49-a287-3cb7ba65b91c,2021-12-07T02:28:20,BRAND2,952.48,ejlkgld@gmail.com
7dc1d722-23d0-47e5-b403-53be2cf970aa,2021-12-07T02:28:20,BRAND1,352.46,lgcddgj@appple.com
8c95c453-182d-4683-acb7-12cb01426718,2021-12-07T02:30:00,BRAND5,975.31,iheladl@appple.com
fdce2e4d-a9f3-4b09-b0c6-87629f0e6a48,2021-12-07T02:30:50,BRAND2,469.54,ijgfkkh@gmail.com
2d5080a1-6f2d-4993-8b3f-b95b0a6bdc8b,2021-12-07T02:30:50,BRAND2,344.69,keldgea@appple.com
bc504f96-1ed4-4f74-8049-a208d8275024,2021-12-07T02:32:30,BRAND2,362.52,fkgfakd@gmail.com
8498ee65-79d6-44da-8efc-bb2a09cbfba6,2021-12-07T02:33:20,BRAND2,554.28,hcgacdk@appple.com
86f86316-17cd-4c4a-9bbf-d2c107523e4b,2021-12-07T02:34:10,BRAND2,856.21,jibhdic@gmail.com
6c7e3553-a15a-4af1-8a4d-bd4b64696e57,2021-12-07T02:35:00,BRAND5,546.22,"""cdlcckc delgjii"" <cdlcckc@gmail.com>"
bbb4b26c-6eb1-463f-abea-d77fc5dfe4cf,2021-12-07T02:35:00,BRAND1,968.67,adjdlbl@appple.com
9d81fcbd-5897-49c6-a7bf-b5a77a56a87b,2021-12-07T02:35:50,BRAND5,571.90,caghfjf@yahoo.com
f664e4e4-91e7-4ecd-81da-36f184d9a027,2021-12-07T02:36:40,BRAND2,906.45,ciigigh@yahoo.com
c8b2f37b-f744-4876-9c95-e1711c618cb2,2021-12-07T02:36:40,BRAND4,$127.33,"""ajjkhlf hkggdej"" <ajjkhlf@gmail.com>"
020c2a5c-152e-4381-9451-f6543ee536a0,2021-12-07T02:39:10,BRAND2,246.45,bhaljda@appple.com
607d1293-36e5-4cc1-8c29-4958bfb9ff5b,2021-12-07T02:39:10,BRAND1,375.31,kckhgke@hotmail.com
d94fad96-93c3-49e7-ada7-d4534b819136,2021-12-07T02:40:00,BRAND1,838.54,"""kbcilej hjakdgh"" <kbcilej@gmail.com>"
924eb901-5b8b-4264-a000-68d7512920eb,2021-12-07T02:40:50,BRAND2,960.56,kccbjde@live.com
dbaaa41f-a50a-4133-ae37-aafe080c4c28,2021-12-07T02:40:50,BRAND2,891.40,"""ibefklk dcjaabh"" <ibefklk@hotmail.com>"
5b006ae2-ba02-4110-83f4-33d1edf1dd05,2021-12-07T02:41:40,BRAND2,57.79,efjlbgd@gmail.com
001df59e-2442-4b8c-aa67-fb4821cf28ac,2021-12-07T02:44:10,BRAND2,713.99,ldacghk@gmail.com
eee45dd5-3886-4f61-bfcd-0cae7330fa4e,2021-12-07T02:45:00,BRAND2,687.32,akelklb@appple.com
9fb4a039-6f9e-4ab6-a2f1-f28bf4955842,2021-12-07T02:45:00,BRAND2,601.00,bikilbe@appple.com
950fe490-d268-4a13-978d-2d0f11c16ce5,2021-12-07T02:45:50,BRAND2,472.44,"""egejdgf kdcdefa"" <egejdgf@appple.com>"
9bceae06-0312-4655-939d-3350b5e0f40b,2021-12-07T02:48:20,BRAND1,360.30,ddgaihi@yahoo.com
5c18170c-c4a5-4f6c-ba8e-48760e30e9a0,2021-12-07T02:48:20,BRAND2,106.11,"""difflka ifleehg"" <difflka@appple.com>"
baa84b6d-eb64-49a5-8e58-9172b816dc49,2021-12-07T02:49:10,BRAND2,446.49,gbehljc@gmail.com
47f7cd8a-24b6-4d53-8485-55f87c887579,2021-12-07T02:52:30,BRAND2,68.72,"""jdcljdj jlhkgki"" <jdcljdj@appple.com>"
b65d3615-e15c-47d8-9ea1-f7f52a68eb5c,2021-12-07T02:53:20,BRAND2,67.25,igdidbj@appple.com
b86512ba-0001-4208-a116-64cdfc5b492e,2021-12-07T02:54:10,BRAND1,917.96,iafejdc@live.com
c32cf7ac-f9ce-4de6-8af1-07916dd4e38e,2021-12-07T02:55:00,BRAND1,62.43,cfikikk@yahoo.com
64cb2dd9-79e2-4f38-b846-edf687a53ea6,2021-12-07T02:55:50,BRAND4,187.00,"""jegeehi djghgla"" <jegeehi@gmail.com>"
def892c7-4141-44f9-aa50-4f676ca975e7,2021-12-07T02:55:50,BRAND2,946.88,iigacke@appple.com
10328535-f767-4db3-847b-ef888904fad9,Tue Dec  7 02:57:30 2021,BRAND2,715.68,"""flgdkee hjicejl"" <flgdkee@gmail.com>"
3500ecbd-6c19-42b0-b3c4-b3974f3070d9,2021-12-07T02:57:30,BRAND4,961.60,"""aicggfg hllhefa"" <aicggfg@gmail.com>"
acb99d44-1c97-42f6-a2aa-82bf063f6bd0,2021-12-07T02:58:20,BRAND2,654.87,"""bddlffc higgfkl"" <bddlffc@gmail.com>"
245dc21c-b061-4245-a71b-04e15a788b7f,2021-12-07T03:01:40,BRAND3,254.63,eiggaik@appple.com
26b8aa4c-af77-4fd4-be16-e3783a3c8016,2021-12-07T03:02:30,BRAND2,799.30,"""lcdgkii jkfjhdd"" <lcdgkii@gmail.com>"
4747942e-8a15-4f05-bcc7-a2cec4576058,2021-12-07T03:03:20,BRAND1,116.26,"""jgaeehk jccfdjb"" <jgaeehk@gmail.com>"
73c8e70f-4c20-424a-8f77-6367c2b8e874,2021-12-07T03:06:40,BRAND1,22.61,"""egkcfhh fjgcfcf"" <egkcfhh@yahoo.com>"
f0ec9269-8ec1-4650-b7e7-6fa5c0f8b95d,2021-12-07T03:08:20,BRAND2,909.53,"""fggleab ddkglde"" <fggleab@yahoo.com>"
1d6d5d47-1c45-49ca-8d03-2ae57261ea51,2021-12-07T03:08:20,BRAND2,371.78,bkjehkf@gmail.com
8fc03c7b-87fb-4b6a-812e-263d065cceaa,2021-12-07T03:09:10,BRAND2,704.51,"""hggbbhe ibeflgl"" <hggbbhe@appple.com>"
c102b1a0-13df-4c20-80d8-d393d87fcfc9,2021-12-07T03:09:10,BRAND4,182.59,"""ecieaed cgcfdkl"" <ecieaed@gmail.com>"
39cc25fe-438c-4b1e-a246-6c26f06f9c66,2021-12-07T03:10:00,BRAND2,741.36,"""kdckdkb ljicgad"" <kdckdkb@gmail.com>"
b22d5365-f64e-42cf-93d5-c6fc535812cb,2021-12-07T03:10:00,BRAND5,445.51,lhdecij@yahoo.com
b5160374-e732-4f76-8d5f-d8af26a0c1b2,2021-12-07T03:10:50,BRAND2,784.99,cgeeahb@yahoo.com
2fc1e263-c62f-48e7-9bf2-df7206d671b1,2021-12-07T03:10:50,BRAND5,874.67,hlfhlbi@gmail.com
e35f00b0-cdb7-4acd-b9d1-02efe9fc76fe,2021-12-07T03:11:40,BRAND4,506.40,"""agjkifl jcadeih"" <agjkifl@gmail.com>"
c7281d5d-b378-4ce5-bbbb-cacd7b80cd72,2021-12-07T03:12:30,BRAND5,462.36,kjbiakd@appple.com
6ca69f9b-49b4-46b3-b56f-655baf260785,2021-12-07T03:12:30,BRAND2,375.13,ciekljf@gmail.com
e8c2a8a5-1663-4fe5-a766-03f93f5b3ae5,2021-12-07T03:13:20,BRAND2,844.66,"""bfleblb ihkijeb"" <bfleblb@gmail.com>"
d31d4a79-8adc-441d-8df7-206c028c83ca,2021-12-07T03:14:10,BRAND2,$490.54,cglidea@gmail.com
8287e335-06bb-4bef-b7d5-4765a3f6598a,2021-12-07T03:14:10,BRAND2,611.19,ddedfdg@live.com
e937ae42-1a65-470f-8574-6050ef0397f7,2021-12-07T03:15:00,BRAND2,471.56,"""lhafack lliieih"" <lhafack@gmail.com>"
6e596db5-6021-4028-8075-68fd9d413d2a,2021-12-07T03:15:00,BRAND5,531.79,ecdbcdb@gmail.com
f0884bca-3bab-4d86-87a8-749b18d27abd,2021-12-07T03:15:50,BRAND5,941.94,ggddgeg@live.com
c0765335-f59f-4fa3-8fee-80880d47bb2a,2021-12-07T03:15:50,BRAND5,999.84,abcjkle@gmail.com
4a268b27-0f6b-4807-be34-3c4551472b76,2021-12-07T03:17:30,BRAND2,986.84,"""ijjabda hlfgiid"" <ijjabda@gmail.com>"
642fb1f7-3f08-4f17-ab62-8ddc38e75603,2021-12-07T03:18:20,BRAND2,570.97,"""aakkebh ellfihe"" <aakkebh@appple.com>"
53633cc2-4af3-4463-af54-15d8d98a82df,2021-12-07T03:20:00,BRAND5,63.97,"""akfkabl dkegfbj"" <akfkabl@gmail.com>"
8b145ffd-b8f2-4087-9f6f-0ca942f6e293,2021-12-07T03:20:50,BRAND2,944.78,"""ljchckg aiklbkh"" <ljchckg@appple.com>"
71e59f56-35c9-4eef-a23d-69b5636acd6f,2021-12-07T03:21:40,BRAND2,929.90,adjdbbk@appple.com
0ed30fcc-d239-47b6-9945-1793bb9783ff,2021-12-07T03:22:30,BRAND2,182.93,ljaclid@yahoo.com
d1727b9a-6c2c-46e8-b94a-5c5528e7c836,2021-12-07T03:22:30,BRAND2,421.69,dekgicc@gmail.com
068e2ba7-90a2-4ae8-bdf5-94822c5df2b9,2021-12-07T03:23:20,BRAND2,239.71,"""cihdlak aefdehc"" <cihdlak@gmail.com>"
6b42752d-0ee7-4731-9f99-7f4d1c3183ca,2021-12-07T03:24:10,BRAND2,266.52,ielkhdk@yahoo.com
19237c61-ab99-4d97-891a-08e2a1a09bdf,2021-12-07T03:24:10,BRAND5,195.67,fhhijjd@appple.com
00f0bc57-8e4c-48d7-b9bf-c089bee09a12,2021-12-07T03:25:00,BRAND2,174.09,"""jfickil khfcfdg"" <jfickil@gmail.com>"
1da850b8-f6a4-46e0-a6bc-047a46964bb8,2021-12-07T03:25:00,BRAND2,346.98,"""cchkafa bhdgjjl"" <cchkafa@gmail.com>"
ba52ac80-f1a8-4d5f-beed-e9bfb6a2ac2f,Tue Dec  7 03:26:40 2021,BRAND2,120.22,"""blldkjc flflihg"" <blldkjc@yahoo.com>"
5fe9a5d1-506b-4ae4-b698-dd319e3fc466,2021-12-07T03:28:20,BRAND2,251.08,"""ealhklb jkelkjb"" <ealhklb@yahoo.com>"
c8426350-4b45-41d0-925b-fd35defe8317,2021-12-07T03:30:00,BRAND2,249.00,dfledhg@gmail.com
dd4acdd5-7e45-441e-b163-5555498e6182,2021-12-07T03:31:40,BRAND5,345.90,ggdjlad@appple.com
3abb8ad9-0527-4676-ac17-a4e52000e05a,2021-12-07T03:33:20,BRAND2,392.11,"""lkjgehj hefckfk"" <lkjgehj@gmail.com>"
ef18cf4f-364d-4828-bff1-47b385f8455e,2021-12-07T03:33:20,BRAND5,97.62,"""ghjikfl cbfggih"" <ghjikfl@gmail.com>"
4aba77a4-ac45-45c7-a68d-7610d347d52f,2021-12-07T03:34:10,BRAND2,455.66,"""jekjacd bddcjgj"" <jekjacd@live.com>"
4b741097-93bf-4ec3-b453-f2fedfc5fb07,2021-12-07T03:35:50,BRAND2,129.23,cekfiaj@appple.com
05a681ff-1514-4c9e-92ea-16677cdfeab5,2021-12-07T03:36:40,BRAND2,$621.37,"""aejcklj dajfije"" <aejcklj@live.com>"
1820713c-96ae-4049-8266-832e8f9da056,2021-12-07T03:38:20,BRAND5,606.30,"""ehkagae cijachb"" <ehkagae@live.com>"
5c10153f-222b-41a7-8b29-3b3a06fd0e09,2021-12-07T03:39:10,BRAND5,596.21,bdabigc@gmail.com
09342773-e052-4796-a0c5-c8b9ae3ce662,2021-12-07T03:39:10,BRAND2,152.80,ggcgdja@live.com
5c24c5d8-a1b4-4ce8-9502-41064a5e068d,2021-12-07T03:40:50,BRAND2,450.77,kgejgej@live.com
a785d0e5-b4bd-4143-a8ec-0b93e24cf5a6,2021-12-07T03:41:40,BRAND5,845.51,"""bcijjaa ejdagej"" <bcijjaa@gmail.com>"
e6023f27-34d0-424c-b4e4-fd3e1c79f650,2021-12-07T03:44:10,BRAND2,$213.31,diijblb@appple.com
4636d3b5-262c-44e9-af7e-ebc468feb0e6,2021-12-07T03:44:10,BRAND2,929.62,"""dabhiej gfllghk"" <dabhiej@gmail.com>"
a95def8b-ac2a-4299-95dd-3d024e57c535,2021-12-07T03:45:00,BRAND5,678.06,jbjjief@gmail.com
9415d430-9306-4253-a68e-5d2011cba71f,2021-12-07T03:45:50,BRAND2,285.50,ffcflac@gmail.com
cce0c8a4-f4dd-465f-bd32-8dc5dc39fb51,2021-12-07T03:45:50,BRAND2,229.30,eibkjbb@gmail.com
c8225946-7748-4a6a-a322-f2c7e52e31ed,2021-12-07T03:46:40,BRAND2,686.70,"""lcbiebl jjgflfi"" <lcbiebl@gmail.com>"
3407a341-5572-4d7e-bd89-96fb23ce0dff,2021-12-07T03:46:40,BRAND2,450.26,dfjadda@appple.com
bd40f729-f943-4ada-b614-144edf1fa059,2021-12-07T03:47:30,BRAND1,32.51,kbejfjk@appple.com
ced91db3-2f17-40af-aae8-50b78a98baa1,2021-12-07T03:47:30,BRAND2,741.92,lcieeii@yahoo.com
5a977561-6e41-4ff8-8d26-6e2267bd11e0,2021-12-07T03:49:10,BRAND2,912.24,cbcekgl@appple.com
c7f5bb2e-4a13-42f8-bc61-ceca0fd38c91,2021-12-07T03:49:10,BRAND5,77.45,"""idfjkfg lcclecb"" <idfjkfg@gmail.com>"
31d93ea0-2e5c-4ce6-9251-041c453e226a,2021-12-07T03:50:00,BRAND5,130.16,ihicghi@live.com
94c5bbcf-797d-4995-8782-d67a0b74453c,2021-12-07T03:50:50,BRAND2,70.99,"""ljcjala ihidlah"" <ljcjala@live.com>"
fff377b6-6e3c-48b1-a851-3664c1e821ae,2021-12-07T03:50:50,BRAND1,688.98,"""dikacfg idbafcc"" <dikacfg@gmail.com>"
e53d6fac-dce5-439f-be8d-be8febd59bb9,2021-12-07T03:51:40,BRAND1,799.03,ehgihch@gmail.com
251f39c8-19a3-4892-a7d4-60d805707b93,2021-12-07T03:52:30,BRAND2,467.08,jjjadbg@gmail.com
1c415c72-f2ce-4407-aeb5-b17d81f7ebcf,2021-12-07T03:52:30,BRAND5,590.21,kjighhf@yahoo.com
9cf5260c-ae68-406d-adfd-2cb422f84e9f,2021-12-07T03:54:10,BRAND2,363.32,"""kjakebl hgbghda"" <kjakebl@appple.com>"
05613497-4021-4b8f-b577-76a1168ce09f,2021-12-07T03:55:00,BRAND5,694.85,lcdkcbc@gmail.com
1ba5a6db-d174-42a4-b541-92faed6c4cf0,2021-12-07T03:55:00,BRAND2,38.86,haggcjh@appple.com
d8b56610-7b84-4420-9ead-34257411af3d,2021-12-07T03:55:50,BRAND2,464.12,kehcccd@yahoo.com
0a26d306-4b8b-4f85-8d9b-1ed196b9b712,2021-12-07T03:55:50,BRAND2,985.72,edgfbjl@yahoo.com
2bdf9802-9fd5-4dc1-a37a-e80ee86254f4,2021-12-07T03:56:40,BRAND2,519.44,"""jkijkbf dbddhjc"" <jkijkbf@live.com>"
463dc67f-ad45-4a9d-9fec-e5bd5bc033ea,2021-12-07T03:57:30,BRAND4,176.98,gkakjkb@live.com
22c4caf2-f993-4385-8062-7e4aff2dda33,2021-12-07T03:57:30,BRAND2,909.24,"""bckihgb bbhebdd"" <bckihgb@gmail.com>"
24a10a7c-a80c-439d-ab28-560a8e8f5db1,2021-12-07T03:58:20,BRAND3,239.56,"""ffkeeid glbcdab"" <ffkeeid@appple.com>"
29458607-b142-4a31-a154-68a5f8fb3fd7,2021-12-07T03:58:20,BRAND2,133.28,ddhdddi@gmail.com
6be462b5-8665-4bba-8383-145cd7c6fe63,2021-12-07T04:00:00,BRAND1,934.65,"""cceccch cbejddk"" <cceccch@appple.com>"
437c5363-7539-46d3-9bfa-fbfe4b17086f,2021-12-07T04:00:50,BRAND2,38.57,hijdkkg@yahoo.com
9fd74b8f-be2f-479f-a4bc-f383f41082b8,2021-12-07T04:01:40,BRAND2,914.75,"""ihdjfgj iiblhbe"" <ihdjfgj@appple.com>"
eab76408-0348-4c52-bcbd-0c6c13d560f1,2021-12-07T04:03:20,BRAND2,635.21,jcjjbab@live.com
cb3518bf-3385-4dab-9300-48152245acd0,2021-12-07T04:03:20,BRAND2,456.11,lkfhlcf@gmail.com
be3a8e49-f5ea-41ad-b208-e2e0ab18996b,2021-12-07T04:04:10,BRAND2,7.31,icbgajc@gmail.com
71b3c801-6f8c-4469-8334-1c44e26ee3aa,2021-12-07T04:05:00,BRAND5,481.81,"""ledjghh bgkgfcc"" <ledjghh@gmail.com>"
b8a7e41c-ec92-4f90-8f9e-4e2ab78b55b9,2021-12-07T04:05:00,BRAND3,163.08,"""ljakakk ilbfilg"" <ljakakk@appple.com>"
91d26a06-5a78-4f2f-bd48-9b3ca3128d7a,2021-12-07T04:05:50,BRAND5,956.08,"""gdejkgb fecekbk"" <gdejkgb@gmail.com>"
eb0767a6-ed0f-44d0-b0d9-775827a7a111,2021-12-07T04:05:50,BRAND2,721.99,idhkfll@live.com
f087cb4f-d86e-4247-90c6-ad90311bde3d,2021-12-07T04:06:40,BRAND2,$147.55,"""cdgegaj hhdfjbc"" <cdgegaj@gmail.com>"
21898202-2238-49a0-a67a-d97c3645902a,2021-12-07T04:06:40,BRAND4,418.03,"""lgdjhil fhcifid"" <lgdjhil@yahoo.com>"
0d38c241-17a4-4020-9bc7-2f2805a2e9ee,2021-12-07T04:08:20,BRAND2,123.26,"""ijgcddk iafdbfe"" <ijgcddk@gmail.com>"
291e479b-dc77-485b-8d4b-7ad4b90fc2b2,2021-12-07T04:09:10,BRAND5,693.23,fdkkcjj@gmail.com
4170d3ab-bb32-45fc-b3a6-8d720b792aa6,2021-12-07T04:11:40,BRAND2,696.17,kfdiefl@gmail.com
8e24bb17-8d17-451b-8fcc-ba08de0be56c,2021-12-07T04:12:30,BRAND2,830.78,"""cbebdch ebcghjj"" <cbebdch@gmail.com>"
7c240512-618b-4d53-ae1e-47f36b32345d,2021-12-07T04:12:30,BRAND2,97.20,"""ljeegeh jbkaiig"" <ljeegeh@gmail.com>"
37dc80dd-399a-4882-b922-237e15d2950e,Tue Dec  7 04:14:10 2021,BRAND5,966.48,ceggflc@gmail.com
d7957537-c59e-4129-89b8-a7d3c1566fdc,2021-12-07T04:14:10,BRAND2,820.65,"""igfdgla ikahiel"" <igfdgla@gmail.com>"
9f81f64d-e363-487d-a92a-6d37aa6b6fed,2021-12-07T04:15:00,BRAND5,70.71,iijcblk@live.com
de78d7ef-8580-4af2-ae24-a177b296d8c7,2021-12-07T04:15:00,BRAND2,608.56,igflkek@gmail.com
b76c876b-22e7-4f38-adbc-5e5f75361e01,2021-12-07T04:15:50,BRAND3,931.39,liffjld@gmail.com
5100ff53-8546-4131-a510-f518fbf87ce7,2021-12-07T04:15:50,BRAND2,361.83,jibhdcj@gmail.com
f050b87c-fad6-4776-ac90-54bd31c78216,2021-12-07T04:16:40,BRAND3,120.63,"""hljbfdj lcjleea"" <hljbfdj@gmail.com>"
2914373d-ae23-4f75-be93-d8bbda5bacfe,2021-12-07T04:16:40,BRAND2,889.66,ahifldg@appple.com
16b285cc-0ea1-462d-b0b2-78a34e16c2cc,Tue Dec  7 04:17:30 2021,BRAND5,326.37,bihfbck@yahoo.com
e199a5a1-0605-44d0-83eb-1db2c98c1554,2021-12-07T04:18:20,BRAND2,323.61,hifabba@gmail.com
0a6f5949-f1bd-4dff-b276-5a833c8f6e14,2021-12-07T04:18:20,BRAND2,657.79,bkdejge@gmail.com
a76c1774-69b0-43b5-b9b6-3f203ea2b77f,2021-12-07T04:19:10,BRAND2,936.09,glcddld@gmail.com
62df6d76-a715-4195-9df4-a7ce8288611c,2021-12-07T04:19:10,BRAND2,118.76,"""diiehfe lkkhhjl"" <diiehfe@gmail.com>"
66f11a7d-661b-48df-985a-66c9f4fc1b75,2021-12-07T04:21:40,BRAND1,559.57,"""bjabbab hjbdkig"" <bjabbab@gmail.com>"
29955f95-6d73-48b1-9721-a472a7a56736,2021-12-07T04:21:40,BRAND1,461.88,"""ieelbjc iabbdeh"" <ieelbjc@gmail.com>"
867f314c-25a8-475c-8048-b511480ba146,2021-12-07T04:22:30,BRAND2,459.50,"""gcfjdde beaheec"" <gcfjdde@live.com>"
f46a7d9f-d9d0-41e0-899f-c5d1280b38b4,2021-12-07T04:23:20,BRAND1,$741.51,kbiiell@gmail.com
6c38f259-4658-4471-9392-6b91603356f7,2021-12-07T04:25:50,BRAND2,248.94,"""gdgelcc hhdkfgf"" <gdgelcc@gmail.com>"
771da27b-52fe-434d-bcee-7f30c5e7ba50,2021-12-07T04:26:40,BRAND2,804.73,"""bkgickg dgkgbea"" <bkgickg@live.com>"
8a7623d0-82b7-4a80-8bb1-dcd0e16fc968,2021-12-07T04:28:20,BRAND1,556.71,gedgabj@gmail.com
64cf1fce-db7a-47e6-b3fc-cfce56e101b6,2021-12-07T04:29:10,BRAND2,737.88,bdcbdkf@hotmail.com
f181c636-c8c5-40ae-b74a-59d4c3b4d2d7,2021-12-07T04:30:50,BRAND4,797.98,"""lljfklk ehaeijd"" <lljfklk@live.com>"
3437aad3-8f6d-4920-a58b-b61e330d6778,2021-12-07T04:30:50,BRAND1,985.26,"""ckkcdel khjhbjk"" <ckkcdel@gmail.com>"
0b47dcc3-1732-415f-a7d5-bce3b4dc56a8,2021-12-07T04:32:30,BRAND5,147.93,calceli@gmail.com
73762063-10fb-488c-9686-e3a6f5803421,2021-12-07T04:32:30,BRAND2,880.20,dcbeibh@appple.com
c8e2be5b-0a12-48f8-8724-ec705139d012,2021-12-07T04:33:20,BRAND3,412.95,ekidkgf@appple.com
57c23c07-558e-4458-89af-169fdc0198a6,Tue Dec  7 04:34:10 2021,BRAND2,558.16,hilgakd@gmail.com
7017ec73-84ae-4970-a37e-4bd2f60ff398,2021-12-07T04:34:10,BRAND5,391.83,"""hggbfhd haahbcd"" <hggbfhd@gmail.com>"
62109947-89f2-4538-8d33-d1625a0b9f84,2021-12-07T04:35:00,BRAND5,315.13,lgjjfdc@yahoo.com
6ab82f3d-de5c-4f79-8c5f-d12ff4f41544,2021-12-07T04:36:40,BRAND1,969.59,kfklhak@live.com
ac705516-b4fc-42d8-a879-afd45b28e445,2021-12-07T04:37:30,BRAND5,763.74,dffdgkj@gmail.com
233f51c8-3935-4fe3-9615-ba349387bac7,2021-12-07T04:38:20,BRAND2,215.58,"""cjgdhjb dfgbkgh"" <cjgdhjb@live.com>"
c4fea585-b8b8-49dc-9674-2653e8b366b6,Tue Dec  7 04:38:20 2021,BRAND1,663.70,gfblica@gmail.com
3b295c04-d299-4908-919b-3570a8de8ceb,2021-12-07T04:39:10,BRAND2,865.41,fdjbkkg@appple.com
e3f64d62-22bc-44e6-b0ac-0070bb88e6cd,2021-12-07T04:39:10,BRAND5,210.01,"""dafibdh dfecdfk"" <dafibdh@live.com>"
869556bb-212e-4bd8-b363-906b79c2c14a,2021-12-07T04:40:00,BRAND2,67.13,dacejbj@yahoo.com
61ce8f70-2519-4ddd-b169-2b47939fdb45,2021-12-07T04:40:00,BRAND5,925.40,jkafhkk@appple.com
cbe47fa4-c6d4-47f6-9252-4a4f1e2fa47c,2021-12-07T04:40:50,BRAND2,$17.63,"""dekeecb ibgdfll"" <dekeecb@gmail.com>"
23b56087-2b67-4db2-b1d0-17a08d643253,2021-12-07T04:41:40,BRAND1,319.36,kfaehgg@live.com
831ff29d-656b-4312-9579-c5c31b59b12b,2021-12-07T04:43:20,BRAND5,42.60,gjhaagb@appple.com
440391c6-bdea-42a6-966e-1fdd22b4807c,2021-12-07T04:43:20,BRAND1,247.18,"""fcdadcl ckbafdi"" <fcdadcl@appple.com>"
ea1b3a7d-0700-499b-8cc9-6d2576a11c76,2021-12-07T04:44:10,BRAND5,198.84,"""gjgecgd lgeiefk"" <gjgecgd@yahoo.com>"
78637b7d-4faa-4388-a5da-644153361c47,2021-12-07T04:45:00,BRAND2,465.27,"""kgkaaei dlfljch"" <kgkaaei@live.com>"
862f4ac8-9736-4e95-89a4-9fb983c389f0,2021-12-07T04:45:00,BRAND1,10.98,jlhkeec@live.com
68666a52-0c50-4a6f-a978-7f83496ab1b0,2021-12-07T04:46:40,BRAND2,254.27,bfjheag@appple.com
4739d9a6-fb7a-43de-bdbc-ecf66ecf7224,2021-12-07T04:50:00,BRAND2,878.38,"""abkkdik ieiflea"" <abkkdik@gmail.com>"
abd000c3-344f-40a3-985f-d5781e31a326,2021-12-07T04:51:40,BRAND4,858.37,legidkd@gmail.com
49ad2ce4-fb64-47aa-96ba-c352cbc98ac0,2021-12-07T04:51:40,BRAND1,451.06,kikdcjg@gmail.com
c05d3e65-41f9-4545-801d-3cd5aa3d4397,2021-12-07T04:53:20,BRAND2,520.47,fjjiale@appple.com
ff277c16-0984-4886-a780-817850c78bed,2021-12-07T04:53:20,BRAND2,96.62,"""ajillbj gbhdlcb"" <ajillbj@gmail.com>"
06c14847-7352-487d-b95a-5095aea7595d,2021-12-07T04:54:10,BRAND2,33.89,hkhgbbj@appple.com
d71d830a-2da1-42ea-937d-c5fd6aa86bc6,2021-12-07T04:55:00,BRAND2,420.29,"""gchgeci lbibhcj"" <gchgeci@gmail.com>"
e4ed87c9-76db-4504-8366-1eeab167e599,2021-12-07T04:55:50,BRAND2,618.06,hcljckj@gmail.com
f2d69bf0-e9e6-482e-a42a-43d36f29d1d6,2021-12-07T04:55:50,BRAND2,577.27,jjfeaah@gmail.com
8ba524a4-6253-4e26-bbb8-9cc5648721b7,2021-12-07T04:57:30,BRAND1,389.24,jdcleba@appple.com
cf3fd96c-9ad4-452d-ae47-e584ab571f1c,2021-12-07T04:57:30,BRAND3,762.53,eacgllg@live.com
bc6239c0-6f4f-4945-9d06-b793e7b469d2,2021-12-07T04:58:20,BRAND2,264.66,ggjcalc@appple.com
320ddb3b-e8cf-4718-8884-ebae9762c6a0,2021-12-07T04:58:20,BRAND2,523.72,hcjllkc@appple.com
c3bea37a-fda0-4e8e-81a5-188dc9bfd4a8,2021-12-07T05:00:00,BRAND5,567.72,"""lheffeg dajebkd"" <lheffeg@yahoo.com>"
104c7f7f-88ba-49c6-99b1-fd0d3a508cdf,2021-12-07T05:00:00,BRAND4,550.30,hbhdjag@gmail.com
1e777cdb-b1f7-4524-8bf9-5b0529cce0d5,2021-12-07T05:01:40,BRAND2,993.88,"""hcekedh kcceibi"" <hcekedh@hotmail.com>"
12047215-64f8-4ef3-b980-a816cbf71cf2,2021-12-07T05:01:40,BRAND2,816.56,idbdajc@gmail.com
b3e77a76-6d4a-4779-b68b-6ae211e3234f,2021-12-07T05:02:30,BRAND2,167.12,ciehhgj@gmail.com
bcffad40-d62c-4f91-88f3-ad451821eb33,2021-12-07T05:02:30,BRAND2,448.00,jhgahig@hotmail.com
0cda3a3c-da4c-499d-b36b-212aa86e5208,2021-12-07T05:03:20,BRAND4,159.82,cglacle@appple.com
be29aac8-30ab-4e3c-9c6c-334c3265f2da,2021-12-07T05:03:20,BRAND5,363.76,bglgghj@gmail.com
5be597d8-8aba-4462-91d3-e72786392d0d,2021-12-07T05:04:10,BRAND2,154.41,"""akcgcge cehdfgj"" <akcgcge@appple.com>"
9123dc05-433a-42f5-bb22-9e3ed21455c5,2021-12-07T05:05:00,BRAND5,122.62,"""kbbcgjk bjaflej"" <kbbcgjk@gmail.com>"
646b8b5a-cb10-4be0-ba3c-71e73f693723,2021-12-07T05:05:00,BRAND2,253.76,bglfghi@appple.com
9d0d381d-7918-4002-b0a3-9543a110126c,2021-12-07T05:06:40,BRAND3,853.11,"""eefellb gldbdaf"" <eefellb@gmail.com>"
ef010a1e-13f7-4727-a152-a0ca89440b94,2021-12-07T05:06:40,BRAND2,841.59,ibcjked@gmail.com
86d6b6c8-bf09-4895-9de6-e483037d1bd4,2021-12-07T05:10:00,BRAND2,4.41,flbbahb@gmail.com
11faf5ab-e6c4-4602-8a87-ad7c61c5c51c,2021-12-07T05:10:00,BRAND2,908.64,lfbhcgi@live.com
de14a21c-0f21-440f-8ea1-7b55b2736f81,2021-12-07T05:10:50,BRAND2,$974.54,"""ecddjgf bjigcih"" <ecddjgf@live.com>"
f906f714-f361-4678-a264-6094e31114f7,2021-12-07T05:10:50,BRAND2,718.04,ejaeklb@yahoo.com
adb7acad-0734-4ab8-9453-a6620eebef6a,2021-12-07T05:11:40,BRAND3,457.55,"""hgebjbc hfcldef"" <hgebjbc@appple.com>"
8be2dc6a-fc4f-4e0c-882e-36f0aea5f4c6,2021-12-07T05:11:40,BRAND5,532.04,cbffgff@gmail.com
33e82cf0-6298-47d3-8379-f26926619793,2021-12-07T05:14:10,BRAND2,319.41,cfkhlha@gmail.com
a0432de0-408f-4275-97bd-c1e6ca643453,2021-12-07T05:14:10,BRAND2,315.84,feikadl@gmail.com
7b250bb1-6d1b-4956-9185-7b5d65f6e3a1,2021-12-07T05:15:50,BRAND3,525.02,cfdiakb@yahoo.com
1d8bd375-1b0f-4cdc-8845-ef0bf3627af5,2021-12-07T05:15:50,BRAND2,278.14,cedcefd@gmail.com
7953946e-60af-4c84-8d61-23b3832d74aa,2021-12-07T05:16:40,BRAND2,361.39,hlfkkkj@gmail.com
4fa331a0-7ae6-4268-a969-67d7cc01f3d7,2021-12-07T05:16:40,BRAND2,121.06,hibbllh@live.com
d3771703-0d02-42ae-bb84-ab6068848f10,2021-12-07T05:17:30,BRAND2,761.06,bdjdglg@yahoo.com
b8696035-5919-4c1d-b08e-02ebe59c1ed5,2021-12-07T05:18:20,BRAND2,0.68,hkbfedl@live.com
41ccb7de-71ae-4d43-b765-ada54cc0a582,2021-12-07T05:20:00,BRAND5,257.40,hacjgci@gmail.com
bdb1c9ed-0c10-4dd8-9507-794c579d7077,2021-12-07T05:20:00,BRAND2,372.68,ffagffk@gmail.com
fd237e3e-b2b5-4ac8-a830-ceedf1a67640,2021-12-07T05:22:30,BRAND5,533.88,lbgclah@gmail.com
61840ee1-7d36-44ba-aeda-18fadd28f0c7,2021-12-07T05:23:20,BRAND5,130.54,"""glfjfkf icabeie"" <glfjfkf@appple.com>"
b5a92986-5dfa-4545-a5d9-cce3ce4e7812,2021-12-07T05:23:20,BRAND5,412.31,"""gicbbjl fbhdijf"" <gicbbjl@gmail.com>"
ca78d566-2b9b-4cdf-ad20-2488eeda493b,2021-12-07T05:25:00,BRAND4,489.79,"""hlhflfb bhackhl"" <hlhflfb@gmail.com>"
0b0ebff5-2160-4736-8f34-2edd75fc1091,2021-12-07T05:25:00,BRAND3,463.82,"""acdakce clgedld"" <acdakce@live.com>"
c9576380-abef-42bc-9ed8-b93a25885ca1,2021-12-07T05:25:50,BRAND2,575.58,"""jjlbfec ckglchc"" <jjlbfec@gmail.com>"
cb03765b-7054-4094-be5f-89b57e9341bf,2021-12-07T05:25:50,BRAND5,180.37,"""ijjffib aljhaff"" <ijjffib@appple.com>"
d13c5bc1-657f-4853-8f52-d640c9ed7a56,2021-12-07T05:26:40,BRAND5,5.48,hjbidla@gmail.com
f49f8c51-0b96-4fc9-9469-0e2eea4318c3,2021-12-07T05:26:40,BRAND2,689.98,cikejlc@gmail.com
86a271db-25b2-4940-ac07-5149957498e8,2021-12-07T05:30:00,BRAND2,895.00,"""beafhfc ageegjc"" <beafhfc@gmail.com>"
9324c416-1266-449b-92e8-51507dad8cc6,2021-12-07T05:30:50,BRAND2,$728.97,dlbddle@live.com
52d452a9-ee6d-4b87-a8e5-bdf74c6eb14b,2021-12-07T05:30:50,BRAND5,201.38,dcbdcka@gmail.com
bb4b3b71-8e12-4b2d-a426-338c7674c581,2021-12-07T05:32:30,BRAND5,182.43,jddihfb@live.com
3173eb18-bde3-4d2b-9cb9-fc31baebb065,2021-12-07T05:32:30,BRAND1,929.62,"""jeddiik gdhgaek"" <jeddiik@gmail.com>"
a810fd8c-d342-4597-9aec-a6531690b537,2021-12-07T05:34:10,BRAND2,816.52,"""jlahakh djaehaf"" <jlahakh@gmail.com>"
7982cb46-545f-4b05-a4ce-3eb41c692be9,2021-12-07T05:35:00,BRAND5,276.24,"""aacaadl klicaag"" <aacaadl@gmail.com>"
be8b1551-ae96-4813-a797-6c1e75757010,Tue Dec  7 05:35:00 2021,BRAND5,899.93,"""jicijkc ebhldaj"" <jicijkc@appple.com>"
23fddad4-3533-42ae-8576-02c3f22891c4,2021-12-07T05:37:30,BRAND1,91.64,bdjabce@gmail.com
eb646667-08bf-4314-9686-e24bfe8b004e,2021-12-07T05:37:30,BRAND2,897.23,"""jhjhkba edlkfji"" <jhjhkba@gmail.com>"
8961cd08-c0d5-4e2a-83a7-3ab7ad00d520,2021-12-07T05:38:20,BRAND2,621.37,beclhkf@appple.com
d96e571e-56b5-46b1-b739-919c9be42d0e,2021-12-07T05:39:10,BRAND2,783.72,fjjhagg@gmail.com
970e2cf4-1ea0-4e04-9f78-69f425e16972,2021-12-07T05:42:30,BRAND2,266.89,"""efldcbh gdjkgga"" <efldcbh@gmail.com>"
626aa17c-3f58-48f8-be5c-c78104b9c6df,2021-12-07T05:42:30,BRAND2,942.01,"""didgeie cfidceh"" <didgeie@yahoo.com>"
ba838865-1348-4477-bd2d-b6dde39b4e78,2021-12-07T05:44:10,BRAND5,579.72,"""hikkhbb iccaadf"" <hikkhbb@gmail.com>"
65336021-8055-4bf2-9e18-b61349ec8807,2021-12-07T05:44:10,BRAND2,868.30,jicfgdh@gmail.com
54696621-2525-4907-a897-6394f2d1b284,2021-12-07T05:45:00,BRAND3,480.19,"""gckcikk ildbjab"" <gckcikk@live.com>"
5d17c1b1-17ce-4a3e-8eab-cc3c9276a490,2021-12-07T05:45:50,BRAND5,356.60,aajliff@yahoo.com
06ae524c-1dbd-4283-9a46-82a5541be69a,2021-12-07T05:45:50,BRAND2,563.22,ibibbfd@live.com
89b2d083-55ba-4d3b-af34-f1cf9e7fe1db,2021-12-07T05:47:30,BRAND2,366.44,"""llaccgb fkfidec"" <llaccgb@live.com>"
599e0635-d5ba-409c-ad2b-672db8fab6ad,2021-12-07T05:49:10,BRAND4,383.00,gjijfhb@live.com
f2e5cf83-ee20-457d-807c-c98b3e3d53b0,2021-12-07T05:50:00,BRAND1,683.68,dgehfbb@live.com
1271357c-78ec-47a0-9983-626e598118d0,2021-12-07T05:50:50,BRAND3,808.81,"""kajfddd hiljblf"" <kajfddd@appple.com>"
d6ac0d16-a1b3-4a6c-ad52-c5130baa00ed,2021-12-07T05:51:40,BRAND2,414.08,edegaag@appple.com
adc71371-8389-40a2-8baa-13547fa304f3,Tue Dec  7 05:52:30 2021,BRAND5,95.41,aggbjfj@gmail.com
8f1a9ce1-4848-4b09-80af-fa24bac9bda2,2021-12-07T05:53:20,BRAND2,435.31,"""djcifhf lgcggdd"" <djcifhf@gmail.com>"
55c31316-96a5-4063-be59-70982abe9960,2021-12-07T05:53:20,BRAND2,326.82,iikhkfh@yahoo.com
ee7bc9f9-cda9-4ac7-9bea-353eb53065cb,2021-12-07T05:54:10,BRAND2,886.66,"""cdffahi cjilaib"" <cdffahi@gmail.com>"
1ef8f3bd-4477-4071-ada6-c7c3cb8e0350,2021-12-07T05:54:10,BRAND2,333.89,"""kfflalk gjjfggj"" <kfflalk@hotmail.com>"
