id,date,brand_id,trans_amt,email_address
acdb1d5e-40cd-460d-ba88-ec944ad22cbc,2021-12-11T06:55:50,BRAND5,28.31,hiehbil@gmail.com
684b7c77-0ea7-4011-b588-3aa456c74f40,2021-12-11T06:57:30,BRAND3,728.22,igiihci@appple.com
bcd00cd7-3d56-4103-bba4-400c266c2016,2021-12-11T06:58:20,BRAND2,412.33,"""lljjjdh lcdjbka"" <lljjjdh@live.com>"
b53b93e5-a99f-44fa-8314-80a5edc20100,2021-12-11T07:00:00,BRAND2,575.13,"""afjdflg faebdkj"" <afjdflg@yahoo.com>"
c344aa59-ab26-41d7-a933-f39c90c8fd85,2021-12-11T07:00:50,BRAND5,522.70,aafakik@gmail.com
15f7c815-f321-4744-b03f-76c264de8e5f,2021-12-11T07:01:40,BRAND5,764.59,khdecag@appple.com
e684e7e2-7deb-4150-ad58-9f8638e52cac,2021-12-11T07:02:30,BRAND5,152.41,"""alhfffe kfhfici"" <alhfffe@gmail.com>"
f74907cb-be51-4d3b-8c8c-00ff4e253fc3,2021-12-11T07:03:20,BRAND2,990.86,"""dadfacl dgggacf"" <dadfacl@gmail.com>"
e5ed32d7-ed95-4fdb-86f2-b2bf787fd5a3,2021-12-11T07:04:10,BRAND5,191.45,lkckael@appple.com
18453306-9b93-4a3e-94e6-b9925b733331,2021-12-11T07:05:00,BRAND2,675.73,lfadgee@yahoo.com
50ac81fd-5b8f-4701-802d-6e3099199335,2021-12-11T07:08:20,BRAND2,693.01,dddggjh@appple.com
9d1e1296-3a03-44ad-be20-57dbe9df2eb6,2021-12-11T07:08:20,BRAND5,$501.38,hjhalkb@gmail.com
23b1d01e-a133-42e7-bb79-7565566b0751,2021-12-11T07:09:10,BRAND2,749.08,afkkehg@yahoo.com
a1a3bd78-88c3-4b7c-be64-b2f99ff2c931,2021-12-11T07:09:10,BRAND2,762.39,cgkjfda@gmail.com
d53c4012-cfe9-4451-8549-441ec3b843c5,2021-12-11T07:11:40,BRAND4,589.23,ehfagjc@gmail.com
e01fff5c-b91d-4caf-8314-89ee4f50d867,2021-12-11T07:11:40,BRAND5,173.00,djleiik@gmail.com
77b57708-bbf9-44a6-b431-13103de71ea3,2021-12-11T07:13:20,BRAND2,724.85,gjcbhcf@appple.com
31c52013-65a1-44a3-9e66-f7462912f6e0,2021-12-11T07:15:00,BRAND5,281.40,"""cbakbfa jcdkdgj"" <cbakbfa@gmail.com>"
4f45599e-7f6e-423f-a568-70894035534f,2021-12-11T07:16:40,BRAND4,816.93,lhgihci@live.com
819b8d16-5868-4f62-a034-8164bee56f1e,2021-12-11T07:16:40,BRAND5,89.40,gegfeak@gmail.com
2a48154c-f122-43d9-b4a6-b59af891ec3a,2021-12-11T07:17:30,BRAND5,226.09,aekhdjd@appple.com
eb1e6127-cb77-4c4e-8ac3-e840c9d8acd9,2021-12-11T07:17:30,BRAND2,480.49,fldgkaa@appple.com
26da86a6-c547-430a-b9f1-44cc18c67d5e,2021-12-11T07:20:00,BRAND2,751.27,"""hcjblad gkkccbf"" <hcjblad@gmail.com>"
8e750c8b-7000-443b-9acd-93e57eaff293,2021-12-11T07:20:00,BRAND2,41.25,jkfcgdg@live.com
a3911599-4746-4196-88d5-eabc51c04a91,2021-12-11T07:20:50,BRAND2,434.76,"""aladfih kehehhl"" <aladfih@gmail.com>"
e5dfa901-64d9-45ee-b9e6-1c2b3b722b3a,2021-12-11T07:20:50,BRAND2,923.92,kdgelkl@appple.com
69420c9a-b639-4a0f-8ab0-51e5bee9c7d0,2021-12-11T07:22:30,BRAND5,427.15,"""bjedjdi febfakc"" <bjedjdi@appple.com>"
b9ee60ec-8d1b-4031-9bfb-45b3040b1e24,2021-12-11T07:22:30,BRAND2,131.46,acagblb@gmail.com
80e31381-614b-43f8-b305-284af9fd001b,2021-12-11T07:23:20,BRAND1,698.95,dlcbici@appple.com
0620384b-747c-4fc5-ab12-3b5d3ddc29a8,2021-12-11T07:27:30,BRAND2,755.17,"""gbciled fhhldea"" <gbciled@hotmail.com>"
e98e575b-acce-4684-944b-f60d8ca131a0,2021-12-11T07:28:20,BRAND5,34.37,ckbjlce@live.com
59274e5f-de9c-4f61-8169-3e66bd7bfa0a,2021-12-11T07:28:20,BRAND5,572.87,"""kkiclck caaajld"" <kkiclck@gmail.com>"
75a7c912-bd70-4a88-9447-77fa05b33b7b,2021-12-11T07:29:10,BRAND5,840.06,kakbjhk@gmail.com
07a1c4e8-6829-47c9-afb5-54746b46af92,2021-12-11T07:30:00,BRAND1,211.59,"""lagjkcl gegllhh"" <lagjkcl@appple.com>"
4def11df-2cca-4f84-929e-8f8d62995b63,2021-12-11T07:30:50,BRAND2,11.25,"""jjllbdk flcicid"" <jjllbdk@appple.com>"
a3a6b832-ce97-4237-9d84-fe4c94da19fe,2021-12-11T07:31:40,BRAND2,454.30,bhaakka@gmail.com
cdad6e14-0534-4076-b35d-0cbce3b011cf,2021-12-11T07:32:30,BRAND2,639.11,igefbkl@gmail.com
785c0ed0-6c9c-4a33-a406-396b919f8c0f,2021-12-11T07:34:10,BRAND5,295.56,likicja@gmail.com
050d74d3-13e7-4461-8c3d-9710a606d3c4,2021-12-11T07:35:00,BRAND2,$93.51,kgddidh@gmail.com
6910f2b4-a4a3-44ad-b2df-e807428380f2,2021-12-11T07:35:50,BRAND5,585.38,ldadjjc@gmail.com
5858c8e0-c539-4e2a-99f8-5061f8493bd3,2021-12-11T07:37:30,BRAND2,756.92,baeljek@live.com
260640cd-7c8d-4712-9435-b908d05832c4,2021-12-11T07:39:10,BRAND2,900.09,ckbchcf@appple.com
714aa306-30f1-4c39-8b94-8a6e5b51f82b,2021-12-11T07:39:10,BRAND5,951.77,"""gacghah gjeejba"" <gacghah@gmail.com>"
824ae3ec-07eb-4151-b0c5-a64c456845a6,2021-12-11T07:41:40,BRAND2,340.94,"""lfajlef bbacbcd"" <lfajlef@gmail.com>"
c5fc9ef1-f434-41cb-a916-851259c7fb12,2021-12-11T07:41:40,BRAND5,890.48,beakibf@appple.com
2a512683-a75a-4096-856e-3dced2a62dee,2021-12-11T07:42:30,BRAND5,509.78,eflbahd@yahoo.com
1c845389-a35b-4b0e-b5ee-905ec5521fbc,2021-12-11T07:42:30,BRAND5,5.94,jdfkkai@hotmail.com
83c83547-08fb-4bbf-84e5-799e06a2d0e5,2021-12-11T07:44:10,BRAND2,461.71,kbkechk@appple.com
edb01692-4411-464d-be25-8799556c2b56,2021-12-11T07:46:40,BRAND3,823.45,laljbib@gmail.com
dfb17e2c-65f9-4c6d-9e4c-a4b655a3aae4,2021-12-11T07:48:20,BRAND1,191.46,hagckli@appple.com
0bdaeee2-308c-4ef1-ae7a-c490888ea593,2021-12-11T07:48:20,BRAND2,734.74,"""fgailih gchilha"" <fgailih@appple.com>"
afab9ad6-2f2f-416c-a1e0-cc949b6fb7f1,2021-12-11T07:50:00,BRAND2,10.81,"""hedkhfh gcijbbc"" <hedkhfh@gmail.com>"
8a06eea6-5936-4518-ba93-8e550a976700,Sat Dec 11 07:50:50 2021,BRAND5,15.33,gjjijbj@live.com
df4efdb5-e98d-460f-aa48-773703354755,2021-12-11T07:51:40,BRAND2,579.40,jkklagf@appple.com
edaca8d9-4e03-424d-8887-b945d6ad2168,2021-12-11T07:51:40,BRAND5,723.12,"""jdagijb khjfdkh"" <jdagijb@gmail.com>"
58845cb0-f2d7-4442-86f9-1248eb6e4af7,2021-12-11T07:52:30,BRAND2,329.75,ijclcdl@gmail.com
34bfedd0-a7ad-40b4-9cd3-0f248932c931,2021-12-11T07:52:30,BRAND5,399.09,"""hcjhhbc ddiikeg"" <hcjhhbc@appple.com>"
006de57b-aaf6-459d-8b99-05b27aed8585,2021-12-11T07:53:20,BRAND5,182.10,"""ijkhlhg akdhhab"" <ijkhlhg@appple.com>"
52230d65-b3df-4eac-8043-64f5766d14df,2021-12-11T07:53:20,BRAND2,110.80,"""ghaihbl ehlifge"" <ghaihbl@gmail.com>"
19933313-d36d-49b2-bdd3-d643e00a88c2,2021-12-11T07:54:10,BRAND5,333.47,ghlkhhk@appple.com
260ff47b-10e5-4386-ab35-cd60f37aea38,2021-12-11T07:54:10,BRAND4,800.70,cacbgjb@live.com
d83648d3-83e6-4918-b835-98f6d5039b68,2021-12-11T07:55:50,BRAND3,95.21,afcigfh@appple.com
53b0fc2c-2193-4299-8d90-9aeea43a1790,2021-12-11T07:56:40,BRAND1,704.56,falbhcb@appple.com
3c612f4a-8989-43ae-bf5a-af1d5abec8e8,2021-12-11T07:56:40,BRAND1,997.47,"""dkeebad kklbacj"" <dkeebad@gmail.com>"
72518665-2eb8-4528-b790-ffc77e9e6114,2021-12-11T07:57:30,BRAND2,793.27,fihfbdl@appple.com
9d2f3ee8-a0af-4d6c-b19f-30d3ca7b64b0,2021-12-11T07:58:20,BRAND5,229.64,"""kklflfh kafhcic"" <kklflfh@gmail.com>"
cbad617b-93f8-4969-b55c-0454c6aa9837,2021-12-11T07:59:10,BRAND2,751.05,jhjfaai@appple.com
bc491a0a-518f-4cac-a871-6d81cf7d6fc3,2021-12-11T08:01:40,BRAND4,207.21,fhhchch@appple.com
44e314d2-420d-403d-b09d-2b3ee1feea80,2021-12-11T08:01:40,BRAND5,541.42,gbjbcbk@live.com
cb40f57c-2b4e-4ce1-960a-2a670057e0e8,2021-12-11T08:02:30,BRAND2,870.34,"""dgfikkh bbhfklg"" <dgfikkh@appple.com>"
3146e6ee-9a2e-4425-a481-e8318eae5d2b,2021-12-11T08:03:20,BRAND2,108.66,fcjejbg@gmail.com
a3414852-79a1-4f3d-bb38-9b32c4a69727,2021-12-11T08:03:20,BRAND2,866.68,"""hlbfjfd ljlgafh"" <hlbfjfd@hotmail.com>"
77cfdb80-bd36-41d7-803d-bee27202026a,2021-12-11T08:04:10,BRAND2,33.96,fdkhdij@yahoo.com
6b5d3c85-3231-4b65-8b6f-8eff76ad230c,2021-12-11T08:05:00,BRAND4,627.04,fadgilc@live.com
8823cafb-eda6-45fe-b771-80be760878e5,2021-12-11T08:05:50,BRAND2,372.14,"""aijldee gjagijh"" <aijldee@gmail.com>"
de06595e-e542-40f4-bb62-35e694404da7,Sat Dec 11 08:06:40 2021,BRAND2,527.57,"""baifkcd ldkbika"" <baifkcd@gmail.com>"
50aa5275-1a30-49d8-ab1f-cf88d4db4f61,2021-12-11T08:06:40,BRAND2,967.42,kldjfbl@gmail.com
ac9cab03-ece4-4a37-8d7e-ca1bdf933914,2021-12-11T08:07:30,BRAND3,19.59,"""gcliigf iecadfk"" <gcliigf@gmail.com>"
56f96ce0-d667-4f0f-9334-7625e015b26c,2021-12-11T08:08:20,BRAND2,785.32,"""gbjfica bcgfiej"" <gbjfica@gmail.com>"
4d55b16f-b96b-4d08-a32c-ea6cf6af388d,2021-12-11T08:09:10,BRAND2,520.15,"""kclehki hhialdc"" <kclehki@gmail.com>"
f5d7fa9e-01de-46bf-a8c4-6bebdc229ef0,2021-12-11T08:11:40,BRAND3,835.75,ehflika@appple.com
06e8f881-0a4a-4aee-8bd1-2a426ca6ec8b,2021-12-11T08:13:20,BRAND5,646.86,ecijkff@gmail.com
6337c4dd-3a58-4c9b-98d0-3f0741f64227,2021-12-11T08:13:20,BRAND5,198.32,"""eeggcii jlidlid"" <eeggcii@appple.com>"
2090d100-882d-4a91-886d-ae9e5665b5dd,2021-12-11T08:14:10,BRAND2,22.12,ehakgfj@gmail.com
2dd1ba71-b5d4-4f1b-bcea-8609ff0e249d,2021-12-11T08:15:00,BRAND5,978.51,dbdlgkj@appple.com
f6844af7-21fa-4910-9e94-b9fce21fba79,2021-12-11T08:16:40,BRAND2,474.66,flegejc@appple.com
940d5653-bd91-48c6-8e60-e1d89a9d8bfa,2021-12-11T08:16:40,BRAND5,679.01,bgglkef@appple.com
65a83162-5257-4a12-ac7e-b020887533d9,2021-12-11T08:17:30,BRAND2,333.88,dllgjge@gmail.com
035a8a2f-f521-46ef-8dba-3178d6b7ed0f,2021-12-11T08:18:20,BRAND1,278.95,"""hifkbhe bcgkhaf"" <hifkbhe@gmail.com>"
1de8b242-6c56-44a4-911c-1cdeb24dd394,2021-12-11T08:19:10,BRAND2,437.47,jkfghbg@gmail.com
09605c20-1b79-45a2-b611-ed888fee6f68,2021-12-11T08:20:00,BRAND2,276.79,"""bjelilj bbagedk"" <bjelilj@appple.com>"
ee6e448d-c219-44ec-bf68-ef2234292761,2021-12-11T08:20:00,BRAND2,238.23,cleeebk@appple.com
3020d256-1de7-4365-bf4d-2a80fc6e70c5,2021-12-11T08:20:50,BRAND5,697.28,"""gdjflja klliggk"" <gdjflja@gmail.com>"
e795cc47-5f17-4c40-9f30-6e3f4bedb0e0,2021-12-11T08:22:30,BRAND2,323.88,gckdgja@gmail.com
4778d924-8783-40c6-b121-c0e9b0d79e8e,2021-12-11T08:23:20,BRAND5,780.10,iagklhi@gmail.com
4d0fc242-4a9a-4f5e-bd04-5383704db6ce,2021-12-11T08:25:00,BRAND5,36.59,dgdbcae@gmail.com
9de6ce49-30d5-4ca7-be1c-dc03c65062ed,2021-12-11T08:25:00,BRAND2,252.72,"""kbddjbi ljjcdgb"" <kbddjbi@gmail.com>"
f03e1303-732c-47a8-a384-2d0ffce84942,2021-12-11T08:26:40,BRAND2,751.08,lealgbl@yahoo.com
eae1e2d4-7c78-49f6-8d67-37da1f908838,2021-12-11T08:26:40,BRAND2,771.33,ideebdi@gmail.com
c7d79b75-51cf-4a4b-be9e-51bab77d2937,2021-12-11T08:27:30,BRAND1,616.92,jhegfhf@live.com
a16c48d6-9ec3-4e92-9f2d-0096921c76bc,2021-12-11T08:30:50,BRAND2,647.09,dfbdbfl@gmail.com
dca10af8-bfd2-469b-bb6d-f2277ae65e61,2021-12-11T08:31:40,BRAND2,986.63,"""begjicl egecllh"" <begjicl@gmail.com>"
319dcea7-7a2e-450e-9dd5-323c9af5558a,2021-12-11T08:33:20,BRAND2,$511.37,cblalfh@appple.com
2682f147-2169-4736-9c95-22973aec607b,2021-12-11T08:33:20,BRAND2,897.54,fecffjb@gmail.com
98be6ffe-c03e-48a7-a09b-5ec58205a518,2021-12-11T08:34:10,BRAND2,883.80,bfkfagl@live.com
c0b58aba-f50d-44ef-9ff4-299a5b343982,2021-12-11T08:35:50,BRAND5,144.68,fbdbidl@appple.com
02db6676-844e-40d8-b304-25d1dad2ceef,2021-12-11T08:36:40,BRAND1,13.51,alkgkha@gmail.com
0d2cb646-49f5-4844-9f93-2d6256cc064c,2021-12-11T08:37:30,BRAND2,533.02,lgigfjj@gmail.com
67b1e504-061c-46ba-a6e0-7ec2a34ea7e3,2021-12-11T08:37:30,BRAND5,274.13,"""ajiaijl hccedaf"" <ajiaijl@live.com>"
e005a814-798f-44a0-9062-89feb11430f0,2021-12-11T08:38:20,BRAND2,592.92,jibiali@yahoo.com
423fada6-101f-480a-badf-27b3991d960b,2021-12-11T08:39:10,BRAND2,156.50,gjiggki@appple.com
03970b51-8128-4e26-a60a-5b2fe697a633,2021-12-11T08:39:10,BRAND2,401.33,"""gflgllb cdghlfa"" <gflgllb@gmail.com>"
c89fa121-4ae6-4a4b-be58-51a1db8a5b1b,Sat Dec 11 08:40:00 2021,BRAND2,680.09,"""kddgllc ffigece"" <kddgllc@gmail.com>"
b819ab54-82d0-489c-bbcf-9b223a0fd755,2021-12-11T08:40:50,BRAND2,694.13,bllakee@gmail.com
5232eceb-aecc-4815-8526-a0149ddcd1e8,2021-12-11T08:41:40,BRAND1,701.36,"""heibgkf kbfdjhd"" <heibgkf@appple.com>"
68f02483-c702-4daa-bfe8-fa0706f59ff3,2021-12-11T08:43:20,BRAND1,223.34,edihclc@live.com
8f36969c-662d-4423-b670-6eb66036527f,2021-12-11T08:43:20,BRAND2,603.24,ihbfgdg@appple.com
104dea92-40a6-40da-ac1a-38145621c47e,2021-12-11T08:44:10,BRAND1,914.75,"""egdklje kiahjif"" <egdklje@hotmail.com>"
38606cbf-3b2a-44d6-8abb-d9b39d5def8c,2021-12-11T08:44:10,BRAND5,107.51,"""ekgfehk cfdhlii"" <ekgfehk@gmail.com>"
54630061-79f9-4aa8-a465-61592a9e8aa6,2021-12-11T08:45:50,BRAND5,358.70,lcakgif@live.com
f3b6cacb-4c8d-4b33-a263-b170c091b463,2021-12-11T08:45:50,BRAND4,878.90,"""afffbkl kfhbgbd"" <afffbkl@gmail.com>"
a8db7727-c277-4d90-b085-96d86c358d74,2021-12-11T08:46:40,BRAND5,48.62,dckddkh@appple.com
20f5f1fd-568d-4f49-8089-7b86ae017e1c,2021-12-11T08:48:20,BRAND5,818.80,jekabdj@appple.com
d1cd8fd3-b5f6-4d8c-992e-b269cc7fef93,2021-12-11T08:48:20,BRAND1,744.37,aafijfg@hotmail.com
a1915950-a77b-40fa-bb40-5ac1900656ed,2021-12-11T08:50:00,BRAND2,676.75,ieahlhb@yahoo.com
fda56586-48ea-441e-a871-aecccdf9d113,2021-12-11T08:50:50,BRAND2,30.07,"""gkckiee hafjlef"" <gkckiee@gmail.com>"
935fc22e-3644-4c6d-886b-a30b313b454a,2021-12-11T08:50:50,BRAND2,460.54,"""lecfcch geeecgc"" <lecfcch@appple.com>"
7b37cf63-6fea-444f-868e-413aeea4857c,2021-12-11T08:51:40,BRAND2,193.13,eijjccc@gmail.com
f0cab730-3ddd-4a97-a0ac-adfaa86176ec,2021-12-11T08:51:40,BRAND2,22.51,dbfjkdl@gmail.com
f4bf886b-d8b4-420c-bb2c-85e6275e7835,2021-12-11T08:52:30,BRAND2,424.11,"""idkhaba bhgkdfi"" <idkhaba@gmail.com>"
52133199-2842-4c6d-b483-f3e33464f29a,2021-12-11T08:55:00,BRAND5,60.21,afhgkae@appple.com
9a31a6e7-ebbc-4600-932e-599af27a0556,2021-12-11T08:55:50,BRAND5,263.47,"""fdcfjde ifakckc"" <fdcfjde@gmail.com>"
3dc8fd17-9ee7-412e-bfaf-3632d5e91c62,2021-12-11T08:56:40,BRAND1,55.75,"""hfeflgd ahlklbc"" <hfeflgd@gmail.com>"
5ca79763-4432-49ef-97e0-704a7ca2755e,2021-12-11T08:57:30,BRAND5,846.60,"""ejghkkd lkjhhdj"" <ejghkkd@appple.com>"
93d90c09-4c0c-4676-b652-41c14b537718,2021-12-11T08:57:30,BRAND2,257.31,"""bbjjfeb ffffdjd"" <bbjjfeb@gmail.com>"
e9da5367-ef42-421e-8162-cd49dce6dbb2,2021-12-11T08:58:20,BRAND1,341.08,blgieea@gmail.com
8e946333-5d18-4d4a-82dd-d298d21c95bb,2021-12-11T08:59:10,BRAND2,952.06,ccjbkic@live.com
db58b53a-11d0-4cbb-b5bb-8fee09fda1bb,2021-12-11T08:59:10,BRAND5,839.48,"""jjhaikl eeklbhg"" <jjhaikl@gmail.com>"
9fb9849f-551a-40eb-acb4-d48534201d7a,2021-12-11T09:00:50,BRAND2,899.14,"""blihjia ggcfhif"" <blihjia@live.com>"
818ee1d7-0790-4222-8d95-11bb1a3951b0,Sat Dec 11 09:00:50 2021,BRAND5,270.22,jclhcel@gmail.com
085ea0b8-f0f3-4d8f-baad-c8e2c845aa21,2021-12-11T09:01:40,BRAND1,$666.37,ddfihbf@gmail.com
6d1c6d35-799b-49fa-88bc-a22b2b4d6c9e,2021-12-11T09:02:30,BRAND1,211.59,iaaclkk@gmail.com
99fb6df7-1bf6-4133-a477-043c1081352f,2021-12-11T09:04:10,BRAND3,975.09,leliigh@gmail.com
618ea292-400f-49fb-9dec-ca73b3048c9e,2021-12-11T09:06:40,BRAND5,397.99,"""iebldha ibcikli"" <iebldha@appple.com>"
e25bec3b-a318-44d8-bfbc-ba5a6eb965d7,2021-12-11T09:06:40,BRAND2,918.84,cfeikch@appple.com
37d6eed9-5434-416c-be0e-4b6b585bad16,2021-12-11T09:07:30,BRAND5,602.10,"""jlfajbb elbbhhe"" <jlfajbb@appple.com>"
97dc7b62-2452-4676-87f6-9353062aad41,2021-12-11T09:10:00,BRAND2,$752.99,"""bkdlkii iafbegh"" <bkdlkii@gmail.com>"
4ec6b204-5f4f-4484-aeea-956bf573a2aa,2021-12-11T09:10:00,BRAND2,398.86,cjddcfj@appple.com
8a69c8be-43b5-4ddb-bf37-2f0e65895842,2021-12-11T09:13:20,BRAND2,729.46,jebideh@appple.com
2d55dc29-1e1c-4624-b73b-3686b1d0fff7,2021-12-11T09:14:10,BRAND2,437.88,jceklbi@yahoo.com
4ce2ea86-cebf-4600-9603-86575c42d6ab,2021-12-11T09:15:00,BRAND2,$124.80,kibdhaa@gmail.com
d1d96c0b-bfd4-446a-abfc-e0a12538ee97,2021-12-11T09:15:00,BRAND1,43.95,iljdbdi@live.com
4defdacc-5ac1-4c2a-b9bb-92c3fec63943,2021-12-11T09:15:50,BRAND1,746.91,fdgbika@appple.com
fa26e7c8-3966-4a10-a618-d42f38316f4f,2021-12-11T09:16:40,BRAND1,711.02,jeeiiia@gmail.com
eaaa383d-af0d-4f62-97b3-794fa5f6a44e,2021-12-11T09:17:30,BRAND5,168.21,kecjkde@gmail.com
e31cf302-eb91-4ccf-b1eb-5a7df0ccc5f2,2021-12-11T09:17:30,BRAND2,355.23,kadkcek@live.com
fa2bf152-4c9e-4d40-b590-0ef4da31f24b,Sat Dec 11 09:18:20 2021,BRAND3,966.03,dfbalej@appple.com
6d9094ef-6c9b-48f6-aaaf-7c656dc32f11,2021-12-11T09:19:10,BRAND2,540.03,hbgdfgf@live.com
e7b42908-a1e2-4182-ae6a-6725078ef387,2021-12-11T09:19:10,BRAND1,397.98,"""dkkglkh ggajflg"" <dkkglkh@gmail.com>"
ed6444ff-2d86-4ae2-b917-577e24eec3da,2021-12-11T09:20:00,BRAND1,$697.61,hilelge@gmail.com
0d075a88-1829-4224-a90d-177482bc5080,2021-12-11T09:20:50,BRAND2,723.67,hfahijf@gmail.com
2b491ebc-333f-48c2-b6d1-0fee7161bc3d,Sat Dec 11 09:20:50 2021,BRAND2,504.38,chidcdb@yahoo.com
dcfaa0a5-cac0-42e6-a993-9edeb2809631,2021-12-11T09:21:40,BRAND1,436.93,jbgdfeh@yahoo.com
33404a54-8e34-40b1-b971-c696b9e5a740,2021-12-11T09:21:40,BRAND2,672.61,lieejbg@gmail.com
d89f23ee-a83b-4dfa-be63-45c0e75ad342,2021-12-11T09:22:30,BRAND5,26.03,"""glaeadb egcdjhe"" <glaeadb@gmail.com>"
e73035ac-0e9b-4c2b-9430-375e19f344e7,2021-12-11T09:23:20,BRAND1,208.22,ffkihic@appple.com
81c33dba-e4cd-433c-8225-4c1073c7c6e2,2021-12-11T09:23:20,BRAND3,294.40,"""ifjklbi fkggbjg"" <ifjklbi@gmail.com>"
3b63f544-f509-43ce-9885-98540dc9f330,2021-12-11T09:24:10,BRAND2,$786.06,"""ehdhbfc adhejdc"" <ehdhbfc@appple.com>"
5635d46f-2e26-4ef3-bbba-f4374138f339,2021-12-11T09:24:10,BRAND2,640.61,lheajjb@gmail.com
e4aa7b69-1b3a-4879-9342-1213fd179bb1,2021-12-11T09:25:00,BRAND5,328.95,"""gekcabe kgjbfdj"" <gekcabe@gmail.com>"
058eb300-bd18-46cf-a576-8943240ca5ff,2021-12-11T09:25:00,BRAND2,613.59,aeedecf@appple.com
1e00ca61-e63a-4178-a317-442607390a46,2021-12-11T09:26:40,BRAND2,146.05,gfdddfa@gmail.com
c5db092b-27a2-4cd5-9c5d-c652845a1a81,2021-12-11T09:26:40,BRAND2,437.17,bejebjg@yahoo.com
ef0e1c61-6ef9-444f-9f0e-bf035bc5320e,2021-12-11T09:29:10,BRAND2,415.47,"""egghcfb bbebhfi"" <egghcfb@appple.com>"
2eb7e885-68a0-462f-973a-0add10380cda,2021-12-11T09:30:50,BRAND5,772.49,beijajb@appple.com
2aeb07bd-49b8-4ef4-9cc3-5aec649593de,2021-12-11T09:31:40,BRAND5,397.08,"""ejhgeke kediecf"" <ejhgeke@gmail.com>"
cd874457-61d8-42fd-8b9c-6eb1d9fffe69,2021-12-11T09:31:40,BRAND2,816.78,ldjfgbf@gmail.com
8815f1af-2d26-4259-a86a-b509ebb7e35d,2021-12-11T09:32:30,BRAND5,3.53,laacclf@gmail.com
c247fe74-80b1-48ed-9585-c7ace7f35136,2021-12-11T09:33:20,BRAND2,2.53,"""kjbiclc clileck"" <kjbiclc@live.com>"
ea5825a8-42f2-48e5-a880-d40fc5dae21c,2021-12-11T09:33:20,BRAND2,472.73,"""hhbjkhg fdfflll"" <hhbjkhg@gmail.com>"
be7409aa-9172-49b3-a270-661f2a6c85e0,2021-12-11T09:34:10,BRAND1,593.24,kilkgkf@appple.com
d912b614-06d4-4706-ad7d-65fb59bf7fdb,2021-12-11T09:34:10,BRAND2,34.16,kbahhdl@gmail.com
f79d0fca-d1ad-498a-aec4-3d130d096d1a,2021-12-11T09:35:50,BRAND4,853.84,jibdedh@gmail.com
e3d4454a-499d-4eea-a9d8-5843adddedff,2021-12-11T09:36:40,BRAND5,339.30,cbgjjjf@gmail.com
2ff3c322-9765-4814-b5ef-b845edc2bdff,2021-12-11T09:38:20,BRAND5,404.66,cijgfif@appple.com
d06e668a-af01-4024-a192-e63b50add9eb,2021-12-11T09:39:10,BRAND3,497.66,fcfgiki@gmail.com
fd60b043-7762-4958-861b-2458e0af8421,2021-12-11T09:41:40,BRAND5,361.95,"""hebffka dechjli"" <hebffka@appple.com>"
06b2cbcb-b5d3-440c-9342-ab45352606a9,2021-12-11T09:42:30,BRAND2,816.73,"""cflacda jalgdbg"" <cflacda@appple.com>"
96851c05-4cbc-4eb0-831b-f223c87853b7,2021-12-11T09:42:30,BRAND3,832.67,"""dkfidfj jkghhhc"" <dkfidfj@gmail.com>"
67a44bf8-2ec6-4c7e-8570-beff5d6a713f,2021-12-11T09:44:10,BRAND2,301.84,hekbjib@gmail.com
58f6db95-8106-4726-9281-11f8223bf661,2021-12-11T09:45:50,BRAND2,879.34,jigjldl@gmail.com
e12ef555-ab09-4d17-9af1-9b91185f15a6,2021-12-11T09:46:40,BRAND1,644.14,edjeekj@gmail.com
3ad96b9e-f697-4b7d-9e0d-21bdf1492b9e,2021-12-11T09:47:30,BRAND2,299.98,"""fcacahd hhiahka"" <fcacahd@live.com>"
9db76a7d-9f4a-477d-aba6-3d185757934f,2021-12-11T09:47:30,BRAND5,188.95,blcbjai@appple.com
3e317ab4-8742-4af2-a5ce-cb2961e70980,Sat Dec 11 09:48:20 2021,BRAND2,119.41,"""fijdlaj cbiilfj"" <fijdlaj@gmail.com>"
9d5955e6-fa6c-4d3d-8ff0-79e388e2021a,2021-12-11T09:48:20,BRAND1,757.74,"""hkidkfh ebbhbbg"" <hkidkfh@appple.com>"
33424966-cf7d-40c7-af4c-23c22e287957,2021-12-11T09:49:10,BRAND1,571.23,lccalic@gmail.com
0e87ddad-651f-46c8-b11e-7f754700ef0e,2021-12-11T09:50:50,BRAND2,321.06,hfcjjal@gmail.com
77d83a22-81a5-4757-9f82-61d50ff4bd61,2021-12-11T09:51:40,BRAND2,995.17,gkcccdk@gmail.com
7acbf5ea-7f97-4115-a900-08e5a654bfb1,2021-12-11T09:51:40,BRAND5,315.48,"""lecdcge fcejcib"" <lecdcge@live.com>"
d37a2818-f95b-4984-a94a-a0222305e362,2021-12-11T09:52:30,BRAND1,965.54,"""iajbkgj eekeiid"" <iajbkgj@appple.com>"
5524524c-d252-47cc-9f28-b9476f829f61,2021-12-11T09:52:30,BRAND2,329.53,"""hfaejef fibiiaf"" <hfaejef@appple.com>"
6fefb32a-d710-43ab-9cdf-2055ee70f81f,2021-12-11T09:53:20,BRAND5,94.06,jecchkk@appple.com
e9ecb8a0-7bfb-46b7-a10c-48e2831d7a22,2021-12-11T09:54:10,BRAND1,97.76,cgckdfc@gmail.com
73871fd3-7c76-4c03-be17-8faa85a302e8,2021-12-11T09:55:00,BRAND1,463.00,dfdhldk@appple.com
144cdbdb-7e51-4da6-a2a6-36adc6878f9f,2021-12-11T09:55:50,BRAND4,727.90,"""icccddd cbkfafk"" <icccddd@yahoo.com>"
a45de3bb-f1d0-4d68-80f3-d5f29d89953f,2021-12-11T09:57:30,BRAND2,629.22,gfajjbf@live.com
5d74b16c-5445-4c97-91ff-ce951f7a6c20,2021-12-11T10:00:00,BRAND5,532.81,"""bdeacli hihkjcf"" <bdeacli@live.com>"
b6c4ba46-f159-404e-a547-92d8f677b0d4,2021-12-11T10:00:50,BRAND2,69.23,dfcchbl@gmail.com
14400ba3-95da-471f-a853-3713082803e3,2021-12-11T10:01:40,BRAND1,430.21,fhielkb@gmail.com
599d2aa8-7c34-4f33-b1df-733aff80afee,2021-12-11T10:01:40,BRAND2,114.62,adghfhd@gmail.com
213a2fed-cfbb-45a9-82e2-231f79d6990d,2021-12-11T10:02:30,BRAND3,933.54,hkelfib@hotmail.com
13c19e1e-33d9-439e-9b35-5fafdf131316,2021-12-11T10:05:50,BRAND3,182.27,"""lgkgcae ialkbfj"" <lgkgcae@yahoo.com>"
9abe3d49-bba1-4a87-a334-c684a41b5c4f,2021-12-11T10:05:50,BRAND2,642.14,"""igjggib kaccifh"" <igjggib@gmail.com>"
5ac98e21-1118-4a5f-8b23-d262efe887eb,2021-12-11T10:10:00,BRAND2,912.33,acjhjaa@gmail.com
42a7804f-3669-4e68-8023-2c7e9c30c67d,2021-12-11T10:10:00,BRAND3,310.98,aeabljj@gmail.com
4ef049cf-63f4-47c7-9374-a85c84a8bb96,2021-12-11T10:10:50,BRAND5,487.22,fjfdjhe@hotmail.com
987f6dc0-e929-4845-9857-57006f584918,2021-12-11T10:10:50,BRAND5,785.10,"""jfikifc caghjkf"" <jfikifc@gmail.com>"
3cfcb93a-ba9e-4098-aa01-305c9f884218,Sat Dec 11 10:11:40 2021,BRAND2,395.99,bfijihf@appple.com
8963cc93-e9ec-4413-9717-f9e91aa4925e,2021-12-11T10:12:30,BRAND5,389.22,khbldkl@appple.com
c6af50ef-561d-4582-a349-20e698f8541b,2021-12-11T10:13:20,BRAND4,170.53,bieiihe@gmail.com
82ca05f0-d187-4daa-a24f-f4e9f7dea512,2021-12-11T10:13:20,BRAND5,996.11,kkcihfi@hotmail.com
23afb725-29a1-459a-934b-361379360a55,2021-12-11T10:14:10,BRAND5,327.14,"""gdcfdbe ffifgdb"" <gdcfdbe@appple.com>"
d18d34e2-7838-4431-bb94-549043afee5c,2021-12-11T10:15:00,BRAND3,842.17,ikgajdg@gmail.com
a354e4f5-2649-413f-851d-e42118c33fd8,2021-12-11T10:15:00,BRAND1,324.42,"""dbjckkh cdglbhj"" <dbjckkh@gmail.com>"
2059926f-04da-4740-b2ad-26e44b1c376c,2021-12-11T10:15:50,BRAND3,701.96,dhelahg@gmail.com
0c065518-c7f0-45c0-9db9-43e44b51189a,2021-12-11T10:15:50,BRAND2,114.68,"""eahkalj hbabjlh"" <eahkalj@hotmail.com>"
bf4bd857-647c-4d0f-86c9-f3c34babaf00,2021-12-11T10:16:40,BRAND2,357.72,"""cggaiei fffildi"" <cggaiei@gmail.com>"
6baa0c9f-c38c-46e0-a459-bb0e8af52bde,2021-12-11T10:18:20,BRAND5,100.58,"""ffdlhhc ebldkga"" <ffdlhhc@gmail.com>"
9e438088-1d09-4abf-8414-a41955f4eab5,2021-12-11T10:18:20,BRAND5,942.39,khbjegg@appple.com
a2feec20-a469-4c51-85c3-58aa73607834,2021-12-11T10:19:10,BRAND4,941.75,lildgdj@live.com
a9ecb373-ec65-4700-b4d2-8ca02f2f27e6,2021-12-11T10:19:10,BRAND2,254.67,jhelgaj@gmail.com
a15cf38b-3f84-4412-a245-5f5cc14cb999,2021-12-11T10:20:00,BRAND2,619.72,"""ldbhjdh gaibfae"" <ldbhjdh@live.com>"
1779b65b-4ab0-4646-8c02-f6fcd02def9b,2021-12-11T10:20:50,BRAND5,328.36,lghcaga@appple.com
143fe97c-2d05-4b08-a3f8-9abf15fccced,2021-12-11T10:22:30,BRAND2,400.82,"""glhjefb cdfdejc"" <glhjefb@gmail.com>"
529619dc-3561-4ab9-9f66-74da15d80c77,2021-12-11T10:23:20,BRAND1,137.76,bghhjha@gmail.com
fcd929ae-084c-448b-a6fd-3a9ce1e0c3e4,2021-12-11T10:23:20,BRAND2,305.40,fadfikg@gmail.com
4f1309ad-dd00-453e-9b81-2bbdf282e018,2021-12-11T10:24:10,BRAND2,121.15,cekeilk@gmail.com
db54840e-64d0-4aae-aee7-f5261e77eb6b,2021-12-11T10:24:10,BRAND1,302.08,ajcfbie@appple.com
93de996c-53cc-4d67-bc0b-31c0cec5460f,2021-12-11T10:25:00,BRAND2,$574.47,"""cielkld ifcigik"" <cielkld@gmail.com>"
19e09fc0-963a-40a7-92e0-1787a185305e,2021-12-11T10:25:50,BRAND5,828.27,ebbdaii@appple.com
ec2beaf8-148d-4053-b2e0-8602c918290f,2021-12-11T10:26:40,BRAND2,355.85,ecjdhgc@gmail.com
3b0c7bcd-38dd-4a18-a1a1-c302425ee25a,2021-12-11T10:30:50,BRAND2,493.86,egcihbj@gmail.com
dd4ef9a1-7180-4d93-bced-1276721f7e33,2021-12-11T10:32:30,BRAND2,101.46,ijdfbfi@gmail.com
1737c75d-877c-49d2-90ef-ae46d8d07cf4,2021-12-11T10:33:20,BRAND1,153.28,"""jbjeccg blejjhi"" <jbjeccg@gmail.com>"
060802b3-8a49-4af1-ba1d-5cf0acf55575,2021-12-11T10:34:10,BRAND2,417.97,bafceij@live.com
be67c549-99d0-41cb-a885-4e98e4507496,2021-12-11T10:34:10,BRAND1,845.79,iehflal@gmail.com
ae7e4b1b-8215-40e2-97a5-0a1051de963e,2021-12-11T10:35:00,BRAND5,965.30,ecdbkbd@live.com
96ad27be-94ed-4645-9f71-854de946d053,2021-12-11T10:38:20,BRAND5,296.43,fkibebj@gmail.com
1a01ce4c-dc81-459c-ac3e-ca884bf6b46c,2021-12-11T10:38:20,BRAND5,940.18,"""cfjglcb aghllcc"" <cfjglcb@live.com>"
080a5640-6e2e-4f7f-a6df-1976677fcef4,2021-12-11T10:39:10,BRAND5,661.44,gcfdffh@gmail.com
e6e5dd6e-a5c9-4ed4-bad8-9a7a9c117bd7,2021-12-11T10:40:00,BRAND1,327.65,dillcdj@appple.com
52ba817e-f00c-40c9-98ea-d11d9cbe12c6,2021-12-11T10:40:00,BRAND3,803.62,"""bdkaeei jkjedkf"" <bdkaeei@appple.com>"
53164fc9-09fb-472d-8c02-79ba7d86f755,2021-12-11T10:40:50,BRAND1,130.22,dkbdcgi@gmail.com
e61ce96b-fd74-4faf-b23a-e518c4851f50,2021-12-11T10:40:50,BRAND5,665.06,cfkhcfj@yahoo.com
e7539fc0-7c79-4386-8f92-99535e0bb6e1,2021-12-11T10:41:40,BRAND1,72.77,"""clghhff bkafdhe"" <clghhff@gmail.com>"
974a5684-c474-4a73-bc6b-2fca6f8cd09a,2021-12-11T10:43:20,BRAND5,590.75,ljleabl@appple.com
f0f0fd05-476d-4943-8584-ee00b729dcb2,2021-12-11T10:43:20,BRAND5,494.05,"""dahbgdh klajejh"" <dahbgdh@appple.com>"
130979b7-6ed5-4af7-b099-0a53f4a29141,2021-12-11T10:44:10,BRAND2,714.22,cagblcg@gmail.com
b958208b-3bbd-462c-9181-97a33dca135a,2021-12-11T10:45:00,BRAND1,964.65,jegcbib@yahoo.com
7a987eab-8b41-4322-8244-b50c2bf149d0,2021-12-11T10:45:00,BRAND2,48.53,gcbejil@gmail.com
77d0c8ca-fea8-4fc5-b1b2-a238006b612f,2021-12-11T10:45:50,BRAND5,493.25,gijabei@gmail.com
ffa620c6-0cb6-4315-8e73-e94cc552818a,2021-12-11T10:45:50,BRAND2,955.13,jjbaikf@gmail.com
0c48c281-775e-4655-aede-fbe3108f1c84,2021-12-11T10:46:40,BRAND3,514.32,hjhigid@gmail.com
062f26ac-db6b-41f9-8082-9691ef082565,2021-12-11T10:47:30,BRAND4,175.64,"""ahfkhdh fejfaij"" <ahfkhdh@gmail.com>"
16045457-89ee-44ac-b542-5db0adbd806b,2021-12-11T10:47:30,BRAND1,876.87,"""kafekdb iiegcad"" <kafekdb@yahoo.com>"
d23f0504-2a8c-47e8-ae4b-31479223a885,2021-12-11T10:48:20,BRAND2,636.96,ifblcjl@gmail.com
a19162b5-e42b-4daf-b2ae-9f774de8bceb,2021-12-11T10:49:10,BRAND3,821.49,gdjlkhd@gmail.com
d2cfc7a6-088a-4123-9ad9-fc1933e74723,2021-12-11T10:50:50,BRAND5,357.03,"""ckaaicb jggflcc"" <ckaaicb@gmail.com>"
9b63dc7e-a3d4-4c18-8085-6c0f0fd9225d,2021-12-11T10:51:40,BRAND2,420.56,fdaaceb@appple.com
52dfe839-9821-4420-942b-59b91d13423e,2021-12-11T10:54:10,BRAND4,908.00,gdkjbbf@gmail.com
05199c36-4c1d-4c00-aaa3-79627e8629d7,2021-12-11T10:54:10,BRAND5,631.78,hikkbfc@gmail.com
914c915d-6394-4bf7-aa88-dd0aaee7552b,2021-12-11T10:55:00,BRAND3,876.37,"""hgdggeg gdbdacl"" <hgdggeg@gmail.com>"
cf4a4450-c63f-4e1e-b83b-c74e0780254d,2021-12-11T10:55:50,BRAND1,267.46,"""elfidhj ehhedhj"" <elfidhj@appple.com>"
7e3130a5-eea1-4479-bde6-173c436418bf,2021-12-11T10:55:50,BRAND5,141.88,aaeajif@appple.com
e3f90674-9cee-4ae7-8643-b3667f006506,2021-12-11T10:57:30,BRAND5,923.96,"""jihkdcl edadaki"" <jihkdcl@appple.com>"
20d42a43-2858-4d25-ad9b-940ee39a0d33,2021-12-11T10:58:20,BRAND5,96.27,ekjfafc@appple.com
46fac422-eaa7-40c9-ba0c-3d65748b6bdf,2021-12-11T10:58:20,BRAND2,554.42,"""cbkdehg fhgcjcd"" <cbkdehg@appple.com>"
feda50ee-a20b-47c8-a84a-39ca84e4d3cc,2021-12-11T10:59:10,BRAND4,516.29,fdbjgle@gmail.com
bb7df53d-8d4c-40f5-99bd-39f4828ce5af,2021-12-11T10:59:10,BRAND5,390.54,"""abakcjl hacbbjk"" <abakcjl@appple.com>"
b702d5f6-f875-40b1-9c98-43f54d74c381,2021-12-11T11:01:40,BRAND1,641.52,ikibfgf@appple.com
1ca738d0-a698-402c-aadb-f6dc6a368081,2021-12-11T11:02:30,BRAND2,423.98,"""ebagblk iedjjib"" <ebagblk@live.com>"
197b7571-032b-43b3-96a5-c5fd8b37a985,2021-12-11T11:02:30,BRAND2,267.59,ekjlklb@gmail.com
b1adc841-3f23-4e4e-ab83-f5dc62d5f436,2021-12-11T11:03:20,BRAND2,516.41,keigjjb@gmail.com
1ca25a31-fc69-43cc-8ccd-772ede6ad1cd,2021-12-11T11:03:20,BRAND2,844.61,fgkhjei@appple.com
c323b1c3-fa6d-4347-a84a-bc7a8d7929ea,2021-12-11T11:04:10,BRAND2,532.93,"""gaagaji jhihjkl"" <gaagaji@live.com>"
9168e57a-cdae-4335-a8e5-d36f8a87f781,Sat Dec 11 11:05:00 2021,BRAND2,187.65,"""gcdekjf hbaigkh"" <gcdekjf@appple.com>"
7dd4f479-7f33-4fcf-abfe-bd6f2546bba5,2021-12-11T11:05:00,BRAND2,845.56,"""bgifgfh bgggdji"" <bgifgfh@yahoo.com>"
78ddeb37-3fd6-40ee-ab3c-e12bf62c41dd,2021-12-11T11:06:40,BRAND2,687.45,kgbihfg@gmail.com
900042bd-f2e8-4003-8086-27a9e7e483f0,2021-12-11T11:08:20,BRAND3,502.35,"""aljhdgk gjlilhf"" <aljhdgk@gmail.com>"
fb5b50c7-7893-4326-9295-ab4039ced562,2021-12-11T11:08:20,BRAND5,355.98,hgckhbd@gmail.com
ede61da2-389d-4407-ba5c-7f6a4a3f2630,2021-12-11T11:10:00,BRAND5,466.05,"""kikabaa eajlkgf"" <kikabaa@appple.com>"
c51b09f9-365e-43b7-9902-299790e3ea1e,2021-12-11T11:10:50,BRAND1,642.87,eehaghf@gmail.com
81906844-45b5-4cfb-b0c9-741297b84514,2021-12-11T11:11:40,BRAND2,63.12,kfcgkcj@appple.com
9ab6decc-12e7-427f-a86e-7668dd51deac,2021-12-11T11:12:30,BRAND2,831.67,"""hddlddb jfaecgc"" <hddlddb@gmail.com>"
2efc0486-df5c-4514-8c4f-a49fd862ece6,2021-12-11T11:15:00,BRAND5,649.64,"""eljdgla dccikaj"" <eljdgla@live.com>"
6fa0212a-f2dd-4ca2-8953-a4df7c9d0a40,2021-12-11T11:15:00,BRAND2,560.00,"""glbhbbd bejlclc"" <glbhbbd@yahoo.com>"
4204ffc9-50a6-42e2-a38b-ca2884a80292,2021-12-11T11:15:50,BRAND2,293.88,dgddfja@appple.com
99d1d96c-ef6c-491a-b9a9-c65c34b5e285,2021-12-11T11:18:20,BRAND5,354.41,agihhbh@gmail.com
745faa77-fbbd-46f3-a7b6-fe5192ddd385,2021-12-11T11:20:00,BRAND3,690.80,"""aijkbea ajbdjhi"" <aijkbea@gmail.com>"
e8684e1b-0ff5-4e99-833d-8eb7b8ec62a7,2021-12-11T11:21:40,BRAND2,834.21,fflbbbf@gmail.com
951d7116-cd2f-40b3-a42b-ee2f31456e1b,2021-12-11T11:21:40,BRAND2,131.84,"""hdhcghd kkhlkbc"" <hdhcghd@appple.com>"
4bf353ef-d953-4770-9116-c00f2a072af7,2021-12-11T11:22:30,BRAND5,926.61,licaljl@gmail.com
6438e551-f935-4e56-8366-618be45c782f,2021-12-11T11:23:20,BRAND2,115.23,gjedgjk@appple.com
6125a714-7b0f-42d3-85bf-2fe55e201eaa,2021-12-11T11:25:00,BRAND4,734.20,"""klhhehk llehhbb"" <klhhehk@gmail.com>"
0bb79d90-5dac-455b-98ae-e3dc6b70e1d8,2021-12-11T11:26:40,BRAND1,343.14,didjdlg@gmail.com
d3db1a66-599c-4794-a6d8-d54d53cae7c0,2021-12-11T11:26:40,BRAND5,655.44,gciegab@appple.com
2646170a-6f22-4ccd-901b-7f3f40e80c74,2021-12-11T11:27:30,BRAND5,386.59,baihgbk@gmail.com
8bf551cd-b0f7-4c7b-8188-aa5a509fd2ef,Sat Dec 11 11:28:20 2021,BRAND1,754.48,"""eicfgki hekciea"" <eicfgki@appple.com>"
9451c640-06dc-46f8-b516-ce088becf1c0,2021-12-11T11:28:20,BRAND4,812.69,"""gkhlhdc iacfbac"" <gkhlhdc@gmail.com>"
840b817e-43b1-42fa-a3ec-f3fe32e5f35f,2021-12-11T11:30:00,BRAND2,741.99,iggfijh@gmail.com
753ea23f-2156-4c2f-bddc-dc742368e704,2021-12-11T11:30:50,BRAND2,168.35,acbgdia@gmail.com
0017fe6d-2c41-4787-b4c4-11172e7b81f3,2021-12-11T11:32:30,BRAND4,459.57,bkkdjjb@gmail.com
6e7bd6ca-3217-4946-be7c-327e79ead714,2021-12-11T11:32:30,BRAND2,997.45,dgbbkea@yahoo.com
22b6e554-1c25-4eb7-a27c-3f245ba23689,2021-12-11T11:38:20,BRAND2,609.63,icbajcg@live.com
732148df-7fe8-473e-9324-ff25be52ccf5,2021-12-11T11:38:20,BRAND2,647.60,jbdglak@gmail.com
aff56fca-eda5-4cb2-a99c-2a5bb593a4a0,2021-12-11T11:39:10,BRAND2,599.01,"""hffiaag hdhdfjb"" <hffiaag@gmail.com>"
61479313-56f0-4424-a6b7-0811629b49db,2021-12-11T11:39:10,BRAND2,765.24,lfkkdah@yahoo.com
9db93cbe-f097-4f98-ac78-3316d3fb4d99,2021-12-11T11:40:00,BRAND5,549.91,dgagefd@appple.com
6be64dde-b032-40a2-b4aa-2aaa7a4835a0,2021-12-11T11:40:50,BRAND2,285.87,aaiehih@appple.com
12cef2c1-d1a7-4d9c-bcea-39a0d639f62c,2021-12-11T11:40:50,BRAND2,832.61,dlifdgd@gmail.com
57601127-c27c-4c4e-bf72-f46c44626712,2021-12-11T11:41:40,BRAND2,531.09,"""alakefa dihkhif"" <alakefa@appple.com>"
05b749bb-52d9-463f-9897-3aef13448ce7,2021-12-11T11:43:20,BRAND2,772.98,egdehkh@gmail.com
e53aaf36-5163-4185-bb84-2adb30400c3c,2021-12-11T11:43:20,BRAND2,155.85,bfifiba@appple.com
dd3189ad-5052-4a24-b466-9baa80b0f5e5,2021-12-11T11:45:00,BRAND2,934.36,"""hfikagj haeiljh"" <hfikagj@yahoo.com>"
8dc9052c-8e20-4de2-b6f6-2e08b5a46bdd,2021-12-11T11:45:00,BRAND5,403.23,dhcahfi@live.com
b07cccc7-b90a-4d78-b85b-4fdaee868dba,2021-12-11T11:47:30,BRAND2,591.88,gdeliag@gmail.com
32aaf4fa-cb35-41c3-9f77-46626c2804c2,2021-12-11T11:47:30,BRAND3,979.69,gjclebh@gmail.com
11432942-1e70-45d6-9ec7-22d7c89df956,2021-12-11T11:49:10,BRAND2,674.73,ehbbdag@gmail.com
7eb8a86c-bc53-4374-ab8d-e4c341f666c9,2021-12-11T11:50:00,BRAND2,604.65,cagjjji@appple.com
6fc2b40f-893a-4639-ba13-7e171dd18d9e,2021-12-11T11:51:40,BRAND1,536.92,cgjgekk@yahoo.com
6286e756-a771-42b5-aa8d-63aba8447b41,2021-12-11T11:52:30,BRAND5,292.76,ljecdjd@appple.com
f8ad7389-95f6-4edc-aa9a-1ccb3c8e9305,2021-12-11T11:53:20,BRAND5,768.47,"""kafdcdk hbjjjkc"" <kafdcdk@gmail.com>"
d4417526-01eb-4966-9634-e1bbd012bf15,2021-12-11T11:53:20,BRAND2,106.21,"""cgejbbg dakhgfc"" <cgejbbg@yahoo.com>"
760a60c3-6e66-4d30-b2ff-5be24aedc542,2021-12-11T11:54:10,BRAND2,298.16,aebibkk@yahoo.com
947e0608-acd2-4e19-aff9-761c348ef5af,2021-12-11T11:55:00,BRAND2,88.30,dkblfki@gmail.com
c9f5f953-c8f6-4347-9c23-8b5182cdc5f1,2021-12-11T11:55:00,BRAND2,873.77,"""ccdejeb blkbiba"" <ccdejeb@gmail.com>"
163b6d18-35c2-42a7-9f71-e47270ca5d48,2021-12-11T11:55:50,BRAND1,925.83,"""gfclbci ibbhkgj"" <gfclbci@appple.com>"
e42a1b48-283e-4988-bee8-0e0ff2acf8d6,2021-12-11T11:55:50,BRAND2,914.79,gejbfhc@gmail.com
9d219eee-9e94-4bac-a491-45ce22db4ce2,2021-12-11T11:56:40,BRAND2,806.04,"""klakjhk kdfcica"" <klakjhk@gmail.com>"
5791221f-348f-4c48-89bb-d6ebb4ad3f1d,2021-12-11T11:57:30,BRAND2,216.99,"""lckekbb jdhikae"" <lckekbb@live.com>"
55c2acbd-8098-477d-a6ca-8ec9bf204956,2021-12-11T11:58:20,BRAND3,610.53,"""biakblb ldddlgg"" <biakblb@gmail.com>"
d116a287-568d-4a4d-ade9-6914b4e44362,2021-12-11T11:58:20,BRAND2,66.66,kcehflc@appple.com
cfc34416-c409-4f92-90d0-87fe1d3ac618,2021-12-11T11:59:10,BRAND1,916.30,"""hacdief iiehiee"" <hacdief@gmail.com>"
12e31b4e-12a6-40a8-840a-b5b9baeb28f5,2021-12-11T11:59:10,BRAND2,883.83,fhlkdjc@gmail.com
2ef85001-ecc2-473b-ae63-7f644fd0855a,2021-12-11T12:00:50,BRAND1,115.79,"""hkkbfie abliigf"" <hkkbfie@live.com>"
8d336a11-1e3b-47d8-a765-77c0acca2999,2021-12-11T12:00:50,BRAND2,589.96,dfhffie@gmail.com
3267d829-86a7-4b4d-a595-5ae8acb20426,2021-12-11T12:01:40,BRAND1,500.34,lldhlij@gmail.com
41ae86ef-1257-4471-bf24-b4b4a24e5391,2021-12-11T12:01:40,BRAND4,706.14,djflgcf@gmail.com
a0ed5ebc-e77f-4153-94df-680f56bb77c8,2021-12-11T12:03:20,BRAND2,616.62,dldgflc@gmail.com
f279f782-97ca-4326-b6d1-3015beaa5758,2021-12-11T12:04:10,BRAND2,722.03,ijdifel@live.com
95d387ff-dec6-4401-adfb-ea2031460bc3,2021-12-11T12:05:00,BRAND5,547.62,"""cdelbhh ejidhde"" <cdelbhh@gmail.com>"
81b1620e-782e-4ffb-845f-e0c40cc1ec10,2021-12-11T12:05:00,BRAND5,660.49,"""lifecaf aalbhkl"" <lifecaf@live.com>"
5f3abdfd-4063-4bda-b90a-3bc1db6b7945,2021-12-11T12:05:50,BRAND2,680.52,acajjgb@gmail.com
e2dabc60-f001-4c37-88b0-8facbe327ec0,2021-12-11T12:05:50,BRAND5,407.31,egbekce@live.com
e31ee5aa-3a2a-4b01-b77b-af36a2c03fb6,2021-12-11T12:06:40,BRAND2,92.56,jdgcfch@gmail.com
cd4e9018-3a75-4c77-9595-3f27a568df63,2021-12-11T12:07:30,BRAND2,$596.29,jbfbkci@live.com
20d1d404-0595-4939-b982-e7844225ac11,2021-12-11T12:07:30,BRAND2,981.60,bclgdig@gmail.com
e63782fb-7783-405a-a355-301c5974001f,2021-12-11T12:12:30,BRAND3,396.76,agklkik@gmail.com
ff803fc7-3818-47bf-a2fa-0cdcbe49d3e3,2021-12-11T12:13:20,BRAND2,$860.77,"""ejfiiak liefbed"" <ejfiiak@live.com>"
f9a3260a-faef-41e8-94c8-ef737fed1cd8,2021-12-11T12:13:20,BRAND2,633.60,"""kehgeed hibgejh"" <kehgeed@appple.com>"
1bc6454f-1b9a-4729-87d1-8d45fdc3f59f,2021-12-11T12:14:10,BRAND5,699.78,"""jhkheca bjebgki"" <jhkheca@gmail.com>"
f41d650a-c985-44f4-aabc-e6c584c005fe,Sat Dec 11 12:15:00 2021,BRAND2,285.93,jbilgha@live.com
aa9b0092-6744-427d-8635-a0f2b6a797b8,2021-12-11T12:15:50,BRAND2,889.13,fhikdfa@appple.com
b41e1cda-b1ac-4e34-86b0-4fd793bb9243,2021-12-11T12:15:50,BRAND2,43.08,"""dcbajbc hjggfbb"" <dcbajbc@gmail.com>"
bf29ce02-4be3-4258-ad45-59ee69b3eb5e,2021-12-11T12:18:20,BRAND5,653.53,iehiigh@gmail.com
cd7437e8-8659-41c4-a14e-69efbb35797c,2021-12-11T12:21:40,BRAND2,721.07,aaadclf@gmail.com
cfbaa1c4-6ad4-4c23-96c6-c3883bfe901c,2021-12-11T12:21:40,BRAND2,148.89,"""gbggkig gifffcd"" <gbggkig@gmail.com>"
993dc2c1-bab1-49ce-ad6d-2e342deb52b5,2021-12-11T12:23:20,BRAND2,228.67,bchbbeb@yahoo.com
9df918df-1192-42cd-9633-52af12f91da8,2021-12-11T12:23:20,BRAND2,50.95,"""lgkhfkc dhbbgih"" <lgkhfkc@gmail.com>"
4cf528cf-f2b1-42ee-a75b-f6cf8839da8d,2021-12-11T12:24:10,BRAND2,440.26,gjbkblc@live.com
c4b1636e-2a2d-40dd-9631-d0c8ae64b3c5,2021-12-11T12:25:50,BRAND2,457.08,ljgaacb@appple.com
959482a5-6f22-465a-9cf2-0682e0c9fd41,2021-12-11T12:26:40,BRAND5,67.82,eegcbhj@gmail.com
8b6d0a5b-bb0a-4095-bf64-dc96e76f9852,2021-12-11T12:26:40,BRAND2,457.16,hjjhcba@gmail.com
d700224b-9cfd-4356-b6e6-898ac2bb2f31,2021-12-11T12:27:30,BRAND5,790.34,"""affjdcl lladeda"" <affjdcl@appple.com>"
c7c5a46f-f342-406e-85f3-375a29aa0a8b,2021-12-11T12:27:30,BRAND2,108.78,ceihfek@appple.com
69d8662a-7915-4eaa-8b4e-1073db7a5dfe,2021-12-11T12:29:10,BRAND2,135.60,"""hhigglj ikjaege"" <hhigglj@gmail.com>"
f1be5b1b-d6e6-43d0-8095-3b9c7dd4d1e5,2021-12-11T12:29:10,BRAND2,733.42,"""alkalca fbfjdac"" <alkalca@gmail.com>"
b2da063e-8a15-4afe-900e-cbd303314666,2021-12-11T12:30:00,BRAND5,791.71,acjalhj@appple.com
4f89ee76-fcc5-4ecd-aeb5-eaa838878b39,2021-12-11T12:30:50,BRAND5,316.31,jajebkg@gmail.com
169656b3-294f-427f-b447-cbd5040b48b5,2021-12-11T12:30:50,BRAND4,$598.30,hdfjhfc@gmail.com
5be4320b-c8ba-4936-b222-3f32ca3c43aa,2021-12-11T12:33:20,BRAND2,693.14,hdccbak@gmail.com
f21b3ef2-e6fd-42b2-92b3-1981c964fdb9,2021-12-11T12:33:20,BRAND5,657.62,"""hllleil hbhgadi"" <hllleil@gmail.com>"
e49a68ff-afb6-4dc4-bfb0-2594de8c909f,2021-12-11T12:34:10,BRAND2,188.07,jbhaijj@gmail.com
1194489d-171f-4b70-8d34-c4691fc8d633,2021-12-11T12:36:40,BRAND5,36.83,dhdacdj@gmail.com
faa8ae09-6692-4582-9403-0b2ce209fe46,2021-12-11T12:36:40,BRAND1,556.84,dhhifcd@gmail.com
3df75c29-f055-4db4-a19d-aebaf39d48aa,2021-12-11T12:37:30,BRAND1,548.45,"""dgfcilj eafdjgh"" <dgfcilj@gmail.com>"
45b8726f-b394-43f1-87ce-85199a3bcfbb,2021-12-11T12:39:10,BRAND2,632.24,bfdgffi@yahoo.com
7a713a06-757c-45b4-b523-0f80238be72b,2021-12-11T12:40:00,BRAND2,555.29,"""gfdclee hilfkfl"" <gfdclee@gmail.com>"
c19ebd21-4123-48d2-af80-a9ca2e271ab6,2021-12-11T12:40:50,BRAND5,277.63,fjigdll@appple.com
40c8ea6b-8907-40eb-8156-1f8700df77f2,2021-12-11T12:41:40,BRAND2,683.30,cdfhlgh@appple.com
a0f97744-b2c9-4386-aaf3-ebe93bc0b4cd,2021-12-11T12:41:40,BRAND2,638.31,"""ahklegg fkhffke"" <ahklegg@appple.com>"
01c53e2c-2ba8-4f1e-8d9d-df40936ad841,2021-12-11T12:44:10,BRAND2,694.23,hdbedgl@appple.com
f4af89ac-b0a9-4545-9b34-125ec972e7a6,2021-12-11T12:45:00,BRAND2,93.84,gjehgli@appple.com
20ff3f00-7f82-49f2-9fcd-41398248a4ac,2021-12-11T12:45:50,BRAND1,54.52,"""jaieifb fbjeglk"" <jaieifb@gmail.com>"
adbb88a0-6a0b-4d2b-9ae6-e6e960757c02,2021-12-11T12:45:50,BRAND2,480.03,kadddaa@live.com
0dd5d3a7-c135-4ef9-8f96-26a792af8ed5,2021-12-11T12:47:30,BRAND5,355.41,bhihbjf@appple.com
1d68524a-df3b-421b-9105-c38a5ac8787d,2021-12-11T12:48:20,BRAND2,854.45,habiljg@gmail.com
1b52b1f5-054b-46bf-819e-8ecc249508a7,2021-12-11T12:48:20,BRAND1,696.44,kdddebg@appple.com
02e96221-818e-4b03-8554-14fbef6c196b,2021-12-11T12:49:10,BRAND2,863.94,"""gbjdlfg degbfdl"" <gbjdlfg@appple.com>"
a9228da9-fad1-4b6e-99dd-905eb03738f8,2021-12-11T12:49:10,BRAND2,195.95,"""akdkjig hfcbbei"" <akdkjig@gmail.com>"
81579d7c-92ac-4fe4-93ed-bbbdcc4a7d28,2021-12-11T12:50:00,BRAND1,80.43,afedffa@gmail.com
a946fb62-43aa-4de8-b2e1-649152a00eb7,2021-12-11T12:51:40,BRAND2,146.35,flkdkib@gmail.com
7da8a8e3-7687-49de-ab9d-0192b90ea355,2021-12-11T12:52:30,BRAND5,848.36,hddkche@appple.com
99cc1afb-4325-47ef-ab4f-cc770d086353,2021-12-11T12:52:30,BRAND2,0.04,hijcgld@gmail.com
4f1127ff-0f94-47b0-a961-14d923f27e2b,2021-12-11T12:54:10,BRAND1,975.43,bfeaigf@gmail.com
16e5a325-15c4-4e3e-9af5-db50a393785a,2021-12-11T12:54:10,BRAND2,355.34,bjccagf@appple.com
411c1501-a336-49b6-8fa0-983e036304c4,2021-12-11T12:57:30,BRAND4,191.46,"""glekhgl eeblejk"" <glekhgl@gmail.com>"
843040ef-e62a-4b53-a6d2-4a84a518fb54,2021-12-11T12:58:20,BRAND2,958.70,"""cjfbdje dlledgc"" <cjfbdje@gmail.com>"
c33cdbf0-c53f-445e-b181-338e85db77dd,2021-12-11T12:59:10,BRAND2,862.03,"""kedjckf bfcahaa"" <kedjckf@hotmail.com>"
ba9eaca8-32e9-4347-a5d8-a01c8bacc60a,2021-12-11T13:00:00,BRAND2,404.68,dgjiake@gmail.com
c0034b99-b393-49df-8cf5-3b66157d9cf6,2021-12-11T13:00:50,BRAND2,478.84,"""ibbkbhh lajefaf"" <ibbkbhh@appple.com>"
a820cbc5-eabb-4227-a6e1-89034478a264,2021-12-11T13:01:40,BRAND2,599.31,"""jbdklgk efbcjda"" <jbdklgk@appple.com>"
2a00fba3-dc71-4ff1-9c33-d61c17858fcf,2021-12-11T13:01:40,BRAND5,505.83,"""glgfbhi cbefbed"" <glgfbhi@appple.com>"
aff42f1d-3667-4c16-a2e9-74e5a0bbe05b,2021-12-11T13:02:30,BRAND5,490.77,"""bcbbdel ieahlib"" <bcbbdel@appple.com>"
f248a830-9d10-4068-becf-57d7e6c4a720,2021-12-11T13:02:30,BRAND3,502.32,"""fkbghdg aacajlf"" <fkbghdg@gmail.com>"
4a948862-25b1-4e34-98a5-14687b7f20d2,2021-12-11T13:03:20,BRAND5,294.12,"""jeagbja jalbaia"" <jeagbja@gmail.com>"
b1667f57-fe98-4b04-8fd5-0df6f399aac5,2021-12-11T13:03:20,BRAND1,797.70,"""gcbchel agdhkfl"" <gcbchel@gmail.com>"
ba9721df-719d-4ea1-9d41-03d39edaee32,2021-12-11T13:04:10,BRAND1,987.72,"""hilcgil jecabda"" <hilcgil@gmail.com>"
7620a5f6-ef5c-4b21-8c19-22850cea6bfc,2021-12-11T13:04:10,BRAND1,354.06,"""ghffkbk dfbbddd"" <ghffkbk@yahoo.com>"
34330746-0a82-43d5-bed8-cbbd5517a0e9,2021-12-11T13:05:50,BRAND2,294.53,ljffhdl@appple.com
f51b4503-ef51-4d82-b70c-0a1f61f0afb1,2021-12-11T13:05:50,BRAND2,543.81,"""eiighhi dbabcbl"" <eiighhi@gmail.com>"
a37cbdf6-d1ce-4ff3-9d80-f794f34b984c,2021-12-11T13:08:20,BRAND2,396.22,"""hjeacge hbhbagd"" <hjeacge@yahoo.com>"
3db0d939-2c44-437b-ae44-d5995f119874,2021-12-11T13:09:10,BRAND2,743.01,"""jgadgbb bhaibig"" <jgadgbb@appple.com>"
398b533a-a3cc-4d7d-a70d-3e1e17fbaadc,2021-12-11T13:09:10,BRAND5,595.76,"""ilijcki akibfag"" <ilijcki@gmail.com>"
6b0513f5-5cb8-4749-8d1f-c2de0a0350f6,2021-12-11T13:10:00,BRAND2,531.66,"""eahfabd ejbhdhh"" <eahfabd@gmail.com>"
fd0503f1-653e-42a5-9114-57ebc6adb546,2021-12-11T13:10:50,BRAND2,88.09,aibkkhl@live.com
4b73d9d7-ac59-4f47-9f9f-8a561e5cd4b5,2021-12-11T13:11:40,BRAND2,977.92,aahcdgb@appple.com
18e71cab-973d-43ed-83b5-daf185a294d3,2021-12-11T13:11:40,BRAND2,919.52,hgibkcj@gmail.com
4b562df5-06c8-48b2-b2bb-5957c315d8a4,2021-12-11T13:12:30,BRAND5,322.41,"""gdjjiie ljhacib"" <gdjjiie@gmail.com>"
111c291e-a036-4cfc-882a-f97797471937,2021-12-11T13:15:00,BRAND1,840.41,"""adcdbcj hhgelba"" <adcdbcj@appple.com>"
ba16ad33-7741-4b12-941c-77de9206ae8d,Sat Dec 11 13:15:00 2021,BRAND2,350.75,"""fjkilkj lgbacjb"" <fjkilkj@gmail.com>"
d27e948e-a120-44b2-8a97-387c3810e7b8,2021-12-11T13:15:50,BRAND2,689.42,"""iikcajc jldbdek"" <iikcajc@gmail.com>"
d067014e-10b4-40a3-84e8-8601d24929d3,2021-12-11T13:15:50,BRAND5,405.00,"""dfkkkec diccebb"" <dfkkkec@appple.com>"
0b66aafd-9812-4fad-8822-b7e2023b1311,Sat Dec 11 13:16:40 2021,BRAND2,696.42,"""hckgjfb jflddfh"" <hckgjfb@live.com>"
88e37441-ec1c-49fd-86b0-d0b61797232f,2021-12-11T13:17:30,BRAND5,740.91,"""cbjikli elgffda"" <cbjikli@gmail.com>"
6647821d-be0d-44a8-bf63-8511971f9332,2021-12-11T13:18:20,BRAND2,955.40,didcgki@gmail.com
bb25bf00-3f05-477f-bdfb-623b86b89d0c,2021-12-11T13:18:20,BRAND3,574.59,"""edehekk jkiajcc"" <edehekk@live.com>"
0027a25b-e398-4fab-8e12-1b676880923c,2021-12-11T13:19:10,BRAND5,683.83,"""gklcdhd ekejidi"" <gklcdhd@live.com>"
cfd31432-bdea-4f03-be3f-47722b2cc8c8,Sat Dec 11 13:19:10 2021,BRAND5,212.86,"""hebglaf ilahfch"" <hebglaf@yahoo.com>"
18e43b63-68a2-433c-8e1b-c8484d8fdeea,2021-12-11T13:20:50,BRAND2,323.55,"""kdcjdeb gccflee"" <kdcjdeb@appple.com>"
1d8f6438-d117-44db-93f3-ba4539c39074,2021-12-11T13:22:30,BRAND2,407.92,"""keldaje dlgklji"" <keldaje@live.com>"
65c34e31-048e-417e-b04c-ba564ca54d59,2021-12-11T13:24:10,BRAND2,932.10,"""kbljhka ikkbbji"" <kbljhka@appple.com>"
e7dd4230-b3e3-40b0-96ca-9148099dd322,2021-12-11T13:25:50,BRAND5,841.72,hhalffe@gmail.com
544c4525-3d8b-428c-8e1c-4c19a390d078,2021-12-11T13:25:50,BRAND2,505.53,hhfbbfg@gmail.com
1ba8f1ce-ffc2-4c77-b3f8-03eeb00a7931,2021-12-11T13:27:30,BRAND2,863.91,jakggah@gmail.com
b9adbc07-6b84-4823-a30c-1655916b962c,2021-12-11T13:30:00,BRAND5,$133.01,ebdghfk@appple.com
6721c3c8-47ca-43db-a922-64811e587df0,2021-12-11T13:30:50,BRAND2,583.87,idgckfl@appple.com
aa9b05be-6ae5-4538-90b1-c31872906031,2021-12-11T13:30:50,BRAND5,160.93,"""hhafhda eigghfa"" <hhafhda@gmail.com>"
f0c3ca2f-67fb-477f-b226-f7a8102e8648,2021-12-11T13:31:40,BRAND1,205.39,"""ebkhfac hakijai"" <ebkhfac@gmail.com>"
ae68621d-e310-4d7a-92c5-445d7bb8cdeb,2021-12-11T13:32:30,BRAND5,585.42,"""idegjhl agcfiha"" <idegjhl@gmail.com>"
7bbbbcdd-c8e7-4a2c-a96b-1436f0e4df70,2021-12-11T13:33:20,BRAND2,770.18,bakdcak@appple.com
4d70c9ac-ce34-43a3-a998-71d3b7d788dc,2021-12-11T13:34:10,BRAND2,337.82,"""lllahga gjbgcfc"" <lllahga@live.com>"
d023193c-4958-42f2-8a7f-3da61988ccc1,Sat Dec 11 13:35:00 2021,BRAND2,282.35,"""flgdkja idagljh"" <flgdkja@gmail.com>"
5f05a604-1452-4771-9fd8-422e2fc90963,2021-12-11T13:36:40,BRAND5,866.16,fblefjg@gmail.com
ba47af39-4c32-4a84-995f-25c9c1c51bd4,2021-12-11T13:36:40,BRAND1,359.43,"""dijedef kkkbdgj"" <dijedef@appple.com>"
608b2700-8c96-434e-bfd1-9bbd8c266de0,2021-12-11T13:38:20,BRAND1,855.29,igcclha@yahoo.com
89e85abc-8b5a-4681-85f5-52aeefd69362,2021-12-11T13:38:20,BRAND1,998.93,akecfgf@gmail.com
9483dfbd-b2fd-4484-bc32-df16e3ffd30f,2021-12-11T13:39:10,BRAND2,879.49,iecgjif@yahoo.com
9b293fa3-c891-42f6-b6ef-3037942a51f2,2021-12-11T13:39:10,BRAND2,349.52,ckfdbff@hotmail.com
523a125d-b6f7-4f87-b978-b2299e5ae37e,2021-12-11T13:40:00,BRAND2,761.82,flbbadc@gmail.com
86f068f2-6dd2-4ec7-a615-2918c2a3bc25,2021-12-11T13:40:50,BRAND2,938.98,beaiijl@gmail.com
abcd41b6-be0c-4b89-91d9-7ac4bd8b5b6d,2021-12-11T13:41:40,BRAND5,938.98,bekceij@yahoo.com
93fcabba-2bc7-4934-a2dd-c269fcb90931,2021-12-11T13:41:40,BRAND5,965.16,lkceklb@live.com
e29f7f5b-79b6-4af4-aba3-ce361cf7a4a7,2021-12-11T13:42:30,BRAND3,363.37,fgjdlda@appple.com
39d561f7-0f5c-4375-963e-2a7b36500ed7,2021-12-11T13:42:30,BRAND2,516.73,"""lddgljf khdajid"" <lddgljf@gmail.com>"
a46a8325-bc57-4e58-afa8-5a541e7423e2,2021-12-11T13:45:00,BRAND2,882.21,hfdibcf@appple.com
f06903aa-11de-4bd6-ae97-9db87a6a76e1,2021-12-11T13:45:00,BRAND1,798.80,kcghdea@gmail.com
4e279795-a47a-4379-9cf9-dbb60e3824fd,2021-12-11T13:45:50,BRAND5,322.38,"""geekedd kfijjfl"" <geekedd@appple.com>"
8bdaa75b-36f8-4778-9edc-b4033485749b,2021-12-11T13:45:50,BRAND1,85.91,ebfffbb@gmail.com
8bc6cb45-8ecd-4c85-88cb-653c0ea43750,2021-12-11T13:46:40,BRAND1,478.31,"""khbchlc dagalic"" <khbchlc@yahoo.com>"
f50f9d54-d54e-48af-b056-62d98a06b637,2021-12-11T13:47:30,BRAND2,191.76,ahjkcij@appple.com
ac04fe71-9195-4b6c-8929-99904bbad7c3,2021-12-11T13:49:10,BRAND5,228.68,"""bffghgk lehjbda"" <bffghgk@appple.com>"
35b49931-5f63-4757-8f95-ccdfc60a454d,2021-12-11T13:49:10,BRAND2,937.82,jhbijbb@live.com
05c261de-ee07-4d82-8c4f-e4666ff3539f,2021-12-11T13:50:00,BRAND2,618.84,klbjelf@appple.com
012c35ca-6df5-4b2a-a64b-bc1e62d73ff7,2021-12-11T13:50:00,BRAND2,61.60,"""lkeahaj bfgjdbc"" <lkeahaj@gmail.com>"
b119167c-9a4a-4d18-b87f-4fb27999f9ca,2021-12-11T13:51:40,BRAND2,958.50,"""ebdjgki jgddile"" <ebdjgki@gmail.com>"
212cf955-9df0-4496-8bf4-3110d2487abe,2021-12-11T13:51:40,BRAND2,588.07,"""dadlljd ejiiffh"" <dadlljd@gmail.com>"
3a2db913-e14f-4be1-8649-a8d44a631879,2021-12-11T13:52:30,BRAND1,167.19,hebdlii@gmail.com
682ce742-52e2-496e-9903-61123f87fea9,Sat Dec 11 13:55:50 2021,BRAND2,534.75,"""lahjffe ilgfjlk"" <lahjffe@gmail.com>"
85a83297-16d9-41f6-8f19-e5cf9c882e7b,2021-12-11T13:55:50,BRAND2,96.46,ficglkj@gmail.com
89d077f8-83aa-429d-ade4-ccd2a3f3d688,2021-12-11T13:56:40,BRAND2,813.73,cdkleib@gmail.com
012c2ed2-2b42-4b79-a37a-e6eecd560f0f,2021-12-11T13:56:40,BRAND2,33.98,hhijbhd@appple.com
19eceb6c-0144-417c-9726-86d0abad87ce,2021-12-11T13:57:30,BRAND3,165.19,"""lfakbae labbhcb"" <lfakbae@gmail.com>"
f03971e7-a585-4225-8bd0-c21c42a21330,2021-12-11T13:57:30,BRAND2,870.68,gckhkij@gmail.com
083f2ba9-74e8-42e7-9967-8ad63838b297,2021-12-11T14:00:00,BRAND2,555.45,gellfai@gmail.com
d64b2ca2-3b2e-47c5-8d88-5322f26d179a,2021-12-11T14:01:40,BRAND5,129.53,"""leadlbb ciacfbd"" <leadlbb@gmail.com>"
98bb9767-30d2-4115-90bc-b6fbd917f494,2021-12-11T14:01:40,BRAND2,364.82,"""bcbjdhg feciegj"" <bcbjdhg@gmail.com>"
463baaac-25b7-4708-aba6-276d7087e117,2021-12-11T14:03:20,BRAND2,64.54,cjiafhb@gmail.com
b6466165-cca0-4d85-9d7c-487bcff710b4,2021-12-11T14:05:00,BRAND1,423.29,aijggfe@live.com
eefac59f-95db-4110-ab43-c0951181a89c,2021-12-11T14:05:00,BRAND2,777.24,jjkbecg@gmail.com
1d1f0937-6c75-41c6-abaf-310bee8065e1,2021-12-11T14:05:50,BRAND5,732.90,kjahlak@gmail.com
2c02290a-bed5-44ee-a2c2-2cf141db9e30,2021-12-11T14:06:40,BRAND2,690.47,ajaliic@gmail.com
1910ab13-a77a-4afd-abb9-27bdc53426f9,2021-12-11T14:06:40,BRAND2,583.11,iijaied@gmail.com
be2533e3-dfaa-427e-8eb4-89939e0a96b8,2021-12-11T14:07:30,BRAND2,963.07,cfekghf@gmail.com
ebc2c390-6a8e-45aa-87e1-0e7890c3551b,2021-12-11T14:09:10,BRAND2,575.08,kfjkbge@appple.com
7b86e99c-b04b-446e-a49b-7e8c8b6fd3a8,2021-12-11T14:09:10,BRAND4,322.55,"""kjbiikb aajjdaf"" <kjbiikb@gmail.com>"
93085481-1c2d-461a-b7de-bebdf6e29f29,2021-12-11T14:10:00,BRAND1,243.78,"""jjbkhjd lcbcbkl"" <jjbkhjd@gmail.com>"
fc37ad1b-6201-465e-b782-94cfe5995d05,2021-12-11T14:10:00,BRAND2,461.98,ghekecj@yahoo.com
61d9f063-65ce-4c05-8191-d90afd8b0d20,2021-12-11T14:10:50,BRAND3,$73.59,lfljfji@gmail.com
dbdadc4d-583f-4324-818b-1548ff590fc1,2021-12-11T14:10:50,BRAND2,48.55,ddlghkb@live.com
eef40be9-9fc1-4a42-b8d6-f895e73355ef,2021-12-11T14:12:30,BRAND2,611.95,bffhalj@gmail.com
6c1d014f-5229-4752-98e3-735b8161c3e8,2021-12-11T14:12:30,BRAND5,343.79,jdaikca@appple.com
3c25b27d-330b-48c8-9410-cd9996fe2e86,Sat Dec 11 14:13:20 2021,BRAND2,952.89,"""giegegh dacgdal"" <giegegh@yahoo.com>"
49d30ee3-5dcb-45a5-9ad4-274e9196887b,2021-12-11T14:15:00,BRAND4,210.50,kbkkedg@gmail.com
9ea31fbb-f326-4e24-a3d7-20184cbbac19,2021-12-11T14:15:50,BRAND1,909.46,iibjlbc@live.com
ef24956f-7cc5-4793-8a52-d5874b2ff5b0,2021-12-11T14:17:30,BRAND1,416.17,"""ekbhfdc klhbhja"" <ekbhfdc@gmail.com>"
4c561fa8-0ad4-4287-ba56-db6fcc44409d,2021-12-11T14:18:20,BRAND2,379.74,"""lbajejc bciggff"" <lbajejc@gmail.com>"
7da18e65-8e8a-4c06-915a-d604decf4402,2021-12-11T14:18:20,BRAND2,848.87,"""abaiakk kdgfbde"" <abaiakk@appple.com>"
e94e6148-f0eb-46c5-8fe3-d83ee8adf0ca,2021-12-11T14:20:00,BRAND2,106.71,gheikab@gmail.com
ed82eb9e-01fc-4fad-94f5-badcbfb48fbf,2021-12-11T14:20:00,BRAND2,704.54,ejlgdgk@appple.com
ba33b928-8b3a-4773-87b2-bb73efe43b47,2021-12-11T14:20:50,BRAND5,110.74,"""jcaljkh jfljfik"" <jcaljkh@gmail.com>"
af7514e3-52b8-4b15-b463-c6c304bfd526,2021-12-11T14:20:50,BRAND2,260.89,decdlde@yahoo.com
364e7c99-a628-4c53-b2fc-abbcecbbd2e0,2021-12-11T14:22:30,BRAND5,729.29,hjdhhei@gmail.com
5164996f-5c7f-4657-be72-7c3c8fa1e592,2021-12-11T14:22:30,BRAND5,447.73,ckhdfkb@appple.com
a4ef237e-34bc-4884-934a-db58b522d678,2021-12-11T14:23:20,BRAND3,892.29,"""jkilehb gflhjei"" <jkilehb@gmail.com>"
27b53674-662a-4b8a-b1a8-fa6bf0baba00,2021-12-11T14:23:20,BRAND2,989.94,ghldfle@yahoo.com
8e99eddf-fb4b-450e-9e3d-e6948fec179e,2021-12-11T14:24:10,BRAND2,438.77,"""hdblgfb dfkbfll"" <hdblgfb@appple.com>"
77211205-997c-4430-904e-7244b93120e2,2021-12-11T14:25:00,BRAND2,321.58,dfkaidl@gmail.com
76b89646-09ad-45e1-97ba-1e1fa238a080,2021-12-11T14:25:00,BRAND2,990.61,lafbcla@appple.com
54b8c251-84a3-44ad-853b-9eb30c8d88c3,2021-12-11T14:27:30,BRAND5,683.98,dckcfla@appple.com
a7cd5ec5-d8d9-4a8d-a621-ef21c14962cd,2021-12-11T14:27:30,BRAND5,323.72,hjgjafg@appple.com
374cf369-9cc6-4212-a75d-c0c9b485ac5a,2021-12-11T14:29:10,BRAND1,97.08,"""jlbfeic jliibie"" <jlbfeic@yahoo.com>"
7894b1d0-3e1e-4626-bf34-143f3630849e,2021-12-11T14:29:10,BRAND5,686.48,"""gilajkf hfddfkc"" <gilajkf@live.com>"
3084e7fd-b488-4cb8-b16a-f39ae36c8fa4,2021-12-11T14:30:00,BRAND2,912.98,eeiggbc@gmail.com
b95ac4a9-60dd-457c-9e33-af3266c30bb1,2021-12-11T14:30:00,BRAND5,761.79,"""bbiggic klkcgda"" <bbiggic@gmail.com>"
5d5e8fb9-ffed-4130-a7fd-8f92fb0b248f,2021-12-11T14:31:40,BRAND2,78.03,aakfiki@live.com
ec08acdd-526e-48f9-8595-8dc6be12d8fb,2021-12-11T14:32:30,BRAND2,831.97,"""kgdhkfa cgfkfhj"" <kgdhkfa@yahoo.com>"
3764bca8-8509-42ad-bec1-3c8d2d4f3d19,2021-12-11T14:32:30,BRAND2,495.54,kcgedeg@gmail.com
de7acfd8-884b-4096-a40e-84f35ec20a68,2021-12-11T14:35:00,BRAND5,68.93,iecjlac@gmail.com
583e2d79-eaba-4be0-badc-e5a518c28ea9,2021-12-11T14:35:00,BRAND2,78.63,eaihhfg@appple.com
ae46f415-eea2-4f98-b6ab-4383c5d3f61d,2021-12-11T14:35:50,BRAND2,438.16,jbeiigf@yahoo.com
23e2a309-8cac-4fe6-b1ae-6c52c24021d6,2021-12-11T14:35:50,BRAND5,553.66,"""gbijaee eefcjll"" <gbijaee@gmail.com>"
fb77ac58-e7c7-4e63-a426-781f8aa676a0,2021-12-11T14:37:30,BRAND5,507.88,eiebhll@live.com
1061dc49-c0f7-49c2-8d42-258facace8fd,2021-12-11T14:38:20,BRAND4,727.47,gbllggf@hotmail.com
826b46b1-5d87-4afb-8243-8ae6d5e4bc54,2021-12-11T14:38:20,BRAND1,700.96,ejgeikb@live.com
c88a2677-3fbe-4ddd-97f9-bad4e3adebb4,2021-12-11T14:39:10,BRAND5,409.50,"""akdddfl ledgdib"" <akdddfl@appple.com>"
a160dda0-e9b3-4c94-b2c2-08a4de1cc6ce,2021-12-11T14:40:50,BRAND2,634.11,"""ebfcgag lifjkgf"" <ebfcgag@appple.com>"
5107c610-ba0d-428f-981f-ea1e8812a745,2021-12-11T14:41:40,BRAND5,448.62,jdeigli@gmail.com
203283a5-bb93-4e09-9fa9-b384abc4b300,2021-12-11T14:41:40,BRAND1,925.17,ikcccfi@gmail.com
06530341-865e-4482-877c-3615afa2e36a,2021-12-11T14:43:20,BRAND2,563.46,"""dhgkbch cbljejf"" <dhgkbch@gmail.com>"
654b1372-899c-43ac-8a7b-637a1bc03ba8,2021-12-11T14:43:20,BRAND5,318.22,kakckef@appple.com
3e07924c-f602-4e21-980d-57142e0b7b73,2021-12-11T14:44:10,BRAND3,592.14,gclijad@gmail.com
ceb3edd7-57bf-4789-92a7-6b800a3c6e9e,2021-12-11T14:45:00,BRAND3,810.59,"""cgggcek ekbkclh"" <cgggcek@gmail.com>"
d6f2547b-d9b4-46fb-a479-4ab9f6cfcff0,2021-12-11T14:45:50,BRAND2,157.02,geegkla@gmail.com
e0e66dc5-8998-47f0-b376-e32dbb223b41,2021-12-11T14:45:50,BRAND2,885.69,afhable@appple.com
21a045de-a00f-4e7b-b745-b4c77dd5d2dd,2021-12-11T14:46:40,BRAND1,731.54,"""geekikb ejggikc"" <geekikb@appple.com>"
d5ebcc9d-34df-4c0e-a215-ac04154a5e8e,2021-12-11T14:46:40,BRAND5,988.76,"""lajdaeb jjajeid"" <lajdaeb@gmail.com>"
c70c13b7-7180-49fa-b802-d9e478a3980f,2021-12-11T14:48:20,BRAND2,645.15,jbldfgi@gmail.com
61b20ca6-ee16-47de-b545-ea07987fce5f,2021-12-11T14:48:20,BRAND1,193.56,fdcefji@appple.com
f7c5aac4-2bca-4f0f-b484-62c657b12eb1,Sat Dec 11 14:49:10 2021,BRAND2,867.30,hklchel@gmail.com
4b2f241b-e0a0-48c0-b222-e7e4ff71029e,2021-12-11T14:49:10,BRAND5,38.29,"""ajejilf llfbiij"" <ajejilf@gmail.com>"
28c212ae-c4e5-4eaf-9895-c7abeaea1b02,2021-12-11T14:50:50,BRAND5,800.05,"""bhdblkg eigdlci"" <bhdblkg@gmail.com>"
14eef0b8-e11f-4660-a62d-0afa8086d33a,2021-12-11T14:50:50,BRAND2,$660.16,"""ackjjed dibkbkd"" <ackjjed@gmail.com>"
87e492e8-082f-4798-9f0f-9be5632a3130,2021-12-11T14:52:30,BRAND1,712.68,abbghlj@gmail.com
f6387f1c-4495-40c5-b3b6-fb834a140d3e,2021-12-11T14:52:30,BRAND2,462.62,"""kdfiabl eijbhbj"" <kdfiabl@gmail.com>"
04a8f8b7-178f-4dc2-9968-ed13724108d9,2021-12-11T14:53:20,BRAND2,373.34,elihagl@gmail.com
9ea981cf-c635-44a3-89cc-32128e5e6dba,2021-12-11T14:54:10,BRAND2,812.24,"""ifhiddd gkicihj"" <ifhiddd@gmail.com>"
92463fb3-68c9-4d00-9192-d1b1c1e36795,2021-12-11T14:54:10,BRAND2,377.01,bhghkfe@gmail.com
ba4e828c-957a-4314-b5bc-23c7797b4925,2021-12-11T14:55:00,BRAND2,550.30,hhdclae@gmail.com
a5bd8c38-d106-467a-9acb-6906cb22bdfb,Sat Dec 11 14:55:50 2021,BRAND1,487.98,fdfcaji@live.com
bc4b9069-9812-4958-9171-5819bc4c950f,2021-12-11T14:56:40,BRAND2,716.22,achfhjb@appple.com
f676c282-9ae7-45da-a0ac-027f24ee7f86,2021-12-11T14:56:40,BRAND2,989.09,"""kildbal ljfbjcl"" <kildbal@gmail.com>"
d1e57da0-67fa-4e9e-b8b6-649505be26e6,2021-12-11T14:57:30,BRAND2,693.38,ihechij@gmail.com
2dcea393-4a1e-4893-ac61-9ef65834295a,2021-12-11T14:58:20,BRAND1,934.97,fjdlalf@appple.com
4b62f371-41fc-4840-84e6-afbd79094829,2021-12-11T14:58:20,BRAND5,$793.30,kjhhcla@gmail.com
cc2ecf1e-48ae-4ff4-98f5-6b7a6cfc4282,2021-12-11T14:59:10,BRAND5,977.46,lggdglh@gmail.com
e5ff073c-0267-4587-9bb5-6957c92d639f,2021-12-11T14:59:10,BRAND2,934.34,jecfdih@appple.com
70b90416-a381-4689-bc40-61dde9dcd912,2021-12-11T15:00:50,BRAND2,421.03,hgkdaab@gmail.com
a09c2ebd-515e-4233-b1ed-917e5eaa7b56,2021-12-11T15:01:40,BRAND5,589.27,"""aiejjjj ifhglgb"" <aiejjjj@yahoo.com>"
c2155443-52f9-45cc-9448-eda0aeaec700,2021-12-11T15:01:40,BRAND5,565.63,"""hkblack igiiijc"" <hkblack@gmail.com>"
04dbebb4-8655-4456-946c-36e687fab3d4,2021-12-11T15:05:00,BRAND5,676.60,"""ifhldia kfikjgl"" <ifhldia@gmail.com>"
5a96328c-fabb-44b0-9b5c-f2f299491638,2021-12-11T15:06:40,BRAND2,277.98,efddflh@gmail.com
4ee1443d-55e1-492c-bc5a-496f66719a8c,2021-12-11T15:07:30,BRAND2,286.80,jibikcc@gmail.com
27aa2d16-2b39-4be5-bc99-026e90fcad5a,2021-12-11T15:07:30,BRAND2,148.07,licdcee@gmail.com
3d81ef62-1b1f-4ccb-9675-a5d11e9077f4,2021-12-11T15:08:20,BRAND2,285.45,diijgbc@yahoo.com
a3933f8a-929e-4ddd-9c15-a43c2c87ce92,2021-12-11T15:10:50,BRAND4,737.00,keggcif@yahoo.com
b3c59cd1-5a65-410b-ab47-de370375bf9d,2021-12-11T15:10:50,BRAND3,693.08,"""gdehhbc cggdjeh"" <gdehhbc@gmail.com>"
b858c620-2757-40f2-b0de-10d8e198a160,2021-12-11T15:11:40,BRAND2,808.47,edaghik@yahoo.com
085d462e-20ee-4deb-9df6-39a36414b35a,2021-12-11T15:11:40,BRAND5,425.08,hfakihb@live.com
9de784c3-7a9e-4bfb-9959-e077af34e2dd,2021-12-11T15:12:30,BRAND2,106.91,"""bggelie fdhllad"" <bggelie@gmail.com>"
8ee06735-dcdf-463f-86e4-0e44de41015d,2021-12-11T15:12:30,BRAND2,561.65,jjhflgj@gmail.com
956d3122-ad49-47c8-943d-2a0c59ccddc1,2021-12-11T15:13:20,BRAND1,207.70,fckfjbk@yahoo.com
61c05438-eef6-42de-9ee7-43e0a4360eef,2021-12-11T15:13:20,BRAND2,496.48,"""hcldhkc flheceh"" <hcldhkc@gmail.com>"
25b6e678-34a2-41ea-9662-95fc69daca15,2021-12-11T15:15:00,BRAND2,48.17,lkbbfca@gmail.com
09382cf5-2055-4f9e-a556-bac359a6d306,2021-12-11T15:15:00,BRAND2,298.98,jgbkbjg@gmail.com
9b76bed8-1fb2-4a0f-84da-0fc8b2189976,2021-12-11T15:15:50,BRAND2,142.12,eakhhjg@live.com
fa2938ca-136b-41df-a4ad-3d39f46ecad4,2021-12-11T15:16:40,BRAND4,$728.38,"""ihblleh cfbdlla"" <ihblleh@appple.com>"
9c14186e-3d47-4324-b462-8567abfde1c9,2021-12-11T15:18:20,BRAND5,576.30,ehkjhii@gmail.com
067ff8c1-bb4e-476a-a512-d369fc0afd16,2021-12-11T15:18:20,BRAND5,522.90,dkbfkdh@appple.com
ff3d3b11-2dec-4122-ac64-30f0b05456f0,2021-12-11T15:19:10,BRAND1,560.70,akdjlbk@appple.com
d60a7783-67b0-433d-a4a2-6651cb7fa95f,2021-12-11T15:19:10,BRAND2,141.84,hafihgd@gmail.com
aaacfea0-4375-4523-8daf-46fed1716ca5,2021-12-11T15:23:20,BRAND5,$90.88,aljhckc@appple.com
0f3abb4f-3d91-485f-b369-4f04f74b9165,2021-12-11T15:23:20,BRAND2,$813.05,hecjiaa@gmail.com
c7250c64-ad74-4064-baf3-ef2974a7f3e5,2021-12-11T15:24:10,BRAND5,58.46,"""lhblbhe dceaala"" <lhblbhe@gmail.com>"
d1744134-de6b-491f-8bfc-0adb3914208c,2021-12-11T15:25:00,BRAND1,676.31,elgakjd@live.com
0e883360-eafb-446d-9e51-66b0a545a7dc,2021-12-11T15:25:50,BRAND2,389.30,jkghdib@appple.com
31f015d9-b39f-4003-9a5d-04abd83e2f99,2021-12-11T15:27:30,BRAND4,266.22,digclgj@gmail.com
caf2654f-983a-4976-b3b5-3b372e9cc2bb,2021-12-11T15:27:30,BRAND2,703.66,"""cciciaa gfalfjk"" <cciciaa@gmail.com>"
4589b401-ff4a-4532-b6f6-a5a6f2cbdb55,2021-12-11T15:28:20,BRAND5,598.84,afdjcdd@gmail.com
4a849fe3-66d3-4640-bdff-e16b953d1d3d,2021-12-11T15:29:10,BRAND2,811.57,hiccfag@live.com
190dcac0-2632-46bc-96ff-adffb31c5c52,2021-12-11T15:30:00,BRAND1,55.54,cjiajfi@appple.com
5a31732e-618f-423b-afd3-35878410d4f2,2021-12-11T15:30:50,BRAND4,616.91,llhiklh@gmail.com
f4d989f8-e2af-4787-9d7e-a878e3fa9a67,2021-12-11T15:30:50,BRAND2,116.63,eiahjlj@gmail.com
f9c562fe-1bec-4d29-8df2-8e2dd13d496f,2021-12-11T15:31:40,BRAND4,745.89,ibjiegg@gmail.com
f1052f97-cb0a-4c04-a592-a34fdb9e816e,2021-12-11T15:31:40,BRAND2,912.86,"""cbedclb efehcdk"" <cbedclb@appple.com>"
594c5cc9-8e98-4cf7-b7d4-e2f35ab5baab,2021-12-11T15:32:30,BRAND5,514.64,flihcje@yahoo.com
fc0a2359-37d4-46a1-b7a9-7cdb1089223d,2021-12-11T15:34:10,BRAND1,944.13,"""idjkcda klekjee"" <idjkcda@gmail.com>"
176cc514-ba61-4b92-8167-68ea3e414651,2021-12-11T15:36:40,BRAND2,792.92,ajkafaa@appple.com
eae2f929-b111-43a9-874f-b6718ad91ddc,2021-12-11T15:36:40,BRAND2,434.49,"""aaechbc blfbfbl"" <aaechbc@yahoo.com>"
fa3d37f9-e784-4544-9973-13083c543e77,Sat Dec 11 15:37:30 2021,BRAND5,787.43,"""fidbdeb hiigbbh"" <fidbdeb@gmail.com>"
13c6ed44-7bc9-4ed8-831b-f6d13b2d9c55,2021-12-11T15:37:30,BRAND5,889.64,"""dgjbaje jkajfkd"" <dgjbaje@gmail.com>"
8ea63840-12db-4a29-acc7-e83f6178e64a,2021-12-11T15:38:20,BRAND5,938.92,hcgklcf@gmail.com
b6ebab51-6b72-4de6-95f2-d88f976b3c64,2021-12-11T15:39:10,BRAND1,808.45,flcjdlc@gmail.com
42c6e1d3-9c57-468e-99bb-1d8458231ac9,2021-12-11T15:39:10,BRAND2,598.79,kjgfecc@live.com
01a5d381-da6b-4012-8804-01d4f34f08e0,2021-12-11T15:40:50,BRAND5,196.93,hflhkgb@live.com
c8a7afac-fea1-4d22-98cd-691266c7e3cc,2021-12-11T15:40:50,BRAND2,166.99,eahkiil@live.com
e85afa16-f556-49b1-b9e5-c392d37deb9b,2021-12-11T15:41:40,BRAND1,25.40,idjiede@gmail.com
6272cb3a-1145-4143-ae2d-3b3634e4a9f6,2021-12-11T15:42:30,BRAND5,247.79,bdiikld@appple.com
4ea17c5c-ba30-46a9-afb5-67d49e625dcb,2021-12-11T15:43:20,BRAND5,257.20,fildabc@appple.com
173b579f-4e15-44c1-a82a-fdb73e7843b7,2021-12-11T15:44:10,BRAND2,260.32,"""jffhfac elidggk"" <jffhfac@appple.com>"
6b86a576-a3c6-4cc7-9a83-f296ca00b82d,2021-12-11T15:46:40,BRAND1,448.74,bickedi@yahoo.com
5efb7ad9-ff0c-43f4-8506-6f706f884655,2021-12-11T15:47:30,BRAND1,790.95,aiahfjl@yahoo.com
eb89aea6-d408-447a-8d2d-e5e90c4791d1,2021-12-11T15:48:20,BRAND1,645.97,"""blebiaa fkeejcd"" <blebiaa@appple.com>"
e5803b26-c171-4fbb-be90-a2071953c2b6,2021-12-11T15:49:10,BRAND2,494.32,"""ceegecf kjeghid"" <ceegecf@appple.com>"
a83bd066-98d3-4cd3-84f4-bae0c3a8f8f3,2021-12-11T15:49:10,BRAND5,50.79,diglkle@gmail.com
e5bb8985-0c1d-4490-8017-278a251c3e86,2021-12-11T15:50:00,BRAND5,803.39,fiagehf@yahoo.com
e889b71b-034f-4885-9235-5c19ba9428e7,2021-12-11T15:50:50,BRAND1,338.25,hjldfjd@hotmail.com
76e43cd5-d818-4c0e-a1a5-dc3143cec4ba,2021-12-11T15:52:30,BRAND2,49.62,halfeca@gmail.com
1d14fad2-08d1-4587-bf24-ef890f27142f,2021-12-11T15:52:30,BRAND2,107.48,"""kbaeigj ieclala"" <kbaeigj@gmail.com>"
bbffee1a-a82e-4267-a4b2-275be3549bfb,2021-12-11T15:53:20,BRAND2,863.45,"""afagehk fckikif"" <afagehk@gmail.com>"
30ecad64-c2a9-4423-885e-1982d482c137,2021-12-11T15:53:20,BRAND5,806.93,"""bafbfhb dflcbki"" <bafbfhb@live.com>"
20381cc8-df59-4933-a08b-8937aa218e46,2021-12-11T15:55:00,BRAND5,854.71,ddaijak@gmail.com
2acd0480-b0af-4462-ac1b-e1681f021c32,2021-12-11T15:55:00,BRAND2,939.39,fbdfiae@yahoo.com
9f7038ec-5dfe-4b19-8c9c-bcbf7f268f55,2021-12-11T15:56:40,BRAND3,$392.87,"""kabhdde dkbagii"" <kabhdde@appple.com>"
ca8291a5-129e-4535-af98-bcd2f06d72be,2021-12-11T15:58:20,BRAND2,176.00,ggbdbhb@gmail.com
fa84a315-425b-4679-b5e3-68fd5d446c1b,2021-12-11T15:59:10,BRAND2,30.67,fhaklai@gmail.com
9a5ec4c2-2ce0-4161-84ac-483254dc5084,2021-12-11T16:00:50,BRAND2,220.51,jbihifb@gmail.com
e9d8dcfe-7106-452a-864b-edd4b0717a3e,2021-12-11T16:00:50,BRAND2,757.52,ickgkfl@gmail.com
99eb840d-061e-4fad-a147-a7d82dc169b1,2021-12-11T16:01:40,BRAND2,143.29,"""ajjbfjb idckcej"" <ajjbfjb@gmail.com>"
eaa3f27b-2b70-43e3-af84-f706cc1c2c30,2021-12-11T16:02:30,BRAND1,412.17,"""bgblegg gaeddil"" <bgblegg@gmail.com>"
452e02e6-9b44-47ce-830f-483013f012e8,2021-12-11T16:02:30,BRAND4,992.11,ehdkefa@live.com
3ce06809-3ebc-4311-a86c-9dfa32b76edd,2021-12-11T16:03:20,BRAND2,$72.51,"""ihkidll hkbekli"" <ihkidll@gmail.com>"
4bae9a83-78e3-4922-bcfe-e16b21e60dcc,2021-12-11T16:03:20,BRAND2,533.03,kkddgfl@gmail.com
598c819c-1e31-436e-8e99-d062c804a70b,2021-12-11T16:04:10,BRAND2,403.34,flhkbfj@gmail.com
71d8b97b-a496-47a8-83ec-edf892efab36,2021-12-11T16:04:10,BRAND2,125.98,iejeibl@gmail.com
9f2763f2-3efc-4afa-94cc-aa3bd26c2de2,2021-12-11T16:05:00,BRAND5,11.52,dajgeei@live.com
6c397765-43d7-45fb-bf70-e925ebd3e11d,2021-12-11T16:05:50,BRAND1,228.76,cagjhee@live.com
0a14209f-f264-4174-82f7-c9b75579a4aa,2021-12-11T16:05:50,BRAND2,686.58,jbhllca@gmail.com
a6e11711-4875-47b8-a329-3fcb6a850f7a,2021-12-11T16:06:40,BRAND2,928.05,"""hfifadk hjdcgld"" <hfifadk@gmail.com>"
a9b60d96-072f-4a48-924b-5b02263f95d6,2021-12-11T16:07:30,BRAND2,317.09,aafiiff@gmail.com
8c66191b-05a5-4d64-8dec-171965c29a21,2021-12-11T16:08:20,BRAND2,540.79,egiaadf@gmail.com
8dd7aeb7-0440-4ba0-ba17-49dd16e67435,2021-12-11T16:09:10,BRAND2,378.62,iggeldb@gmail.com
665ab82b-56c4-4e19-973a-de7da7eaabd1,2021-12-11T16:09:10,BRAND2,362.57,"""jhkihdi icjkkkl"" <jhkihdi@gmail.com>"
cbb0bd90-91ec-40bf-90ec-1639ec00de19,2021-12-11T16:10:00,BRAND2,413.77,gjlhllk@appple.com
aa10adbd-9907-4761-bb81-3198bd76734b,2021-12-11T16:10:00,BRAND5,131.70,lefgial@gmail.com
df04c535-e5c8-41e7-a366-05263b8f33e1,2021-12-11T16:10:50,BRAND2,841.09,ffejbgj@gmail.com
4e9e99f9-0ade-4a9a-926a-8ea935420537,2021-12-11T16:11:40,BRAND3,725.78,agahkfd@appple.com
9cdb6c24-f91e-4081-8a76-abd8b17e7e94,2021-12-11T16:12:30,BRAND5,757.80,"""jhbcddl idhhija"" <jhbcddl@gmail.com>"
c9d3d160-82b0-4d90-a6cf-e261e27af636,2021-12-11T16:12:30,BRAND3,39.12,hikblej@gmail.com
91493867-5c20-4e27-8e92-5e9c70cddde7,2021-12-11T16:14:10,BRAND2,999.32,"""eabaeja deckegf"" <eabaeja@gmail.com>"
47491f93-7063-440b-8ea6-9c9a61025943,2021-12-11T16:15:00,BRAND2,5.07,jcdbhgd@gmail.com
0450cdf7-766b-4b55-af92-52f3232503d3,2021-12-11T16:15:00,BRAND2,662.23,"""eclcldk lljghbd"" <eclcldk@gmail.com>"
a955bf3b-aa00-42c5-b6c4-dc670ee20976,2021-12-11T16:15:50,BRAND1,254.35,"""fgbacgd akkjdgl"" <fgbacgd@appple.com>"
e3b99195-a47e-4aeb-8166-dd212d666456,2021-12-11T16:15:50,BRAND2,718.72,"""dfcgilg cggehda"" <dfcgilg@gmail.com>"
e55ceb5b-706e-41c6-bf95-1920e46cbad2,2021-12-11T16:16:40,BRAND5,352.41,"""hdekgeb afedkdh"" <hdekgeb@yahoo.com>"
c1ade27e-5c03-4c18-9417-63519152663f,2021-12-11T16:17:30,BRAND2,839.11,gjfkhlg@gmail.com
2b0c813c-9574-4049-9a3e-75e6bde2be79,2021-12-11T16:17:30,BRAND5,645.47,ffbihdj@yahoo.com
0c28f339-b85f-4129-8d10-3eb6947608c5,2021-12-11T16:18:20,BRAND2,342.35,bheakja@gmail.com
95b969b3-8bc3-4837-aedc-97b146e3424d,2021-12-11T16:18:20,BRAND2,3.62,"""cbadgfi heejjcc"" <cbadgfi@appple.com>"
32c1fd74-16b5-4a63-a1c2-042428d9b1c6,2021-12-11T16:19:10,BRAND5,422.81,"""bckjdkj fajcheg"" <bckjdkj@live.com>"
497eb4be-e9b7-4cd3-ba4e-53a34a5c8628,2021-12-11T16:20:50,BRAND5,848.36,jgjdeaa@gmail.com
afceffa3-d053-4cb0-a142-8a114b650760,2021-12-11T16:20:50,BRAND2,488.55,hhglgbi@gmail.com
87819cf5-6275-4428-86e6-fb4712fe913c,2021-12-11T16:22:30,BRAND5,709.25,"""ejijjhi fjgjcea"" <ejijjhi@gmail.com>"
b303cf3c-7a3c-4ddd-93dd-0d9925e5c55c,2021-12-11T16:23:20,BRAND4,56.30,cbifiki@appple.com
59aaff1f-673d-482a-b1d2-37f460ac2a4f,2021-12-11T16:24:10,BRAND2,902.01,gfldild@appple.com
6c2cdb5c-76f7-42d2-8808-5d66d7278714,2021-12-11T16:24:10,BRAND2,485.19,"""gjidibb fgakkac"" <gjidibb@gmail.com>"
a813b8a8-d128-4e04-a7d7-b0267514b81c,2021-12-11T16:25:00,BRAND2,518.11,"""gjehhjd bajgiek"" <gjehhjd@live.com>"
1304ad47-a477-4e00-aac2-9c92003f504b,2021-12-11T16:25:00,BRAND5,838.15,feiehhe@gmail.com
b02edbe9-5949-4be4-a982-b1bb47c1d3f7,2021-12-11T16:29:10,BRAND3,688.36,ebdacdg@gmail.com
b2626bbb-8ce9-4948-96a6-9f618d6b66c4,2021-12-11T16:30:00,BRAND2,981.97,gachgfc@live.com
20b46ac0-465d-4f24-8b6f-1a91ae9248d2,2021-12-11T16:30:00,BRAND3,861.16,lffahhb@gmail.com
732c92ec-2fe8-43e4-84d8-1eff9b7e3c38,2021-12-11T16:30:50,BRAND2,619.22,kidklfb@appple.com
c35d305c-ecaa-4a30-a084-124f226bb091,2021-12-11T16:30:50,BRAND2,138.01,"""fafjkgd lfchkci"" <fafjkgd@appple.com>"
96068348-74c5-45bb-b047-dc41bc816177,Sat Dec 11 16:31:40 2021,BRAND3,428.06,eejclbg@gmail.com
c75a46d1-58ef-4a77-99d4-5c822da4ab52,2021-12-11T16:32:30,BRAND2,632.39,dlchake@gmail.com
1c14db88-ff01-4736-b7ca-c588b0e5e62a,2021-12-11T16:32:30,BRAND2,579.92,kdbblij@appple.com
afe848e1-9992-4438-8b2e-550a8f182228,2021-12-11T16:34:10,BRAND2,421.23,"""giacijd dagkila"" <giacijd@gmail.com>"
9cde9235-234f-4b02-ae24-9dfb619b24c1,2021-12-11T16:34:10,BRAND5,400.12,lchlhli@live.com
6626dcf8-577b-4725-b850-0be28d5c84f1,2021-12-11T16:35:00,BRAND4,595.94,fifbjfe@appple.com
01d8f0b9-fc86-4705-89a7-961014001895,2021-12-11T16:35:50,BRAND2,182.82,"""kbcbiih hjlbkfh"" <kbcbiih@gmail.com>"
38c4a35c-00dd-4f3a-975c-87ab8fa9aa65,2021-12-11T16:37:30,BRAND2,710.85,caedack@gmail.com
b87829cd-4c6f-433f-99fa-2f4a38d15c4a,2021-12-11T16:37:30,BRAND2,127.80,cdjljld@appple.com
4c9bedd2-a3ae-4fb9-8973-9e8ed1d5fbcf,2021-12-11T16:39:10,BRAND2,222.13,echjaak@gmail.com
9abc72d8-60f5-4645-a71a-e3f26861f2f3,2021-12-11T16:40:50,BRAND4,168.86,acfeafj@appple.com
8d80c2d6-d239-455e-9027-fca6208a76a0,2021-12-11T16:44:10,BRAND5,929.65,"""illfccb ikhihgh"" <illfccb@live.com>"
85f29299-ab50-4377-9c82-50b34621d398,2021-12-11T16:45:00,BRAND2,779.10,belhbdi@appple.com
2bcddd5c-9776-42c3-9242-5956b73bf66a,2021-12-11T16:45:00,BRAND2,369.96,chfichk@appple.com
89faf80b-c120-4139-9d92-5c57d916f75e,2021-12-11T16:46:40,BRAND2,254.10,"""ckijahe dddhleh"" <ckijahe@appple.com>"
6fe01665-209b-4211-91be-346b32e2c970,2021-12-11T16:48:20,BRAND2,368.92,bacddbe@gmail.com
a2f0dc46-c1ba-41d1-8d0c-7c574bd57036,2021-12-11T16:49:10,BRAND5,942.04,"""fddbdij kdlaebb"" <fddbdij@gmail.com>"
25ecc837-4e61-48df-b70c-f6b458400c94,2021-12-11T16:50:50,BRAND2,723.07,iijbifk@gmail.com
c3b09321-bf61-4aa3-8042-d83dee584cad,2021-12-11T16:51:40,BRAND2,186.44,fjlelab@gmail.com
daa1e85f-1ede-469e-84fc-be01b10ba577,2021-12-11T16:52:30,BRAND2,391.37,ialicgi@appple.com
64f5f2db-36af-47e8-b605-8756baabca1b,2021-12-11T16:52:30,BRAND5,746.63,"""aecglji hbgkdhe"" <aecglji@appple.com>"
7794318e-54b6-4f4f-b3a4-f2dc0df51cf3,2021-12-11T16:53:20,BRAND1,722.60,hjlabgi@gmail.com
f4d94068-08e2-40c4-be54-776944bfbcb6,2021-12-11T16:53:20,BRAND1,142.71,agjjeic@appple.com
01262e80-df96-49f2-a8d7-6523165c0fd5,2021-12-11T16:54:10,BRAND2,62.54,gkbhija@appple.com
8240725c-f073-4c06-90b1-9b5d820f344c,Sat Dec 11 16:54:10 2021,BRAND2,599.39,"""jklblga hdeafli"" <jklblga@gmail.com>"
01860b91-8a92-41a7-8a2b-5238225e98bf,2021-12-11T16:55:50,BRAND2,369.23,"""bceiejh fdfggfg"" <bceiejh@gmail.com>"
637c88de-d4bc-403a-8ea2-e888133b7448,2021-12-11T16:55:50,BRAND2,260.28,"""jdaaakb cjdcfjd"" <jdaaakb@yahoo.com>"
9214dbe7-317c-48aa-90ff-bea22a8462e1,2021-12-11T16:56:40,BRAND2,449.36,jcdceid@gmail.com
c6ca34ce-b779-4a87-94b7-2ad80db5f663,Sat Dec 11 16:57:30 2021,BRAND2,905.85,"""lidagal keifclf"" <lidagal@gmail.com>"
48c681c0-487a-4ceb-af29-9e8b86eebaf9,2021-12-11T16:58:20,BRAND2,253.08,dgdefif@gmail.com
de8caadd-8477-4e57-8ae8-cb6fad00ff4d,2021-12-11T16:58:20,BRAND2,$532.97,"""hhhledf fhlbiic"" <hhhledf@live.com>"
e7853ed4-6047-4653-908d-5186eb79ed43,2021-12-11T17:00:00,BRAND1,882.72,cgjdlld@live.com
a5078c3e-bbea-4d67-9c4f-feea13d761c2,2021-12-11T17:00:00,BRAND2,600.76,"""ejkbfhi bgbejbh"" <ejkbfhi@appple.com>"
042d4f6a-a5f2-4727-b7eb-5edfb2185b68,2021-12-11T17:00:50,BRAND1,567.79,"""fkikadl lagjkje"" <fkikadl@appple.com>"
41b53e23-2707-4129-909c-5694cf4c3fda,Sat Dec 11 17:00:50 2021,BRAND2,813.41,"""ejhlbfb gffedka"" <ejhlbfb@appple.com>"
bf998d10-5131-4d25-995d-eafa7a30cdd2,Sat Dec 11 17:01:40 2021,BRAND2,185.45,"""llagklb dkchafa"" <llagklb@appple.com>"
0e984645-e9d2-4442-8de2-f8f3baf57f1b,2021-12-11T17:01:40,BRAND1,107.93,"""baahdjf iglhkea"" <baahdjf@gmail.com>"
5726890a-13b2-494c-ae9b-59583f883755,2021-12-11T17:05:00,BRAND2,637.28,"""lebjdlg fkhibej"" <lebjdlg@yahoo.com>"
a443a652-7ca7-4938-8c6a-c86c45026e68,2021-12-11T17:05:00,BRAND5,474.37,ccflccf@gmail.com
1d16dc37-ccdc-44c1-8181-75f4515b2d3c,2021-12-11T17:07:30,BRAND5,436.39,dcefeck@gmail.com
4a8c1496-e15e-406d-8ca4-6e4948932c5d,2021-12-11T17:08:20,BRAND3,554.99,"""clcefkb eeebfhe"" <clcefkb@live.com>"
8c61e42f-38b9-4bd9-856f-80bdf95b9c7a,2021-12-11T17:08:20,BRAND5,$478.38,jicfdfi@gmail.com
db3aabbb-bf10-4879-ae05-0336941b3c37,2021-12-11T17:10:50,BRAND2,107.41,"""bcbljgd blgecdj"" <bcbljgd@live.com>"
1f143b75-8ab0-431f-bbd9-957ef118fd5d,2021-12-11T17:10:50,BRAND5,411.84,checika@gmail.com
437f808b-7b31-4086-ab9e-09a5518f6a15,2021-12-11T17:11:40,BRAND2,312.84,"""klcjjik bficgjl"" <klcjjik@appple.com>"
fe1f22d8-c14d-4286-ae49-562dfc9ab106,2021-12-11T17:11:40,BRAND1,604.81,cdkdiih@appple.com
b2c62d0e-d2fb-42fb-a53c-126617fe78de,2021-12-11T17:12:30,BRAND2,62.45,"""cgdlaad cfllgkf"" <cgdlaad@gmail.com>"
3431f6ce-45b3-4da0-a6cf-64d51c960a25,2021-12-11T17:14:10,BRAND5,569.84,ddghiek@gmail.com
68c97fd2-1e22-4da1-929b-4ecef9276cd0,2021-12-11T17:15:00,BRAND2,$766.57,bifelic@gmail.com
c8c14aff-6cc4-4077-81b6-57f099c36508,2021-12-11T17:15:00,BRAND2,775.08,"""aegiada fcgbgij"" <aegiada@gmail.com>"
35de1462-ad15-4a66-99d5-17e150a17bec,Sat Dec 11 17:15:50 2021,BRAND5,260.63,idjajid@gmail.com
e7a17754-02c8-484c-ac44-11d417c0665a,2021-12-11T17:16:40,BRAND2,509.86,libideb@gmail.com
18398fd8-325e-4356-bb6e-038051bd292b,2021-12-11T17:17:30,BRAND2,405.42,biaedak@gmail.com
0759787a-dbca-43a0-81ea-c744bfba90d4,2021-12-11T17:17:30,BRAND5,797.37,elcakhj@gmail.com
e6ccf592-c366-448b-87f6-0338455d60dd,2021-12-11T17:18:20,BRAND2,760.98,giedlkj@appple.com
7711f9d1-469d-4318-bc93-ae5849e53ad3,2021-12-11T17:19:10,BRAND2,330.05,ialiggl@gmail.com
9e1c1b29-8073-4b7f-a65c-68de911d3d77,2021-12-11T17:19:10,BRAND2,51.99,"""flbgegh dlkicfj"" <flbgegh@live.com>"
86bd2788-fb38-48b1-b5e8-a9b50ea4528c,2021-12-11T17:20:50,BRAND2,320.20,"""llijcgb jhbbhjf"" <llijcgb@appple.com>"
904e988e-809a-43a7-81ae-dfacfd926c75,2021-12-11T17:20:50,BRAND5,460.11,"""igcdkce lfjilcc"" <igcdkce@gmail.com>"
332c053f-ce1a-4643-b9b0-bdabe50a1f70,2021-12-11T17:21:40,BRAND3,752.83,dccdagj@gmail.com
36fcbb86-aa99-424e-8db8-948242af748c,2021-12-11T17:21:40,BRAND2,285.34,"""lfcfklh ekbhbck"" <lfcfklh@gmail.com>"
e1f20392-632d-4288-b5a5-1de0998b3cc5,2021-12-11T17:22:30,BRAND2,290.70,gbfejid@gmail.com
1a3ee94e-b6c3-4c53-8591-23c46c2828fe,2021-12-11T17:23:20,BRAND2,566.18,fcidlae@hotmail.com
10eecb60-19e7-4f58-8a4e-352cd35c0059,2021-12-11T17:23:20,BRAND2,125.68,"""accdcjd lcbkaek"" <accdcjd@hotmail.com>"
959acc65-3326-41ad-9c46-09065da946db,2021-12-11T17:25:00,BRAND5,862.54,belghlc@gmail.com
dac94e2d-3f33-4f1d-8f31-0e3fe03bf772,2021-12-11T17:25:50,BRAND5,652.42,"""bkcehfd cibehea"" <bkcehfd@gmail.com>"
6ce5d549-c686-409c-9a12-16328a3a30a0,2021-12-11T17:26:40,BRAND5,736.34,"""jbgcejb hjhadfa"" <jbgcejb@appple.com>"
6e6eaedc-50ba-4e16-8104-622d3751d76b,2021-12-11T17:28:20,BRAND5,440.13,"""cfbdcjd eddkadl"" <cfbdcjd@live.com>"
d558c273-7bff-49ba-8018-c20cbb93831b,2021-12-11T17:28:20,BRAND2,222.54,"""glcghci adfcahb"" <glcghci@gmail.com>"
4d27af95-40eb-47b0-af41-42808d827c45,2021-12-11T17:30:50,BRAND5,722.09,lebjffi@gmail.com
4f0bd7a0-e7f6-4289-b411-72f5ea02e097,2021-12-11T17:30:50,BRAND1,387.60,"""klahacc dglbcki"" <klahacc@gmail.com>"
7f209aff-02f5-4ed0-9ab6-e6403ae35c30,2021-12-11T17:31:40,BRAND2,870.56,"""eeaaacj kdkcach"" <eeaaacj@gmail.com>"
5a5149bd-4a6d-4da0-b19c-9355c499bc15,2021-12-11T17:33:20,BRAND2,648.94,"""akilllk flbiajh"" <akilllk@gmail.com>"
82efa9e3-d5b4-4c5a-9c74-4913019e39af,2021-12-11T17:35:00,BRAND1,330.68,geglaib@gmail.com
52dc3a18-243f-457e-a746-f1c1d8fdf150,2021-12-11T17:35:00,BRAND5,221.71,ghakfgh@gmail.com
8b51afd6-d213-4a2b-a726-80ed16d70dec,2021-12-11T17:36:40,BRAND2,858.71,kbdbkli@appple.com
4636ffab-93c0-4dac-bc96-91a597cffe67,2021-12-11T17:36:40,BRAND5,789.28,"""leiglij hkbjkjb"" <leiglij@live.com>"
e1af7194-e782-4c2a-8261-d98a0094ca03,2021-12-11T17:38:20,BRAND5,527.31,jfebgba@gmail.com
4871f4fb-d521-4ff6-8a53-36fcb282c6fd,2021-12-11T17:39:10,BRAND2,76.53,"""caaibeh gifklki"" <caaibeh@gmail.com>"
3bf2386f-9043-4765-b808-4c7d5a28c4c2,2021-12-11T17:40:00,BRAND2,502.19,kdgfhdd@appple.com
d5318e85-08d6-4da1-81d4-68f1d97d9bc6,2021-12-11T17:41:40,BRAND5,361.89,bebaaab@gmail.com
93bb1b0f-c59d-4dd9-bbc3-d88ec47be21e,2021-12-11T17:41:40,BRAND2,262.47,"""kkffejb ddfaehd"" <kkffejb@gmail.com>"
f11095fd-fd23-44d3-8a98-396f97d1fa39,2021-12-11T17:42:30,BRAND5,781.58,bcldfkh@appple.com
49eb4fa5-c732-44b7-b2b1-c990be639019,2021-12-11T17:43:20,BRAND5,671.21,khlclah@gmail.com
316359a5-f59c-4589-b67f-4eeb36b65240,2021-12-11T17:45:00,BRAND5,121.64,akbefbi@live.com
c0dd8fa7-73fb-41b9-b1a6-928b6f864607,2021-12-11T17:45:00,BRAND1,267.17,"""cbcgill iickggg"" <cbcgill@gmail.com>"
68db5ae2-8645-43bf-a5a1-55c49c486677,2021-12-11T17:45:50,BRAND2,545.43,"""bidjdhl kiedajk"" <bidjdhl@hotmail.com>"
8869e903-a86f-4480-a1bb-3bf99cd46b86,2021-12-11T17:46:40,BRAND2,347.24,aeefkck@appple.com
f8575684-27e9-4f24-ac09-1dd7c000ab15,2021-12-11T17:46:40,BRAND2,628.55,ihciaff@gmail.com
b78ed55e-b744-4e50-8ddc-33c3fc242df5,2021-12-11T17:47:30,BRAND2,477.80,hdhjila@live.com
278980eb-a982-45ae-ab17-d6ef7781bd81,2021-12-11T17:47:30,BRAND2,250.09,lcgdlhk@gmail.com
80d76c41-fcd7-4fbb-9031-78ad9d305511,2021-12-11T17:48:20,BRAND5,737.40,"""ifbkjdb cjgalkl"" <ifbkjdb@appple.com>"
368a8750-8f64-481e-83b5-13b6a02bff11,2021-12-11T17:49:10,BRAND2,410.61,"""hjgbhgi aldigad"" <hjgbhgi@live.com>"
2c03cb04-d972-4652-8b81-16228c001b91,2021-12-11T17:50:00,BRAND2,891.85,"""fdcfali bekiicg"" <fdcfali@yahoo.com>"
b5e86367-ed8c-4529-a93d-8219fc379220,2021-12-11T17:50:00,BRAND2,133.23,"""igekala dchccdj"" <igekala@gmail.com>"
5947d62a-9ee1-4195-bf11-d5eaa4ddc813,2021-12-11T17:50:50,BRAND1,670.35,jbfikek@gmail.com
a39e1439-2f84-49bf-b1e4-4adc6ae4c9cd,2021-12-11T17:51:40,BRAND2,690.28,ckjclgi@gmail.com
55d0d2ec-f338-4c28-b745-f7fe7ad77938,2021-12-11T17:51:40,BRAND3,189.44,dachdib@gmail.com
87b6ff47-6dd1-4ce4-83c5-29f1f8d22333,2021-12-11T17:52:30,BRAND2,826.57,dcgifda@appple.com
3beeba28-8eb6-4b99-b21c-caec9bec116f,2021-12-11T17:53:20,BRAND5,894.08,gekcdae@gmail.com
52b36448-242e-4719-bc6a-9095290af80f,2021-12-11T17:53:20,BRAND3,391.69,fbaliih@gmail.com
bdda27a0-f847-46f6-bf0a-a1d0cb34714e,2021-12-11T17:54:10,BRAND1,286.53,dibjhel@gmail.com
8ffbd4ae-98cd-4d04-9e1b-e601377e9540,2021-12-11T17:54:10,BRAND2,779.48,"""ibjlidg kjgakhc"" <ibjlidg@gmail.com>"
6fadb42d-7afa-4615-90d7-4f384528640f,2021-12-11T17:55:50,BRAND2,736.96,jbcgcih@appple.com
9c3fd4fb-63e4-47b5-99dd-0415e03832b2,2021-12-11T17:56:40,BRAND2,982.78,"""hcblfff cbdgjhd"" <hcblfff@gmail.com>"
513f5491-0c23-4b67-a69d-c82ca0135839,2021-12-11T17:56:40,BRAND2,830.18,"""fiikdff cbjahei"" <fiikdff@gmail.com>"
1986e9a4-18f5-4588-acf2-40dd8f5735ce,2021-12-11T17:58:20,BRAND2,544.57,"""eikbadd llhgije"" <eikbadd@yahoo.com>"
5fe86af6-94a4-4b39-a723-558e90309484,2021-12-11T17:58:20,BRAND5,616.31,ajkeiil@appple.com
0e4687c7-8d85-4b41-b829-f0d0f90adefa,2021-12-11T17:59:10,BRAND2,716.95,kifadib@appple.com
e7e029e2-7fe4-42f7-8c5f-df1cd839b4c1,2021-12-11T17:59:10,BRAND5,743.47,"""acglgei dhcfgje"" <acglgei@gmail.com>"
bf81c2b3-ce6c-4e1e-b141-c76e710ed0e2,2021-12-11T18:00:00,BRAND3,97.81,bljgfha@gmail.com
bd9aeb8f-18e6-4ed1-8923-10336db0c05e,2021-12-11T18:01:40,BRAND2,972.08,"""kdlfbji akidddi"" <kdlfbji@gmail.com>"
b5e9acbe-7ee0-4d0e-a1bb-8a68f078ee06,2021-12-11T18:02:30,BRAND5,458.57,fhiggkg@live.com
37df2ba2-5144-4af7-801e-7d8336761f53,2021-12-11T18:04:10,BRAND2,926.48,"""bejjiee llfhjhc"" <bejjiee@hotmail.com>"
9cda3806-100b-4003-8e29-b81c7d8869b0,2021-12-11T18:05:00,BRAND2,105.54,jgebabc@yahoo.com
7972833a-f178-4167-9ce4-124eaf3f7e7b,2021-12-11T18:05:00,BRAND2,355.30,"""bcihffl bakajll"" <bcihffl@appple.com>"
396a5291-1361-4eb0-ae09-00534cc57f26,2021-12-11T18:05:50,BRAND2,832.24,"""hdijhkb aebfaba"" <hdijhkb@gmail.com>"
5a8a5a9e-8449-4767-9809-20ee0bd72e3b,2021-12-11T18:05:50,BRAND2,13.24,fbcjkfl@gmail.com
71dcabb1-2c8f-4986-93c0-db830b75c728,2021-12-11T18:06:40,BRAND2,895.47,"""ghlejfc caceagl"" <ghlejfc@live.com>"
216c284a-535a-40c5-8687-9b9914a84de6,Sat Dec 11 18:07:30 2021,BRAND2,73.93,hkagkjg@appple.com
19657bfd-c004-4071-8e72-82c1beeb0b1d,2021-12-11T18:08:20,BRAND2,330.73,"""giheahd dbkbhfd"" <giheahd@gmail.com>"
5f1b91ca-3519-4144-a7f8-85e4bcad3a71,2021-12-11T18:08:20,BRAND2,208.65,"""clfeagb bklklie"" <clfeagb@appple.com>"
cbea9812-1e99-45b7-a33a-d3753a34e091,2021-12-11T18:09:10,BRAND5,38.83,"""kfbjkde cifkhal"" <kfbjkde@gmail.com>"
f60e6aa7-bb61-4129-87d8-22840821522f,2021-12-11T18:09:10,BRAND2,355.51,igfeald@appple.com
c4ffd55f-3c31-4be1-adaf-b0249d3a1d94,2021-12-11T18:10:50,BRAND5,670.11,"""gljfdig gegfahc"" <gljfdig@appple.com>"
5e38c914-d186-4df5-8309-282c7a93f671,2021-12-11T18:12:30,BRAND2,900.75,"""khcjghb aijhdca"" <khcjghb@gmail.com>"
de258b30-bfa4-4349-89fe-0f5ff759346e,2021-12-11T18:12:30,BRAND2,821.79,jlckjbk@gmail.com
4aafb976-92c2-493b-a8a5-7bb3eb4fc2f3,2021-12-11T18:13:20,BRAND1,703.64,hddhgea@gmail.com
8173be27-f11a-42ab-b497-5417f4b4e8e5,2021-12-11T18:13:20,BRAND2,778.96,eagijga@gmail.com
fab7a535-2798-4b94-a21a-8b65077f99bb,2021-12-11T18:14:10,BRAND5,985.91,caebfea@appple.com
e0db3253-fdd5-4dfa-934b-420fcae24eac,2021-12-11T18:14:10,BRAND5,326.80,egaikbe@gmail.com
cf1159c1-db9b-4f94-86cb-79b501317054,2021-12-11T18:15:50,BRAND2,859.16,deeclah@gmail.com
73fe26c3-91b4-47d7-9acb-ca53fc93479f,2021-12-11T18:16:40,BRAND5,296.71,jifiibi@appple.com
f4ea2152-0f6e-468f-8b3c-429235ed6a33,2021-12-11T18:17:30,BRAND5,840.42,aglkebi@gmail.com
a4578d8e-8411-464b-8e36-b15b97c13c26,2021-12-11T18:19:10,BRAND2,48.32,"""kciilfd igfdhid"" <kciilfd@appple.com>"
ae8aa55b-f7d7-4b0b-a4a4-1987f2a39ddd,2021-12-11T18:19:10,BRAND5,580.61,gikagbf@gmail.com
4480c36a-9ffa-4c6d-8432-9faf45288ccf,2021-12-11T18:20:50,BRAND2,399.83,"""babajhj hchicka"" <babajhj@gmail.com>"
31848399-8c04-4596-ad92-4cad619c7035,2021-12-11T18:21:40,BRAND5,71.74,khcbgaa@gmail.com
b12c9447-20b3-4510-be39-1fd78dda8448,2021-12-11T18:22:30,BRAND1,958.68,"""efbabbf elejfdg"" <efbabbf@gmail.com>"
b41f50c0-d284-4df9-aab9-458a15a5c6c9,2021-12-11T18:23:20,BRAND5,219.63,bhdhffh@gmail.com
434287d6-6eea-4d3b-9deb-074ad5697d17,2021-12-11T18:23:20,BRAND2,492.32,cbejeig@appple.com
65b56e5c-a47c-487a-a6cc-33412f98193a,2021-12-11T18:25:50,BRAND5,510.51,akkbcdl@gmail.com
29499ca5-0015-4b97-b705-7422fb5fbc2b,2021-12-11T18:25:50,BRAND1,48.08,blddjaj@hotmail.com
f3d7042c-54bb-42dc-ba1f-27f2ea3ef15f,2021-12-11T18:26:40,BRAND2,296.87,fgdbfig@gmail.com
8e22762b-6a21-4077-89c1-4effd1ae4581,2021-12-11T18:27:30,BRAND2,16.80,lhejklc@live.com
ee7f6cbb-2140-47f1-8cd3-42f78490864b,2021-12-11T18:28:20,BRAND5,532.58,"""kjgghkc ldbilei"" <kjgghkc@gmail.com>"
81b16caa-fd3a-435a-99d8-2bc696916835,2021-12-11T18:28:20,BRAND2,258.60,kgbldlh@gmail.com
f738df01-1afe-4c57-8e95-4ef82737fdf0,2021-12-11T18:29:10,BRAND5,409.78,"""lbijbgc ddfcjgh"" <lbijbgc@appple.com>"
8849cb89-2c2c-47f9-a5ff-40d5a89655f7,2021-12-11T18:29:10,BRAND5,186.94,"""egaikej gjfigfg"" <egaikej@gmail.com>"
1c845389-a35b-4b0e-b5ee-905ec5521fbc,2021-12-11T18:30:50,BRAND2,108.18,dgdciih@yahoo.com
82cdacc1-3242-403f-9720-69520d763153,2021-12-11T18:30:50,BRAND2,754.99,bbfifli@gmail.com
6cdd01e4-164a-44cd-a719-457b5d1bdd5c,2021-12-11T18:31:40,BRAND1,481.05,edhgjei@appple.com
2c05d0bb-2b31-4d38-ad42-9b45d3c1f168,2021-12-11T18:31:40,BRAND5,340.45,"""hlgbglb aklkbki"" <hlgbglb@gmail.com>"
0a100a97-6abf-4d70-8bb0-cbddcd383f0f,2021-12-11T18:32:30,BRAND4,$625.29,dijfidg@gmail.com
98e06470-c6a2-4a6a-ade2-58f2de50540a,2021-12-11T18:32:30,BRAND5,656.29,"""kdfjcla bhegkgh"" <kdfjcla@appple.com>"
13b251c3-ab12-4fd7-9d5c-b39359ade192,2021-12-11T18:33:20,BRAND5,433.45,"""bjhfhld jakachl"" <bjhfhld@appple.com>"
f8a7eaba-dd8d-4756-bb4b-437466fb91ba,2021-12-11T18:35:00,BRAND5,653.13,fbkbjfl@appple.com
8a220a4d-06e9-4ca9-981b-7a725ebacc96,2021-12-11T18:35:00,BRAND4,655.07,lbbgfjg@hotmail.com
8617500f-d401-47b8-b8ed-1f3c330cbb3e,2021-12-11T18:37:30,BRAND4,$306.73,bjkhkbk@yahoo.com
3cc08ee1-6ba4-4aa8-b56e-e8dede5179e6,2021-12-11T18:37:30,BRAND5,636.06,gldlahd@gmail.com
be77a28e-cf56-4826-8df2-5b83d86e8487,2021-12-11T18:38:20,BRAND2,150.98,"""lgcbaag flffjei"" <lgcbaag@gmail.com>"
223cdbff-9e74-4193-a509-5c3d73dbb326,2021-12-11T18:38:20,BRAND2,886.01,djdhlhg@live.com
1dd57a46-7085-419a-a21f-0f7aee26264c,2021-12-11T18:39:10,BRAND4,37.22,daclfdj@gmail.com
cd775a0c-cc25-4e43-b697-02d314b39bde,2021-12-11T18:39:10,BRAND2,9.57,aeabkfd@gmail.com
77f6e471-d210-4991-9e28-4049366b56fe,2021-12-11T18:40:00,BRAND2,321.99,"""aeiljcg jbdbclg"" <aeiljcg@gmail.com>"
499aded6-ef32-4c5b-933e-8738d6d0266c,2021-12-11T18:40:50,BRAND2,750.32,kjggjil@appple.com
2a0e5848-d91d-49c3-bc32-f6c482e7f1de,2021-12-11T18:42:30,BRAND3,60.82,ljfhied@appple.com
b25ffafd-c420-4975-bf5c-2fc814ff1163,2021-12-11T18:44:10,BRAND2,699.52,"""keffahh cikfgfk"" <keffahh@gmail.com>"
582e7465-de5b-4d69-81e1-558ed2c68a16,2021-12-11T18:44:10,BRAND5,547.02,"""fkbjfdb edkdkkg"" <fkbjfdb@yahoo.com>"
53bf5a0b-55cf-407a-bd83-3890728f3562,2021-12-11T18:45:00,BRAND5,35.51,"""gklggka leebhkh"" <gklggka@appple.com>"
da39bfe5-496e-489c-ac9c-126a84552e64,2021-12-11T18:45:50,BRAND2,321.22,"""dcklgll hbbdjbf"" <dcklgll@yahoo.com>"
bc90d385-ca46-416f-8002-fd5459b88cc1,2021-12-11T18:45:50,BRAND1,772.64,"""ffdeelk hgledbc"" <ffdeelk@gmail.com>"
4184ffcd-d33a-4ad6-9700-340f5e9f9f42,2021-12-11T18:47:30,BRAND2,669.15,jlifded@live.com
1e7579ed-e090-4c7e-9bc4-177c177cc55e,2021-12-11T18:47:30,BRAND2,$519.50,abilill@live.com
27590619-46d8-4ba8-8140-0b8721483767,2021-12-11T18:49:10,BRAND2,244.65,fclccie@gmail.com
0c25769f-9105-4cb0-97f6-8428564d8252,2021-12-11T18:49:10,BRAND2,104.44,aedifge@live.com
e78915c9-eb16-4fa8-8f3e-d1a339fdc3ef,2021-12-11T18:50:00,BRAND2,62.80,"""dacfggl efajgka"" <dacfggl@gmail.com>"
815b9d3b-fcb5-4020-8177-2e9a050d42a4,2021-12-11T18:50:00,BRAND1,25.59,"""agefdgl kjlfdjj"" <agefdgl@gmail.com>"
1207edbf-1870-43ae-a36d-dc66a92ba2da,2021-12-11T18:51:40,BRAND5,909.03,cijgejb@gmail.com
d188237e-ba3f-42a4-81d7-a264a05b7430,2021-12-11T18:52:30,BRAND5,853.44,ifekbhj@gmail.com
4ff098af-9083-4ef6-b78c-b76c1c22c74c,2021-12-11T18:52:30,BRAND2,682.97,"""dfjjged ekjgjil"" <dfjjged@yahoo.com>"
6604ca77-76a6-485c-8f16-553dfc343bbb,2021-12-11T18:53:20,BRAND5,221.25,ijcadfb@live.com
07dc478b-2aad-40a3-8a07-6103e6551138,2021-12-11T18:54:10,BRAND5,57.17,cdgdbbh@live.com
6f313bb2-f5c1-47eb-ad44-f6f297190984,2021-12-11T18:54:10,BRAND2,171.54,alcfahj@gmail.com
2150fb71-2135-4b6b-910b-85e7a7116049,2021-12-11T18:55:00,BRAND2,742.13,fliakdh@gmail.com
8bbf404d-cc59-4704-ac90-01907d152cec,2021-12-11T18:55:00,BRAND2,184.67,"""kibdjlk hlgeael"" <kibdjlk@gmail.com>"
12bc777d-5027-4377-9455-5d5f5110a4ff,2021-12-11T18:55:50,BRAND2,160.94,"""dbkdhic chhcfie"" <dbkdhic@gmail.com>"
50b582e7-a69d-478d-b703-f0f525d78bbe,2021-12-11T18:55:50,BRAND2,567.03,fceejkd@gmail.com
3720b6d1-f420-44d4-bf3a-ed62d504096d,2021-12-11T18:56:40,BRAND2,171.09,"""cidbgcf giecbed"" <cidbgcf@gmail.com>"
13e324f1-f81f-4a52-ac0e-63242e5fa7a2,2021-12-11T18:58:20,BRAND5,164.34,ifeedfj@appple.com
bdd54b6a-9cc5-472b-9da7-b9a98fab2395,2021-12-11T18:59:10,BRAND1,30.53,"""belkgal kaekfkf"" <belkgal@yahoo.com>"
c1d48595-511c-48e8-a513-c6e4e8e10a2f,2021-12-11T19:00:00,BRAND2,30.90,dckjgik@gmail.com
774d262c-a223-4dff-8925-d2b35c20ad1a,2021-12-11T19:00:00,BRAND1,795.73,ljalahj@appple.com
25e6ae4e-c36e-46a3-b804-ae7d552f06d0,2021-12-11T19:00:50,BRAND2,165.81,icbcebe@gmail.com
b9feed62-ac05-40cb-a871-11ce6abfc4c5,2021-12-11T19:00:50,BRAND1,785.91,iljeaal@appple.com
624b2ab5-56bd-40ba-bd72-05961f6405a5,2021-12-11T19:01:40,BRAND2,645.59,jkjbgcb@gmail.com
ea0946b1-6644-44ca-a26d-e517332d06f6,2021-12-11T19:01:40,BRAND1,26.69,"""ckidagi bahdiei"" <ckidagi@appple.com>"
d6df82e8-d5db-46f5-9f8f-4191e7725957,2021-12-11T19:02:30,BRAND5,777.39,"""lihhgdh kbejaac"" <lihhgdh@live.com>"
3612aae7-2fc1-4c6c-bbf8-3005ae31d142,2021-12-11T19:02:30,BRAND5,531.79,challeg@gmail.com
0971a878-3546-4001-800a-ec0a31562b1a,2021-12-11T19:03:20,BRAND2,128.91,lhcilfg@gmail.com
db821c23-3a07-4c75-afa3-a6ec4e7eb59f,2021-12-11T19:04:10,BRAND5,920.19,"""edjaaff gikfaii"" <edjaaff@appple.com>"
0d09f5dc-6fa4-41d4-9576-f224c4607fc5,2021-12-11T19:04:10,BRAND1,213.70,"""dbbedca ijjbggk"" <dbbedca@yahoo.com>"
f9fa9d63-9946-4a34-966f-7f92988d0271,2021-12-11T19:05:00,BRAND1,968.21,"""ccaaabb bjlkakl"" <ccaaabb@live.com>"
880c5516-0cea-40c8-a955-1d2bb74fff53,2021-12-11T19:05:00,BRAND2,491.00,"""cikddae jhlfeeb"" <cikddae@appple.com>"
0a368df8-f1f5-44dd-912f-0e0ac01604df,2021-12-11T19:07:30,BRAND1,621.90,"""dilbcfb jefbhjl"" <dilbcfb@appple.com>"
e03bad40-5575-45ae-8edb-3c359356b2ad,2021-12-11T19:08:20,BRAND2,472.11,"""ggigila idahffg"" <ggigila@yahoo.com>"
6552cd33-25f5-4662-94da-be91df5f6dc8,2021-12-11T19:08:20,BRAND2,889.85,fdgkcej@gmail.com
ddd82288-a29f-4025-bf8d-02f0c68edb51,2021-12-11T19:09:10,BRAND5,319.40,dkkhicg@appple.com
71b309be-953d-498c-b2e5-605ef67a6bf6,2021-12-11T19:09:10,BRAND2,580.03,gbfiggf@gmail.com
11448ad8-d220-4b71-bb09-e35594507bd9,2021-12-11T19:10:00,BRAND4,471.33,hgeball@gmail.com
59910820-8acf-4270-8934-fbe61fc25083,2021-12-11T19:10:00,BRAND2,628.38,lidibkg@live.com
e7d7a236-74fb-4b13-9056-71697c3e8272,2021-12-11T19:11:40,BRAND2,679.95,"""kadfdbc ahidckg"" <kadfdbc@gmail.com>"
3b7b3b68-6ec1-4e73-996e-d144b7dd0fff,2021-12-11T19:13:20,BRAND2,422.72,khikdci@gmail.com
17aa4f6a-9464-46e8-b925-871ed36b1165,2021-12-11T19:14:10,BRAND2,843.69,ajcaibi@gmail.com
3791b3be-0105-47ab-b109-3b897a298c42,2021-12-11T19:14:10,BRAND4,185.65,"""dkjgilj dkfbjde"" <dkjgilj@gmail.com>"
2b9a5e3a-e9b7-4460-8670-51f70e3efaa6,2021-12-11T19:15:00,BRAND2,808.04,lbfhdlk@yahoo.com
ebf0ed4c-b377-4d40-b662-1a7cd41de88c,2021-12-11T19:15:50,BRAND2,121.93,"""gbdlcfe gekjklj"" <gbdlcfe@gmail.com>"
ea70ebe6-f273-4cb8-936b-fc991b8a2b5d,2021-12-11T19:15:50,BRAND2,930.89,"""acfchfj dhbclgl"" <acfchfj@live.com>"
cf0de268-833f-4b76-9f34-ca625610ce8c,2021-12-11T19:17:30,BRAND5,638.01,"""blleiff fbhghfb"" <blleiff@gmail.com>"
11224f60-2ac1-4ad3-867a-fd2daf3c8443,2021-12-11T19:19:10,BRAND2,962.78,"""adfajbd ccdjcef"" <adfajbd@gmail.com>"
818e63e3-8570-4111-ad7a-6be62d0367c9,2021-12-11T19:19:10,BRAND2,599.11,hcjbkge@gmail.com
413ee720-5af8-40bc-91a8-b4502310dd6a,2021-12-11T19:20:00,BRAND5,836.60,"""hbbdbcl edejhlc"" <hbbdbcl@appple.com>"
25e5feef-96e3-4b91-b2eb-c599dbd5fa8d,2021-12-11T19:20:50,BRAND5,51.52,gfgeljd@appple.com
4a1dbfac-81fd-4d4e-b0df-cdbfefe2d9f1,2021-12-11T19:20:50,BRAND1,621.48,geeflej@yahoo.com
90482ceb-6eca-436a-afa8-489db8960bfe,2021-12-11T19:22:30,BRAND2,142.19,gjebjdd@gmail.com
ef81cec6-55ac-4ff9-892f-23c9d3f88cc3,2021-12-11T19:23:20,BRAND5,461.92,fifiega@appple.com
f8e96437-0005-4275-8ad5-21353ec3ea2d,2021-12-11T19:23:20,BRAND2,537.67,"""efcfabk jdefjde"" <efcfabk@appple.com>"
0dca3362-a8a0-461a-b5e5-f55530d0954a,2021-12-11T19:24:10,BRAND1,264.36,"""kjfdlgl ladckkd"" <kjfdlgl@gmail.com>"
20f31c34-76ba-4706-8ad8-ca439f240c24,2021-12-11T19:25:00,BRAND2,771.95,"""kehhijk eekiddk"" <kehhijk@gmail.com>"
e6edab21-edcd-4929-868d-468c40981a00,2021-12-11T19:25:00,BRAND5,591.28,clbelih@live.com
eb846587-abb6-4d76-bd9e-02adb8c88300,2021-12-11T19:25:50,BRAND1,965.87,"""gbelgck jaagjjh"" <gbelgck@gmail.com>"
922d11a8-0eff-482a-a34c-f9bdde592914,2021-12-11T19:25:50,BRAND5,347.46,"""jkecelk aebaefb"" <jkecelk@gmail.com>"
8e2cb7f3-21cc-42b9-90c9-11df4d81847b,2021-12-11T19:26:40,BRAND2,639.98,lihijhb@appple.com
8a0c00cb-fc4e-4fb0-a891-87a2bf16d789,2021-12-11T19:27:30,BRAND2,337.99,lillfgh@gmail.com
9373535f-50f5-4268-93bd-14b905648968,2021-12-11T19:30:50,BRAND2,287.93,"""gdefdik djidbjb"" <gdefdik@gmail.com>"
4c77ef3c-1168-4671-ae05-eb112d7bd85c,2021-12-11T19:31:40,BRAND5,603.99,bhcihha@appple.com
46d318f2-6544-4e11-aa57-d7adec08580c,2021-12-11T19:32:30,BRAND2,14.99,igikjel@gmail.com
d37b0407-4f17-42a9-b06a-78e5ce75a82a,2021-12-11T19:32:30,BRAND2,687.60,kjlcedk@appple.com
e5008e43-9bfb-4415-8ee8-c67db4c83524,2021-12-11T19:33:20,BRAND5,225.15,"""bfeagda gdeckbg"" <bfeagda@yahoo.com>"
da76b373-37c4-411c-b18e-88f69671bf6e,2021-12-11T19:33:20,BRAND2,253.28,gbhigcg@gmail.com
9582170f-94be-48a4-aa3f-6c31a1573a72,2021-12-11T19:35:00,BRAND2,493.63,"""bbgkiaj halbbci"" <bbgkiaj@gmail.com>"
5168903f-b8b5-463c-8546-4f747c9226a4,2021-12-11T19:35:00,BRAND5,756.37,haildai@live.com
ef4645b9-06f9-4aa6-b82c-a22e654b5db2,2021-12-11T19:35:50,BRAND2,547.97,febdbdg@gmail.com
9ebef5fb-2689-4583-bcad-33cb92181465,Sat Dec 11 19:35:50 2021,BRAND2,969.27,dladldl@live.com
2ae0e1c8-d286-4c28-84e9-617ddde890c2,2021-12-11T19:37:30,BRAND2,227.73,klaikgl@live.com
77a4a606-bada-435d-b873-de450f146fc3,2021-12-11T19:38:20,BRAND5,110.51,"""hcfeebi ajllbdl"" <hcfeebi@gmail.com>"
5812b76e-08f6-43fb-a057-c5f8efe758c1,2021-12-11T19:39:10,BRAND5,558.35,cjfieli@gmail.com
43731a1d-52f7-4948-888b-69e26ef4f7ee,2021-12-11T19:40:50,BRAND2,287.00,lblbhel@appple.com
a1184f20-8f67-476d-b450-181790efff4c,2021-12-11T19:41:40,BRAND5,649.01,fbfhhbi@gmail.com
8d691970-f2e3-4780-be59-f13d137f5501,2021-12-11T19:41:40,BRAND2,883.04,agadhlf@appple.com
cc5a010a-8cdd-4dae-830b-524670ee5bc0,2021-12-11T19:42:30,BRAND1,952.18,"""bfagcje iheakel"" <bfagcje@live.com>"
1109be7e-0662-450e-9d0d-455937375fe6,2021-12-11T19:43:20,BRAND2,$243.08,adakeea@appple.com
2ebb18f4-b581-4d2d-9a58-7a9cd8f4b97e,2021-12-11T19:43:20,BRAND2,156.65,dgkbjhh@gmail.com
0ac54aaa-a300-46c2-8de4-88dccf972193,2021-12-11T19:44:10,BRAND5,319.01,aifaejd@gmail.com
90cf12fa-b838-4976-ba70-16be817f19a7,2021-12-11T19:45:00,BRAND2,253.46,"""iaclclj eclgbdk"" <iaclclj@gmail.com>"
7af3d881-0a19-459a-b648-7d4d6d4ff4bb,2021-12-11T19:46:40,BRAND2,1.57,"""jjkdjee aadbaih"" <jjkdjee@live.com>"
2f708967-fcd3-44ca-bff2-257ee36aa2ed,2021-12-11T19:46:40,BRAND5,538.77,"""jfaieel hhlhaci"" <jfaieel@gmail.com>"
15f5c6b8-38f4-4b1b-9f6b-b22b2f82f942,2021-12-11T19:49:10,BRAND2,248.75,jklejgc@gmail.com
2b3d1366-e85a-4317-8a28-5248d9c44c51,2021-12-11T19:49:10,BRAND2,665.97,"""jkbefig hihhebg"" <jkbefig@appple.com>"
7fd32f2a-5c37-4bc7-9df0-ecb1c9bb56b2,2021-12-11T19:50:00,BRAND4,520.55,"""fackjhf hlaadab"" <fackjhf@gmail.com>"
91dfa5c3-3248-4811-a7d7-d96972c59f7a,Sat Dec 11 19:50:00 2021,BRAND1,374.99,bdhdgdc@gmail.com
c6f70b27-0ada-4097-8c26-d20fc1bdd829,2021-12-11T19:51:40,BRAND5,620.59,bkfldli@gmail.com
e26cfab0-78e8-49c9-bad7-640abe2e54a4,2021-12-11T19:51:40,BRAND2,48.70,ajlfeej@live.com
178b78e1-ca8d-4f12-b937-52abdeb87724,2021-12-11T19:53:20,BRAND5,668.91,"""jjcacdk idghhhf"" <jjcacdk@gmail.com>"
5f35e9be-d1e9-4bbb-91ba-b68fc2305c79,2021-12-11T19:54:10,BRAND1,870.57,"""bhkekle fbeggcl"" <bhkekle@appple.com>"
db45cb67-2df1-494d-8bb0-47a9fbbed18e,2021-12-11T19:54:10,BRAND1,303.30,hijggja@appple.com
2941f57a-968e-4772-abb6-e9910da671ca,2021-12-11T19:55:50,BRAND5,626.96,"""khikbhc ifefaaa"" <khikbhc@gmail.com>"
d3a46a16-b935-4a58-a186-9087246e35ad,2021-12-11T19:55:50,BRAND5,323.97,keajddc@gmail.com
b299b207-8db4-4428-8311-3388f982bd63,2021-12-11T19:56:40,BRAND5,55.52,llclcfk@live.com
b41cf295-a978-46a8-90e2-cbce54ae9594,2021-12-11T19:56:40,BRAND3,439.40,"""hglbbhi bhkjkgc"" <hglbbhi@gmail.com>"
a35952d0-1195-4811-8df0-dcb83f74da9b,2021-12-11T19:57:30,BRAND1,902.79,hegfdad@gmail.com
e42a4f78-c6d6-4fc1-aa83-988945c4f245,Sat Dec 11 19:57:30 2021,BRAND5,42.09,jhafied@gmail.com
e5744be3-6083-434f-b131-4a5cb780419a,2021-12-11T19:58:20,BRAND2,478.94,aeeblbi@appple.com
1d56ec2b-0540-4bbb-a8d6-532e872e14c4,2021-12-11T19:58:20,BRAND2,217.81,dbelhgd@gmail.com
899d5b4f-9800-45d9-9f0e-f61d0ba3922b,2021-12-11T20:00:00,BRAND1,365.45,fdhcija@gmail.com
4481f5f7-03dc-4bf6-be34-009e9db7e925,2021-12-11T20:00:00,BRAND5,89.17,fhccjae@yahoo.com
4c045c83-1349-4195-a53f-78e9b6412d7e,2021-12-11T20:00:50,BRAND1,868.04,"""dlkffhe ijhidll"" <dlkffhe@gmail.com>"
cecf3dbb-60fe-408f-927b-5c58e78b21ce,2021-12-11T20:00:50,BRAND2,758.19,"""dejfahe jiilldc"" <dejfahe@gmail.com>"
21c575eb-793e-4c39-a58f-d3c22f28aa0d,2021-12-11T20:01:40,BRAND5,760.79,"""baceead hbabkkl"" <baceead@appple.com>"
8c999d03-4a01-4629-95e7-3800e7c02f24,2021-12-11T20:01:40,BRAND2,479.69,"""cedfeja gbcbfac"" <cedfeja@yahoo.com>"
4d950077-d2c6-42b6-bb33-2890c6c98182,2021-12-11T20:02:30,BRAND2,576.63,"""ebcikhk jfidhfh"" <ebcikhk@gmail.com>"
bd1db24d-4a0c-44ad-a48f-83cca09863e1,2021-12-11T20:02:30,BRAND2,736.46,adjhege@gmail.com
a1d558be-6201-488e-9c21-e91c9496b67e,2021-12-11T20:03:20,BRAND3,773.07,cihgckb@live.com
e969da8e-c7c7-488d-bdff-4f773e8f0cd5,2021-12-11T20:03:20,BRAND5,279.34,khceakf@gmail.com
c7b95606-9538-4a07-b387-072fc6da0842,2021-12-11T20:04:10,BRAND2,49.95,"""jlclblg aghbfij"" <jlclblg@gmail.com>"
d3047eed-89fd-4f99-855e-ab08dde18759,2021-12-11T20:05:50,BRAND5,963.64,"""hlafhic laaigle"" <hlafhic@gmail.com>"
c57b0511-0ca8-4879-bac0-6c6d5617244d,2021-12-11T20:05:50,BRAND2,678.89,klbjgjg@live.com
4967badb-f009-4569-b410-4c3e308962fe,2021-12-11T20:06:40,BRAND2,839.65,"""ggiklbe jkhhfhg"" <ggiklbe@gmail.com>"
6a701521-cb01-4af7-be9f-cd538a2a6b48,2021-12-11T20:07:30,BRAND5,77.38,kblkjbi@appple.com
c6c574df-780f-4060-9b87-cb02f687c413,2021-12-11T20:07:30,BRAND1,898.25,gjihcbk@live.com
a599fa52-1bdb-41fa-b21f-6c4993ef3a03,2021-12-11T20:08:20,BRAND2,560.24,agfddbf@appple.com
95356b34-7190-455d-9f96-df1e9d947608,2021-12-11T20:09:10,BRAND2,127.00,igiildb@appple.com
0c0fc2d4-d60a-439b-899e-13070e62f2c2,2021-12-11T20:10:00,BRAND2,457.45,"""gedjigi eehglal"" <gedjigi@gmail.com>"
c01b9726-b7c6-41be-94b2-a4801d326b9e,2021-12-11T20:10:00,BRAND5,$521.01,"""egeekdg lbdlbdc"" <egeekdg@gmail.com>"
f1c0fa2b-cbba-44f0-af59-60421f119fbd,2021-12-11T20:10:50,BRAND2,929.42,cbdejdl@gmail.com
6018561e-71f3-4b32-8507-a2497c277b7d,2021-12-11T20:10:50,BRAND1,412.11,"""klhihfe eegljlf"" <klhihfe@gmail.com>"
53f4c9fe-231e-41a7-914b-c5e1d0cd15a2,2021-12-11T20:11:40,BRAND4,157.16,gcgfldj@appple.com
508f51d9-6826-4aa0-8cda-9ae5b04dd0d8,2021-12-11T20:11:40,BRAND5,62.40,"""ldjbfig akeidgh"" <ldjbfig@gmail.com>"
ebb8d58e-2669-496f-b103-e101f2d1d040,2021-12-11T20:12:30,BRAND2,441.75,kadgljh@appple.com
9ad47a2f-64f3-4149-b4a7-272f34121098,2021-12-11T20:14:10,BRAND2,653.39,"""akgadbi ecfebaa"" <akgadbi@live.com>"
e6de2619-821e-40e9-8dd0-ecfaaa370ef0,2021-12-11T20:14:10,BRAND2,736.75,gebajah@gmail.com
44ae5c12-a529-47a4-9882-d77c0d96f6eb,2021-12-11T20:16:40,BRAND5,75.62,"""falfdeg heedfdf"" <falfdeg@gmail.com>"
67681ce2-ef8a-4741-bc92-ebefda5f704b,2021-12-11T20:16:40,BRAND4,81.77,"""dgfkdcf ejfdajb"" <dgfkdcf@gmail.com>"
aeb89437-52c0-414f-9c0f-9dfa5b2fb7dd,2021-12-11T20:17:30,BRAND2,437.63,fbjkgdc@appple.com
44a0f791-23a4-4191-90bb-2af647e82b03,2021-12-11T20:20:50,BRAND2,274.79,bfbfchk@appple.com
4ce0d983-cc3c-424b-96ea-0ca805dcb103,2021-12-11T20:22:30,BRAND2,575.73,hlaijab@gmail.com
0fc22b35-5cc8-4e29-a625-647c833752cd,2021-12-11T20:24:10,BRAND1,114.66,"""bkbghfl ahfdjdd"" <bkbghfl@gmail.com>"
2bc3d5b4-0295-465b-a354-3f485ad38e2d,Sat Dec 11 20:24:10 2021,BRAND4,801.19,bajldic@gmail.com
448ce465-3346-4a43-a9da-1c70ab2ca118,2021-12-11T20:25:00,BRAND1,448.12,"""bejkfeb kfcbcbf"" <bejkfeb@gmail.com>"
719c5dcc-6ddf-4443-8eae-8e5cab3b9659,2021-12-11T20:28:20,BRAND1,593.23,"""jgegfjf lcldhdi"" <jgegfjf@gmail.com>"
f748f7f0-2964-4cea-afdc-a01658e37586,2021-12-11T20:28:20,BRAND2,6.55,"""dgbiedl jjahffe"" <dgbiedl@gmail.com>"
bed61399-8799-4626-8e9f-0a493cb710e2,2021-12-11T20:30:00,BRAND2,823.34,elaklee@live.com
5c6cc924-182c-44a8-ae4e-9d40f4cbdaed,2021-12-11T20:30:00,BRAND2,694.80,egglhlc@gmail.com
73a382df-c846-4205-a08c-c4e3d561f13c,2021-12-11T20:30:50,BRAND2,262.01,"""lbhbcdf ccdfhag"" <lbhbcdf@gmail.com>"
58d141df-d0b5-4a92-8379-8be62687bb88,2021-12-11T20:30:50,BRAND3,351.17,fddckkf@hotmail.com
69b7e0b6-bc55-441d-a950-4bf7e60281fd,2021-12-11T20:31:40,BRAND2,55.67,"""hdaifed helefdf"" <hdaifed@appple.com>"
