id,date,brand_id,trans_amt,email_address
0abd7a1a-f735-4df3-abb8-c1489a5e38c3,2021-12-13T13:30:50,BRAND1,341.90,decfgek@appple.com
e970b94b-0841-44c3-b805-77d12058f053,2021-12-13T13:32:30,BRAND2,354.22,"""dfjedic dciahaf"" <dfjedic@gmail.com>"
794f7187-f0e0-4920-a824-3a5ef88b3da0,2021-12-13T13:32:30,BRAND3,769.74,ffhdjga@gmail.com
ddf6987d-7892-4447-a2a3-951af4911a2b,2021-12-13T13:33:20,BRAND5,648.54,afjfgdl@appple.com
61d6bbdb-ba9b-46e4-8e0a-6a2aa222d8fa,2021-12-13T13:35:00,BRAND2,269.03,"""ahhldfd fkjhhce"" <ahhldfd@appple.com>"
d8f93f04-ba44-4e88-8c2b-fc0f65d22f5b,2021-12-13T13:35:00,BRAND1,796.79,"""dcdgbgk hhkhfgg"" <dcdgbgk@gmail.com>"
3c7eb77e-9301-40cd-99aa-13e6f0de81a8,2021-12-13T13:36:40,BRAND2,459.94,kbbgldj@gmail.com
98199c94-cffc-40d1-ac06-a526d9093084,2021-12-13T13:36:40,BRAND5,668.90,ilieakk@hotmail.com
9a93446f-c88a-4fe4-a168-b273e986cb81,2021-12-13T13:37:30,BRAND2,133.23,glbbedh@gmail.com
507156f7-13fb-40d5-97c7-007a109ca0b5,2021-12-13T13:38:20,BRAND2,562.18,"""hefjfid jfhcldc"" <hefjfid@gmail.com>"
953ea4f2-dd27-4624-9cc7-195afc1e021a,2021-12-13T13:40:00,BRAND5,759.06,"""bhgcjdb lehkjlb"" <bhgcjdb@hotmail.com>"
c0c153e1-d950-4768-bfb0-7d414d158e72,2021-12-13T13:40:00,BRAND2,120.80,iigagbd@gmail.com
17962527-c80b-4610-ab44-81da67e23453,2021-12-13T13:40:50,BRAND5,477.05,"""fakhahb gdfbeak"" <fakhahb@gmail.com>"
2c332328-cc7f-4b80-bdcb-46f74d18ffd6,2021-12-13T13:40:50,BRAND2,225.41,ibbjfbg@appple.com
85001073-3d15-4dfe-bd85-138873fd9371,2021-12-13T13:42:30,BRAND5,454.61,"""llcbhfc jgiahkl"" <llcbhfc@appple.com>"
646e296c-42f9-4d45-a27d-3dc40a28311d,2021-12-13T13:43:20,BRAND2,130.50,fckgdll@gmail.com
d03e11b8-a245-4058-a2db-59c241181bbe,2021-12-13T13:43:20,BRAND2,435.67,"""dcchiae ckkcdcf"" <dcchiae@gmail.com>"
48759c32-6ce2-4905-919e-d3fb03aad65c,2021-12-13T13:45:50,BRAND5,661.69,cadfiik@hotmail.com
a61665b9-d16d-44e7-b995-c98124b1b091,2021-12-13T13:47:30,BRAND5,251.94,akbfikc@gmail.com
9c2b19ed-5ccc-461e-9dca-f2e11a8819d2,2021-12-13T13:48:20,BRAND5,904.40,bdbdadg@gmail.com
d52a60bf-e544-4d69-b8c9-0b82e22ebbb5,2021-12-13T13:48:20,BRAND5,810.32,"""hhchkcb gadgcch"" <hhchkcb@live.com>"
79515b95-6e3f-42a6-909d-af8b027b865a,2021-12-13T13:50:00,BRAND2,996.74,"""ickfjjh cgcjabd"" <ickfjjh@appple.com>"
74402e60-34c0-4c33-9445-2b5c47e791cb,2021-12-13T13:51:40,BRAND1,783.32,ifkecid@appple.com
892a88d7-9efa-4898-a40a-ee836ee6102a,2021-12-13T13:52:30,BRAND2,49.11,"""ahlefkf ighalfc"" <ahlefkf@appple.com>"
67ea9d1f-6aac-4ee1-b72f-0e52b1c24d67,2021-12-13T13:55:00,BRAND2,524.57,daaefad@gmail.com
7ac1ff02-25ee-4e34-8631-bc06af7454a1,Mon Dec 13 13:55:50 2021,BRAND5,48.92,bjjcjka@appple.com
57c54380-1011-42d3-8c9a-94192e1364ab,2021-12-13T13:55:50,BRAND5,553.08,"""dajkdde bhgaljl"" <dajkdde@gmail.com>"
780128b5-ce8d-4ac3-8a80-4148ac53fa82,2021-12-13T13:56:40,BRAND2,566.04,"""egfdbaj hgbbfag"" <egfdbaj@gmail.com>"
9e1d726a-4d1a-4722-bfd6-23bdb6623811,Mon Dec 13 13:57:30 2021,BRAND3,852.12,"""hgkgjcd igehabl"" <hgkgjcd@gmail.com>"
2a2f76c4-56ce-4152-902c-9fc9596d31fc,2021-12-13T13:57:30,BRAND2,423.65,galkkfe@gmail.com
64a25dc5-670d-4354-8a23-ed160e29c981,2021-12-13T13:58:20,BRAND2,520.96,ifdiigc@appple.com
ebce0220-cbd3-4f4d-808a-edf87ba49b7a,2021-12-13T14:01:40,BRAND5,389.22,acfjhhj@gmail.com
0b4aa669-dcbc-40a5-bb14-677e2d916098,2021-12-13T14:03:20,BRAND1,95.68,bljjcbd@gmail.com
84b7221f-25f5-465c-9fbc-990a9706dee9,2021-12-13T14:03:20,BRAND2,$412.56,idjihak@gmail.com
1a18a8ca-6971-4cbf-a329-8f09c4643f7e,2021-12-13T14:04:10,BRAND5,115.12,kggdcdd@appple.com
063da133-b8c3-4274-a7b9-d03525d99e00,2021-12-13T14:04:10,BRAND5,738.35,cckfgic@appple.com
9dd0fde5-18e8-4e0d-8f10-9ef5f20d5050,2021-12-13T14:05:00,BRAND5,925.89,ldgfkka@yahoo.com
c7dc35c3-3633-4aa6-855b-12323ab707eb,2021-12-13T14:05:00,BRAND1,950.18,"""bijbaac ffcikec"" <bijbaac@gmail.com>"
28e8991c-b146-48e9-8411-ce86030802b4,2021-12-13T14:05:50,BRAND2,304.23,dicahha@yahoo.com
a41916df-4a16-4759-bf98-6cfe5d21ec6e,2021-12-13T14:05:50,BRAND2,379.64,jhigeek@appple.com
ebfe62f9-ea0e-4086-9ed3-c3de462d8482,2021-12-13T14:06:40,BRAND5,93.43,gdhcead@live.com
36b4eb88-3e65-41c1-bc4e-81828b984e6a,2021-12-13T14:09:10,BRAND2,52.12,ffhdcck@gmail.com
3ca60b18-1496-45b3-850f-d4d09eccb55b,2021-12-13T14:09:10,BRAND3,687.27,gklkfck@appple.com
fa18902f-456d-4985-8050-3934d8fc22ab,2021-12-13T14:10:50,BRAND1,210.17,"""chddbed jicejge"" <chddbed@gmail.com>"
401366d7-9bf8-45a0-bcf4-06f806d58886,2021-12-13T14:10:50,BRAND3,112.54,jfdalia@live.com
88d98c41-c584-4354-a680-52d90112122a,2021-12-13T14:11:40,BRAND2,317.31,cecgkhi@gmail.com
9ebce6f2-511b-495b-98c2-2bab740531c5,2021-12-13T14:11:40,BRAND2,$742.72,habikbe@gmail.com
0ec71d03-40c4-4209-beef-010f46a35977,2021-12-13T14:12:30,BRAND2,22.01,"""abaadci gbccdef"" <abaadci@gmail.com>"
fc2cb793-8034-42ee-8d58-3e99840d033b,2021-12-13T14:12:30,BRAND2,200.12,"""ghelcje deidbel"" <ghelcje@gmail.com>"
a220f699-e185-4138-add5-0aa44b4bac80,2021-12-13T14:13:20,BRAND5,816.71,dihkkdc@gmail.com
a9c18c3b-d8d2-45b7-af15-a85ee99d8210,2021-12-13T14:15:00,BRAND2,1.40,"""jadhfhf gdgbdfh"" <jadhfhf@gmail.com>"
4610eea7-2cf3-4dcb-ae3b-9b64de817fe4,2021-12-13T14:15:50,BRAND5,582.68,"""cedglhg kkgigag"" <cedglhg@appple.com>"
176e815f-0c86-4200-af2a-502fab3d7edd,2021-12-13T14:15:50,BRAND2,438.15,"""deaaiai ddkcgee"" <deaaiai@yahoo.com>"
6ba5214c-195d-4c5b-9e22-dfeb97ec5719,2021-12-13T14:16:40,BRAND2,83.83,deaache@gmail.com
233570ac-6d67-4449-abd4-89b99e0122f1,2021-12-13T14:16:40,BRAND2,111.58,elhdhfe@yahoo.com
856e14a8-6109-4c12-9387-ce02e1089a8e,2021-12-13T14:17:30,BRAND1,176.65,aclkhac@yahoo.com
b9c658ab-4f35-4358-9de7-0ca2773d9da4,2021-12-13T14:17:30,BRAND5,889.24,"""lagkeea kciihea"" <lagkeea@gmail.com>"
fac35742-3e57-416f-a957-c1964b7b6b3d,2021-12-13T14:18:20,BRAND5,384.04,"""hekagjh gfheebk"" <hekagjh@appple.com>"
b66386d2-7451-4dbf-8e0e-7778d52a1e39,2021-12-13T14:18:20,BRAND5,684.08,lfkhcif@gmail.com
52f0cf01-5694-4f67-90e4-1d7a44bef8da,2021-12-13T14:19:10,BRAND5,524.68,lijajfg@gmail.com
ff0e6aa0-f426-4766-8437-98202e0597fa,2021-12-13T14:19:10,BRAND2,102.85,"""agkeegc cackjhk"" <agkeegc@gmail.com>"
686519f2-470b-4307-b162-960e04858846,2021-12-13T14:20:00,BRAND1,51.33,"""elgjjfb djbeegl"" <elgjjfb@gmail.com>"
c95a988c-6ca5-49dc-b2e1-ef93dc124941,2021-12-13T14:20:50,BRAND2,23.85,ejdidgh@gmail.com
18e51a0b-7ddf-4090-98fc-06009c2358ae,2021-12-13T14:20:50,BRAND2,150.63,elkjiae@gmail.com
2b04754c-d211-42c5-bccb-f77a15c3fde0,2021-12-13T14:21:40,BRAND2,102.63,dkghlel@gmail.com
5e85845f-da2a-44d7-937a-f4e298983dc3,2021-12-13T14:24:10,BRAND2,206.50,dheflef@live.com
aa490041-62e3-47d2-8a65-dcaef3c5f81e,2021-12-13T14:24:10,BRAND2,232.62,hjfcjgj@hotmail.com
5a1bd490-9efd-45db-a4ce-b223ab4cef4d,2021-12-13T14:25:00,BRAND1,394.53,cgcheie@gmail.com
a45a75d8-d9ca-415b-99a0-aaf022ae65bf,2021-12-13T14:25:00,BRAND2,556.19,ekkdfdi@appple.com
0a45a96b-9832-4340-9892-a9bc6157ee52,2021-12-13T14:25:50,BRAND5,247.37,"""ggcdikj cifkadk"" <ggcdikj@gmail.com>"
4819482d-4a50-43f5-9e01-743faea6aa02,Mon Dec 13 14:25:50 2021,BRAND2,493.68,hfjfcad@yahoo.com
b511805e-5832-4651-9e8b-9ecc1ea1dcd9,2021-12-13T14:27:30,BRAND2,20.18,eclbjkh@live.com
4828deb8-e093-4ad1-b3be-4cd64d74f1f7,2021-12-13T14:27:30,BRAND2,320.07,gbcijae@gmail.com
c1348652-4dd8-4362-9077-c3d503bf973f,2021-12-13T14:28:20,BRAND2,986.63,jhkgabe@gmail.com
4f546d60-619c-4b33-89de-bd2543e2a11a,2021-12-13T14:28:20,BRAND5,141.40,"""hbkfeji jfabbal"" <hbkfeji@appple.com>"
c799d2b3-d9fb-48e8-ba9d-917ee9b25482,2021-12-13T14:29:10,BRAND5,534.25,gbkfiic@gmail.com
2bcc5d01-6443-4a4c-868f-2cfb981eed8e,2021-12-13T14:29:10,BRAND2,591.15,"""bflbgkf eicaidg"" <bflbgkf@gmail.com>"
e7cc163d-24f8-43e7-9dff-45083fbb5549,2021-12-13T14:30:00,BRAND5,805.57,"""acbfaig dcfjkil"" <acbfaig@gmail.com>"
b58cf061-5c23-41b2-9c21-8f5648ad8f64,2021-12-13T14:30:00,BRAND1,744.45,ijfcfla@appple.com
dee34555-ebc0-4dc1-bba5-2e9a0f219e88,2021-12-13T14:30:50,BRAND1,889.37,"""fjhlfek lheifdg"" <fjhlfek@live.com>"
472b2b40-034d-49df-8026-42c0666f14be,Mon Dec 13 14:30:50 2021,BRAND2,427.99,"""afgallh akigaaf"" <afgallh@appple.com>"
070ac317-b052-40c2-b734-f67b8e2a127e,Mon Dec 13 14:32:30 2021,BRAND2,451.07,lkgddhc@gmail.com
9fdc019b-8a93-416a-9cc3-6da3764a8499,2021-12-13T14:34:10,BRAND2,739.78,fifeaib@appple.com
cffc86c3-c739-4f75-9666-c985a1359737,2021-12-13T14:35:00,BRAND5,920.44,"""bfghdhl lcajlgh"" <bfghdhl@gmail.com>"
2b46f709-aa6b-4370-a77b-a9ed36716de4,2021-12-13T14:37:30,BRAND2,721.63,"""bhfedbk eckflhh"" <bhfedbk@appple.com>"
8b6cba92-4e8d-425a-83e7-13ec6fec979a,2021-12-13T14:38:20,BRAND2,406.54,gfdadil@appple.com
8c5cdc68-e5b2-467b-9d63-94f060292629,2021-12-13T14:39:10,BRAND2,35.92,kheekdc@live.com
7be548f6-355d-4070-a953-b6fd7122a703,2021-12-13T14:39:10,BRAND1,353.46,"""hcekcfk bjdclei"" <hcekcfk@gmail.com>"
02d897e4-1d98-45bf-a75c-22fe02a338d1,2021-12-13T14:40:50,BRAND2,518.08,acdcebc@yahoo.com
e217ebb6-d723-4fa5-a89b-94a92a74d4df,2021-12-13T14:40:50,BRAND2,388.26,ihgigbd@appple.com
51078fc5-0477-478f-b81f-f13b1f0961ea,2021-12-13T14:42:30,BRAND2,89.75,ehecdgk@gmail.com
e74f0d9a-cc5b-4b16-8a9e-d17054caa3a1,Mon Dec 13 14:43:20 2021,BRAND5,254.49,"""jlffbcb hkfgbca"" <jlffbcb@appple.com>"
aed4fcea-e704-4543-944a-2a7cbd3d676e,2021-12-13T14:43:20,BRAND5,493.14,gfkhfdf@gmail.com
150a086a-e7a9-43fe-8a05-c3c6c2ef93f1,2021-12-13T14:44:10,BRAND5,462.46,"""gjgekae hlkadgf"" <gjgekae@gmail.com>"
2b646eb0-ac76-4831-aee5-bb437e9314ed,2021-12-13T14:45:00,BRAND2,833.56,ahejkda@appple.com
9ae31e22-6b0a-4ede-9ab8-ebd91596d641,2021-12-13T14:45:00,BRAND5,50.40,eklbkbb@yahoo.com
6ec271a8-2633-4d8f-8b14-0382eb890996,2021-12-13T14:45:50,BRAND2,303.41,lalkija@hotmail.com
2351f9f6-a454-4ca1-890b-5a9e7817944f,2021-12-13T14:47:30,BRAND5,48.86,edijbjh@gmail.com
d8c885be-303e-4ca4-ae55-abd4cfc88b58,2021-12-13T14:47:30,BRAND1,874.91,bbcdelb@gmail.com
fc308374-7dc1-4bb5-b076-a9af9f5180f6,2021-12-13T14:49:10,BRAND1,811.90,fcfejgj@live.com
20a0ce96-8e2f-4aef-8bdc-0973b005459c,2021-12-13T14:50:00,BRAND2,970.54,kkicgik@yahoo.com
b4d3fd49-bea1-4191-9755-07b6c5c45ced,2021-12-13T14:50:50,BRAND2,95.91,ihkdlkf@gmail.com
53d28b6d-ed29-4f51-af4e-23a6e4be8d6d,2021-12-13T14:51:40,BRAND2,42.34,hcalhgk@gmail.com
8f6c42f7-6bfd-441b-b0b9-9ce4f29fd366,2021-12-13T14:51:40,BRAND5,512.06,"""khfadal gahhdjb"" <khfadal@yahoo.com>"
4170e425-ba48-4b9f-a15e-cc4c07294b97,2021-12-13T14:52:30,BRAND2,273.06,"""ededlii bhhkjdl"" <ededlii@gmail.com>"
2c845a05-8feb-4208-bfdb-6e259ae2e4b1,2021-12-13T14:52:30,BRAND2,200.24,"""elgeigk ihdafli"" <elgeigk@gmail.com>"
0fad539b-504b-4664-a4cd-088c3061fd7c,2021-12-13T14:54:10,BRAND1,874.77,bhflihh@yahoo.com
3300186d-c898-4286-8634-b6c65c4945ab,2021-12-13T14:54:10,BRAND1,292.27,giaedbe@live.com
b1074048-0a39-4e8a-ae08-8c07d05613d6,2021-12-13T14:57:30,BRAND1,545.74,ekjibkk@gmail.com
a867396a-0ce2-454b-b3cf-344e781c45e7,2021-12-13T14:58:20,BRAND5,565.34,ahbilbb@appple.com
75dbff83-73ca-4a09-a62d-226dbd7836c0,Mon Dec 13 14:59:10 2021,BRAND1,442.84,"""aajdbcl dfhhljc"" <aajdbcl@gmail.com>"
2663c806-5852-4a27-8c86-3593bdfb59f7,2021-12-13T14:59:10,BRAND2,568.96,lajgikc@gmail.com
8224f06d-3de7-4fed-85cc-992149c4d65e,2021-12-13T15:00:50,BRAND5,359.15,igjiaik@live.com
d226181a-03e3-4363-9d45-5e1419294ddc,2021-12-13T15:01:40,BRAND2,280.00,"""djaejfc kjjjfba"" <djaejfc@gmail.com>"
417c13eb-2024-4918-abfc-3d4597a00cbf,2021-12-13T15:01:40,BRAND4,324.66,iiaiejl@gmail.com
22f67d53-1bb4-4cb6-94cf-96d4619ee205,2021-12-13T15:02:30,BRAND1,513.06,"""bbkajab gldijef"" <bbkajab@yahoo.com>"
fc9c53ea-482f-4298-9576-7cd22274c4eb,2021-12-13T15:05:00,BRAND2,646.83,clkkaih@gmail.com
d149b2a6-0220-4c01-ae96-1b2ab80e28ad,2021-12-13T15:05:00,BRAND2,$980.14,fhhdgkb@appple.com
a7959f07-9170-425e-8b9d-84571f468290,2021-12-13T15:06:40,BRAND1,761.00,jedlegl@gmail.com
db9d4af1-0034-40b1-ab70-2b9a1b767a8b,2021-12-13T15:10:00,BRAND2,202.56,"""agibfcg helfgld"" <agibfcg@gmail.com>"
7199b731-5068-4886-b837-69d3187d2c36,2021-12-13T15:10:00,BRAND2,454.31,"""ahffjdg bhbgcdh"" <ahffjdg@appple.com>"
a80bc432-4147-4b59-98a5-aa861fd0865c,2021-12-13T15:11:40,BRAND2,759.87,"""aggggji efejlkc"" <aggggji@gmail.com>"
79287dad-2fb4-4935-8d59-0fb63ecfe852,2021-12-13T15:11:40,BRAND5,$350.03,dbekhll@gmail.com
b56a7ac0-88ad-40ee-aa85-fa25f8451742,2021-12-13T15:12:30,BRAND2,175.20,"""fejbjli edabeha"" <fejbjli@gmail.com>"
a4d69c36-4b7c-43b8-9406-4840bd4b04fa,2021-12-13T15:12:30,BRAND2,760.39,bjhedii@gmail.com
70e219be-24f7-4a53-b0d1-ffedd4e93691,2021-12-13T15:14:10,BRAND2,895.76,bbjcafi@appple.com
62b80f53-ff42-4fcd-b96d-0f4256de95c6,2021-12-13T15:15:00,BRAND5,578.84,fdjdafj@gmail.com
b380254d-8835-4019-b68f-4757af16f326,2021-12-13T15:15:00,BRAND2,479.13,ihicdce@appple.com
91b791e5-3b82-4bca-8ae0-d5cdf18ff9b8,2021-12-13T15:15:50,BRAND2,898.34,"""jebfejg jiahibk"" <jebfejg@live.com>"
50da5d5d-eced-46ab-ace9-c0bf578a8158,2021-12-13T15:15:50,BRAND2,826.61,ckijgij@gmail.com
d3600d31-779f-400a-9607-21b85979f3ea,2021-12-13T15:16:40,BRAND3,613.94,aieeiia@appple.com
d5396f42-68fa-41e3-976a-69eda9da4622,2021-12-13T15:17:30,BRAND1,11.12,"""gdcadag bjkhila"" <gdcadag@appple.com>"
accb8826-07eb-4a2a-853c-4989eb976480,2021-12-13T15:17:30,BRAND1,884.69,deeljfa@gmail.com
7d96e438-211e-4864-8e7d-a7261904d10e,2021-12-13T15:19:10,BRAND2,899.12,gckkllb@gmail.com
d8efef2d-887a-47a5-8f64-93188b9ae613,Mon Dec 13 15:20:00 2021,BRAND2,858.63,dgfbjkh@hotmail.com
a129be6c-6556-4f54-b1d2-a2f08ac43cd6,2021-12-13T15:20:50,BRAND2,458.17,jalgdac@gmail.com
0693db9a-4580-4712-97f8-da2451769442,2021-12-13T15:21:40,BRAND2,869.41,"""fblghia ffclggi"" <fblghia@live.com>"
b39d6b49-9031-4159-9aa6-68c4ef425d8c,2021-12-13T15:21:40,BRAND2,948.73,kdiefil@gmail.com
22215998-a5e0-4ce5-8780-3e5953a0f287,2021-12-13T15:24:10,BRAND5,29.72,akecedl@gmail.com
0952bd75-485b-4a7a-94b3-059337c8542c,2021-12-13T15:24:10,BRAND2,833.02,kagbald@gmail.com
06f01f86-fd1d-4630-8ec2-5f9276a0387c,2021-12-13T15:26:40,BRAND2,920.31,lcfeclf@gmail.com
14d9f996-f960-4fd1-8002-bf133c1106bf,2021-12-13T15:26:40,BRAND5,502.76,ffghblk@live.com
3d295cb7-28bd-4cf6-8c60-3e4fdd5386e1,2021-12-13T15:27:30,BRAND5,938.55,"""ldaagbb heejbba"" <ldaagbb@live.com>"
5c6d938c-8592-43de-93c8-d1623477ffb0,2021-12-13T15:28:20,BRAND2,156.93,"""djhdeec llcdfha"" <djhdeec@gmail.com>"
88ea0039-788c-48eb-aeb0-36e9db7b227a,2021-12-13T15:28:20,BRAND2,971.10,ebefeab@yahoo.com
c02e8028-d56b-4197-a0c5-5d1cbf324abc,2021-12-13T15:29:10,BRAND2,20.35,akgbeai@gmail.com
2ed4bbb1-5605-4bc0-82cd-38786643ed9c,2021-12-13T15:30:00,BRAND5,422.17,efdkegc@yahoo.com
878620f7-e257-41f0-905a-6fc3f3525702,2021-12-13T15:30:00,BRAND2,325.09,gjicdjf@live.com
0de2eb00-162a-4a24-bdc8-07604e10c397,2021-12-13T15:30:50,BRAND3,350.96,"""ibbbbgl kbhegli"" <ibbbbgl@appple.com>"
8be7295f-247b-449b-99b2-a2390764c0ac,2021-12-13T15:32:30,BRAND5,50.53,kedajbj@gmail.com
7d2a13cd-8c0b-46d1-a791-b2123e881f7e,2021-12-13T15:32:30,BRAND2,884.94,lllhgbg@gmail.com
1f1a8d51-5b8b-49ce-bb71-cdc75bb3750b,2021-12-13T15:34:10,BRAND2,485.28,"""dclflid fjcgbbd"" <dclflid@appple.com>"
5b706d8d-8d3c-4a0e-99e8-dbf580d0b66e,2021-12-13T15:34:10,BRAND1,879.41,"""jkclijc ckhaidj"" <jkclijc@live.com>"
1c99f36b-d31d-44f2-9d76-5d4c4fd1264f,2021-12-13T15:35:00,BRAND2,989.87,chdkjki@gmail.com
5ce6586f-1d7a-40f0-ae8e-cb764b12952d,2021-12-13T15:35:00,BRAND3,980.87,eckkibk@gmail.com
defb4f4b-96af-4b7d-b076-ba4ffe1678e1,2021-12-13T15:36:40,BRAND2,644.58,ggfddlc@gmail.com
add842ef-7cb6-4f04-8b9b-6e027e845a2c,2021-12-13T15:37:30,BRAND2,885.85,"""eekdhjk hjjhieb"" <eekdhjk@gmail.com>"
b0b4328e-b76a-48fe-bf01-8779472f8c34,2021-12-13T15:37:30,BRAND5,936.31,"""eljijbg djelfjk"" <eljijbg@live.com>"
380edee0-5194-4178-a133-67139af3f25f,2021-12-13T15:38:20,BRAND5,812.70,"""beiblfh diibaae"" <beiblfh@appple.com>"
d57cb14c-b037-4e30-b868-7972b8cf755b,2021-12-13T15:38:20,BRAND2,602.65,daelggb@gmail.com
7b6a4c84-fbee-4fcb-a5a9-f77dadf0ed4a,2021-12-13T15:39:10,BRAND2,840.34,ekdbcib@gmail.com
bf5ca83e-8104-4e3a-9d29-d35d77651811,2021-12-13T15:40:50,BRAND5,978.65,fihfddk@gmail.com
e0a56962-21d1-42d8-aabf-175f48b646fb,2021-12-13T15:43:20,BRAND5,436.88,fejaagf@gmail.com
76962785-ab1e-4e62-9957-a8e8f3c5e73d,2021-12-13T15:43:20,BRAND5,605.53,"""hhjgche lagbdig"" <hhjgche@hotmail.com>"
7f493f9a-67f7-47b2-badd-a889e6b486fa,Mon Dec 13 15:44:10 2021,BRAND5,9.32,ahjdleg@appple.com
5dc0825d-03a0-4444-b58b-dde0e388b061,2021-12-13T15:44:10,BRAND2,802.79,igilihf@appple.com
703652ff-0369-48b1-83d6-24c0e0f5153f,2021-12-13T15:45:00,BRAND4,110.18,lecklhh@appple.com
d74bb2e2-20e4-45fd-9c32-a93f8541ccb3,2021-12-13T15:45:00,BRAND2,711.45,cjjcjac@gmail.com
33178c99-eccc-4d98-9ed4-3de51736551b,2021-12-13T15:46:40,BRAND2,427.05,jkcdhki@gmail.com
920ffc1d-5b82-40f9-b5f9-624f48f12d0c,Mon Dec 13 15:48:20 2021,BRAND2,820.90,jjcllda@gmail.com
fbe19d44-22dd-4bff-b8d7-8ee7b794bd03,2021-12-13T15:48:20,BRAND1,740.72,"""hhiabkg cafhfbb"" <hhiabkg@gmail.com>"
df5089c1-2f30-42b8-a4fb-1f12c4ba9cfd,2021-12-13T15:51:40,BRAND2,$989.80,"""fckkabe fbkddbc"" <fckkabe@gmail.com>"
735b38b0-a42b-4761-93dc-6065ce9499d5,2021-12-13T15:51:40,BRAND1,477.55,iiljfeg@live.com
36bc555f-1dcd-4a74-af74-162fa1e80b52,2021-12-13T15:53:20,BRAND5,579.24,eibachb@gmail.com
90b29812-b848-4482-99da-88cb183594c1,2021-12-13T15:53:20,BRAND2,12.49,"""ldbghig beadijg"" <ldbghig@appple.com>"
6b4e37f1-1a00-4a36-8466-5535aa70c705,2021-12-13T15:54:10,BRAND2,658.39,"""dheaeke fblcihc"" <dheaeke@appple.com>"
2f265346-4dfd-4018-adf8-f19facdf4649,2021-12-13T15:54:10,BRAND3,288.57,hagkkkd@appple.com
beaf6ccb-c36a-4f5b-984b-cf936e353ead,2021-12-13T15:55:50,BRAND2,762.68,jceckfd@live.com
6186a3cb-e244-4c53-bf84-ef87f8fe71ec,2021-12-13T15:55:50,BRAND2,480.78,giiihhk@live.com
4579fe02-1810-41c6-ab69-fb485d8c03ca,2021-12-13T15:57:30,BRAND2,452.36,"""kelfjfd jjhgkkb"" <kelfjfd@gmail.com>"
1326252d-a87c-485e-89b2-4a59eb934d0a,2021-12-13T15:57:30,BRAND5,970.43,"""khahggd blkadfe"" <khahggd@gmail.com>"
72dad53e-a76b-4ce2-b0a4-392ccad5de3a,2021-12-13T16:00:00,BRAND2,717.78,"""cibbhaf eckfbfa"" <cibbhaf@live.com>"
c080f4b9-5833-463c-9f15-3169acfdf4a5,2021-12-13T16:02:30,BRAND5,275.61,"""hfidhla bhdaldj"" <hfidhla@yahoo.com>"
474f8d0c-ea44-44cd-b3b4-2a8fc9bac0ca,2021-12-13T16:02:30,BRAND5,20.58,jecbhfg@gmail.com
4d52f53c-1e90-432d-840b-c3cc0811b41e,2021-12-13T16:04:10,BRAND2,755.94,dijlbdi@live.com
d6c099d1-ef77-4bd1-af94-2d69c012e3d5,2021-12-13T16:04:10,BRAND5,393.35,fbcleha@gmail.com
3259a170-f163-4fe9-ae08-29fc39145543,2021-12-13T16:05:00,BRAND5,954.75,"""ajeckli cdkffag"" <ajeckli@gmail.com>"
a6b0f861-0606-4951-af87-244aa138bc60,2021-12-13T16:05:00,BRAND2,271.89,"""cbdlelj gldlkkg"" <cbdlelj@gmail.com>"
cd6dbade-36fa-4218-a090-cf4df20841a4,2021-12-13T16:05:50,BRAND2,402.78,"""kjallci cjlcabj"" <kjallci@gmail.com>"
c9364e73-8615-43c2-b3a0-18c4d654d352,2021-12-13T16:05:50,BRAND2,647.56,blddhij@live.com
fc93b69e-466a-4e0b-9c66-08b700b3cf1e,2021-12-13T16:06:40,BRAND2,102.98,"""hfjjgad ghbcflk"" <hfjjgad@gmail.com>"
f065679b-0a04-42ee-9bbc-db64cf081aa9,2021-12-13T16:06:40,BRAND2,796.51,"""kealajg dbbhikf"" <kealajg@appple.com>"
1bead9a3-d2e3-46e6-8f90-885750ff215a,2021-12-13T16:07:30,BRAND3,24.48,jgiakhd@appple.com
ff8960c4-8dbb-4fbe-9dbb-869fadb92694,2021-12-13T16:07:30,BRAND2,247.12,jfkljhg@gmail.com
34913448-719e-4ca4-8d74-cbcfeb707c17,2021-12-13T16:09:10,BRAND1,699.39,lhejcch@appple.com
8dabba1b-e353-4415-8864-5801b9c18b31,2021-12-13T16:10:00,BRAND2,921.78,fihjjjl@gmail.com
dd8f12d5-7504-4f75-aef4-02640b0853f6,2021-12-13T16:10:50,BRAND5,860.03,edebffj@live.com
77e2d188-6f92-428a-8203-9712b9d45333,2021-12-13T16:11:40,BRAND2,192.93,ajglkik@gmail.com
8cb5d9b5-4631-4774-9d32-015fc608fd3e,2021-12-13T16:12:30,BRAND5,426.10,kchibkg@appple.com
5d91212a-ddf8-40e0-8d1d-a8510751d8ea,2021-12-13T16:13:20,BRAND4,904.74,"""lgecelk ccgdgkh"" <lgecelk@live.com>"
a78cf554-cae4-4541-bbb1-4bcf52cc03da,2021-12-13T16:14:10,BRAND2,24.30,"""jifdhag gdabbgl"" <jifdhag@appple.com>"
1b7cf6d6-3cb2-4ff3-8726-f25e66daa93f,2021-12-13T16:14:10,BRAND5,664.11,cjcfhkh@appple.com
561b2716-192e-48a3-9823-189c9566bc68,2021-12-13T16:16:40,BRAND5,290.06,abfdegi@gmail.com
db7caaa8-4241-4cb7-9829-c1974a4406b9,2021-12-13T16:16:40,BRAND2,271.62,cedfkdb@live.com
f7f20c41-fd13-4d74-b090-4e0684a29876,Mon Dec 13 16:17:30 2021,BRAND1,99.95,"""ldchcgg lejfhfk"" <ldchcgg@gmail.com>"
3999130f-2219-4e86-8877-9d315ec17b0e,2021-12-13T16:17:30,BRAND3,342.86,"""acaedbh jedafca"" <acaedbh@gmail.com>"
c2559765-a727-4571-b70a-46077651eca0,2021-12-13T16:19:10,BRAND2,607.21,"""ebkbcjj khdcfcj"" <ebkbcjj@gmail.com>"
fe07ae57-98ea-43f9-bbdd-80370ee9b05a,2021-12-13T16:20:00,BRAND2,$127.49,"""cbccfhg jdgdiic"" <cbccfhg@appple.com>"
beb07009-6a38-4d41-8274-f50860917364,2021-12-13T16:20:50,BRAND5,27.95,igjfffi@appple.com
309807ad-38e5-4fe3-bd1d-bc65e02e03a5,2021-12-13T16:22:30,BRAND4,815.47,"""flbeegl jbfgfbg"" <flbeegl@gmail.com>"
b49926e8-89bb-4ed3-bcaa-3b7625768976,2021-12-13T16:23:20,BRAND5,213.42,"""aebdbbk cahkffh"" <aebdbbk@appple.com>"
97e7ffa8-3eaf-426f-acd9-88bfb7d7e46e,2021-12-13T16:24:10,BRAND2,309.92,"""bgghjge dafijaa"" <bgghjge@gmail.com>"
3aebedae-240c-4515-87a1-47b8f10ca18c,2021-12-13T16:25:50,BRAND2,172.05,"""gjekfee kkeegge"" <gjekfee@yahoo.com>"
2a20df62-c25f-4a96-bbc9-f3e3d8ecda98,2021-12-13T16:26:40,BRAND5,383.13,albdige@appple.com
7738d0ae-9773-4ab7-b8e3-a9c2e25d22ac,2021-12-13T16:26:40,BRAND4,558.22,"""bkbjggk hheeagl"" <bkbjggk@gmail.com>"
61ef819e-36c4-4785-8ae5-a970ed071335,2021-12-13T16:27:30,BRAND2,687.67,"""agdfdkg djjejkj"" <agdfdkg@gmail.com>"
7ff25e67-a5e7-43c1-bb66-227bad1fef1e,2021-12-13T16:27:30,BRAND2,793.83,dkjjjfd@gmail.com
8ce46b6e-0cd2-498c-8031-6d5b03417163,2021-12-13T16:29:10,BRAND1,540.22,aedehbh@appple.com
e5c3560e-672d-49c1-813d-34832a824445,2021-12-13T16:30:00,BRAND5,178.77,"""cfjhjhi jjdefek"" <cfjhjhi@gmail.com>"
47b8f9c8-0c0e-4c1b-87a8-d65baea1dcae,2021-12-13T16:30:00,BRAND5,480.68,"""cdhcedi bhldlcc"" <cdhcedi@live.com>"
76307633-ecc3-462e-b4db-034fd7f63cd9,2021-12-13T16:30:50,BRAND5,153.25,"""dakahfg llifahe"" <dakahfg@gmail.com>"
76586a90-6a33-4999-a2bb-e1d50368e62e,2021-12-13T16:30:50,BRAND5,332.67,bkciljl@gmail.com
689eef66-5adb-48cf-9fb6-8e3df11483eb,2021-12-13T16:31:40,BRAND3,14.09,defghae@gmail.com
46ce1644-ddb0-4f57-b304-4624ae341339,2021-12-13T16:31:40,BRAND5,810.34,fcfhkid@appple.com
1baae91c-df1c-49ae-8182-e861486688cf,2021-12-13T16:32:30,BRAND5,860.04,kbadakk@live.com
9107822f-c6c0-42cc-893e-7783051f18f5,2021-12-13T16:32:30,BRAND2,531.34,"""jhfebgf hghegbl"" <jhfebgf@gmail.com>"
35e122cf-0de8-4ae6-bb8c-e2cfe25ce5e7,2021-12-13T16:33:20,BRAND3,588.37,kjiielb@appple.com
d6d053a0-7d39-41ed-af6e-63d19ad2a499,2021-12-13T16:33:20,BRAND1,886.44,gfaeggg@appple.com
4daeeecb-74c0-47c7-913b-1601decb6626,2021-12-13T16:34:10,BRAND2,732.38,"""ifefllf jbhkbkd"" <ifefllf@gmail.com>"
3009fd59-eb24-427f-9eda-0e01cec48034,2021-12-13T16:35:50,BRAND1,602.26,dcdbcfh@appple.com
81a7d9c6-26c8-4eda-ab82-65e1b87d14a8,2021-12-13T16:35:50,BRAND2,818.83,gidaiid@gmail.com
9342b981-1259-49c0-92db-92bb9a69c6d8,2021-12-13T16:36:40,BRAND2,159.19,bfcjieb@live.com
cbf4129b-b33d-4292-9c68-aaeded82c0b9,2021-12-13T16:37:30,BRAND1,24.10,ieflkgd@gmail.com
1cd9c650-aa76-47d6-ac83-c494d778ebdf,2021-12-13T16:37:30,BRAND2,2.19,flfkila@appple.com
e00cb924-70e4-4aff-9c20-34f1e2a9915c,2021-12-13T16:39:10,BRAND5,884.61,"""aabhcfi afejlek"" <aabhcfi@gmail.com>"
8cf62de3-4ca8-4eee-9ef9-aaf69a93dd8c,2021-12-13T16:39:10,BRAND1,688.28,gikhkif@live.com
fe4906ff-a57a-4cfa-bf40-640687b286e4,2021-12-13T16:40:00,BRAND5,469.71,dlflhbg@gmail.com
6ba06ebd-b7ad-4d79-af7c-59a2e72d3d1a,2021-12-13T16:40:00,BRAND5,786.49,"""ighlfbj ldflfbh"" <ighlfbj@gmail.com>"
e8446931-9fbb-4b89-ba25-9e37ba31749a,2021-12-13T16:40:50,BRAND2,930.73,kieidii@gmail.com
eb82776b-6817-440e-9d16-166f208d0c14,2021-12-13T16:41:40,BRAND5,933.10,fhieich@gmail.com
709214fc-3a4b-48cd-be56-c1acfbae21ec,2021-12-13T16:42:30,BRAND2,405.66,ieffdak@gmail.com
7d6abe41-1c36-4c9a-97b2-de2c69b0229e,2021-12-13T16:42:30,BRAND1,608.14,hakbadc@gmail.com
bc3b1e49-7555-4077-a4ec-01bee1049a4d,2021-12-13T16:43:20,BRAND3,799.86,dhhhcge@gmail.com
1bbfd209-8403-4907-a724-1d0765c494b7,2021-12-13T16:43:20,BRAND2,890.37,ccldabl@gmail.com
15b9f032-63f7-48ef-a9e8-bb7128795cf4,2021-12-13T16:44:10,BRAND2,937.83,glkedfe@hotmail.com
ef404bf5-1bbf-4c9e-9394-f8d589ae4ca5,2021-12-13T16:45:50,BRAND2,957.24,hjhkbab@appple.com
5707594c-856a-480d-ba27-ec8ccd3e584f,2021-12-13T16:45:50,BRAND2,437.98,abckkcd@live.com
121e00ca-408c-4331-aadc-618011e586bc,2021-12-13T16:46:40,BRAND5,733.45,hhihhdb@live.com
e16877f9-7add-4a17-a32f-f75c612f0b1f,2021-12-13T16:46:40,BRAND2,332.80,cjchhka@gmail.com
d7a6b745-c627-4bc9-a273-e957866e57f4,2021-12-13T16:47:30,BRAND5,579.48,"""flfjagl hacjjie"" <flfjagl@appple.com>"
48c2a1ce-4b06-4e7c-8669-ebbf88ef68ac,2021-12-13T16:50:00,BRAND1,233.72,clajjdf@appple.com
e0babfa2-1294-4b28-861e-8e26f3bffab5,2021-12-13T16:51:40,BRAND5,883.58,dehfffi@gmail.com
f079290b-8649-4c7d-b2d5-c6050bccb115,2021-12-13T16:51:40,BRAND1,509.59,eefbdlk@yahoo.com
b9d460e9-0b5e-4f0e-be74-6a8cfbcdada6,2021-12-13T16:52:30,BRAND1,$843.87,fifadaf@appple.com
070e4897-6349-4814-8dc4-7fc16ed83fee,2021-12-13T16:54:10,BRAND2,29.19,jcldhgh@gmail.com
42e58f38-b62a-4d17-82f3-00276bd78ba9,2021-12-13T16:55:00,BRAND2,355.37,hlelaae@appple.com
88fec4eb-ee3e-464a-bda1-91df29afb9c6,2021-12-13T16:56:40,BRAND2,248.24,hcfhlhe@hotmail.com
a57f5669-5ea5-459e-8a32-ebb641177998,2021-12-13T16:57:30,BRAND2,614.95,dikcehb@gmail.com
1c58c5af-f484-4969-9644-8c5163b25b72,2021-12-13T16:57:30,BRAND2,388.49,bkehlce@gmail.com
322eed6f-ef87-4135-abc2-daffbd332031,2021-12-13T17:00:00,BRAND2,822.80,chfaeii@appple.com
b929789e-227c-4242-95de-cdf21d0a6f88,2021-12-13T17:00:00,BRAND1,442.39,hejbdba@gmail.com
42a4d1bf-1a40-4a6b-9d14-84db2b4d2723,2021-12-13T17:01:40,BRAND5,290.08,hedkbhg@live.com
0baebe03-a662-4ce3-aa7a-c7c5003efa56,Mon Dec 13 17:01:40 2021,BRAND2,705.51,"""kbchhlk iedbckf"" <kbchhlk@hotmail.com>"
01e7e79a-1b9f-44cc-aca9-8e52493a3a3a,2021-12-13T17:02:30,BRAND2,0.47,"""dhfjcba lceflhg"" <dhfjcba@gmail.com>"
fa52938a-cfc8-4282-bf42-834d532791f4,2021-12-13T17:02:30,BRAND2,192.83,cghjlkd@gmail.com
7c0b890f-2096-4f98-be1a-6303b3584176,2021-12-13T17:05:00,BRAND5,612.41,"""hhhbaic khgcalf"" <hhhbaic@hotmail.com>"
4b804f21-d078-45a8-8575-bc45564c0494,2021-12-13T17:05:00,BRAND5,114.23,lefbejf@gmail.com
9a82a660-8e37-4997-8226-540c5ea63d42,2021-12-13T17:05:50,BRAND5,603.65,"""fgblkhb dfhcjkj"" <fgblkhb@gmail.com>"
48759c32-6ce2-4905-919e-d3fb03aad65c,2021-12-13T17:05:50,BRAND5,460.56,bfalacj@gmail.com
4b17016e-c8b9-4760-82d8-f3489427c0b4,2021-12-13T17:06:40,BRAND2,382.71,"""kjlhglk hcjaelb"" <kjlhglk@gmail.com>"
8f97f32d-fdd0-4c9b-bab1-66fb944569c4,2021-12-13T17:06:40,BRAND1,788.22,dgciaag@hotmail.com
13e86c5e-6488-465f-bcbf-c35d2aa57087,2021-12-13T17:07:30,BRAND2,165.16,giighlh@appple.com
c2442416-2ff2-4c98-9d6e-b9b949aee9dd,2021-12-13T17:08:20,BRAND2,766.25,"""eiclaaj gcllhdk"" <eiclaaj@gmail.com>"
ef9c698e-3b8e-49ef-954c-f66321690d0f,2021-12-13T17:08:20,BRAND2,543.68,"""bjejdjf hdkgfbb"" <bjejdjf@yahoo.com>"
3d30d290-54f8-4146-b69f-c837df9870ea,2021-12-13T17:10:00,BRAND2,865.69,"""jgjhlea lbclgeh"" <jgjhlea@yahoo.com>"
3417af6f-fb7f-431e-adb4-7bb9c4393d17,2021-12-13T17:10:00,BRAND2,974.48,"""dhdkekb deihagh"" <dhdkekb@appple.com>"
4e62ce5b-a6e3-4318-ac03-a049e714f1e7,2021-12-13T17:11:40,BRAND1,363.29,bffjchg@appple.com
97a64f05-e9f1-4b88-8368-015fef5b8196,2021-12-13T17:12:30,BRAND1,944.68,hcfdcik@appple.com
bdd33a73-6f28-48bd-b0cf-317259d14726,2021-12-13T17:14:10,BRAND1,814.57,cefbakj@yahoo.com
1c3db6a7-5b58-4ca6-aae9-f166dcc3c52c,2021-12-13T17:14:10,BRAND5,417.06,ckgecda@gmail.com
7a956df6-7c2d-41f6-b5d1-8a62fa06f33b,2021-12-13T17:15:50,BRAND2,176.12,gjkbfee@gmail.com
22e80840-a820-476e-8f33-0ff3ff02a24d,Mon Dec 13 17:15:50 2021,BRAND2,475.57,dekhgec@live.com
f01dadc7-4a85-49fd-bb90-f94cc2de5a72,2021-12-13T17:16:40,BRAND5,472.67,"""eiaflif caeabej"" <eiaflif@gmail.com>"
348f854f-2c0e-4943-81bd-c0350a25c5f3,2021-12-13T17:17:30,BRAND2,5.02,"""hgbchdd ibiaihk"" <hgbchdd@appple.com>"
384e7251-d49f-4300-a78b-feab6d52af9e,Mon Dec 13 17:19:10 2021,BRAND5,35.61,llabckb@yahoo.com
86247c53-0eb9-401b-9b6e-66e04c844cef,2021-12-13T17:19:10,BRAND5,994.93,dbcbjef@appple.com
c8b61873-cba6-4117-9585-f12ef95eef14,2021-12-13T17:20:00,BRAND1,130.27,heljbgj@hotmail.com
f7745316-10e0-4ed6-916e-144f33638f7e,2021-12-13T17:20:00,BRAND1,829.18,"""hcbailh chaiigc"" <hcbailh@appple.com>"
33cae7ea-e2e6-4eff-849c-19fd6e0182d4,2021-12-13T17:20:50,BRAND3,344.56,"""idcccce ffcbgle"" <idcccce@gmail.com>"
492fc88d-3945-4a61-bf1e-5aa410607728,2021-12-13T17:20:50,BRAND5,979.43,eaaieee@appple.com
1c3d663c-a2f2-4b7f-a792-713836e96400,2021-12-13T17:22:30,BRAND1,677.14,"""aablcea gclbgag"" <aablcea@appple.com>"
73a0b911-93e0-47dd-9101-4bd6f943b4b3,2021-12-13T17:22:30,BRAND2,308.78,"""feahflb cbdgkae"" <feahflb@live.com>"
b3e9410f-370b-4d0c-b7a1-1f3e7f6a21e0,2021-12-13T17:25:00,BRAND2,128.95,jhecilj@appple.com
fca9505a-4471-41b3-b3c6-13b4e31881f9,2021-12-13T17:25:00,BRAND5,577.51,ifagehe@yahoo.com
1237c14a-c721-4607-bd53-f8ad52bdc4ec,2021-12-13T17:25:50,BRAND1,190.75,eghehji@yahoo.com
75f05a4c-a71a-4916-9abe-924095f4c368,2021-12-13T17:26:40,BRAND5,736.58,heghiai@appple.com
bde29148-ec83-4f47-8ab8-bd2db63fb5e4,2021-12-13T17:26:40,BRAND1,401.82,"""ifdickd djbglfg"" <ifdickd@gmail.com>"
22992f04-1c35-4203-a7a4-54830dd4935c,2021-12-13T17:28:20,BRAND3,529.43,"""licaahe lacaikb"" <licaahe@hotmail.com>"
bfa66566-45ea-42e6-972c-9ebf5f107bc5,2021-12-13T17:28:20,BRAND2,728.33,lldigfj@appple.com
b16f5a4f-1d87-461f-9c60-adb91db599c4,Mon Dec 13 17:30:00 2021,BRAND1,135.55,lfffieg@gmail.com
7089b00b-fd4c-422f-9be1-2edae7847737,2021-12-13T17:30:00,BRAND1,263.30,bedkgjf@gmail.com
6c8c6611-f7f5-425d-b8bb-f6ed43fac663,2021-12-13T17:30:50,BRAND2,444.34,bejdekg@gmail.com
5b6e016f-2eb1-43e2-a57f-a01477b4d4e3,2021-12-13T17:30:50,BRAND1,748.39,faldddk@live.com
24472eb5-6b17-4702-b5ec-1a2719795b3a,2021-12-13T17:31:40,BRAND1,301.40,bdelhde@yahoo.com
5df2b3d3-8031-489d-ae8a-daaaa0d22cbb,2021-12-13T17:32:30,BRAND2,994.69,"""cfjafjf bacgcjb"" <cfjafjf@gmail.com>"
3d1381a9-d39f-4760-85a3-dd16c1b6fbbe,2021-12-13T17:33:20,BRAND4,765.87,lffcgbj@yahoo.com
18b71630-579b-4035-a788-ffdfd8addfbe,2021-12-13T17:33:20,BRAND2,33.63,"""lkklfci kdeagjc"" <lkklfci@gmail.com>"
d73b385a-edf8-4104-93b3-145f18365f35,2021-12-13T17:35:50,BRAND1,113.18,"""fceedki bbfihdg"" <fceedki@appple.com>"
edcb444d-2d7e-4efb-9d03-45f3e7209d0b,2021-12-13T17:35:50,BRAND2,728.99,dlcfghi@gmail.com
d0bb9878-978b-48f1-99be-6787cd15b0eb,2021-12-13T17:36:40,BRAND2,161.57,hbblblf@live.com
b8983a92-c251-4445-94fc-22ee49d62313,2021-12-13T17:36:40,BRAND1,158.34,"""adfeecj kjlkijk"" <adfeecj@appple.com>"
d952b694-6af0-4f88-947d-6ff07f0483fa,2021-12-13T17:38:20,BRAND2,652.94,cllckdd@appple.com
88e1d180-e874-41fa-9174-b3321111f8bf,2021-12-13T17:40:50,BRAND2,916.43,"""bacjgib clahefe"" <bacjgib@gmail.com>"
ae208b77-4db9-41f8-9397-36749ecd4e16,2021-12-13T17:43:20,BRAND2,751.29,"""gldkkjb kjejcel"" <gldkkjb@gmail.com>"
ff61bc05-b504-48bb-b08e-9a865028ad26,2021-12-13T17:44:10,BRAND2,302.95,"""aaldgjh ehbhbkh"" <aaldgjh@live.com>"
48ccca5d-c02c-4b7a-896a-e31c6a3588da,2021-12-13T17:44:10,BRAND5,648.23,"""ljhdgcl bhebicc"" <ljhdgcl@gmail.com>"
43822c51-b050-49eb-ba8c-ac517ad58ab3,2021-12-13T17:45:00,BRAND5,123.97,"""bgchada bjablgb"" <bgchada@gmail.com>"
f6e3b28c-63b2-4fd9-8a27-c1504b937d36,Mon Dec 13 17:45:50 2021,BRAND5,934.54,khjeafi@appple.com
358c04c9-ecca-4751-ab0f-00a4ce6511ed,2021-12-13T17:45:50,BRAND5,24.88,fffhble@gmail.com
4046e816-b070-4695-a06e-010aea0b9cb1,2021-12-13T17:46:40,BRAND5,574.42,bhcddda@gmail.com
b2a73329-20ba-4199-8d57-328ed23d2ff0,2021-12-13T17:46:40,BRAND2,128.98,ligkidh@live.com
174ff1d5-aae8-47e1-9d16-420d314261e1,2021-12-13T17:47:30,BRAND1,381.42,"""ikebkak fhcefhk"" <ikebkak@gmail.com>"
9e9b0dc9-1212-4c67-b316-3799e69fd90e,2021-12-13T17:48:20,BRAND2,389.35,fgaablf@gmail.com
6fb454d6-3576-4bb9-a572-6fa713628d78,2021-12-13T17:50:00,BRAND5,521.22,ghegebk@live.com
8c2824d9-42a9-4658-af40-5658f81b3a47,2021-12-13T17:52:30,BRAND4,760.44,eeebbdb@appple.com
a0b3ca8f-cd7e-4bdb-9c1d-eda63bbd9ffd,2021-12-13T17:52:30,BRAND2,338.65,dalccbd@appple.com
5daa2dc4-8772-40ab-b3dc-d45c32bfabeb,2021-12-13T17:54:10,BRAND1,622.12,klcbihf@live.com
1eb96c47-fc37-42f6-a24a-2f5ebfdac299,2021-12-13T17:54:10,BRAND2,353.41,ejgecld@gmail.com
1e895668-5e7b-41c2-aba2-0b3d8c780bac,2021-12-13T17:55:50,BRAND2,752.03,chkchfa@gmail.com
c4dca2ac-1f8f-4e72-8aee-2457562a28cb,2021-12-13T17:55:50,BRAND3,449.60,hdifkhc@gmail.com
3bec70a6-c148-4d38-8c0b-5f657988d9e5,2021-12-13T17:56:40,BRAND1,897.58,ihbbaae@appple.com
efe01ee1-e206-448e-b204-5cb4b70b51f4,2021-12-13T17:57:30,BRAND2,174.80,"""fabbdha gajajie"" <fabbdha@gmail.com>"
1653285b-bf9e-4aaa-9c74-797d50cea8c9,2021-12-13T17:57:30,BRAND2,808.14,"""lcgcbkb lkkhjig"" <lcgcbkb@appple.com>"
15c64a1d-8154-4e86-9b3d-1c8f3762fbe3,2021-12-13T17:58:20,BRAND2,377.09,ghgcbia@appple.com
c37e6ca2-bd02-42be-a0bd-f78325fb2b11,2021-12-13T17:58:20,BRAND4,498.01,jgiakkb@gmail.com
a1cff67d-88fb-4f8c-932b-8a8d87d42fa7,2021-12-13T17:59:10,BRAND3,265.03,"""klflilh feajkla"" <klflilh@gmail.com>"
556e0027-8cd2-4378-8f1b-7d53d2350ef6,2021-12-13T18:00:00,BRAND5,$238.13,lgkfdde@gmail.com
3f2fd587-948d-49bc-8d08-abff3057328a,Mon Dec 13 18:00:00 2021,BRAND1,40.98,cjbelgg@gmail.com
23f8cca7-4be7-47dc-bf6b-6b64a542b07c,2021-12-13T18:00:50,BRAND2,904.65,ceileha@gmail.com
b1789245-b589-45d7-9ae0-454e0266437d,2021-12-13T18:01:40,BRAND2,992.61,"""glccfig cliacde"" <glccfig@gmail.com>"
716ffe76-a46a-482e-a379-c2449d7e7c0a,2021-12-13T18:02:30,BRAND2,288.32,lkfdelk@live.com
194b7571-9826-4466-926c-81a34b8e4df8,2021-12-13T18:02:30,BRAND1,754.20,"""ejdakdd djggbkc"" <ejdakdd@gmail.com>"
3cdd444b-0c44-4dfb-9481-a7be1bf10c70,2021-12-13T18:03:20,BRAND4,686.49,hjhkibk@gmail.com
afe3bd44-a748-4aa3-afab-624297ee5a83,2021-12-13T18:04:10,BRAND1,855.32,ahfkcaj@yahoo.com
7fa3815c-bfe1-4258-baab-2947404acf93,2021-12-13T18:05:00,BRAND5,725.99,fbkcdad@gmail.com
973afb5b-2dfb-4079-bcd3-48140b88ea27,2021-12-13T18:05:50,BRAND1,582.93,eglfhac@gmail.com
ec68ec9f-a42b-45fc-b9a8-8b249ae9f367,Mon Dec 13 18:06:40 2021,BRAND2,456.37,"""glfhebd ecjgcjg"" <glfhebd@appple.com>"
6996c075-50b3-4735-9f74-f3fa66dc60fa,2021-12-13T18:07:30,BRAND2,202.16,"""laabghd bfficih"" <laabghd@gmail.com>"
00584a5f-904a-4d62-bc07-12a3d9d7aa4f,2021-12-13T18:09:10,BRAND1,842.12,ifcfecb@live.com
73de167e-f984-4039-b2c6-ab6bf16b80a7,2021-12-13T18:10:00,BRAND5,728.89,"""ehgfekb djiafjc"" <ehgfekb@live.com>"
d1332293-e265-44ae-82f7-4e99ecc86f0d,2021-12-13T18:10:00,BRAND5,629.20,"""kbcajlf kcdleej"" <kbcajlf@yahoo.com>"
a7a6fece-a063-4a46-b2c9-f3e91dfcd53a,2021-12-13T18:10:50,BRAND2,744.38,ajjageg@gmail.com
72b038e2-63cd-453e-b3ef-de3752c2aaab,2021-12-13T18:11:40,BRAND2,171.19,"""edlbhak cckaili"" <edlbhak@gmail.com>"
5133e4f9-17c0-4a6b-90c3-a4a83ceda4f3,2021-12-13T18:12:30,BRAND2,993.49,clkdkkb@appple.com
a19d6005-ae5e-4fda-b01d-b16ce6fea138,2021-12-13T18:12:30,BRAND2,930.65,dfjblbk@gmail.com
eab6db0d-6888-4c43-9827-e222a45a3a1a,2021-12-13T18:13:20,BRAND3,227.89,fbhhlbb@live.com
8619fb84-adb0-46b0-bda7-4470a33aafbb,2021-12-13T18:13:20,BRAND1,735.18,ialgefd@appple.com
3f96a2b4-4062-4082-916c-553be8f41d66,2021-12-13T18:15:00,BRAND2,189.20,"""ddllckj glljkgc"" <ddllckj@gmail.com>"
ca8c78f3-c926-45cc-a4a0-e5be5cfda6a0,2021-12-13T18:16:40,BRAND5,$761.93,"""dlihffk ajcgefd"" <dlihffk@gmail.com>"
8432ebbb-96b1-4372-9d60-ad81d0fcf203,2021-12-13T18:16:40,BRAND2,579.95,bhfgcdb@gmail.com
83c8bfe5-38a1-49ce-93e5-04e8b9f911a3,2021-12-13T18:17:30,BRAND5,920.31,bejfggc@live.com
7015706e-ee7f-412e-9e6b-6cf79f3a3e8d,2021-12-13T18:18:20,BRAND5,729.98,"""kleefcg kkifgfg"" <kleefcg@appple.com>"
bde18ef0-0911-46ae-ac9b-e6421807277f,2021-12-13T18:19:10,BRAND2,738.43,"""gbjadbh eeedbjh"" <gbjadbh@live.com>"
9dab6623-9e00-49fc-9b54-4dab5e3655f8,2021-12-13T18:21:40,BRAND2,$534.70,fibjilg@live.com
fc713b6c-c245-4bbe-a158-c6a3413db77a,2021-12-13T18:21:40,BRAND2,248.15,"""ejjlecl cklklea"" <ejjlecl@gmail.com>"
b525697b-7b30-4fa5-b505-6386644111cb,2021-12-13T18:25:50,BRAND4,800.52,"""fackbfb ekjgekf"" <fackbfb@gmail.com>"
4f2974db-676f-449c-8ec0-660660993007,2021-12-13T18:25:50,BRAND2,13.97,glheibi@gmail.com
ac289b13-8d38-44d5-a8b3-5e0d7d523f96,2021-12-13T18:27:30,BRAND5,956.79,klahgla@gmail.com
1eb66bfe-91a8-4b8a-983e-0b860e389865,2021-12-13T18:27:30,BRAND2,588.73,ifbdjgf@gmail.com
a1b373b7-6064-4147-9bb9-d9302c7bf06b,2021-12-13T18:28:20,BRAND2,891.85,"""hdjkdgb hfcddib"" <hdjkdgb@appple.com>"
1e48e651-da11-455e-bfa9-1dc4876bc297,2021-12-13T18:30:00,BRAND4,624.91,gjflgjf@yahoo.com
1b3de84e-45aa-4aac-b64f-b5d3d43241d5,2021-12-13T18:30:50,BRAND2,336.78,kaaeihk@gmail.com
47fbaf96-d343-4a24-93ee-de7dfc353ccd,2021-12-13T18:31:40,BRAND2,675.21,bbkjlhf@gmail.com
91322f1c-3113-4b2e-920e-d75a5b11fb74,2021-12-13T18:32:30,BRAND1,389.44,"""ijlbjel lickjkf"" <ijlbjel@gmail.com>"
6ed05863-5c7b-419f-ae43-b1397503d9aa,Mon Dec 13 18:33:20 2021,BRAND5,686.49,"""hbibbjl fileall"" <hbibbjl@gmail.com>"
e0a1db89-0128-40d6-ac49-5d13efb8c62d,2021-12-13T18:33:20,BRAND1,341.50,gkfdffd@appple.com
49013b71-39e5-4299-bcf8-3cea04ee9d8b,2021-12-13T18:34:10,BRAND2,166.84,fglfdjk@gmail.com
189dbb93-ed37-4d99-a5a7-1671ee19e5cc,2021-12-13T18:35:50,BRAND1,467.51,ekahblk@gmail.com
e6064c24-e7bb-42ee-849e-cb3ab66a3ee2,2021-12-13T18:35:50,BRAND5,446.66,kbcafeb@gmail.com
0c891c7c-fff1-48c4-bf54-a752d41d7773,2021-12-13T18:36:40,BRAND2,264.25,lahlieh@appple.com
b136013a-48b8-438d-a3f1-d4920e89bba7,2021-12-13T18:39:10,BRAND2,416.67,bchjiga@live.com
853d5fbf-5f93-482c-a85d-ddb1f24a71d7,2021-12-13T18:40:50,BRAND5,826.51,kakkcca@live.com
c9f0887b-26ed-468b-9d01-27a18cf50b13,2021-12-13T18:41:40,BRAND3,707.27,jlchiah@gmail.com
ec55b14d-83f2-4e27-9c87-7d9c547f241a,2021-12-13T18:42:30,BRAND2,$3.78,ahjehge@gmail.com
94bea3af-d2fb-4ce8-8305-df6472d92eb2,2021-12-13T18:42:30,BRAND2,206.65,ceigajg@live.com
f4491bac-2c20-4872-9974-161ceed4c809,2021-12-13T18:43:20,BRAND5,839.09,"""ekckghb ibalfbk"" <ekckghb@appple.com>"
3e72a59a-be86-4fb3-b552-d3cae02a5cb5,2021-12-13T18:44:10,BRAND5,872.60,bakkegf@appple.com
d2188270-a72e-49da-9a66-effa04d8a1db,2021-12-13T18:45:00,BRAND2,641.78,"""afciijc jklaeaa"" <afciijc@gmail.com>"
45819cc5-ac33-4b4e-b522-4b2fbf909d71,2021-12-13T18:45:50,BRAND1,844.42,jcgfbja@yahoo.com
697b86f3-4b0c-45d4-96f4-7dd2708690c0,2021-12-13T18:46:40,BRAND5,249.51,fkeajbk@appple.com
10230027-02dc-4669-82a1-74361948dff9,2021-12-13T18:46:40,BRAND1,385.01,"""gjbflah lejdeab"" <gjbflah@gmail.com>"
9cb47c98-d234-4518-b5db-10785edebdf6,2021-12-13T18:48:20,BRAND2,606.35,hgekige@gmail.com
4e37c332-98cb-421a-84d7-3e9319110e4a,2021-12-13T18:48:20,BRAND2,285.15,"""cfihjig ahjklfe"" <cfihjig@gmail.com>"
834d57be-6821-4c30-8242-ad1a85b7c801,2021-12-13T18:49:10,BRAND2,639.54,ljcdbek@gmail.com
bc3fc5e5-8ca2-4cd4-b0f2-11ad974bc62a,2021-12-13T18:51:40,BRAND5,999.64,ekgckie@gmail.com
115dfbe8-f79b-4d29-8caa-6c2c8d84ae14,2021-12-13T18:51:40,BRAND5,117.80,"""hjggihe hfdifda"" <hjggihe@gmail.com>"
8204df28-4a42-4184-9c20-2c43d62dbcdb,2021-12-13T18:52:30,BRAND2,730.36,"""gglcbgi jkahfdk"" <gglcbgi@appple.com>"
03cf6e16-a7e8-49d8-9cbe-6518476b3d39,2021-12-13T18:52:30,BRAND5,597.74,jhfhhaj@gmail.com
819c6b81-977e-407f-8ee8-01968c4e74f0,2021-12-13T18:53:20,BRAND2,543.06,cleeadc@appple.com
d742571c-bc70-4462-bd7a-1e9e47fc80c7,2021-12-13T18:53:20,BRAND5,907.26,jddgehd@appple.com
263478af-cb5b-4550-8d52-1aedc352f797,2021-12-13T18:54:10,BRAND2,774.65,egibkfa@gmail.com
04d748e5-2bc3-465c-b231-eb0dd8635946,2021-12-13T18:54:10,BRAND2,816.61,"""jelgfgl jakdkkg"" <jelgfgl@gmail.com>"
97dd7d4d-d44d-4cb3-aa99-6fa59f9ce25a,2021-12-13T18:55:00,BRAND1,608.06,"""jcbajdd ccfcbke"" <jcbajdd@hotmail.com>"
b2da3de6-b868-4fd4-90cf-101d121c2b64,2021-12-13T18:55:50,BRAND2,268.57,jlfaekl@gmail.com
0eaacce7-fa94-4298-8e01-63b8a1c048bb,2021-12-13T18:56:40,BRAND2,616.39,djgcigc@appple.com
8cf3abe7-3ad5-4c14-90bb-32f89ec4e14b,2021-12-13T18:57:30,BRAND2,905.15,"""kcjfgif jjchhda"" <kcjfgif@yahoo.com>"
2aef736b-7bf4-4e6f-be8e-3be6386682e0,2021-12-13T18:57:30,BRAND5,556.90,gkddfag@appple.com
db525eba-f44e-4c06-a813-2e85849c5c31,2021-12-13T18:58:20,BRAND2,82.68,cbklafe@yahoo.com
151873ce-58e1-464b-b922-caef169629c1,2021-12-13T18:58:20,BRAND3,914.48,"""jfgdfjc facjcjj"" <jfgdfjc@gmail.com>"
2888a8de-0756-43c1-aeeb-64b5d8cb624d,2021-12-13T18:59:10,BRAND2,605.98,jejaebf@appple.com
afcb539d-3d6b-457f-8d2a-819cc98d29f9,2021-12-13T19:00:00,BRAND2,33.28,cfacecc@gmail.com
88d85718-acda-4cb0-89fb-0273085d8f27,2021-12-13T19:01:40,BRAND2,618.25,lfdcblh@yahoo.com
8736fce7-597f-47c8-a82a-41d655f11383,2021-12-13T19:01:40,BRAND2,207.60,"""jaidagg cekhkgi"" <jaidagg@gmail.com>"
2d02d3d8-f6fa-4285-b2b4-78f0f148bf5c,2021-12-13T19:02:30,BRAND2,32.05,leheeah@gmail.com
d6aeb418-42d4-4ded-96c3-7875b773275d,2021-12-13T19:04:10,BRAND5,538.35,"""khafkhe ffkihkc"" <khafkhe@appple.com>"
72a1e379-04d5-493c-ac8d-a6a3516a821a,2021-12-13T19:05:50,BRAND2,244.72,"""abafkdf jcgialf"" <abafkdf@gmail.com>"
890a8e18-3692-4207-8873-23cdccf60d31,2021-12-13T19:08:20,BRAND2,430.83,ifibicg@appple.com
c2426524-1d19-4d0e-abd1-67ea73afcdec,2021-12-13T19:08:20,BRAND2,157.88,bkjhfgi@appple.com
a96e0628-30aa-4290-9de1-bad6dad7f9f9,2021-12-13T19:10:00,BRAND2,$906.04,"""hegllca efefdfl"" <hegllca@gmail.com>"
08f2e434-a8ea-401a-b97a-97ca5d3bbb35,Mon Dec 13 19:10:50 2021,BRAND1,391.05,"""dekhhae gklkijg"" <dekhhae@gmail.com>"
0bdb5a3a-2245-466d-97b0-6ae6301c18aa,2021-12-13T19:10:50,BRAND5,169.15,hblhdfh@gmail.com
7cfd793a-1234-4926-9451-df08b956d025,2021-12-13T19:11:40,BRAND2,701.60,cfigbbk@gmail.com
5986d72b-ab85-4873-956c-dfbea5ee8e7c,2021-12-13T19:13:20,BRAND2,787.25,"""khbhghh lgilggd"" <khbhghh@gmail.com>"
cceed817-9e46-42b4-8d31-b94d5a5f3efd,2021-12-13T19:13:20,BRAND2,18.55,"""fdbljed glfcagd"" <fdbljed@gmail.com>"
aaf20760-dc0b-4dd2-a13f-209998e819a3,2021-12-13T19:14:10,BRAND1,611.43,"""jbaacbj ikkhdee"" <jbaacbj@live.com>"
f2387fbb-2f73-4f0b-8a8c-f6ef7d1a8475,2021-12-13T19:14:10,BRAND5,695.16,"""cekeedl klgfhbg"" <cekeedl@appple.com>"
d9bc6090-de21-4169-b657-bc743c466b44,2021-12-13T19:15:00,BRAND2,979.78,"""iekfgle dllfaja"" <iekfgle@appple.com>"
110ed580-cdb4-42a5-ad4b-62b450ed20bd,2021-12-13T19:15:50,BRAND2,67.30,"""deijhdk kiibide"" <deijhdk@gmail.com>"
c33716e0-7d76-47f6-830e-e49e8a846580,2021-12-13T19:16:40,BRAND2,393.54,ikfblgb@gmail.com
d1502567-6a20-4fb2-b14a-80c98d912df9,2021-12-13T19:18:20,BRAND1,354.21,hfhgdjc@yahoo.com
d8501379-b12e-4977-8f94-2280ccedcb91,2021-12-13T19:19:10,BRAND2,547.90,"""kbdeald lgheefg"" <kbdeald@gmail.com>"
c5a71539-ccc4-4358-af51-6c9b863a088d,2021-12-13T19:20:50,BRAND2,912.27,ligdfhg@appple.com
52287102-c536-4d19-81ad-b86db4d2b885,2021-12-13T19:22:30,BRAND1,2.36,iafbkhf@gmail.com
68295236-4c2d-419d-9fc6-0edff8333ee4,2021-12-13T19:23:20,BRAND2,230.53,"""dhhdbag efjdadg"" <dhhdbag@gmail.com>"
62ae13b3-881c-43ab-a37f-daa2386233ad,2021-12-13T19:23:20,BRAND2,105.18,geibheb@gmail.com
361241a4-c1fd-4d3c-85b8-2cf2fa5d58c0,2021-12-13T19:25:00,BRAND3,416.51,"""eidfiah cfbfgff"" <eidfiah@appple.com>"
fd3c07b0-2c56-4133-a0cb-a03da7deb083,2021-12-13T19:26:40,BRAND2,421.29,kifflkc@gmail.com
53911a31-fdf8-4c19-8f54-5c1d5c26e6da,2021-12-13T19:31:40,BRAND4,652.06,bcgegfc@appple.com
a83f1795-d8a4-4776-9ed8-2381538e44a9,Mon Dec 13 19:33:20 2021,BRAND2,718.71,"""dgfaekh fjkijgi"" <dgfaekh@gmail.com>"
c94b5e50-5f77-4b86-97b5-9ad59f174cf6,2021-12-13T19:35:00,BRAND2,822.87,"""gabgghi ijgddkf"" <gabgghi@gmail.com>"
0f653e04-4ef3-48f5-8d2c-5fb4b627d695,2021-12-13T19:35:00,BRAND1,335.61,"""jigefcg fgekefk"" <jigefcg@gmail.com>"
10ee902b-16eb-4ca7-8571-d6ed7143c35c,2021-12-13T19:35:50,BRAND2,441.13,"""ahcgkgk bkkhbkd"" <ahcgkgk@gmail.com>"
b5b0df96-516b-4176-a1ba-ea889fed1cfb,2021-12-13T19:36:40,BRAND2,119.90,"""aaifijc leljlee"" <aaifijc@gmail.com>"
5a965e86-2e90-4e7e-aaf3-a658399397cb,2021-12-13T19:37:30,BRAND2,534.75,"""jelhici alibcfc"" <jelhici@appple.com>"
86a06f78-6bf6-4365-a046-aa38bfcacb0d,2021-12-13T19:38:20,BRAND5,697.94,dgiedgk@gmail.com
cd2a80c0-83e2-41ec-8326-fc474c24ff69,2021-12-13T19:38:20,BRAND2,377.25,bfedkjb@gmail.com
eb83aa4c-8429-4b46-9b56-283a36ac59e9,2021-12-13T19:39:10,BRAND2,246.91,"""djdfhcb hbljckj"" <djdfhcb@gmail.com>"
4e7419c3-d0df-4abf-adc3-58d7c5786eea,2021-12-13T19:39:10,BRAND2,904.79,"""gdbijag aeleicj"" <gdbijag@gmail.com>"
baa88112-0bd1-4312-86af-b2bd193759a3,2021-12-13T19:40:00,BRAND3,852.33,edaadcb@appple.com
ae86e1db-88da-4399-9729-0e84e327a236,2021-12-13T19:40:00,BRAND2,194.25,"""fcjcaff gffflbe"" <fcjcaff@gmail.com>"
4a9a1dfc-0082-435f-a04f-a799fb01b345,2021-12-13T19:41:40,BRAND3,985.67,iikfcad@gmail.com
86bf1e1c-55d1-4f85-bb2b-d8b8ee2825b9,2021-12-13T19:41:40,BRAND1,192.04,"""ggafhdf abaeikj"" <ggafhdf@live.com>"
bf5e9178-fcba-40f4-8654-273b7d364e09,2021-12-13T19:42:30,BRAND1,346.29,eaihlfg@gmail.com
d65cdb75-e6dc-46f7-902d-1d5c4994f1f6,2021-12-13T19:42:30,BRAND2,554.98,kfjcfjf@gmail.com
d960dd13-8615-4f73-9c16-a8bf148ac722,2021-12-13T19:43:20,BRAND2,717.29,iiaaibh@live.com
baf4229e-90c9-4b5f-8ed0-4a0a78d5efb2,2021-12-13T19:43:20,BRAND2,601.78,"""jalhglh ediighd"" <jalhglh@live.com>"
42d59dec-50a1-4317-b4b7-8c2b6344b8ae,2021-12-13T19:45:50,BRAND2,25.56,dlecjfd@appple.com
58e42356-6712-4e4d-b75b-5977082ca4ea,2021-12-13T19:46:40,BRAND1,974.88,fhafhdj@gmail.com
cdd61a64-bcd8-479f-b444-88ee1f67b692,2021-12-13T19:46:40,BRAND5,414.96,ikhclil@gmail.com
a4cbbe34-b500-4e8d-945e-75ddde246dbe,2021-12-13T19:47:30,BRAND2,208.80,gbghdbe@gmail.com
f8053587-efa6-4228-bd88-26f71ba35128,2021-12-13T19:47:30,BRAND2,295.96,ebgcble@live.com
d075ef4f-1ca5-4aa4-ae43-8d77bdad35f9,2021-12-13T19:48:20,BRAND5,257.88,lhajdii@gmail.com
aaf826ef-e939-410f-8845-b67e01458827,2021-12-13T19:49:10,BRAND2,60.41,"""eakkjhj fbgehhh"" <eakkjhj@yahoo.com>"
0b4dff71-6780-43b0-95e3-ff6d28ee86c4,2021-12-13T19:49:10,BRAND2,419.06,giakaac@appple.com
380cdaf8-963a-4c5b-b55a-14b22a687942,2021-12-13T19:51:40,BRAND2,161.17,"""akhkajl ajbdgbh"" <akhkajl@live.com>"
89b5fbdb-cd3c-4a1e-b929-0242f23cf3af,2021-12-13T19:51:40,BRAND5,720.29,"""alkhllc beleeek"" <alkhllc@live.com>"
7b5fcfd1-be05-4b88-869b-60dc8d4a5bec,2021-12-13T19:53:20,BRAND2,351.12,"""cddbfdk jlaebae"" <cddbfdk@appple.com>"
e46befbe-bb97-49f8-bccc-54c5ebba1c4c,2021-12-13T19:54:10,BRAND5,102.45,"""iddlhdj ljjkdib"" <iddlhdj@appple.com>"
8054fe20-667d-47cc-b051-c915b81e8670,2021-12-13T19:54:10,BRAND5,957.19,lbifbkj@gmail.com
221b3d0d-03e6-4c1f-9d68-eecf3d622214,2021-12-13T19:55:50,BRAND3,579.06,feajlfa@appple.com
5d902f2c-ca7b-4ec6-be97-b3f66597933b,2021-12-13T19:55:50,BRAND2,497.47,dcllbfe@gmail.com
eabd53a6-3614-47ca-98f8-bd3bee3127a3,2021-12-13T19:56:40,BRAND2,360.90,"""ljdfcej dkkifcl"" <ljdfcej@appple.com>"
292892e6-b239-45d0-b2c0-d29cf8fe5839,2021-12-13T19:56:40,BRAND2,276.00,jejaadk@gmail.com
41d4de06-6a58-47f0-bd56-8188ee9bc80b,2021-12-13T19:57:30,BRAND2,647.17,"""jdefhch eikhidi"" <jdefhch@appple.com>"
14222106-5452-45f9-a582-70dd4c0998a9,2021-12-13T19:57:30,BRAND2,690.99,"""jhjdkdd deeblik"" <jhjdkdd@appple.com>"
d06c9896-c82c-4f59-bcfb-b70877235677,2021-12-13T19:59:10,BRAND5,111.05,jdagdhb@appple.com
af1f1a89-9e20-45f2-8431-eb7b07764e72,2021-12-13T19:59:10,BRAND2,378.72,jghdjcg@gmail.com
993ef1eb-6d2a-4a23-b70a-397967ac2904,2021-12-13T20:02:30,BRAND5,193.73,"""llifflj hbkkgeb"" <llifflj@gmail.com>"
2d3c186c-c210-4063-8df6-842657d3e815,2021-12-13T20:02:30,BRAND1,439.60,"""jhihlkk jkhiajg"" <jhihlkk@gmail.com>"
1bcc43ff-576a-4d33-bbb7-20d1abd02965,2021-12-13T20:05:00,BRAND5,884.17,dajkgdj@live.com
ba293957-9aa7-400e-a64e-34361eb3e759,2021-12-13T20:05:00,BRAND2,21.24,"""jkebdde dhiajje"" <jkebdde@appple.com>"
6756c0d2-9d08-4a12-a0bf-2532c8109ef5,2021-12-13T20:05:50,BRAND1,280.61,"""ilbkbfd dbijghc"" <ilbkbfd@gmail.com>"
ae3a7f49-704b-4935-9ad8-b6e0e47acbfd,2021-12-13T20:07:30,BRAND2,99.64,fjjbcce@gmail.com
631d35b4-daf8-4ced-86da-2d93a3342620,2021-12-13T20:07:30,BRAND2,$584.83,"""fkffehj ldildkj"" <fkffehj@yahoo.com>"
53378ce7-3957-4e9d-9e31-2b25704cfa4b,2021-12-13T20:08:20,BRAND2,460.88,"""aclilca agebhga"" <aclilca@yahoo.com>"
a6cbe78f-eda8-4204-a57b-dc5747c97888,2021-12-13T20:08:20,BRAND2,173.41,dklkkkb@gmail.com
f3e11b4c-ad27-4c49-8744-6e4650ff61de,2021-12-13T20:10:50,BRAND2,758.96,lchadke@hotmail.com
4c3b5619-bdda-4979-a652-0d2bb568172a,2021-12-13T20:11:40,BRAND2,430.57,"""hfejlec gfgdkci"" <hfejlec@gmail.com>"
62da5a9a-f9e7-4d32-a10b-bdea12a6e0ab,2021-12-13T20:12:30,BRAND2,222.22,bcebekc@yahoo.com
ce5d0bb8-c2f5-4107-8fc8-fc5a4913f3b9,2021-12-13T20:12:30,BRAND1,120.71,jclfhlc@yahoo.com
ae7677f3-a7ee-403c-95f3-90a79680f395,2021-12-13T20:14:10,BRAND2,149.17,"""kddljde bjcbhdc"" <kddljde@appple.com>"
7540505c-5641-42f9-ac84-5e8ceff67bc5,2021-12-13T20:14:10,BRAND2,796.99,hbdbfkb@gmail.com
9a29a06f-67a0-4dbe-8e1d-bee04d39944a,2021-12-13T20:15:00,BRAND5,177.54,"""fdlgcba dcdbkkb"" <fdlgcba@appple.com>"
71cca7aa-cdb8-47b3-b445-09d95ee92953,2021-12-13T20:15:00,BRAND2,423.95,ijcijjj@gmail.com
47834f44-e4db-4563-ad90-7b8c742bacb9,2021-12-13T20:15:50,BRAND2,727.87,"""gkfdgdc bglcikd"" <gkfdgdc@live.com>"
2f09e3ab-aac1-49ba-bad4-be54347c7867,2021-12-13T20:16:40,BRAND2,332.12,dcedjba@appple.com
57e013c2-f7d5-4a0b-94d4-d66584df3b05,2021-12-13T20:19:10,BRAND5,556.67,"""hjdkgkj feidhka"" <hjdkgkj@gmail.com>"
6dc1609a-a600-44f2-80cd-5b15087f6181,2021-12-13T20:19:10,BRAND5,370.25,klhcece@live.com
ebff199f-f64f-4191-b5fe-cad93171e727,2021-12-13T20:20:50,BRAND1,370.50,ikbfjda@gmail.com
743524e4-d43d-46fc-8d2b-06501a14c6ab,2021-12-13T20:20:50,BRAND2,470.61,jbjbajc@yahoo.com
9529f1f3-7b09-4db8-8738-e1b93fcd8a07,2021-12-13T20:21:40,BRAND2,567.65,"""afljkdb ahggfal"" <afljkdb@gmail.com>"
22862ab6-731e-46c6-a98e-a504bd28cecb,2021-12-13T20:21:40,BRAND2,399.40,fecjggi@gmail.com
d23bd136-512b-45b9-b04f-29ebf2138007,2021-12-13T20:25:00,BRAND2,564.54,ckhijgd@gmail.com
e0fe06c3-b164-4d22-9fb7-e1a31b59dc5a,2021-12-13T20:25:00,BRAND5,125.73,"""laikjdg fjlbhef"" <laikjdg@yahoo.com>"
279d91a6-3e4f-426c-98fd-071ebc713ad3,2021-12-13T20:25:50,BRAND5,680.73,"""kibfaje djaklij"" <kibfaje@appple.com>"
e1a26041-40a5-4b8b-8bd9-92db2d863db7,2021-12-13T20:25:50,BRAND2,380.79,kddafll@appple.com
48ede295-eab4-43f1-a003-fff45216bd3f,2021-12-13T20:26:40,BRAND2,329.22,gjjjlkg@gmail.com
cc3d4bc8-bef0-4d4c-a7eb-44cb50b59322,2021-12-13T20:28:20,BRAND5,38.14,ehfklaf@gmail.com
08e8eefe-55fa-452e-a569-ac6d0d6d2f93,2021-12-13T20:29:10,BRAND2,246.35,"""dcilceh dbeegdf"" <dcilceh@live.com>"
fb5223b8-436c-4437-afc1-418cd8c804c5,2021-12-13T20:30:00,BRAND2,659.77,"""bggcfgf fgiaghj"" <bggcfgf@gmail.com>"
b3366db2-8763-4dc8-8b16-d64160475607,2021-12-13T20:31:40,BRAND5,794.92,"""jbjjjcg gdiibge"" <jbjjjcg@gmail.com>"
29479f75-96b4-42e8-bf62-ff4ad3f313be,2021-12-13T20:33:20,BRAND5,675.88,"""kbkchlb ckljaba"" <kbkchlb@appple.com>"
22f23be1-595c-42e3-abfe-9585df21c966,2021-12-13T20:33:20,BRAND1,595.17,aahahbj@gmail.com
175c8776-db66-465b-b07b-931bfa9c2692,2021-12-13T20:34:10,BRAND4,383.41,bjdaffa@gmail.com
98b672c4-4b44-4026-b024-bb4ed6190eae,2021-12-13T20:34:10,BRAND2,995.64,jgicfcj@gmail.com
3dd4cf92-23fc-42a8-a427-66125ea62db7,2021-12-13T20:35:50,BRAND2,344.14,alcchdi@gmail.com
82e9bcf5-3aaf-4600-bbb4-0808637c1c56,2021-12-13T20:35:50,BRAND3,419.92,hjckllc@gmail.com
f483c723-5195-4801-bd6a-3c2bc8e72ad7,2021-12-13T20:37:30,BRAND5,695.41,"""gefbcgf hjgahhl"" <gefbcgf@gmail.com>"
6e090e4b-3164-4c12-90d5-6dc9747e7b45,2021-12-13T20:37:30,BRAND2,8.42,fihlgeb@gmail.com
3db411d3-de23-4f62-95de-8b3ea047b9cb,2021-12-13T20:38:20,BRAND2,572.26,"""eiijfld hdhbfba"" <eiijfld@gmail.com>"
c35c9558-9a64-454c-ad8d-1b9241361e7b,2021-12-13T20:38:20,BRAND4,390.87,deffjlh@yahoo.com
89a8e73e-2714-403a-809a-adf0d5283513,2021-12-13T20:40:00,BRAND2,$681.86,"""gkhkjce hgalkie"" <gkhkjce@appple.com>"
016ae02e-fad7-4680-8c7e-806de2e3d5ab,2021-12-13T20:40:00,BRAND2,380.68,"""kgldcgi fikdkbh"" <kgldcgi@appple.com>"
b9e2264e-59d7-4c6a-8b94-77c7fd53158c,2021-12-13T20:40:50,BRAND1,745.06,ciabiak@gmail.com
60e63b4a-fe14-417d-bc9a-1f46c3d22412,2021-12-13T20:40:50,BRAND1,587.07,kldiafd@gmail.com
9877540f-2cdd-4d32-8e22-f05a4750c621,2021-12-13T20:43:20,BRAND5,992.74,igbfdkb@appple.com
687be7fc-04c0-468a-a545-1056a1a288c0,2021-12-13T20:44:10,BRAND2,416.66,lifdcfc@gmail.com
1af15beb-5f64-4e79-8d32-f4a7ffe41d16,2021-12-13T20:44:10,BRAND5,539.29,lcekbll@gmail.com
aadbbd35-8fbd-497a-bd2f-c425097e75c1,2021-12-13T20:45:00,BRAND3,169.01,ciflecb@gmail.com
ab73ea68-f782-423f-84f4-04b034dbe89b,2021-12-13T20:45:50,BRAND2,334.21,"""ggiidgl gigfhfi"" <ggiidgl@appple.com>"
d533d64a-a860-4530-ada6-312f80684c6f,2021-12-13T20:45:50,BRAND5,117.33,gbbeiak@gmail.com
d4f855c0-2e98-4169-a160-d514823cecc4,2021-12-13T20:46:40,BRAND5,105.57,"""adgdlaa gaeicbg"" <adgdlaa@gmail.com>"
40dc2da0-01a3-4404-af71-90b54313d0f6,2021-12-13T20:47:30,BRAND2,132.75,kkihjlc@gmail.com
336df28a-72e0-4385-a9b7-4186e90d8794,2021-12-13T20:48:20,BRAND2,649.12,aahckfb@appple.com
f26e5d21-4a5d-4401-9cc9-68e54589e790,2021-12-13T20:48:20,BRAND2,64.30,"""hieafcb fjjkfel"" <hieafcb@gmail.com>"
df71e757-6f96-4667-b92e-3a1f07b55765,2021-12-13T20:49:10,BRAND2,837.27,gkihiji@gmail.com
175bd952-8faf-4b01-9ab8-c6c081b2c61a,2021-12-13T20:49:10,BRAND3,858.82,"""kcfebck jgjblbd"" <kcfebck@gmail.com>"
93e4c707-7ebc-451d-88c3-664769f7f06f,2021-12-13T20:50:00,BRAND2,654.95,lhadbgj@gmail.com
c517b79f-d0e9-4fe7-95dc-290df27b462c,2021-12-13T20:50:00,BRAND2,262.88,ebhllda@gmail.com
917bf64c-4fd7-4e10-89ed-0789c19ead4b,2021-12-13T20:51:40,BRAND5,785.13,ajjaalf@appple.com
5b84d4aa-5bd5-4c76-9d7d-1021cd38309d,2021-12-13T20:51:40,BRAND2,541.55,"""fcekhki jlifaaa"" <fcekhki@yahoo.com>"
da8c1700-e749-4461-8697-859774244b76,2021-12-13T20:52:30,BRAND5,483.53,fecfggb@gmail.com
a259d717-d838-4d3b-bc15-29b2ecfbf641,2021-12-13T20:52:30,BRAND2,358.67,"""djiklaf ccfcagd"" <djiklaf@gmail.com>"
1c910f32-5efb-46b3-9ae2-43952a4ea2c0,2021-12-13T20:53:20,BRAND2,291.18,bclikli@gmail.com
3ba87671-8414-45e3-8610-0ada7d018da9,2021-12-13T20:58:20,BRAND5,656.46,"""dkaakee dihgbbc"" <dkaakee@appple.com>"
66a174f0-b3a1-4c50-8103-fc8fd759287b,2021-12-13T20:59:10,BRAND5,613.44,hfefecb@gmail.com
2cfbf014-0167-440a-8c13-80addac76cc4,2021-12-13T20:59:10,BRAND5,959.58,jiecdfj@gmail.com
72e92233-d64d-4f39-894e-63e1aab6eb2a,2021-12-13T21:00:00,BRAND3,137.28,"""bekaibk gjhabcj"" <bekaibk@yahoo.com>"
3f68836a-00c9-4e97-a400-75b213306b78,2021-12-13T21:00:00,BRAND2,220.40,djbfjeh@gmail.com
68f7fd41-ab64-4ac7-9367-cb2b35e5edf8,2021-12-13T21:00:50,BRAND2,643.48,"""iahbkci bllalka"" <iahbkci@gmail.com>"
c62f5d58-c08e-44fe-879d-be4494c2bb86,2021-12-13T21:00:50,BRAND3,809.45,"""cecflff efadjhj"" <cecflff@appple.com>"
60a34e8d-6399-43a2-9bc5-1f86a97bb66d,2021-12-13T21:02:30,BRAND2,443.54,"""jbhiggk chebikf"" <jbhiggk@gmail.com>"
a858945c-6449-48a7-96d7-aaa67a35e831,2021-12-13T21:02:30,BRAND2,980.25,aliafgg@gmail.com
964241b7-73fe-433b-ae5c-a47d13697ba8,2021-12-13T21:03:20,BRAND1,350.79,ieffkla@appple.com
8ccb000b-f125-411d-b667-f0ecd1196722,2021-12-13T21:03:20,BRAND2,510.43,cgieleg@gmail.com
9b4f79b6-6487-41ee-91bf-028224510e8f,2021-12-13T21:08:20,BRAND3,894.51,"""fdiiljb fchieai"" <fdiiljb@gmail.com>"
bac84144-b01a-46e7-9131-fdfc040c22e5,2021-12-13T21:08:20,BRAND2,902.70,"""hkbaiek gaihbdk"" <hkbaiek@appple.com>"
58ea6827-f09d-4fa5-a219-44fd6cfad0ac,2021-12-13T21:09:10,BRAND2,750.17,"""ddfibja aadbhbl"" <ddfibja@appple.com>"
cb9f8d0b-9f50-41ec-9d1d-09437ccd92dd,2021-12-13T21:10:00,BRAND5,576.84,akbdfhc@gmail.com
cd6ba07f-4c3f-4422-883d-49245b363db0,2021-12-13T21:10:00,BRAND5,149.30,"""ihijccc caihabc"" <ihijccc@appple.com>"
440ff176-3fab-4789-89ec-49a56b5ee123,2021-12-13T21:10:50,BRAND1,399.10,clglcgk@gmail.com
a9c7b35d-a1ee-4701-97cd-a4936c27192e,2021-12-13T21:10:50,BRAND3,635.15,cgfjhha@gmail.com
65099cb1-4294-4a7d-ae4e-404ba0320662,2021-12-13T21:11:40,BRAND1,$111.88,"""ckjcafj ebfjihf"" <ckjcafj@live.com>"
76130ca0-0bb2-4788-8dd8-cc4298d37363,2021-12-13T21:13:20,BRAND1,733.09,cbddlee@live.com
da2a4636-6828-4cf7-972d-25e3525d2380,2021-12-13T21:14:10,BRAND5,190.46,"""alfcjdd fdfjbfj"" <alfcjdd@gmail.com>"
ab5d7230-8eda-43f5-8379-3032008cb909,2021-12-13T21:15:00,BRAND2,978.54,"""llkakje lcagafc"" <llkakje@yahoo.com>"
366bbf70-ba76-46d2-aa55-075b4176cf01,2021-12-13T21:15:50,BRAND5,888.31,kedfelg@gmail.com
07b0ee10-03a6-491d-a990-4444d2c00f2a,2021-12-13T21:16:40,BRAND5,530.14,llicekh@appple.com
71256c3f-8c0e-4067-9747-945571c1dbd8,2021-12-13T21:16:40,BRAND1,739.00,kcehfka@gmail.com
cc89b273-b6cc-4b60-99af-6e5bd2bc08f4,2021-12-13T21:17:30,BRAND2,128.26,"""ecaiffi ejljlca"" <ecaiffi@gmail.com>"
ed50abd4-e3c9-41c4-ba54-8596202a0474,2021-12-13T21:19:10,BRAND5,14.29,jfijdcl@appple.com
2380d15b-653d-48bc-b1cd-ec4597eaaedb,2021-12-13T21:19:10,BRAND2,103.71,hklaijb@gmail.com
078dfb95-ef4f-4302-bbf5-2b0eb118cbfa,2021-12-13T21:20:50,BRAND5,411.79,ddkjhcl@gmail.com
8c7d2dbe-7bff-445a-9126-27dc0645c6c0,2021-12-13T21:20:50,BRAND2,565.40,kideegd@gmail.com
3a3360fc-98ad-4e9e-969b-6baeb7fb474b,2021-12-13T21:22:30,BRAND5,978.88,ldajkfk@appple.com
48a589ab-17c9-44c0-8cbd-0f677ed2963d,2021-12-13T21:23:20,BRAND2,476.66,glhgdih@gmail.com
3ad40db1-2082-4003-b21f-1ab15aa42815,2021-12-13T21:23:20,BRAND1,487.83,kkdflbc@gmail.com
b10eab62-cdbb-4dd1-9dc1-68e4dbb453ab,2021-12-13T21:24:10,BRAND2,470.52,"""bkhcbdj adfhihc"" <bkhcbdj@gmail.com>"
1c33e83b-d9a9-4032-91dd-880fcbce13af,2021-12-13T21:24:10,BRAND1,845.78,jlhbfdi@gmail.com
3649f8dc-226e-4c0c-b918-c3fa34c8f3d2,2021-12-13T21:25:00,BRAND2,975.37,idiibib@gmail.com
f928c4b0-bac0-47ca-a88d-88d7ed5c543f,2021-12-13T21:25:50,BRAND2,844.55,hbfhfja@gmail.com
df928d22-b5d7-4982-a73d-a8f968812bba,2021-12-13T21:27:30,BRAND1,774.47,"""bjceike bkkbgkf"" <bjceike@gmail.com>"
68765bd3-dc26-4745-b025-9d56c91f2c3b,2021-12-13T21:28:20,BRAND2,497.13,khhdkka@gmail.com
7cf3ffbb-180f-4897-a22b-4fa26049ee8a,2021-12-13T21:29:10,BRAND2,268.18,ifafdib@gmail.com
69bbb5c9-efdc-479d-a01f-d77784701724,2021-12-13T21:30:00,BRAND2,601.14,"""cclddfc aelbgef"" <cclddfc@gmail.com>"
6b3087a8-1ae2-44f4-b422-1c3a9a661e70,2021-12-13T21:30:00,BRAND5,604.37,ifgdajh@yahoo.com
cfc0940a-135b-4afc-994d-aafeede111db,2021-12-13T21:32:30,BRAND1,239.82,dbkgafe@yahoo.com
855ec584-fde5-4dc2-951b-cee226f79286,2021-12-13T21:33:20,BRAND2,62.26,ieeeghl@appple.com
dd10e817-893e-4acc-86cc-248235788ac8,2021-12-13T21:34:10,BRAND2,350.85,hffhhih@gmail.com
c4079d45-e3b5-4cce-bc50-aab8f5a5958e,2021-12-13T21:35:00,BRAND2,52.36,"""aleghii hgijaaa"" <aleghii@gmail.com>"
7d4bf9ac-c12f-45e2-999c-30d190f8a5c2,2021-12-13T21:35:50,BRAND5,376.21,ailhheb@yahoo.com
f24a1632-255f-42dd-8e02-a1352faa9e02,2021-12-13T21:35:50,BRAND5,55.75,"""ddcjljf bhkjkcc"" <ddcjljf@gmail.com>"
276dbd93-6d04-4709-a533-621fd5e04f97,2021-12-13T21:36:40,BRAND2,39.71,"""jdaflkb gldkilc"" <jdaflkb@gmail.com>"
3203a86f-e58f-4042-8097-de44c698436b,2021-12-13T21:36:40,BRAND5,417.25,gcclieh@appple.com
4bde824b-2a66-4c1f-a1fc-678294779bc1,2021-12-13T21:37:30,BRAND2,943.55,"""ikhidcc bbafldl"" <ikhidcc@gmail.com>"
2a5e1934-6e93-4739-814d-0e71a1ed692f,2021-12-13T21:39:10,BRAND2,154.51,"""eidfeeb fgebhil"" <eidfeeb@gmail.com>"
d97363a3-2f82-4017-b607-9d4bafae5f08,2021-12-13T21:40:00,BRAND4,622.04,"""kjfdaak aahkfgk"" <kjfdaak@gmail.com>"
9dc405e0-05d4-41c0-9dc6-d3bc1ade4b6c,2021-12-13T21:40:50,BRAND2,833.56,dbjcgdj@gmail.com
623be0dd-bf83-4779-ba2f-9cec3e397043,Mon Dec 13 21:41:40 2021,BRAND4,316.56,fccdjah@gmail.com
972ee78f-4ece-4e1f-9076-75b3fde6064c,2021-12-13T21:42:30,BRAND2,758.35,"""cjllcjh jehdldc"" <cjllcjh@gmail.com>"
7432763a-a5d5-4529-b4a0-f5a74976059b,2021-12-13T21:43:20,BRAND2,366.45,ffilajd@gmail.com
83c40a6f-b27f-4288-84bc-4652506d33b5,2021-12-13T21:43:20,BRAND2,587.25,ccjeafd@gmail.com
6aa4494c-90d3-4681-8835-172d4861d41e,2021-12-13T21:45:50,BRAND2,637.21,"""jaeflhk bdhgjai"" <jaeflhk@gmail.com>"
a1de289c-fe05-4378-9b14-ce95d623f39a,2021-12-13T21:45:50,BRAND2,247.51,ghghjcl@live.com
9837fab5-c98c-4d74-8abd-f21b2a4ed09f,2021-12-13T21:46:40,BRAND2,351.56,"""ekhgkfd fdkjefe"" <ekhgkfd@appple.com>"
88a15b5b-4172-4587-a68d-06ff4dbb2bfa,2021-12-13T21:46:40,BRAND1,415.16,lhiagid@appple.com
a89dae11-662f-4709-a1e2-239ce522321e,2021-12-13T21:48:20,BRAND2,809.46,"""ciiccia eeglell"" <ciiccia@appple.com>"
a7e666db-0aa9-4a4a-a97a-935491817d85,2021-12-13T21:48:20,BRAND2,400.45,hjcdbdj@gmail.com
896257a3-c17b-4e01-9b5d-882293c07cb9,2021-12-13T21:49:10,BRAND5,944.41,"""fabdijk jleflkh"" <fabdijk@live.com>"
82fe9f66-bcd4-4276-a781-0646ae48c8b2,2021-12-13T21:49:10,BRAND1,579.08,lhgjeja@gmail.com
49b85170-8027-4912-b01d-3b750673d19b,2021-12-13T21:50:50,BRAND2,662.87,"""hhdliad dbiagij"" <hhdliad@appple.com>"
53bb5552-f62f-4160-aeb9-78b03bda8a10,2021-12-13T21:50:50,BRAND1,424.15,"""idlkddb kcdlkgl"" <idlkddb@gmail.com>"
13b1b7ab-27d0-4e9b-a0a9-cce51701cfe1,2021-12-13T21:52:30,BRAND1,617.43,"""ghjbfeb kcehegi"" <ghjbfeb@live.com>"
1fa9fd59-d835-4c7a-a22d-eb75dedbd0fc,2021-12-13T21:52:30,BRAND5,778.47,"""kleaghk cjbiaja"" <kleaghk@gmail.com>"
c60f07c4-c94a-406a-a1b7-e0b169c9646b,2021-12-13T21:54:10,BRAND4,904.15,fkdadbh@appple.com
b15acd92-c197-4eb9-a9f0-2b3aa61f2390,2021-12-13T21:55:00,BRAND2,853.52,"""edibifa khhhkdc"" <edibifa@appple.com>"
123f3f50-cfcd-4709-869b-b5aa8c9aa934,2021-12-13T21:55:00,BRAND5,388.73,abdalkj@gmail.com
4874f6f1-2de4-42cb-89c4-aba3a92c2caf,2021-12-13T21:55:50,BRAND2,22.94,"""ieidjga aeacalc"" <ieidjga@gmail.com>"
da9ad602-dec2-49e3-9a36-461606e2b4eb,2021-12-13T21:55:50,BRAND5,310.50,beficfa@gmail.com
475b9bc0-2c64-4507-b9a8-17d13db4d1c5,2021-12-13T21:57:30,BRAND5,173.17,"""adcalca jehjbcd"" <adcalca@appple.com>"
936ee747-27c4-4b61-82a1-43274c931c7e,2021-12-13T21:58:20,BRAND2,458.42,kddhhfc@appple.com
30fbb813-9a84-4e21-9356-b5ae713a883b,2021-12-13T22:00:00,BRAND5,467.10,dghceki@gmail.com
d3270642-a582-4f9d-bd6f-74fad21bb01e,2021-12-13T22:02:30,BRAND1,6.88,"""ejkfkkl aldljka"" <ejkfkkl@gmail.com>"
f1c64741-422b-4b29-9295-e923ee53fb52,2021-12-13T22:03:20,BRAND4,88.67,fkfldgd@appple.com
9cfeeb1a-dfa9-4c09-8f8d-e585f02b66cb,2021-12-13T22:03:20,BRAND1,806.12,ccgecej@live.com
4f496d6e-32fc-4366-9895-0cf67f7ff946,2021-12-13T22:04:10,BRAND4,358.15,lfhlahi@gmail.com
09075d48-c02c-49b5-a62e-fe910390351d,2021-12-13T22:04:10,BRAND1,28.43,"""fhjbbcf kgkcfbb"" <fhjbbcf@appple.com>"
d9566745-f28c-4ef0-bbc9-cf8b3c91f2c7,2021-12-13T22:05:00,BRAND2,80.31,aafhkfl@gmail.com
438a0dd2-706b-438a-80f5-f295bf1b249d,2021-12-13T22:05:50,BRAND5,$362.24,acfgaej@appple.com
78d0893c-53a2-4d2a-ba44-c37f742b86eb,2021-12-13T22:06:40,BRAND1,660.87,"""ihlclgd iagblkg"" <ihlclgd@appple.com>"
17629595-6da0-435d-ae0b-e32176c5a3dc,2021-12-13T22:06:40,BRAND2,432.05,"""bdblgkb eeaeicf"" <bdblgkb@yahoo.com>"
ae3e7ece-1535-4ff6-9d4d-86dafb437c97,2021-12-13T22:10:00,BRAND2,838.65,gfhbkcg@live.com
e12b6684-675d-4204-9dff-7a59116a2727,2021-12-13T22:10:00,BRAND2,719.45,"""jgbkiig daaljki"" <jgbkiig@appple.com>"
399bb2fa-8c1f-4fe2-9755-5b58f37156ea,2021-12-13T22:10:50,BRAND5,580.43,"""elhgcbb llflhje"" <elhgcbb@live.com>"
639f7bf8-c9b9-41ee-b16f-807813b06b50,2021-12-13T22:10:50,BRAND2,263.60,"""fhehihk ffecglc"" <fhehihk@appple.com>"
de054f53-7cc1-4ffb-b78f-dc3d4c9a44c6,2021-12-13T22:12:30,BRAND2,426.10,jfgccjd@appple.com
81419a5d-abd1-46ea-84c7-9135e13a5485,2021-12-13T22:12:30,BRAND5,834.93,lhcfcbf@live.com
67eb6b74-0bfd-4178-9399-d48f64da4511,2021-12-13T22:14:10,BRAND2,460.11,ddglefl@gmail.com
5029a173-1b55-4c83-9925-38942edb25ce,2021-12-13T22:15:50,BRAND2,951.27,fheifch@appple.com
1eb28db4-f590-4531-980c-904f7df7c9a4,2021-12-13T22:17:30,BRAND1,790.36,"""bfkikja kbhhfib"" <bfkikja@gmail.com>"
02043610-996b-428a-a5d4-b21f701d3eb9,2021-12-13T22:18:20,BRAND3,864.24,ighkdbj@gmail.com
7d3dec38-f25c-4fa6-91e6-cd09fa58b00e,2021-12-13T22:18:20,BRAND2,925.13,khfjhbk@yahoo.com
d4f874bc-bf11-4b92-8790-4591fb5e40d1,2021-12-13T22:19:10,BRAND2,105.27,"""igclcja dbakjgj"" <igclcja@gmail.com>"
0629fb51-5f5c-4c7c-b9bd-b012980f67d0,2021-12-13T22:19:10,BRAND2,659.04,ljbckjj@gmail.com
c398bc47-c05a-463d-aead-c2de4172d73a,2021-12-13T22:20:50,BRAND2,180.32,biljdcd@gmail.com
b6ff4039-320d-4ffe-b165-bb4d38d3e687,2021-12-13T22:20:50,BRAND1,400.97,bficjac@appple.com
78b2e3da-b604-4821-8ff0-1725a3551a99,2021-12-13T22:23:20,BRAND5,110.28,lhgbjfe@gmail.com
ab8acef4-4755-4b86-b742-377a7c49777c,2021-12-13T22:25:50,BRAND1,84.77,libkicc@appple.com
ae14cd42-019e-4534-b837-3bdb75c680a1,2021-12-13T22:26:40,BRAND2,523.58,bgekbhh@gmail.com
e12923ae-f4af-4cc3-9581-07d0439d1f5a,2021-12-13T22:27:30,BRAND5,437.55,jhhdkgi@gmail.com
ffca47ac-515f-44c6-9ebd-5d243ee27902,2021-12-13T22:28:20,BRAND1,253.52,"""dlehbbd lkkcahh"" <dlehbbd@appple.com>"
466c52fe-484f-4e5f-811f-a9b0aa77efe6,2021-12-13T22:28:20,BRAND1,649.92,jkadbfj@appple.com
b96d65aa-0830-4971-bd23-ab227e8014a1,2021-12-13T22:29:10,BRAND2,650.53,"""bagedfl bihcflj"" <bagedfl@appple.com>"
be0b38cd-3f21-424f-8b17-ea1691f84c0f,2021-12-13T22:29:10,BRAND2,144.21,cacbjce@gmail.com
647dcc1d-21b8-470e-a6cb-aafd260cefb4,2021-12-13T22:30:00,BRAND2,45.13,begjiai@yahoo.com
18bc552f-91dd-47f1-a748-a20450d202bd,2021-12-13T22:30:00,BRAND2,539.69,"""kiekjdk agbfhgk"" <kiekjdk@gmail.com>"
103d74af-a892-46c3-b87c-aa155eaa9a1c,2021-12-13T22:30:50,BRAND2,$49.51,"""hfhlbeb kklllfd"" <hfhlbeb@yahoo.com>"
59538fa4-fa21-4621-ad7e-73662859e80b,2021-12-13T22:31:40,BRAND2,660.02,"""hfkfdil clbllke"" <hfkfdil@yahoo.com>"
a5cb87d8-dae3-49d2-a05b-ec5cd38e9cf2,2021-12-13T22:33:20,BRAND2,182.35,"""cajlghg ejcdegi"" <cajlghg@gmail.com>"
1c698f4d-23ee-4629-9020-5aee532110f4,2021-12-13T22:34:10,BRAND2,760.41,"""egkajil ififebi"" <egkajil@gmail.com>"
eed7e113-e554-4c70-a259-ea18f708e51f,2021-12-13T22:34:10,BRAND5,621.50,fjlhfjf@appple.com
1f61eedc-b8a2-47ee-9945-718ecbb778be,2021-12-13T22:37:30,BRAND1,225.30,ilhebdi@live.com
465e1272-0f4e-4070-bbbf-22d61b42534d,2021-12-13T22:37:30,BRAND5,205.67,"""echdfld gljjjig"" <echdfld@live.com>"
2284944c-4d70-4ac9-a74a-67b591007e86,2021-12-13T22:38:20,BRAND2,140.87,"""jdhidgh dchdifa"" <jdhidgh@yahoo.com>"
abe2e39d-45e1-4ada-a1b5-b15c166b7d18,2021-12-13T22:40:50,BRAND3,744.59,"""gbbjbge fljclcj"" <gbbjbge@appple.com>"
92aa423c-06e2-41d7-9d67-f7e1175a6fb6,2021-12-13T22:40:50,BRAND1,125.17,cdhbcil@appple.com
4c677d37-76b4-44f6-96e5-8fac5b80a821,2021-12-13T22:42:30,BRAND1,26.53,ieicjak@gmail.com
e53fcad5-e1d1-41d1-85b6-d457f254eb73,2021-12-13T22:42:30,BRAND4,348.55,"""dhbdjil cbiegik"" <dhbdjil@live.com>"
7aa441ec-95ea-403b-a70c-00fcacfb2634,Mon Dec 13 22:43:20 2021,BRAND5,565.41,aficlae@gmail.com
b09c89ed-1276-474e-80c5-7b15fdf6a726,2021-12-13T22:43:20,BRAND3,630.68,dgcigdj@gmail.com
d9998b9b-c3aa-41b2-8b7d-01fbb2f54a52,2021-12-13T22:44:10,BRAND2,787.98,"""bahjdfk ckaeiji"" <bahjdfk@gmail.com>"
ec49cacc-9479-4209-bdd5-a17b97ceaeab,2021-12-13T22:44:10,BRAND2,615.22,"""dbhacee ehchdcg"" <dbhacee@appple.com>"
e391592f-4efb-41f1-8d84-fef1adc2e74e,2021-12-13T22:45:00,BRAND5,686.14,kfiaabk@gmail.com
0be3a4b5-ede4-4144-a50f-9b336eda8ca5,2021-12-13T22:45:50,BRAND3,78.78,jajglab@hotmail.com
0e7d5210-d0a7-46be-bfa3-c92a966f0fba,2021-12-13T22:45:50,BRAND5,869.19,"""aejcikk hhdedal"" <aejcikk@yahoo.com>"
a053bbef-1717-4d1f-8be7-baf1a002181a,2021-12-13T22:46:40,BRAND5,925.87,aajkgkb@gmail.com
2a3cf8e7-99e0-4f6e-ad3e-d8497f000479,2021-12-13T22:47:30,BRAND5,12.73,ckcjkaf@live.com
6046cc26-1d32-4761-b0ec-6dd3d458b72e,2021-12-13T22:48:20,BRAND2,6.07,"""dgikeij hljldag"" <dgikeij@gmail.com>"
499a7576-4e32-4591-836e-1017b77546d1,2021-12-13T22:48:20,BRAND2,614.61,idfiglc@appple.com
c0e577eb-6cdc-4810-802f-dfa81b08493c,2021-12-13T22:49:10,BRAND4,857.83,kaibkkb@live.com
1d012c13-df4c-4f50-9a7c-5d81b3511757,2021-12-13T22:49:10,BRAND2,160.54,"""bbblldk eckhkid"" <bbblldk@appple.com>"
bddcc579-f789-43a9-8be8-50b58c82a3a9,2021-12-13T22:50:00,BRAND2,269.83,"""fadjjhc kihagbk"" <fadjjhc@gmail.com>"
c063f414-6cff-4a9d-8ca1-06c953bfdfd0,2021-12-13T22:51:40,BRAND3,387.66,"""hckgjdj bbfjakg"" <hckgjdj@appple.com>"
ba6ec9ec-40cb-45e4-8969-30c3ee83f5e3,2021-12-13T22:51:40,BRAND3,203.35,bejcbcc@appple.com
1f0a21b9-7a83-486a-9e4c-02d5df0e01dd,2021-12-13T22:55:00,BRAND3,209.06,gjbgfcg@live.com
9654dc91-9cf8-4b0f-91ca-21fbfc8f484a,2021-12-13T22:55:00,BRAND2,562.36,ddbehjj@yahoo.com
2bcfbd2c-65ab-4780-9cda-a89a27f91af4,2021-12-13T22:56:40,BRAND2,177.82,"""cbjgbcg hbglaad"" <cbjgbcg@appple.com>"
3ba731cc-2153-4b79-9c67-f4f51ce96f8c,2021-12-13T22:57:30,BRAND1,854.84,ilhbbcf@gmail.com
2284bc08-d99f-4ac8-8b8d-3ec5481b8bc9,2021-12-13T22:58:20,BRAND2,369.79,ccckaih@gmail.com
9a7b9c22-3f9b-44be-8838-c7aa3de56728,2021-12-13T22:58:20,BRAND2,764.71,"""defjidk kifdabf"" <defjidk@live.com>"
2f57ac11-c745-42c6-8966-8918840300b0,2021-12-13T23:00:00,BRAND2,726.27,"""fcddigl abkjdfl"" <fcddigl@gmail.com>"
13b7913e-ef95-4037-a1b4-27b366d5c8fe,2021-12-13T23:01:40,BRAND2,209.76,"""elijcch dcjedlb"" <elijcch@gmail.com>"
ad30183f-0052-4a04-85aa-ff0585e87f97,2021-12-13T23:01:40,BRAND2,676.96,jbdbala@gmail.com
ba0753f9-cdbd-41df-8ef6-3e79e7ead773,2021-12-13T23:02:30,BRAND5,23.55,"""dglaebe hhjllcj"" <dglaebe@live.com>"
774a0422-076b-4f8d-9d4a-1bfbef3a2824,2021-12-13T23:02:30,BRAND5,592.18,"""ekgecbk cblhjce"" <ekgecbk@appple.com>"
3ea06d20-07db-4387-b196-20109423b1f2,2021-12-13T23:03:20,BRAND3,64.76,"""abdeclb bjhaedk"" <abdeclb@gmail.com>"
dd653597-dd9d-4869-9a80-d3b4b041f13e,2021-12-13T23:03:20,BRAND2,188.71,"""bbgbfbc alkgaal"" <bbgbfbc@appple.com>"
9f926e44-2a97-4c42-a5b1-338e149fab4d,Mon Dec 13 23:05:00 2021,BRAND5,328.91,"""ebieaik leflckk"" <ebieaik@appple.com>"
dfc2e2e7-c61d-412d-8650-e16912b5c5dd,2021-12-13T23:05:00,BRAND5,504.18,jbhhcjl@gmail.com
cc85827d-b84d-41c5-badc-4c53596d1ae7,2021-12-13T23:05:50,BRAND2,121.91,"""aheifci agkfakk"" <aheifci@appple.com>"
6903a83b-73b2-42f5-a888-1a38baacbc8c,2021-12-13T23:06:40,BRAND2,$448.77,deeaefh@live.com
3ab5b7e9-40ec-48fe-b795-6a854c3d4069,2021-12-13T23:07:30,BRAND5,967.62,"""ekihkkg hccckdg"" <ekihkkg@live.com>"
72767656-0d4c-4c6c-b836-7d362b7783dc,2021-12-13T23:08:20,BRAND2,353.91,lgebkai@gmail.com
e4bb933e-6d95-4cae-8cd1-390548000f8e,2021-12-13T23:10:50,BRAND1,945.82,"""aileaih hdgjldb"" <aileaih@gmail.com>"
4768060c-fc29-4914-915c-071427613ed4,2021-12-13T23:10:50,BRAND5,968.66,"""hflefbi gbiijad"" <hflefbi@appple.com>"
717ca513-6a9d-4b01-9d84-2edfa7c4f0b4,2021-12-13T23:11:40,BRAND1,139.66,"""jlbdjbb cgeajfj"" <jlbdjbb@gmail.com>"
b7159c40-71b1-4f36-90f4-2b2fb32cc1b3,2021-12-13T23:12:30,BRAND2,32.85,"""hhkgkbf gjiecae"" <hhkgkbf@appple.com>"
22b89353-bb83-4c1b-a689-08b37a4c640b,2021-12-13T23:12:30,BRAND4,922.57,jkdkhle@gmail.com
c7785578-6a06-4601-a4de-fd21e567c25a,2021-12-13T23:14:10,BRAND2,517.98,"""eelbicb cfilkfj"" <eelbicb@gmail.com>"
e6a74acd-9b19-45cf-80f4-a2240b0cb003,2021-12-13T23:14:10,BRAND2,774.49,lfdlldg@appple.com
aba293f6-56b3-4ad2-af39-c2d1e1f1c4a0,2021-12-13T23:15:00,BRAND3,927.47,"""fihlkhf jglgggk"" <fihlkhf@hotmail.com>"
190e95b1-5a55-4f7c-9453-953c5ef71fe1,Mon Dec 13 23:15:50 2021,BRAND2,171.71,dikjkfk@gmail.com
32cf7358-80d3-4e9f-9dbd-1d8af776e8ad,2021-12-13T23:15:50,BRAND2,891.93,"""hideglk cejbdgd"" <hideglk@gmail.com>"
a9bd2f20-48c1-4bf6-a3b0-4dd39204e1b5,2021-12-13T23:16:40,BRAND2,374.96,"""idihibi ebbkgfi"" <idihibi@gmail.com>"
3a0e0e73-b86a-42ff-ae4b-6d8580525d46,2021-12-13T23:16:40,BRAND1,2.99,"""idgjfbi liejecl"" <idgjfbi@gmail.com>"
fec0ae11-81f0-4e7e-9f85-e0abac5623bb,2021-12-13T23:17:30,BRAND5,360.14,bicjglf@appple.com
7df5d9c3-17ee-4f44-807f-25fc0e260008,2021-12-13T23:17:30,BRAND2,829.48,jakickf@appple.com
36e31b48-b24b-462c-aa22-64ba8db545fd,2021-12-13T23:19:10,BRAND5,576.02,"""jfcefgi hbaihjj"" <jfcefgi@gmail.com>"
a26b8a11-0efc-4061-be3c-17a743150f3b,2021-12-13T23:20:00,BRAND2,723.34,filicdd@gmail.com
2b4eee15-8cbe-495b-8df6-c5ca6ba62340,2021-12-13T23:21:40,BRAND4,636.12,ccgbcde@gmail.com
6a9edc0b-1950-495a-a959-b398857b2438,2021-12-13T23:21:40,BRAND2,277.56,"""cjdccig diklifi"" <cjdccig@gmail.com>"
07ea59b2-7a88-4e3f-8051-b499a891762c,2021-12-13T23:23:20,BRAND1,793.60,bgefgde@yahoo.com
3115e6ec-df03-4b6f-b504-542987cb0a87,2021-12-13T23:23:20,BRAND2,703.95,ljgddeb@appple.com
3e400880-bbd7-4f36-9c5e-00aeb9d75bed,2021-12-13T23:26:40,BRAND2,32.32,"""ccgiflc bciakjg"" <ccgiflc@gmail.com>"
2aac0e91-6ccc-4c78-9eb8-f3afdb03c306,2021-12-13T23:27:30,BRAND2,4.62,efjbhgd@gmail.com
d6fe0c67-62a8-4098-a601-32db5ed18b0e,2021-12-13T23:27:30,BRAND2,716.93,adfbebe@appple.com
50a41e8d-0c70-4ac4-8525-f22e4827dbbb,2021-12-13T23:28:20,BRAND2,383.97,bhlhadj@gmail.com
8f711730-44c9-4cc7-96b6-5532d2158066,2021-12-13T23:29:10,BRAND2,613.59,ficaigf@gmail.com
db5a72c6-66f1-4746-b973-21a906f738c1,2021-12-13T23:29:10,BRAND1,875.85,fjcdljk@gmail.com
3e261583-18d4-47d6-b58e-eec023aaadc2,2021-12-13T23:30:00,BRAND2,247.67,bhfebch@gmail.com
70693fff-37fd-41d2-afd5-aa0cce8b5869,2021-12-13T23:30:00,BRAND5,923.63,"""fjjkjhb ihlleab"" <fjjkjhb@yahoo.com>"
dd3578d3-a593-4a6b-9d4f-a782d70ba0dd,2021-12-13T23:30:50,BRAND5,780.86,"""ibchlfj bjdlfdd"" <ibchlfj@yahoo.com>"
12a4025c-cbcd-4b80-a804-9cd63823c252,2021-12-13T23:30:50,BRAND2,860.13,hcafagd@gmail.com
f4ca5263-75b3-4f23-b1d0-3809ac275ecc,2021-12-13T23:31:40,BRAND2,819.05,cagaild@gmail.com
036be681-eaca-4b3e-8299-65cd394e1d79,2021-12-13T23:34:10,BRAND4,517.11,ajkbeag@yahoo.com
89dd1211-872a-4aea-9813-2f3f79f3e3cc,2021-12-13T23:35:00,BRAND2,842.49,liljgbh@live.com
0495811c-056c-4e2a-834a-d72e82a291d9,2021-12-13T23:35:00,BRAND5,347.97,"""llajbde jbjedci"" <llajbde@gmail.com>"
17655444-bbf7-4a1c-bf29-58f7f81caf7e,2021-12-13T23:35:50,BRAND2,226.89,"""ghbekld jlhdcdl"" <ghbekld@live.com>"
936679ed-9dbb-4017-ac55-4f02e44b69d6,2021-12-13T23:38:20,BRAND2,771.84,hcagagj@live.com
eb3396f9-9947-4853-a749-d30722434e0f,2021-12-13T23:39:10,BRAND5,353.67,bjdfdkd@appple.com
17c4df50-8842-4e84-b598-9f394e6a32fb,2021-12-13T23:40:50,BRAND2,882.16,"""kgdjfbh gjieegj"" <kgdjfbh@gmail.com>"
40a3e8c4-158e-4483-96ed-778f223e481b,2021-12-13T23:42:30,BRAND2,490.35,lgaicbj@live.com
7cd38501-7ec7-4dfa-a718-95f0aff64b70,2021-12-13T23:42:30,BRAND1,346.35,"""iekcehf ekdikhf"" <iekcehf@gmail.com>"
8778740e-cb9e-44a4-9321-3d4ea3f1a92d,2021-12-13T23:43:20,BRAND5,161.48,clhgkfk@gmail.com
d251c24c-434d-46e2-b708-49a8531bbefe,2021-12-13T23:43:20,BRAND3,152.64,"""fhfclgk jdijfhg"" <fhfclgk@appple.com>"
8ecf5c99-8325-48c3-a0ea-3c24de4c09dd,2021-12-13T23:44:10,BRAND5,594.54,"""hikgjhc kgbdlad"" <hikgjhc@gmail.com>"
e437dd7a-a8f6-4cb9-aeb1-a37ddfb19749,2021-12-13T23:45:00,BRAND5,219.15,ajjghdh@gmail.com
d14865df-4add-481d-a207-cd183469aef7,2021-12-13T23:45:00,BRAND1,186.62,fbjkgda@gmail.com
16cc2fa4-6d92-4c7c-9c54-bce9e143f276,2021-12-13T23:45:50,BRAND5,120.73,effakhc@appple.com
3247a770-afc5-48d2-8eda-3a16505ba5a6,2021-12-13T23:45:50,BRAND5,262.06,kjbcaei@gmail.com
8f452dcf-7d78-4d5f-a3df-84f3bd731204,2021-12-13T23:46:40,BRAND2,890.36,clgkjdb@live.com
701caf14-ae41-43b6-b0e4-968cfeb277dc,2021-12-13T23:47:30,BRAND5,589.71,"""eckfeif biggghj"" <eckfeif@yahoo.com>"
0b0d01a9-846b-445c-a167-9ba73e0164bc,2021-12-13T23:47:30,BRAND1,890.82,jhcaglc@appple.com
dc25ef44-24dc-4ba3-a8ab-018aff726bcb,2021-12-13T23:48:20,BRAND2,0.84,ghlieil@appple.com
54138cbb-8bf4-4bad-87bd-04029c186983,2021-12-13T23:48:20,BRAND5,663.52,"""alkdelk dcffhdj"" <alkdelk@appple.com>"
0175aacd-4dfe-4b56-a93a-c9786f7eaaf9,2021-12-13T23:49:10,BRAND1,427.94,"""ddckfdd flklakg"" <ddckfdd@live.com>"
1bc07800-3f32-48a1-ad5a-37bac3609c3f,2021-12-13T23:49:10,BRAND2,873.95,"""dagjcgb kddbclk"" <dagjcgb@appple.com>"
1abbb7fb-240d-4d37-9ba8-735951e6ca18,2021-12-13T23:50:00,BRAND5,832.57,"""ajhkgeg hhgdkbg"" <ajhkgeg@live.com>"
be300b85-229c-4bad-82ee-232fcafe55f7,2021-12-13T23:50:00,BRAND1,587.07,"""gblhalj kcjekfk"" <gblhalj@appple.com>"
bccf8aa2-f092-46ad-a6b3-e90f8ed317e2,2021-12-13T23:51:40,BRAND2,848.93,dacfdll@appple.com
c9fbedcc-7bb7-457e-95a2-5afd67eb014e,2021-12-13T23:51:40,BRAND3,65.44,bbjbjic@appple.com
6e9d41db-7d89-47a7-b377-7705d3ef4363,2021-12-13T23:53:20,BRAND2,833.03,abgdhah@gmail.com
adc89ed9-8a43-454c-8997-36551a6e2bb2,2021-12-13T23:54:10,BRAND2,356.76,kkigbje@live.com
85df22c0-75df-4736-a5e1-c7cb8f515abb,Mon Dec 13 23:54:10 2021,BRAND5,121.64,ildhahl@live.com
2aaf663c-fd77-4d08-a402-b8ef4b94491d,2021-12-13T23:55:50,BRAND1,110.57,"""iadgigj jcihakh"" <iadgigj@appple.com>"
bfb3ffc2-abf9-4ecf-b7a5-aa89f86c4066,2021-12-13T23:56:40,BRAND2,996.70,effggfj@appple.com
ad95bf75-6c92-43a0-b648-79af48f55afc,2021-12-13T23:58:20,BRAND5,317.86,glgkede@gmail.com
fa09da6b-fbfe-4c0b-93a2-8190b82a8dfb,2021-12-13T23:58:20,BRAND3,808.66,fahjece@gmail.com
5bb016e4-794a-48b8-9762-bb906af1ca70,2021-12-14T00:01:40,BRAND5,170.54,agbgich@gmail.com
56a19d7b-d680-4f65-be1e-388914887227,2021-12-14T00:02:30,BRAND1,628.15,klgeaad@gmail.com
3117b985-6a36-49c1-8335-fa8fcf427196,2021-12-14T00:02:30,BRAND5,235.40,"""khbcaia ccegadl"" <khbcaia@appple.com>"
f2871a07-9feb-4c10-838f-e36a8207ed74,2021-12-14T00:03:20,BRAND2,505.33,iejfhjh@gmail.com
dfe0cdeb-f23e-48cb-9edd-c67574c0b996,2021-12-14T00:03:20,BRAND2,838.40,"""eegiehl ggbcaki"" <eegiehl@gmail.com>"
ca3c0437-6ba3-4328-93fa-4211f380871b,2021-12-14T00:10:00,BRAND2,358.35,dfchkfa@yahoo.com
010e6b60-f3e3-4e62-95b8-b820b10617be,2021-12-14T00:11:40,BRAND2,951.12,"""dfikkhj igdekdl"" <dfikkhj@live.com>"
73574dc0-5739-4281-aeee-1b6763c562d9,2021-12-14T00:12:30,BRAND2,569.68,"""ilechdf ljhakjf"" <ilechdf@gmail.com>"
ab74d773-91ec-4172-8e2f-085305fc866e,2021-12-14T00:13:20,BRAND1,376.70,"""dilklkj cajeibi"" <dilklkj@live.com>"
d2fe87aa-5815-4b6f-8569-d9a2e14b8c4f,2021-12-14T00:15:00,BRAND2,846.85,"""cldejji aghfjif"" <cldejji@gmail.com>"
6e5c648f-da1b-4cef-a86e-445fb6a90fb9,2021-12-14T00:15:00,BRAND2,472.41,"""eljekgl eiglaha"" <eljekgl@gmail.com>"
24f426e6-fcf7-461c-a583-3d74f2a7f542,2021-12-14T00:15:50,BRAND2,740.56,bbldcdc@gmail.com
048492f0-f72c-4a49-8797-513034d6ca9c,2021-12-14T00:15:50,BRAND2,101.92,"""jbcieaj adjaceg"" <jbcieaj@appple.com>"
9d3b36be-bdee-4f70-938b-25ef565c3f55,2021-12-14T00:16:40,BRAND5,183.93,"""habakbk beadcbh"" <habakbk@gmail.com>"
459059ab-7140-4170-b8bc-578722161c1b,2021-12-14T00:16:40,BRAND5,986.78,"""lhhijad lfahdgc"" <lhhijad@gmail.com>"
3d8e5bdc-fb7e-487a-86ef-ab20d187c6b0,2021-12-14T00:17:30,BRAND3,913.48,"""dgffadj gcjjjla"" <dgffadj@gmail.com>"
e9747084-11e3-47bb-97b5-2e164bcb008f,2021-12-14T00:17:30,BRAND2,523.68,ihfhdla@appple.com
0f4baf3a-7983-46c5-ba60-99dddf8b63d8,2021-12-14T00:18:20,BRAND2,428.29,baibbaf@gmail.com
c4614dc8-7630-4019-bd2b-08c6608bc683,2021-12-14T00:18:20,BRAND2,120.27,"""jjciede jlbllel"" <jjciede@yahoo.com>"
9796966f-6395-4790-acaa-7dab667df472,2021-12-14T00:20:00,BRAND5,60.88,iiakefj@appple.com
967bedc9-84e5-4714-861a-84fb22a1fce5,2021-12-14T00:20:00,BRAND4,509.23,hhgbdge@gmail.com
f6f616b1-c8bd-4e8b-bc24-ecba0b587ca9,2021-12-14T00:21:40,BRAND2,892.03,fkihlcb@gmail.com
eec45aeb-13f3-4be2-b1ea-828e3f872949,2021-12-14T00:21:40,BRAND2,69.86,"""bikhbbd ahjgijf"" <bikhbbd@gmail.com>"
bebb1055-2f79-470e-96cb-6a0c1d9fabd8,2021-12-14T00:22:30,BRAND5,675.06,"""ddcfbhc jbfghhj"" <ddcfbhc@appple.com>"
4d20e35e-c899-415c-9a48-20768cf9b3a3,2021-12-14T00:23:20,BRAND1,603.99,bbbglll@yahoo.com
8bdd5130-fcee-473b-8534-6492e768a7e7,2021-12-14T00:23:20,BRAND2,549.07,heihijk@appple.com
95e6d80a-605c-408d-89ac-19480582736e,2021-12-14T00:24:10,BRAND1,382.09,ehkbedb@gmail.com
8951ba1d-25b5-4aa0-86b9-efb356de8481,2021-12-14T00:25:00,BRAND2,636.45,"""gljlgcb lccjilk"" <gljlgcb@appple.com>"
f191d695-0b19-4823-82fb-1af2e8ff9a83,2021-12-14T00:25:50,BRAND5,74.94,bibjika@live.com
c16fe986-83b3-449c-acc1-647a476dcb4b,2021-12-14T00:25:50,BRAND2,853.30,"""eaaiifb aghkjlb"" <eaaiifb@gmail.com>"
2db9b28b-5cd9-4c46-b539-59610b8d9600,2021-12-14T00:26:40,BRAND4,669.31,"""bdaefbh hbifdhi"" <bdaefbh@gmail.com>"
571ddab2-f4c0-4aa1-aad4-397859b5c4a1,2021-12-14T00:29:10,BRAND1,827.04,lejgkfd@appple.com
3564b4e4-1c08-4326-a887-eaf84064110f,2021-12-14T00:29:10,BRAND2,819.82,cdkceha@appple.com
d17788b2-7ab1-4695-bf4c-09525f97f300,2021-12-14T00:30:00,BRAND2,13.80,"""fkehfah dickkhi"" <fkehfah@live.com>"
95f47170-269d-48f8-8ec9-da9f249ef399,2021-12-14T00:30:00,BRAND3,204.86,fgkdgha@gmail.com
2236de80-a5c1-41ce-9963-a233249d6934,2021-12-14T00:30:50,BRAND2,682.10,ljkkgfa@yahoo.com
65806fb2-2753-4b01-8309-e60f745d3280,2021-12-14T00:30:50,BRAND5,983.48,"""fifeaad gdlhabd"" <fifeaad@gmail.com>"
5d6742bd-7fb5-4cdc-ab1d-d72ea16895fa,2021-12-14T00:31:40,BRAND2,88.96,hkeecij@gmail.com
c80f2d2f-f6d9-4c95-ab4c-775718dd2ffc,2021-12-14T00:32:30,BRAND1,872.80,gglllid@yahoo.com
8c561c9e-53ce-4552-9df5-0253b32f4e19,2021-12-14T00:33:20,BRAND3,763.23,hgehdeh@gmail.com
0d259bc7-5c87-487f-88c2-c9d6abb43a96,2021-12-14T00:33:20,BRAND2,250.43,lbdgckl@appple.com
649872d6-eff1-45ad-a3c7-d6bd3021563e,2021-12-14T00:35:00,BRAND2,618.04,"""jlihcaf dfhkfak"" <jlihcaf@gmail.com>"
49ef50d7-e8dc-43e8-8d9e-f3ca6c89e229,2021-12-14T00:35:50,BRAND5,487.78,"""dhjlijc badjakf"" <dhjlijc@appple.com>"
849338aa-8a4d-4fea-b90f-9c587b667256,2021-12-14T00:36:40,BRAND2,134.24,hedfhge@appple.com
f5ec6526-586d-48b2-81eb-8fbb43e6f3a1,2021-12-14T00:38:20,BRAND2,690.55,fheicgh@gmail.com
301eab15-a311-4fbe-9395-4f2d512ae634,2021-12-14T00:39:10,BRAND2,486.91,"""aidleig gehkghk"" <aidleig@gmail.com>"
3c39efe5-8d11-4515-a9f6-6348d6348b85,2021-12-14T00:39:10,BRAND2,57.21,dflicbh@appple.com
017a39bc-e5aa-4ab5-beb4-44f4f820ca77,2021-12-14T00:40:00,BRAND2,$957.20,"""kcheadd gfgflac"" <kcheadd@appple.com>"
4542fed3-5f6d-4ae0-b616-c286004a55a8,2021-12-14T00:40:00,BRAND2,563.80,"""bekdjbh ghgaagk"" <bekdjbh@gmail.com>"
770fc430-6e97-489e-9514-5714471cc0a5,2021-12-14T00:40:50,BRAND5,774.35,blielek@gmail.com
246b4cb6-084e-4102-994e-17c2046fc22e,2021-12-14T00:40:50,BRAND2,258.96,ccdifjh@gmail.com
3459f9a8-7e8c-41f5-a6d4-dd21b5a2f246,2021-12-14T00:41:40,BRAND5,878.87,alhbgkj@gmail.com
c0bfde50-5343-4ff4-9c7f-32740388faca,2021-12-14T00:43:20,BRAND2,34.61,fhiglki@live.com
79c9dca9-8017-40ce-b364-e54b85e9a039,2021-12-14T00:44:10,BRAND2,516.87,"""dhkhajc gkglhaj"" <dhkhajc@gmail.com>"
fb36727f-c0ca-4acf-b585-a1646d09d319,2021-12-14T00:44:10,BRAND5,468.91,hhkebeh@yahoo.com
af2fd957-172d-4c93-9c9d-383715a430e6,2021-12-14T00:46:40,BRAND2,553.44,"""ichfhdg daghabf"" <ichfhdg@appple.com>"
bcf6b741-f23a-44ff-84f0-d2369034f644,2021-12-14T00:46:40,BRAND2,369.13,"""blhlclh ghhhega"" <blhlclh@appple.com>"
51cf1fec-52a4-4ddb-ae1e-ef91b0daa2a1,2021-12-14T00:49:10,BRAND5,929.06,alalcca@gmail.com
8e80adbc-3bc4-4852-95cd-1049aa6dc116,2021-12-14T00:50:00,BRAND2,314.19,gikdeae@gmail.com
302b1f05-db48-4618-8aef-e22014388228,2021-12-14T00:50:00,BRAND4,897.90,fkakief@live.com
070c3b43-02c7-46a8-a071-3c40fa187147,2021-12-14T00:50:50,BRAND5,593.86,deafhgc@appple.com
38e7e2ae-09fc-411b-b212-fa8d226da5cd,2021-12-14T00:52:30,BRAND5,30.59,kijjfag@gmail.com
0419165d-b818-474d-a3bb-94a4bf8a806b,2021-12-14T00:53:20,BRAND2,151.41,dgdibjl@live.com
8d08aa2c-01a0-4f6e-913d-34230b5cb52f,2021-12-14T00:53:20,BRAND5,221.49,"""fbciblf gkdbfed"" <fbciblf@live.com>"
cf117c88-4060-4d21-9d89-53b5517b8e02,2021-12-14T00:54:10,BRAND5,210.50,ebkheee@gmail.com
08548b8f-5850-482b-8952-42175e54d0aa,2021-12-14T00:55:00,BRAND2,280.22,bbbifel@gmail.com
23cb5fd4-39e7-4e54-b874-d5891d91e485,2021-12-14T00:55:50,BRAND5,544.55,aehhdkh@gmail.com
ca857734-dd20-4d5b-8f36-0b882cded551,2021-12-14T00:57:30,BRAND2,643.35,cacdlll@gmail.com
1a636b73-a2ba-4ec5-8953-4791865344b1,2021-12-14T00:58:20,BRAND5,84.50,"""fdbifjd alfdbhf"" <fdbifjd@live.com>"
0cdf0224-8da3-43f2-9ed3-f3639c0f1d59,2021-12-14T00:59:10,BRAND5,523.35,kidicgg@live.com
403822a9-b1d4-4610-98dc-503004d413a8,2021-12-14T00:59:10,BRAND2,681.62,"""egbieke lgfelah"" <egbieke@gmail.com>"
97200952-9544-42d2-8466-5e38b95862c7,2021-12-14T01:00:00,BRAND1,134.62,cjacacl@yahoo.com
af27c2b8-dac0-4227-87d1-3541f7ff0b34,2021-12-14T01:00:00,BRAND5,567.27,"""edfgdbl jbbhghi"" <edfgdbl@gmail.com>"
dcb83527-5a62-465e-813e-2b055c1c20d8,2021-12-14T01:00:50,BRAND5,327.80,ciiackg@appple.com
f21c5b0b-e716-4235-9c4c-180f84490039,2021-12-14T01:00:50,BRAND2,769.60,cjkhegj@gmail.com
d31ff634-9e40-4cf7-99bd-3416bd9de9ed,2021-12-14T01:01:40,BRAND2,448.40,cdccijk@live.com
f5bdf1e2-c095-496b-b3e5-36ce72718bdf,2021-12-14T01:01:40,BRAND3,791.72,"""eadhdkb dlicgii"" <eadhdkb@appple.com>"
ca1f516e-09d3-4202-94ae-8bd445c18f99,2021-12-14T01:02:30,BRAND2,395.60,lhecfie@yahoo.com
8a82de2f-590c-4af4-ace9-c7257c5da921,2021-12-14T01:02:30,BRAND2,$427.15,bjlhcbl@appple.com
21144542-c9d2-40a5-b5e6-6ca2a29590b3,2021-12-14T01:03:20,BRAND2,120.94,llebhia@gmail.com
d078febf-83db-4099-951d-5dae9177f08d,2021-12-14T01:03:20,BRAND4,$187.67,alkkgda@gmail.com
2aba1a50-7826-4c53-98f3-8429285c5d8b,2021-12-14T01:04:10,BRAND2,615.82,lacilbh@appple.com
761e82de-48c2-4423-b4db-33c440a647fe,2021-12-14T01:08:20,BRAND2,921.12,aeedabe@gmail.com
dadcbc65-39e9-4331-9c6e-db69171f29b7,2021-12-14T01:10:00,BRAND5,441.10,jfbdlgl@appple.com
4c397a1b-7bcf-4b63-8a13-3d849df4c999,2021-12-14T01:10:50,BRAND1,199.13,bjkjafh@yahoo.com
9fe2ba9c-04c5-4ce4-808a-290aaf98a87e,2021-12-14T01:10:50,BRAND1,799.78,lbkhclb@gmail.com
fae64292-7bce-4728-9b3d-6e588b27fd2b,2021-12-14T01:11:40,BRAND5,63.44,dcllaca@live.com
6c10881c-59d2-4d84-8e18-2f3aa84762a8,2021-12-14T01:11:40,BRAND1,195.94,laghbij@appple.com
751976e3-47e7-4053-8e43-168956869e48,2021-12-14T01:12:30,BRAND3,15.73,"""iaelgbd fgfdeic"" <iaelgbd@gmail.com>"
304e4127-4595-438f-95f1-f2b32013d182,2021-12-14T01:14:10,BRAND2,355.35,ildebkg@yahoo.com
54cb45f8-b0a4-4852-aee6-011bcfbc0139,Tue Dec 14 01:14:10 2021,BRAND5,674.43,fgfkhdc@gmail.com
66db0271-be72-4376-84e8-bdd493cf0b12,2021-12-14T01:15:00,BRAND1,143.78,"""bdbfdjc hbfjgid"" <bdbfdjc@gmail.com>"
95a97757-0eeb-42dc-9d41-7460ddcc85e5,2021-12-14T01:15:00,BRAND5,847.62,eeiaglf@appple.com
3d255cf7-d73c-4761-9b6c-55b33a16f0d0,2021-12-14T01:15:50,BRAND2,907.94,feiflee@gmail.com
229801f8-be5e-4cb0-b39d-0996cff0e9a1,2021-12-14T01:15:50,BRAND2,299.39,"""cblgdll liiicke"" <cblgdll@gmail.com>"
013b804c-8299-4375-908d-1998539ae9a8,2021-12-14T01:16:40,BRAND1,671.37,"""ecdjbge ebbecfc"" <ecdjbge@gmail.com>"
76dfae38-de86-4e9b-b8a3-acf558831d3e,2021-12-14T01:17:30,BRAND1,590.89,bdfgkai@gmail.com
0adf791a-60b5-4c34-beb5-b9611c85e846,2021-12-14T01:17:30,BRAND2,347.59,edgbikj@hotmail.com
1d44ccc8-8b35-4efc-a1f7-0604065ad97d,2021-12-14T01:19:10,BRAND5,570.64,"""haiahlj ijbhill"" <haiahlj@appple.com>"
18e1f08a-4e88-4ad5-af71-15a316a8f9a9,2021-12-14T01:19:10,BRAND2,712.33,"""heefhii ldaafhg"" <heefhii@live.com>"
8a86f5f5-031d-469b-b2f4-ccfa2358c248,2021-12-14T01:20:00,BRAND5,584.10,"""ekfjdac hkllaea"" <ekfjdac@gmail.com>"
a36596cb-a632-480a-84fa-bff80b5d5a57,2021-12-14T01:20:50,BRAND1,40.29,dfjahfb@appple.com
96dfbb60-bf95-4c7d-bde1-ef9fc040ef70,2021-12-14T01:20:50,BRAND2,535.29,jhdbhkc@gmail.com
6cf9c27a-aa44-4d11-ab59-79d2abed1308,2021-12-14T01:22:30,BRAND3,968.62,djfidia@live.com
713832cb-2a21-45a9-8663-c447f6759f12,2021-12-14T01:22:30,BRAND2,904.45,"""kjlefdf iblaidg"" <kjlefdf@gmail.com>"
2b33ddde-693d-4de9-8f28-2b65d1b66b56,2021-12-14T01:24:10,BRAND5,691.80,ghddbjk@yahoo.com
7d575737-a8ab-406a-ae9d-cec6e0b1583a,2021-12-14T01:24:10,BRAND2,51.08,cbcagka@appple.com
b1f537fa-919f-4be9-8c93-1e4c58371ed4,2021-12-14T01:25:00,BRAND2,388.48,ccgceej@gmail.com
3a9f3f12-20ce-4865-9875-f3673933cf28,2021-12-14T01:25:00,BRAND1,591.35,kkflbhb@live.com
25e3166a-9cdf-4a8e-86f0-961a20ff1c63,2021-12-14T01:26:40,BRAND2,361.93,gkkfffd@appple.com
87885dc6-bdd9-41f1-93e4-076fd67165b4,2021-12-14T01:27:30,BRAND2,454.77,"""cckaeae gfigahj"" <cckaeae@gmail.com>"
dac8d253-10f9-49ba-b039-802ecf0732cf,2021-12-14T01:27:30,BRAND2,849.65,"""ihljaki edlkehh"" <ihljaki@gmail.com>"
bdc27869-9578-4aab-9839-a5564221444d,2021-12-14T01:29:10,BRAND2,$579.02,kbgihhh@appple.com
926fb3b7-05a6-4d3a-b39d-b930f1d9382d,2021-12-14T01:30:00,BRAND3,815.71,bccbhej@yahoo.com
55b98aa9-14ea-42b5-8eb5-54aa48228997,2021-12-14T01:30:50,BRAND5,$174.33,hljcdkj@appple.com
9ffe9828-df85-4137-ac36-686f8fc9ed71,2021-12-14T01:31:40,BRAND1,555.56,"""jjigjbc icfedbj"" <jjigjbc@appple.com>"
7413b5b6-2a70-4208-9bfb-266c413b2c31,2021-12-14T01:31:40,BRAND1,344.41,gajkbjd@appple.com
0d3925bc-c417-4399-9e6d-e761dca41149,2021-12-14T01:32:30,BRAND2,596.29,"""bhhbdbk fcigkek"" <bhhbdbk@appple.com>"
0b8ff72b-36e3-4191-bf37-dad72f0aa552,2021-12-14T01:33:20,BRAND2,643.50,kicajkf@appple.com
306e50e4-2cf2-46ed-9012-623c41673acc,2021-12-14T01:34:10,BRAND2,901.93,"""clgfjac jblfdcl"" <clgfjac@appple.com>"
3dd58f39-bd72-4aa4-8487-31da600f5c2e,2021-12-14T01:34:10,BRAND5,643.54,"""jcbbacj kefhbcg"" <jcbbacj@gmail.com>"
33035dc9-d49f-4dd7-be13-9faf43846f15,2021-12-14T01:35:50,BRAND1,580.88,ifhijdh@gmail.com
259590a3-4102-46a0-affc-5ecb3b743063,2021-12-14T01:35:50,BRAND5,550.09,jjfadle@live.com
797e2888-297a-4301-ad31-e92098872bf3,2021-12-14T01:36:40,BRAND5,784.85,dhbehhk@yahoo.com
a65ff0b3-a872-46e6-8534-e8be1095c65b,2021-12-14T01:37:30,BRAND2,806.40,dikbejg@appple.com
5cd695aa-b807-4eef-a74b-8632ff21d3c0,2021-12-14T01:37:30,BRAND2,442.90,"""ddflijc gbljfgj"" <ddflijc@gmail.com>"
d978f1c0-d345-4206-b49b-b1ddec9915fc,2021-12-14T01:38:20,BRAND5,667.26,"""kcjjhci iejfdaa"" <kcjjhci@appple.com>"
6239b0de-f76c-42cf-b51e-9fe345db359b,2021-12-14T01:40:00,BRAND5,906.47,jlalldg@yahoo.com
3acc951b-d5d9-4a70-be6a-5e96e53226c8,2021-12-14T01:40:50,BRAND2,712.00,echdfae@gmail.com
2f9d4ed2-7127-46ec-bf0c-faa757105dc9,2021-12-14T01:40:50,BRAND5,950.84,"""bgdlgjf cfccfkc"" <bgdlgjf@gmail.com>"
b36cb92f-9cc7-4c5e-9bbf-37685a3622d3,2021-12-14T01:43:20,BRAND2,304.68,"""cbaaaea eblaifl"" <cbaaaea@appple.com>"
0093aec2-b3e8-4732-bba5-23c80fbd8084,2021-12-14T01:43:20,BRAND1,529.14,"""acdchal gbgdeff"" <acdchal@gmail.com>"
bbae6b60-1a6e-4367-adab-65de16b81261,2021-12-14T01:44:10,BRAND2,925.15,illadfc@gmail.com
5369a064-7179-4410-8ead-a3cc2e6210e1,2021-12-14T01:44:10,BRAND3,49.72,"""bcdjfbf cgldbdj"" <bcdjfbf@yahoo.com>"
84a13f09-f43e-4793-92f7-cef619fd4197,2021-12-14T01:45:50,BRAND2,532.86,bkaebge@gmail.com
4eb5f7b8-f4b3-4c14-abf8-459ff321d735,2021-12-14T01:45:50,BRAND2,323.14,kaackbb@yahoo.com
94990504-cb9e-4ddf-bb47-1ca189a82bbc,2021-12-14T01:46:40,BRAND2,540.12,dlfikhl@gmail.com
221ad5a8-4b31-48ef-af29-ce3eaa27558d,2021-12-14T01:46:40,BRAND5,699.61,ikjbfjh@appple.com
5f8bb04c-087a-405d-a483-cccaff258080,2021-12-14T01:47:30,BRAND2,467.29,iihhbaa@appple.com
27b7aaef-133e-4030-a13e-9ae6de777444,2021-12-14T01:47:30,BRAND4,110.76,eehchja@gmail.com
a5cf03bf-2134-43a1-8990-5a265ab7bedc,2021-12-14T01:48:20,BRAND3,81.72,abbldkg@gmail.com
8a31012e-befe-4be4-8133-3a1875a0aec0,2021-12-14T01:48:20,BRAND2,471.12,ckjhjfe@live.com
4203aafd-83ae-4dfd-a6a5-11a595829248,2021-12-14T01:50:50,BRAND1,637.63,eefcdlf@gmail.com
7301fa29-950b-4569-b54c-313ba8c01c2a,2021-12-14T01:50:50,BRAND2,957.38,"""ikkchbf idchgjk"" <ikkchbf@appple.com>"
2fa357a0-210c-4ed5-8861-cb9e931780e7,2021-12-14T01:53:20,BRAND3,161.48,ldbjfcl@gmail.com
68a43409-0db2-4571-9917-4c33868cceae,2021-12-14T01:53:20,BRAND1,594.96,"""hbbfebd cgkdbdd"" <hbbfebd@appple.com>"
9b0b8f7a-9007-40e4-bf16-a2d999d5e2f2,2021-12-14T01:54:10,BRAND1,604.29,efbijce@gmail.com
0a308721-07ad-4824-80dc-09f3353de814,2021-12-14T01:54:10,BRAND2,356.25,hiabhjc@yahoo.com
86fa936e-b0ce-4f52-9706-7c3d1d4fe0f6,2021-12-14T01:55:00,BRAND4,539.72,"""flfflgb cckkbjh"" <flfflgb@gmail.com>"
9ca3273a-0b1d-4779-b561-c55fe54f61c4,2021-12-14T01:55:00,BRAND2,875.78,jclgcge@yahoo.com
4770cc51-2aa2-4bfd-ac75-b8e5e2cb49a3,2021-12-14T01:56:40,BRAND5,870.42,ebggaac@appple.com
02397348-09dd-427a-afd7-3f2bf83270ea,2021-12-14T01:56:40,BRAND5,801.55,kidfded@yahoo.com
0fa3eba8-087c-488b-ba31-328c3ff752be,2021-12-14T01:58:20,BRAND4,564.82,ifbjaja@live.com
3b2dbdc8-d91e-4ab3-aa08-ca71a6ec0377,2021-12-14T02:00:00,BRAND1,760.63,lgadkib@appple.com
d7b26768-9fdf-495c-9435-14e8383b563c,2021-12-14T02:00:00,BRAND2,284.37,fihaald@gmail.com
3f6ffb93-f3a5-4649-9918-cffa1e1cdebd,2021-12-14T02:00:50,BRAND5,535.53,"""jaghdje dfflkli"" <jaghdje@gmail.com>"
32265cb5-790b-46fd-8ac5-0462ce426eda,2021-12-14T02:01:40,BRAND2,457.60,ikcaidg@live.com
8a38fe99-613c-4889-90ed-f88f2cb0b3cc,2021-12-14T02:01:40,BRAND3,141.96,hjejjej@gmail.com
a92af2b1-60d7-48d5-b7f9-532ea6fe00a0,2021-12-14T02:02:30,BRAND5,398.09,"""afcjgbc edeackd"" <afcjgbc@live.com>"
c17539bf-731c-48bd-a024-1f5d9de786c1,2021-12-14T02:03:20,BRAND5,485.49,lkjjece@gmail.com
db2015e8-918b-4082-bb15-162d47d9ac24,2021-12-14T02:03:20,BRAND2,938.09,"""cedeabc iglbjee"" <cedeabc@gmail.com>"
312850dd-b706-4343-9257-f7136cfa9348,2021-12-14T02:04:10,BRAND4,757.66,"""alalgbl jjiadll"" <alalgbl@gmail.com>"
b4274eec-2bed-4c23-9b66-713cf4daad4b,Tue Dec 14 02:04:10 2021,BRAND5,41.46,gjfbbfh@gmail.com
144c9863-3ab4-4dfb-b14c-dce1b729b5b8,2021-12-14T02:05:00,BRAND4,358.25,"""bgellhh bjbchib"" <bgellhh@gmail.com>"
efca9425-f011-46c8-9cfb-44397c4d2d40,2021-12-14T02:05:50,BRAND2,359.68,"""hkicfkf dkhjdfh"" <hkicfkf@gmail.com>"
a073c8e2-9f0f-4030-9228-3c2fd8803cb6,2021-12-14T02:08:20,BRAND5,886.17,ebebaab@appple.com
81f42308-1f9e-41cc-b097-47d629ad1b3e,2021-12-14T02:08:20,BRAND1,404.88,jcgjahf@gmail.com
f89c4b5e-97e3-407f-b5cc-577ae5473cb8,2021-12-14T02:09:10,BRAND1,407.06,"""khglkkj kbkcckf"" <khglkkj@gmail.com>"
29fccadb-2f50-449b-ac10-60946eba865a,2021-12-14T02:11:40,BRAND2,568.15,ckkhdbh@appple.com
1cb6b684-fe60-41ed-a6dd-e2f8f6b3eea9,2021-12-14T02:11:40,BRAND4,163.88,lighijc@hotmail.com
1d6db9db-b699-43d3-94e0-2cc7a823ee46,2021-12-14T02:12:30,BRAND5,469.99,habidfd@live.com
1d7fd74f-ec64-4200-af6e-758a7537000e,Tue Dec 14 02:13:20 2021,BRAND2,642.71,gbhbelh@live.com
ad596229-6c5c-4947-9a78-7dc92777f653,2021-12-14T02:14:10,BRAND2,966.98,"""ahegiek ekleaca"" <ahegiek@appple.com>"
250ccb14-986f-4ae2-a86b-2d5a2043075b,2021-12-14T02:14:10,BRAND2,568.65,ddaacch@gmail.com
fd62e170-a46d-4fb4-b40d-15d6109083c8,2021-12-14T02:15:00,BRAND5,103.58,"""hckikih dcljkag"" <hckikih@appple.com>"
76ce9474-0036-4413-b28e-07c2936afa8e,2021-12-14T02:15:50,BRAND3,553.30,klgbdig@appple.com
b24418b3-33ec-40cc-b93c-6fb55438155b,2021-12-14T02:15:50,BRAND2,258.54,hdljidb@gmail.com
cf89845a-0290-4829-ade0-be5e88f8f8fa,2021-12-14T02:16:40,BRAND2,915.63,idaldig@live.com
59aa48cc-f662-48fd-9ce3-1841d356c3b7,2021-12-14T02:16:40,BRAND5,854.60,"""ieagkch hglbiba"" <ieagkch@live.com>"
729360bc-6ddb-424e-9e32-c75f7f922e6a,2021-12-14T02:17:30,BRAND2,333.26,gglaaaf@appple.com
076c5254-f6b3-4d93-961f-c8431e32c281,2021-12-14T02:18:20,BRAND2,939.76,"""aldccab jicefja"" <aldccab@gmail.com>"
b908daf0-4f60-472e-8083-99ace28ec6d5,2021-12-14T02:19:10,BRAND2,755.83,"""beighgf aealabh"" <beighgf@appple.com>"
e996befb-2f0e-47a0-9e8e-5324cd22b374,2021-12-14T02:19:10,BRAND5,835.23,ffgbdke@live.com
e52766af-4328-4b35-8438-596ae8972422,2021-12-14T02:20:00,BRAND2,768.32,eiffghg@gmail.com
fa3f07b6-36f6-4f69-ad65-7af03246a8f4,2021-12-14T02:20:00,BRAND2,423.71,"""ibkkaaf hebkhdb"" <ibkkaaf@gmail.com>"
d4ebfca3-9b00-40de-8e14-32b0c35cc6c6,2021-12-14T02:20:50,BRAND5,698.53,clhkjca@gmail.com
a116089e-5d4e-4771-8421-6e27b80c2167,2021-12-14T02:21:40,BRAND1,757.45,"""jllihhc ihgbiaj"" <jllihhc@gmail.com>"
693012dc-dc4e-493c-bfaa-0f1cdbc5cabf,2021-12-14T02:21:40,BRAND1,173.04,ggkbfdh@gmail.com
6465dfaf-2e64-4bbd-87a8-0206000a9be0,2021-12-14T02:22:30,BRAND2,681.31,"""ckeical ibjifbk"" <ckeical@live.com>"
dd8b243d-e136-4559-9e51-25a64c1aef7e,2021-12-14T02:22:30,BRAND2,990.58,allkhlh@live.com
4b497ac3-7a9d-4dae-bd97-b2024f6f7a3b,2021-12-14T02:25:50,BRAND2,808.79,chjijgf@gmail.com
9a175291-6aeb-43a6-ab56-61cff2554096,2021-12-14T02:25:50,BRAND5,569.69,"""hadejag ecebgjl"" <hadejag@live.com>"
e18810ce-21ae-4da0-a55a-07cb1fd0f56a,2021-12-14T02:26:40,BRAND1,57.45,bhbakfd@gmail.com
2429f648-a8cd-41bc-9ddd-47692dff6edf,2021-12-14T02:28:20,BRAND2,151.56,"""jijlfki ikkehej"" <jijlfki@gmail.com>"
ee8c2e8b-8ae4-488a-bfec-21445089d52e,2021-12-14T02:29:10,BRAND1,914.02,bheeccc@gmail.com
f6aa623b-a9a7-4d00-bcdb-e57cae0e15e0,2021-12-14T02:30:50,BRAND2,273.71,lhbecfg@gmail.com
142e62a5-4c21-450d-be70-176fd4c7c621,2021-12-14T02:30:50,BRAND4,596.80,dbikdcg@gmail.com
18aafdc0-8897-4824-b62a-7e29e94e9cf3,2021-12-14T02:31:40,BRAND1,708.44,"""bafhddg ghkhhdh"" <bafhddg@gmail.com>"
5a9a0375-74a7-4048-be1f-22ccdcb7571a,2021-12-14T02:31:40,BRAND2,712.86,"""jheildj lhelfdg"" <jheildj@gmail.com>"
b161c215-d233-44f8-9da1-fb202d1cd147,2021-12-14T02:32:30,BRAND5,919.79,begekci@gmail.com
07325aba-c8be-4ff7-a671-f5c9038887bd,2021-12-14T02:33:20,BRAND1,975.41,"""ljldlda ekgcdih"" <ljldlda@gmail.com>"
36db6361-394e-4df4-8b98-ac1201f75d91,2021-12-14T02:33:20,BRAND2,234.72,gidijdl@gmail.com
ecd10857-ab8c-48cb-9713-67abe6f333c5,2021-12-14T02:34:10,BRAND2,$841.70,aeikhcd@appple.com
0377782a-57fc-4e8f-8081-88b236a6970e,2021-12-14T02:34:10,BRAND5,546.33,ejfkdgg@appple.com
508a3e2a-80ab-4442-875f-2f758ea51b51,Tue Dec 14 02:35:00 2021,BRAND2,823.72,"""achckij ehhicil"" <achckij@gmail.com>"
18cde191-fb94-4467-b865-11f168d77500,2021-12-14T02:35:50,BRAND3,787.93,agdjllb@gmail.com
8c5c2f8f-b910-477f-be09-8ccc20a3a31b,2021-12-14T02:36:40,BRAND2,201.38,hjkghlc@gmail.com
b0603d49-0466-45a6-9282-c9fbe7ccf7fb,2021-12-14T02:36:40,BRAND1,949.43,lbblkbc@gmail.com
9fdfee6f-fe4e-4f91-9356-5d0823030098,2021-12-14T02:37:30,BRAND2,788.79,kkjldie@appple.com
6f53657b-bb81-4da2-8af5-f8cc1208d2b4,2021-12-14T02:40:00,BRAND2,97.56,"""gbhhgkj abbkhfi"" <gbhhgkj@gmail.com>"
e3f43442-e797-48de-b9c2-dc4b09ed6426,2021-12-14T02:40:50,BRAND2,663.93,"""aihjljc ggjekeh"" <aihjljc@yahoo.com>"
3337ac8a-4080-42f7-a004-37948def5b3e,2021-12-14T02:43:20,BRAND2,375.96,"""eiekhgb llcdhhj"" <eiekhgb@gmail.com>"
eba2f6c0-a086-4f38-ab09-6c6613277579,2021-12-14T02:44:10,BRAND1,88.13,iajihdd@live.com
3d9107c4-c949-44da-9814-1e0669e5e6a2,2021-12-14T02:45:00,BRAND2,687.74,"""chdkcdj cahchbe"" <chdkcdj@gmail.com>"
2df9ae4d-4e9b-4ad5-a270-44336d570910,2021-12-14T02:45:00,BRAND2,312.60,klbbgai@live.com
14d49337-7f86-4e0c-8ef7-3cfe28ca7fd9,2021-12-14T02:45:50,BRAND5,21.93,ekjdalf@yahoo.com
4da0ed1d-c760-476a-9803-52cddafbdb98,Tue Dec 14 02:45:50 2021,BRAND2,925.68,"""hgkdeig hiaeflh"" <hgkdeig@live.com>"
eaa3b899-5875-47ce-b0b5-b71b8c4427b1,2021-12-14T02:47:30,BRAND5,336.93,"""geadlja bhleiak"" <geadlja@gmail.com>"
a1040f61-df5d-4021-8de2-6da2f519c5cf,2021-12-14T02:50:00,BRAND4,527.62,ibcfljk@appple.com
26051289-36af-4938-a60b-2f96422d769c,2021-12-14T02:50:00,BRAND5,976.99,fggikkh@gmail.com
f1d824b1-2883-4fc5-bb81-fbe8c25052f3,2021-12-14T02:50:50,BRAND5,232.53,"""ifaflcc lgldgfk"" <ifaflcc@gmail.com>"
eb0fd070-e76e-4385-8d17-1d3d3bc48a67,2021-12-14T02:51:40,BRAND2,535.55,"""ilgdgke ghfiech"" <ilgdgke@gmail.com>"
91fc310d-9871-4417-bca5-768548301db4,2021-12-14T02:51:40,BRAND5,111.47,hfidjib@live.com
91f27b1b-ba04-49b3-8189-7addc2438861,2021-12-14T02:52:30,BRAND5,280.12,hgckgjl@gmail.com
e7bae19e-eb08-4934-8d6e-6cc881da0e80,2021-12-14T02:56:40,BRAND5,574.52,"""jkgjeeh gdgbjgi"" <jkgjeeh@live.com>"
b09c518d-ba5d-4bbc-bc17-7b9f6d6e9cdd,2021-12-14T02:56:40,BRAND2,143.08,"""dkfdkkk ikfailj"" <dkfdkkk@gmail.com>"
a46b9767-c761-4e91-974e-789812e58f06,2021-12-14T02:58:20,BRAND2,231.13,llkliib@hotmail.com
6a425cc7-a4a2-4553-bfd3-074d4ad29a62,2021-12-14T02:58:20,BRAND2,273.70,"""hjfchgi adekkcc"" <hjfchgi@gmail.com>"
cf6c3523-0873-415b-a465-17c8a68e20dc,2021-12-14T03:00:00,BRAND4,393.87,lhbfeaj@appple.com
ae13d784-4d09-462a-b4e5-4f41220dd22c,2021-12-14T03:00:00,BRAND2,878.05,kjcghde@yahoo.com
22401cb2-c74c-401e-b3c3-f5f9e357a105,2021-12-14T03:01:40,BRAND1,816.85,"""hacigjd eekadaf"" <hacigjd@appple.com>"
12f51274-70f9-4d6b-b105-e1f9dd2f44d3,2021-12-14T03:02:30,BRAND1,335.67,idfbgbl@gmail.com
