id,date,brand_id,trans_amt,email_address
989cd363-e282-4439-920e-66ff4d4c943f,Thu Dec  9 13:21:40 2021,BRAND3,820.81,gkliibh@gmail.com
d7fa3471-5956-4cd8-914f-09eda0d10b92,2021-12-09T13:21:40,BRAND2,93.29,"""achjhhc fddecgl"" <achjhhc@gmail.com>"
1432881c-36b4-4e5b-882a-d095e188b477,Thu Dec  9 13:22:30 2021,BRAND2,43.31,"""jfkdcce ehbllli"" <jfkdcce@gmail.com>"
4a07ed38-2888-48a8-8611-c934d3f59469,2021-12-09T13:23:20,BRAND5,3.85,"""iifdbfl gcefkha"" <iifdbfl@live.com>"
26eb4f35-e928-4d19-9a62-b42e1e7a2f23,2021-12-09T13:24:10,BRAND5,842.87,ehfjcjd@appple.com
48e348d9-7aed-44cf-97bb-7f3ad54028cb,2021-12-09T13:25:50,BRAND2,634.80,"""kiaefad igdfkal"" <kiaefad@yahoo.com>"
f2f2e767-8e7b-404f-9d74-5517952cf95f,2021-12-09T13:26:40,BRAND2,$116.19,daiikjk@gmail.com
b2bae176-aa49-4f33-9656-d1f17c3b3b61,2021-12-09T13:28:20,BRAND3,475.45,kgejfbf@yahoo.com
15f15186-8846-4a8e-8df7-3a95f96305cb,2021-12-09T13:28:20,BRAND3,447.49,"""bbceakh flaglda"" <bbceakh@gmail.com>"
55038810-bdb9-4fff-b403-70ce22f39105,2021-12-09T13:29:10,BRAND1,982.09,"""clfegik lgfdfig"" <clfegik@gmail.com>"
0448bc5f-ec9f-4a2f-b5c3-073f667f1ef9,2021-12-09T13:29:10,BRAND5,175.78,gejhged@gmail.com
82cb54a7-0226-4b60-a8d9-af94a8cfe536,2021-12-09T13:30:00,BRAND4,42.67,beebfeg@appple.com
e0ca189e-9564-40ed-b0d9-a200636d4923,Thu Dec  9 13:30:00 2021,BRAND2,485.69,ggjgdkf@yahoo.com
0be1777e-af2e-42cb-a9c3-8efca328ebb2,2021-12-09T13:30:50,BRAND2,776.21,"""aabbhfd afeigil"" <aabbhfd@appple.com>"
c98901c3-b79f-4cbc-bc53-23cff16d03e7,2021-12-09T13:31:40,BRAND2,557.88,kffiedl@appple.com
654b1372-899c-43ac-8a7b-637a1bc03ba8,2021-12-09T13:31:40,BRAND2,809.48,bfaljag@gmail.com
23b36632-658d-4f2f-84f7-039e38ff0a50,2021-12-09T13:32:30,BRAND2,343.14,gdddlke@gmail.com
bcf912cf-9e3f-411d-927b-ee1ee019e7d8,2021-12-09T13:33:20,BRAND2,483.14,"""hjjlegf hliaiib"" <hjjlegf@live.com>"
3ad610f8-03e6-435b-bee2-311039771de0,2021-12-09T13:34:10,BRAND2,838.34,"""eidjihh dbhfebj"" <eidjihh@gmail.com>"
446a065d-801c-4751-b030-d7066011b90f,2021-12-09T13:34:10,BRAND2,810.71,aaaejlg@gmail.com
c56fba91-cb4e-4275-99cb-923007f6e6a6,2021-12-09T13:36:40,BRAND4,301.92,"""afklghe fcdedlf"" <afklghe@appple.com>"
9644974e-82d8-4861-b315-462d3909b4e1,2021-12-09T13:36:40,BRAND5,774.30,ejljigd@gmail.com
88dbb3b4-c399-480a-997c-d4b1256644d5,2021-12-09T13:38:20,BRAND3,522.92,lkjckbe@live.com
530f45a2-2300-4d45-a9ff-41cf8a175653,2021-12-09T13:38:20,BRAND1,627.19,aelghbl@live.com
16642870-6eea-41fe-a4a0-d055232e4d2e,2021-12-09T13:40:50,BRAND5,472.67,dckbdld@yahoo.com
983a7cd6-18ba-4756-8d53-c97a87a7cdfc,2021-12-09T13:40:50,BRAND5,987.43,"""kdkaecc dcckala"" <kdkaecc@appple.com>"
7c33802c-cd02-41dd-9002-176f6b50e593,2021-12-09T13:41:40,BRAND2,461.57,ihhjgil@gmail.com
1e146849-4ccc-4157-b5e8-8039f2562b48,2021-12-09T13:42:30,BRAND1,253.43,hciabbf@gmail.com
0695beff-cbd3-49fb-be5d-26f113be5c8a,2021-12-09T13:42:30,BRAND2,269.53,"""higfbjh hdfljje"" <higfbjh@appple.com>"
482756ef-40ed-4cd1-84fa-f7360576f587,2021-12-09T13:43:20,BRAND2,545.64,bjdgcce@appple.com
b3431788-be94-4b3a-9fd0-118dc599cd04,2021-12-09T13:43:20,BRAND5,861.16,"""ggdjefa dfbighe"" <ggdjefa@live.com>"
06a92808-78fa-431c-8745-c90308b31fb4,2021-12-09T13:45:00,BRAND3,420.65,"""bledghc aadehdh"" <bledghc@hotmail.com>"
f6f64ac5-3e88-4c0e-aab1-377f3d4371a9,2021-12-09T13:45:50,BRAND2,877.00,"""cebccbh eafkkjh"" <cebccbh@gmail.com>"
064e77e0-e877-405d-87a1-294954ae18b2,2021-12-09T13:45:50,BRAND2,621.44,"""iechijl fdkkiif"" <iechijl@live.com>"
a42bf9b4-efdd-4ca6-8392-86fc81e7d486,2021-12-09T13:47:30,BRAND1,638.19,bigiebf@appple.com
ab829c4e-2264-46e0-a625-077e742aa92c,2021-12-09T13:49:10,BRAND1,536.88,"""aljglkk dceeclf"" <aljglkk@gmail.com>"
7b1490cb-8769-43da-ae49-e142bce9069f,Thu Dec  9 13:50:00 2021,BRAND5,340.18,"""bbjkggk ejklglc"" <bbjkggk@live.com>"
c497a5d5-8290-4e94-8ff2-3157f0678847,2021-12-09T13:50:50,BRAND2,613.49,liajhgd@gmail.com
75b9e570-df63-4beb-acc6-e879da97800a,2021-12-09T13:51:40,BRAND1,548.24,keglhbd@gmail.com
b832206f-c5ad-4028-877f-fcb7ae284f24,2021-12-09T13:51:40,BRAND5,244.90,bjceeda@appple.com
306ade68-85fa-45bb-b00f-671c96979f59,2021-12-09T13:52:30,BRAND2,309.46,edgcild@gmail.com
effa87d6-e7b0-49c6-a105-e1914cca1998,Thu Dec  9 13:53:20 2021,BRAND5,658.90,efahekj@yahoo.com
cf65827a-4457-4c5d-af86-8fa1dd5d49c0,2021-12-09T13:53:20,BRAND2,753.99,fdicjge@gmail.com
efd1bfea-3041-47de-8e64-be739e046536,2021-12-09T13:54:10,BRAND2,281.06,"""cffgjda ihfcfil"" <cffgjda@hotmail.com>"
53b083ef-1bfe-4ec1-95c4-eed09f992036,2021-12-09T13:55:00,BRAND5,170.16,"""dkaalfl cjbfdgf"" <dkaalfl@appple.com>"
140ece13-8bbc-47a4-a0b2-04ba50efccbc,2021-12-09T13:56:40,BRAND1,266.67,"""bkaglck hcgiddj"" <bkaglck@hotmail.com>"
66278180-1f75-4c86-b8cd-7684f99921ef,2021-12-09T13:56:40,BRAND2,606.27,"""agahcdj cafbgjh"" <agahcdj@live.com>"
bbcf7da5-c067-41f6-a98d-acaf996c95c6,2021-12-09T13:57:30,BRAND2,637.75,felfada@gmail.com
dd443961-0201-45f2-9785-1df4d329fded,2021-12-09T13:58:20,BRAND5,64.72,"""cfcedhh cjliecj"" <cfcedhh@appple.com>"
c5304a90-1477-41ef-baaf-0636144245e8,2021-12-09T14:01:40,BRAND1,759.06,"""faaigke ajegiie"" <faaigke@appple.com>"
1c68b371-741a-4a5f-820d-776fa4a87119,2021-12-09T14:01:40,BRAND2,990.86,"""klljhhe efcckic"" <klljhhe@gmail.com>"
e1419983-91df-4daa-8978-a39e9b9d516b,Thu Dec  9 14:02:30 2021,BRAND2,974.36,bdkaihh@appple.com
669e2e15-1410-4543-95d4-c234ba976d16,2021-12-09T14:02:30,BRAND5,747.28,"""hfhleab djgljhl"" <hfhleab@gmail.com>"
e53a04c8-a601-4841-b5b0-469a7472f620,2021-12-09T14:03:20,BRAND2,934.90,"""jgbbkeg kkjiied"" <jgbbkeg@live.com>"
b0ce02b0-17da-41c2-8803-b0f27930a107,2021-12-09T14:04:10,BRAND2,669.39,djdeicb@appple.com
ec6c2190-b5d8-48bd-9c89-bd6bf5e4993a,2021-12-09T14:04:10,BRAND2,747.68,jghbccg@yahoo.com
f35ad7a3-e701-4b52-8baf-b3ce71d2a014,2021-12-09T14:05:00,BRAND2,754.73,"""igkbbjd hlcfkak"" <igkbbjd@live.com>"
0974d06a-8fbd-4898-a268-dc6c9f21a598,2021-12-09T14:05:50,BRAND4,495.85,dcadeaa@gmail.com
d093a64e-eed2-4c4d-868f-5f79488e3f20,2021-12-09T14:05:50,BRAND2,991.28,"""hjaiglc hfajiji"" <hjaiglc@appple.com>"
9a862f4f-6fc2-42d8-9bf7-939f44c450b4,2021-12-09T14:06:40,BRAND2,56.51,kbjfjjg@gmail.com
91b8cb7c-55ff-4174-bade-d75defd3cbc8,2021-12-09T14:08:20,BRAND5,951.20,klbdjaj@gmail.com
5d208ef2-53a4-4286-bdd9-d99e021479e5,2021-12-09T14:08:20,BRAND5,757.24,kgbeahg@gmail.com
32562a60-d3f5-4446-9c2d-fc0801f4a8ea,2021-12-09T14:09:10,BRAND2,912.94,dhdkhdg@appple.com
c1687d6b-2545-4b61-bd4d-e836b0e6e06e,2021-12-09T14:09:10,BRAND1,209.09,"""eebgaad jaaldbj"" <eebgaad@gmail.com>"
b9f356f3-2533-4ead-9d4c-8412b5f1abee,2021-12-09T14:10:50,BRAND5,787.71,gbikgjd@gmail.com
f065befc-141e-4f8f-8e1a-d14c0159da69,2021-12-09T14:10:50,BRAND1,293.03,"""djaeckc gaebigf"" <djaeckc@appple.com>"
211e6984-c813-4cd2-a2d0-1bda12b4856d,2021-12-09T14:11:40,BRAND5,262.86,ildlaii@gmail.com
6f5520d6-b99e-4c35-8c26-b8cdd4cfa653,2021-12-09T14:12:30,BRAND5,771.10,ffbhlca@appple.com
ca1e4a00-a588-427d-a911-54902579ea4c,2021-12-09T14:14:10,BRAND2,588.76,feciccl@gmail.com
a7cac8cd-242f-4648-a530-d7d74358bed2,2021-12-09T14:15:00,BRAND2,760.84,"""dcjgaif fckifgf"" <dcjgaif@gmail.com>"
db20172c-1b38-4152-aed3-534b4864e4fe,2021-12-09T14:15:00,BRAND5,625.58,dljiibl@gmail.com
0e884d4a-b043-4554-adb2-299caf4966f6,2021-12-09T14:16:40,BRAND5,116.85,"""jfbfjfa bgjkgca"" <jfbfjfa@hotmail.com>"
9abc57a3-0f11-42fd-8547-8b5cf88f3223,2021-12-09T14:16:40,BRAND2,939.06,aeciagc@gmail.com
82c55d54-7468-4505-bc7d-1d3b198f3bed,2021-12-09T14:17:30,BRAND5,874.71,hgjjdee@live.com
37a2fd56-b46d-40b0-b4f8-3e5626c25b8d,2021-12-09T14:20:00,BRAND2,117.13,ahecadh@live.com
585a3d22-2994-4cd1-8eb1-c685179e545e,2021-12-09T14:20:50,BRAND1,45.61,edaldei@gmail.com
34efedcb-b3d8-4d6f-8837-c77a11065c19,2021-12-09T14:20:50,BRAND1,34.74,cigkjaf@gmail.com
78116806-0206-442b-9b69-931ef2be4cb2,2021-12-09T14:21:40,BRAND2,520.58,kdhllbd@gmail.com
ac29a94e-1dc8-4cee-a671-f87760437865,Thu Dec  9 14:22:30 2021,BRAND3,439.82,gjhbclc@appple.com
29ceaf55-40fb-4bee-9a5b-930d31d5f0ab,2021-12-09T14:22:30,BRAND5,180.56,ekgdajh@gmail.com
702219b6-c494-4688-9dd3-41c0efe65b5f,2021-12-09T14:23:20,BRAND2,679.29,geaafei@live.com
4e304105-9f85-4e29-8057-8e57cdfbff57,2021-12-09T14:23:20,BRAND1,208.20,"""hhkhgff gahjcac"" <hhkhgff@gmail.com>"
b7aad1e8-2c73-4c99-a8fe-adf10268b16b,2021-12-09T14:24:10,BRAND5,569.35,"""cigiela heglcac"" <cigiela@appple.com>"
a51b8240-074e-47f3-b93a-6b9fb86cb9fc,2021-12-09T14:25:00,BRAND5,548.89,fgajhik@gmail.com
1fbdb763-1b34-431c-b57f-aa802886719c,2021-12-09T14:25:50,BRAND2,567.32,cklafbk@gmail.com
760af332-21c5-4595-b126-83982c1e92f8,2021-12-09T14:25:50,BRAND2,93.97,bcbaela@gmail.com
d713f654-e56c-42d5-8c6f-5fb58d85c1b1,2021-12-09T14:26:40,BRAND5,353.40,"""kggeaab kgjbhhj"" <kggeaab@gmail.com>"
d43897df-b73f-4fd0-8e83-1c88671922a8,2021-12-09T14:27:30,BRAND2,682.62,"""cailhia ebdleee"" <cailhia@gmail.com>"
fdec87e4-a085-4228-914b-29ab61efd380,2021-12-09T14:27:30,BRAND4,833.35,"""heealbh bkfdfci"" <heealbh@appple.com>"
fc86ecb8-b47f-4c74-9340-fb5bf5e59137,2021-12-09T14:29:10,BRAND1,937.77,"""bkgkhkk ciciakf"" <bkgkhkk@live.com>"
0d30fb4f-ebf4-4d44-b90f-411305dd5709,2021-12-09T14:30:00,BRAND2,280.19,"""bbjlcai igeabfi"" <bbjlcai@live.com>"
f902f1ba-40be-420c-b8a6-fea9a32f36b5,2021-12-09T14:30:50,BRAND5,74.19,hlajkab@appple.com
a35952d0-1195-4811-8df0-dcb83f74da9b,2021-12-09T14:31:40,BRAND5,713.81,ggbalca@yahoo.com
e825fc22-8049-4f55-8de9-d6bb8d75b452,2021-12-09T14:31:40,BRAND5,558.84,abddihe@appple.com
6c9d0ea0-7622-4d3f-aad0-514f666f4db1,2021-12-09T14:32:30,BRAND5,281.10,kiihjle@gmail.com
cbf41719-dcc8-46de-8971-a0e8d98b72c9,2021-12-09T14:32:30,BRAND5,280.51,bcgeicc@live.com
182ce450-b4d7-49e7-b61f-c142674480a5,2021-12-09T14:33:20,BRAND2,699.08,kjgbgka@live.com
aeaff54c-2003-4291-990f-687d086c23d6,2021-12-09T14:33:20,BRAND4,766.46,"""hiaecdf ghkdgjf"" <hiaecdf@yahoo.com>"
f1021be0-6c5e-406d-aa4b-c5ca27011900,2021-12-09T14:34:10,BRAND1,708.82,leafkjb@gmail.com
2d21651a-5cb8-4005-bd4a-0bf456ceec68,2021-12-09T14:35:50,BRAND2,405.15,jjkbjgj@appple.com
e013b16f-5c5a-4d5b-8262-14a3d9dd2a2d,2021-12-09T14:36:40,BRAND5,691.44,"""dgbcgde lgcjijl"" <dgbcgde@gmail.com>"
1e0541c8-1b95-4bbd-9430-eaae84b39c78,2021-12-09T14:36:40,BRAND2,196.22,ledacfl@appple.com
3acd86b4-cc17-47eb-b9cd-10e7d7121323,2021-12-09T14:38:20,BRAND2,182.86,"""iadfbbf cbaaabh"" <iadfbbf@gmail.com>"
ea49432a-4923-4da1-ac72-29f654bb0d4e,2021-12-09T14:38:20,BRAND2,403.59,fadfefe@appple.com
cb08d9a4-39da-4370-bbfe-4128eab790e7,2021-12-09T14:39:10,BRAND2,749.25,eekiile@gmail.com
aaf9d719-7d1b-4d54-af95-01273dfbe83e,2021-12-09T14:39:10,BRAND3,343.77,"""aebdekc kkbggfh"" <aebdekc@appple.com>"
a8a70f04-aefd-467f-8298-5a128a85b8a9,2021-12-09T14:40:00,BRAND5,185.44,bjhdjkb@live.com
abb64b8a-6bdc-412c-9183-342d55dde77c,2021-12-09T14:40:00,BRAND4,644.60,gkgjafe@gmail.com
3a45f109-475f-4787-84a9-37fbb7375559,2021-12-09T14:40:50,BRAND5,355.22,cbidged@gmail.com
59b5a58d-1248-4df3-8f52-64bf1f8e1cfa,2021-12-09T14:40:50,BRAND5,862.49,jfachbc@gmail.com
cfb46242-b48a-41e8-bc74-fcee2b365077,2021-12-09T14:41:40,BRAND2,343.29,ggaajfk@appple.com
6af09e60-d094-44a3-83df-25b272f92a3b,2021-12-09T14:43:20,BRAND1,571.15,"""bhhddfa jddkhal"" <bhhddfa@live.com>"
0bf08054-1fcd-4939-b638-3413aeeb5174,2021-12-09T14:43:20,BRAND2,124.87,hgelhek@appple.com
d834042c-553d-4085-94df-6fdb30fefcaf,2021-12-09T14:44:10,BRAND2,593.00,hgchdhk@gmail.com
9b6bf3b4-3284-4148-80e1-ace14a755f41,2021-12-09T14:44:10,BRAND4,149.56,"""kjfljcc chkaagg"" <kjfljcc@appple.com>"
67e2723b-d06c-43ed-8961-766d41c9059c,Thu Dec  9 14:45:00 2021,BRAND5,186.45,dlbcjdg@gmail.com
6a8bd862-2474-4e43-a1a4-18bf52d1996e,2021-12-09T14:45:00,BRAND2,331.11,bjkedbd@appple.com
094d2121-e636-4e71-abc3-f546253ca401,2021-12-09T14:45:50,BRAND2,875.94,"""idbhfhf fgggdie"" <idbhfhf@gmail.com>"
50ae7671-c714-4b91-ac39-7427e98136de,2021-12-09T14:46:40,BRAND2,863.93,kehhkhe@gmail.com
5c36556e-345b-490f-b8fe-916b98ebda7c,2021-12-09T14:46:40,BRAND2,284.61,aeckdgc@gmail.com
db7efbbd-c8eb-4de2-a42a-8e6a89487b35,2021-12-09T14:47:30,BRAND5,104.70,egkahkk@gmail.com
2d1bf8be-1b69-4ab0-9c85-63b2ae0eec13,2021-12-09T14:50:00,BRAND2,203.95,"""bccbfjf cilhbhh"" <bccbfjf@gmail.com>"
0ac99c49-8326-4673-a767-af0e69ced7a9,2021-12-09T14:50:00,BRAND1,395.67,lcdgkji@gmail.com
460659e7-30b7-4f51-9cd9-78f17ebd3181,2021-12-09T14:52:30,BRAND2,279.51,afeahld@gmail.com
78c7ceab-318c-4f2d-8c0b-751747b7b416,2021-12-09T14:53:20,BRAND1,34.29,gjheacj@gmail.com
536f1c35-022a-4758-b4c7-33a9fb1f3b22,2021-12-09T14:54:10,BRAND2,233.88,kfaljga@gmail.com
a799ed2d-170e-4aa0-989b-49649f0cb61c,2021-12-09T14:55:00,BRAND2,689.10,gkgeagh@live.com
bb2be189-e63b-42de-a67e-60f1c47c5dd9,2021-12-09T14:55:00,BRAND5,618.05,"""igiclkl hidbbgl"" <igiclkl@gmail.com>"
be4b5a71-6395-4552-a41d-b16fef322c53,2021-12-09T14:56:40,BRAND2,806.64,"""jicliia hleefcd"" <jicliia@gmail.com>"
9a119e9a-e79a-441e-a3dd-f05de79eee3b,2021-12-09T14:56:40,BRAND5,631.04,"""dielcjg ijdddea"" <dielcjg@gmail.com>"
e0a55dcb-f6e2-41e3-b967-56000571ee64,2021-12-09T14:57:30,BRAND2,238.23,hkgfihl@gmail.com
9522330c-d36a-40cb-b08b-f796b9550570,2021-12-09T14:58:20,BRAND4,876.08,fecidkb@gmail.com
92ffcfb0-7936-46eb-a3fa-dbb54ad1f234,2021-12-09T14:58:20,BRAND5,359.18,cafeifc@gmail.com
a117a420-3d10-4ded-b194-d37c025e21dc,2021-12-09T14:59:10,BRAND2,509.03,akehjbe@live.com
561d7573-9e9a-494d-a893-57239cd2987d,2021-12-09T15:01:40,BRAND2,209.67,lchdafd@gmail.com
e481e130-29e8-46fb-89e4-c5112003c3bd,2021-12-09T15:01:40,BRAND2,994.33,"""eeicaja gfgildf"" <eeicaja@gmail.com>"
7b9e31e3-8051-4380-9f53-b86004a45da7,2021-12-09T15:02:30,BRAND2,984.44,"""adbfccl cgbdihe"" <adbfccl@appple.com>"
d2e80a38-f633-4b46-8afb-19144f8f1161,2021-12-09T15:02:30,BRAND1,997.74,leblllf@appple.com
54d9b4fe-46bd-4476-8092-d247a575e718,2021-12-09T15:03:20,BRAND5,734.29,"""akhjibb jchakcb"" <akhjibb@live.com>"
b213b148-b13a-4c49-8185-efe0d9e80082,2021-12-09T15:03:20,BRAND2,514.91,"""dkcggle bgceldf"" <dkcggle@gmail.com>"
436f4223-7666-457b-818c-169b0f460533,2021-12-09T15:04:10,BRAND5,298.75,gglegac@gmail.com
df2e8411-6ac2-4752-9008-c0995d426bd5,2021-12-09T15:04:10,BRAND2,756.37,flhahdj@appple.com
29471445-0e7e-4805-90fe-c0f9e8cdbce4,2021-12-09T15:05:00,BRAND2,984.05,kcghijg@gmail.com
333853a2-f121-4204-ba0f-0968baa2f21e,2021-12-09T15:05:00,BRAND2,812.67,ljkdlab@appple.com
fd66ddcd-c2e0-4ad0-9313-c5207e5e84c4,2021-12-09T15:05:50,BRAND5,770.10,"""gjblajh gfbfjke"" <gjblajh@gmail.com>"
fdf19e23-2ea6-4008-878d-f446e14ab201,2021-12-09T15:05:50,BRAND2,992.78,"""eelkdbb jlejcid"" <eelkdbb@gmail.com>"
ce4d8e7f-c186-4393-90c3-4d6daa7b0cbf,2021-12-09T15:06:40,BRAND2,774.69,"""gehjglh kdhkfhb"" <gehjglh@gmail.com>"
dc5b7a24-1ff1-43a4-98bf-bed9889a7833,2021-12-09T15:06:40,BRAND1,840.79,behhfjf@yahoo.com
693b3ad4-893e-4efd-958d-4ee487f816fd,2021-12-09T15:07:30,BRAND2,678.94,"""jjkilbl aljcjag"" <jjkilbl@live.com>"
d75c855a-2998-4b00-bba6-4688109e09e4,2021-12-09T15:07:30,BRAND5,622.78,ifiidle@gmail.com
805dc44f-5cf1-4987-aab7-feca58bbab17,2021-12-09T15:08:20,BRAND2,245.29,kghcfba@yahoo.com
666f5dfe-af46-4960-bc7b-dea76fe755ce,2021-12-09T15:08:20,BRAND1,398.52,"""bhlhhdh ckgbkkh"" <bhlhhdh@gmail.com>"
7b1c78dc-c211-4d58-99d2-75b491609491,2021-12-09T15:10:00,BRAND5,401.10,"""fibicjc elklfjd"" <fibicjc@gmail.com>"
cbb6428f-074d-4f8d-9471-26ea962776ed,2021-12-09T15:10:00,BRAND2,41.18,"""ijidkkh cjbkiii"" <ijidkkh@appple.com>"
8aa01b11-a867-41e7-8a13-5994388ce4c3,2021-12-09T15:10:50,BRAND1,692.64,"""cjigllf ijghkjg"" <cjigllf@yahoo.com>"
4ad019a3-35fb-45f1-a200-96226bd73ba1,2021-12-09T15:11:40,BRAND2,477.39,"""jdfhbad fiehfgk"" <jdfhbad@gmail.com>"
60a9c54e-2278-4961-bfb3-86d2e4fd6fdc,2021-12-09T15:11:40,BRAND5,279.75,aclglbe@yahoo.com
89c7e03c-1342-4713-b4c7-edf19e12fdf6,2021-12-09T15:15:00,BRAND2,452.14,fcfjchi@appple.com
49726d39-18ea-42b5-98da-0f34ae198ebd,2021-12-09T15:15:50,BRAND4,347.95,bhcejfg@gmail.com
4fb13a40-1056-443e-87e0-a2386db4d960,2021-12-09T15:15:50,BRAND1,184.82,kcacfec@live.com
0b31bdc8-699e-40dd-bc96-79516d058246,2021-12-09T15:16:40,BRAND5,9.20,"""kaeidec ageheld"" <kaeidec@hotmail.com>"
19616f50-ff39-4339-8bd8-a8d9e69e36d7,2021-12-09T15:16:40,BRAND1,653.69,lheljjf@gmail.com
85fdb7b8-bb8d-4305-a42f-90f84cf9cddc,2021-12-09T15:17:30,BRAND2,505.90,"""gjfecle lilgjib"" <gjfecle@gmail.com>"
cf7f97b4-477f-42a6-a1de-9b7dd4a79fc5,2021-12-09T15:18:20,BRAND2,837.32,dbkcabe@gmail.com
1dac37f3-d1a3-4340-8219-71f1d54360d1,2021-12-09T15:19:10,BRAND2,589.05,"""ajjkjgf ackhiib"" <ajjkjgf@live.com>"
a498dec6-8639-47ce-9bd3-17622396c87d,2021-12-09T15:19:10,BRAND5,104.04,"""geeehkf kkecjii"" <geeehkf@yahoo.com>"
cae94c6e-8ff8-4fa0-a37a-f8eec38efcac,2021-12-09T15:20:00,BRAND2,138.78,hbjikif@gmail.com
7d833948-b2bd-4914-8e8c-5624c6ee55c7,2021-12-09T15:20:00,BRAND2,764.50,"""echbkfd ejhagke"" <echbkfd@live.com>"
5b63d9a3-4535-4bd9-bb26-88025012b932,2021-12-09T15:20:50,BRAND2,100.40,"""ljeldfb kcciejk"" <ljeldfb@appple.com>"
907ef4ef-811e-4757-9694-5c9656a6fbf6,2021-12-09T15:20:50,BRAND2,893.14,"""ahfdald cbgdkja"" <ahfdald@live.com>"
60df692f-a75a-4cef-add2-9c38e1f70eea,2021-12-09T15:21:40,BRAND4,446.71,"""ifccckb hlegajj"" <ifccckb@live.com>"
64455e9f-6b0b-48ae-9b14-f34e86a74019,2021-12-09T15:22:30,BRAND2,626.11,"""hffcaii haidcci"" <hffcaii@appple.com>"
f778cbc8-71a7-4aa5-b771-28402c0a68ed,2021-12-09T15:22:30,BRAND5,174.25,agahiik@gmail.com
405af513-73bc-4165-a901-2f615aa1781e,2021-12-09T15:24:10,BRAND2,672.88,fkchhdg@yahoo.com
0284ad76-f7d4-44d8-b391-9e3721dc6ae8,2021-12-09T15:24:10,BRAND2,700.57,jcfgdkh@yahoo.com
88e3a645-148b-40b2-bc70-62524e489b0a,2021-12-09T15:28:20,BRAND1,922.23,fkklica@gmail.com
37f0c125-d97e-4180-ad99-a4a6412162ae,2021-12-09T15:30:00,BRAND1,127.92,"""khggaia iedkhig"" <khggaia@appple.com>"
d3115a31-1eaf-4888-9d7a-d60d2993b068,2021-12-09T15:30:00,BRAND5,420.85,kifeage@appple.com
fcbe6208-ab71-4abe-b64b-d761db49ed4c,2021-12-09T15:32:30,BRAND2,704.24,"""agkkbbf cddgiba"" <agkkbbf@live.com>"
fc9d9ac7-9014-4a88-a1da-20f21b229a1f,2021-12-09T15:32:30,BRAND2,446.47,ckbhkde@appple.com
f08bd243-3fc4-46c4-96aa-713528061ef7,2021-12-09T15:33:20,BRAND5,471.82,"""hbckaje hblilhh"" <hbckaje@live.com>"
b7bfecad-f5c3-4e6e-a029-64dd6abad553,2021-12-09T15:34:10,BRAND5,664.26,cldbceh@gmail.com
1271357c-78ec-47a0-9983-626e598118d0,2021-12-09T15:35:00,BRAND2,754.21,jjgggfd@gmail.com
9c5a2f2b-acbc-4c2d-a069-8e2c5b6816f0,2021-12-09T15:36:40,BRAND2,655.79,ldgihdg@gmail.com
89f99fbb-c5af-47f4-9cb5-efd9dc7eaee3,2021-12-09T15:36:40,BRAND5,954.32,jheilae@live.com
22987313-5df5-4582-88ed-526cc13908d8,2021-12-09T15:37:30,BRAND5,200.76,"""lkdblbb dgjcfgk"" <lkdblbb@gmail.com>"
908c672d-9d64-42c2-a771-69e2f8127f03,2021-12-09T15:37:30,BRAND1,979.07,elejcje@appple.com
e2d79551-f2a5-49af-a04a-00a5e3ea6323,2021-12-09T15:38:20,BRAND2,812.15,fbeebbj@yahoo.com
85007a02-5677-4714-adcf-f583e662b3c5,2021-12-09T15:38:20,BRAND2,992.70,kkddgbk@appple.com
14d5ed34-4c92-400f-90a3-12772eb77491,2021-12-09T15:40:50,BRAND2,101.72,"""gdkljaj aebidjg"" <gdkljaj@gmail.com>"
a65bf031-2a46-4042-99a6-9729f4ed2223,2021-12-09T15:40:50,BRAND1,196.39,"""kefldgi aibjlai"" <kefldgi@gmail.com>"
4196ebfc-0ae0-4951-a637-3a593503b87e,2021-12-09T15:41:40,BRAND5,113.23,dfgjibl@yahoo.com
86da60cb-c698-45cd-8081-cd13814aa824,2021-12-09T15:42:30,BRAND5,90.58,aaiclkg@appple.com
b5a0c6ef-8f75-4aca-8e03-26f3aba4ee12,2021-12-09T15:42:30,BRAND5,328.56,"""eleikkh jcefjil"" <eleikkh@live.com>"
041509fb-4bd9-4ad5-bd80-00b13bb872c7,2021-12-09T15:44:10,BRAND4,873.90,agabjki@gmail.com
b2aca3ee-a443-4460-a3df-33faeed79db2,2021-12-09T15:45:50,BRAND2,284.28,bjkceic@gmail.com
a34e8488-9aa5-44ab-a465-a46decafc235,2021-12-09T15:46:40,BRAND4,40.92,ecfikjc@gmail.com
5ac82754-4d97-4b0d-939e-53c95385e050,2021-12-09T15:46:40,BRAND2,840.10,"""chkaefj aeeibhb"" <chkaefj@gmail.com>"
7830c504-4fa3-466a-a389-107b80d0b939,2021-12-09T15:47:30,BRAND2,364.89,ejedble@appple.com
b0959bcb-714d-43e7-acc2-8d8483b0a922,2021-12-09T15:47:30,BRAND1,285.92,fiikele@yahoo.com
5fb22427-d984-4f0b-a123-e573ff1f1df6,2021-12-09T15:48:20,BRAND2,720.88,cggbfea@yahoo.com
053e3411-a8c8-4bfe-b40d-cb803532b485,2021-12-09T15:49:10,BRAND5,471.69,ikdbaje@appple.com
15580df4-0aeb-48c2-9238-844573e725d7,2021-12-09T15:49:10,BRAND2,313.18,"""ejjlaij jjbckai"" <ejjlaij@gmail.com>"
96632efd-6261-404f-b559-2a7645258fa6,2021-12-09T15:50:00,BRAND5,992.53,"""ffcdigb hggddbb"" <ffcdigb@live.com>"
b94e1141-f1a8-490e-b2d9-3e55f26c3447,2021-12-09T15:50:50,BRAND2,812.60,"""daieakl jbjdeeb"" <daieakl@appple.com>"
3aba926d-3faa-47dd-9b85-921494e93b64,2021-12-09T15:50:50,BRAND2,49.78,"""biiiihh ccjibkk"" <biiiihh@gmail.com>"
4178fab4-365b-4232-8ac1-3411e6e1b87a,2021-12-09T15:51:40,BRAND2,$674.08,"""lfjldff gegeidg"" <lfjldff@gmail.com>"
188d772a-e8ce-488d-ac98-ff436db6d8e4,2021-12-09T15:51:40,BRAND2,345.89,ekahjah@appple.com
ece91e4e-c4e3-4647-84ed-249c643139dd,2021-12-09T15:52:30,BRAND5,771.67,ilehiia@gmail.com
de99afb9-6a30-45e0-af4b-1b7806cfc54b,2021-12-09T15:52:30,BRAND2,665.89,khhklcb@gmail.com
a3f65cdc-966a-4f89-9dfd-64939208d2ab,2021-12-09T15:53:20,BRAND2,268.86,"""hleaklb lggljed"" <hleaklb@gmail.com>"
dc09d15b-fb5d-4a54-ac11-f953245d8afc,2021-12-09T15:53:20,BRAND1,647.83,"""cglfggk gfiglke"" <cglfggk@live.com>"
e139d9e8-c374-49a5-b2ce-426eff224cd4,2021-12-09T15:55:00,BRAND2,384.71,kljhcgi@gmail.com
9f5868ca-55fa-4cf9-8cea-12590679fdd8,2021-12-09T15:55:00,BRAND2,259.78,galcjed@gmail.com
c09075de-eb70-4abd-b034-8a76018218ce,2021-12-09T15:55:50,BRAND2,913.37,"""lafkicc jellace"" <lafkicc@gmail.com>"
737f7e0e-7931-4285-82e5-565478061a5a,2021-12-09T15:56:40,BRAND2,430.87,"""kcbllii jbbfjcf"" <kcbllii@gmail.com>"
5e53305c-f398-4b8a-94a5-a7853a9dec56,2021-12-09T15:58:20,BRAND2,671.19,jgldblj@gmail.com
733a7f36-f85f-4a4c-a287-7c4d068ff802,2021-12-09T15:58:20,BRAND5,679.43,icjelfa@gmail.com
5b933dbb-719c-4f82-8a51-7113eb325d2a,2021-12-09T15:59:10,BRAND2,362.77,abhedhe@gmail.com
3c4bc8a5-a8b8-4ac9-841a-387f349b8441,2021-12-09T16:00:00,BRAND2,653.65,cijgfkl@appple.com
f7f73111-3813-4618-90a0-5e2e074aba07,2021-12-09T16:03:20,BRAND5,278.43,figglca@gmail.com
0052fed0-5890-4b60-9577-22cb8535fc40,2021-12-09T16:04:10,BRAND2,437.47,abebfff@gmail.com
fabd4a98-a9ea-4c32-8066-8af166aad0a9,2021-12-09T16:05:00,BRAND2,292.41,haddidk@gmail.com
7b4c251a-ce75-4ede-83c4-7d63a890bb7d,2021-12-09T16:05:00,BRAND2,865.74,agdhjag@yahoo.com
3660de84-1d7f-4e77-a00c-7c1531adbb3d,2021-12-09T16:06:40,BRAND2,308.58,"""cbjieff efkbegf"" <cbjieff@appple.com>"
3ae66fea-9f83-493a-a5f4-943ccb73ae0a,2021-12-09T16:06:40,BRAND2,771.40,eficbaj@live.com
9a93149e-8287-43ee-a81d-0865ede7a1f7,2021-12-09T16:07:30,BRAND2,105.95,"""jbeahhd kabjkle"" <jbeahhd@gmail.com>"
ff45ad29-1877-487a-926e-f25eb28911de,2021-12-09T16:07:30,BRAND2,998.79,"""fblgjif hceilje"" <fblgjif@appple.com>"
4a822d40-4ad2-4642-96ae-0c843e366296,2021-12-09T16:08:20,BRAND4,316.50,"""fjafccc dhjdbhi"" <fjafccc@yahoo.com>"
0e9b504f-661e-4143-bb5f-ab96a17810e0,2021-12-09T16:08:20,BRAND2,471.06,eckehjg@yahoo.com
6099b6e2-5251-44cf-9650-897460508b33,2021-12-09T16:09:10,BRAND5,572.82,"""jillcek ilajkkb"" <jillcek@gmail.com>"
e8bcba62-a821-4f18-acc1-3c71c8582193,2021-12-09T16:09:10,BRAND5,259.25,lcdefcd@appple.com
9a4466ea-4158-419e-9884-84fe886f9d1d,2021-12-09T16:10:00,BRAND5,459.21,dllaikl@gmail.com
2b39db94-459b-4b60-b2b1-3d228ba04a99,2021-12-09T16:10:00,BRAND1,720.06,"""hehahde bhkgiid"" <hehahde@gmail.com>"
644642e9-238b-43f7-b81d-2172d8d56ddf,2021-12-09T16:11:40,BRAND3,491.86,"""jijbcac acjlekg"" <jijbcac@yahoo.com>"
a9d6b3a9-86e0-4bb9-a8bb-c3976b7fa0dc,2021-12-09T16:11:40,BRAND5,468.58,lgaheab@live.com
b38d4511-fb6e-4e56-abd5-a405c8978410,2021-12-09T16:12:30,BRAND1,699.12,cfjaldf@live.com
1b8d688e-47a5-483a-ac5f-36c2406a5a9c,2021-12-09T16:12:30,BRAND5,405.64,ajbgade@gmail.com
025daf73-e6a1-4d29-a413-2f0f7e40c7dd,2021-12-09T16:14:10,BRAND5,550.61,ekiagfi@yahoo.com
e783d08c-55d2-4be1-822f-ff256bee6768,2021-12-09T16:15:00,BRAND2,98.85,"""kljjkcl bifgelk"" <kljjkcl@gmail.com>"
67771d0d-244e-4568-b005-1f1ab83bc18e,2021-12-09T16:15:00,BRAND5,609.64,"""djeihfb fichiil"" <djeihfb@gmail.com>"
5164f9b9-3205-491e-b1ec-b76aac6898c2,2021-12-09T16:15:50,BRAND1,569.88,ecehefe@live.com
969ca54d-e9aa-47a3-8e35-bff5e3dcdbfe,2021-12-09T16:16:40,BRAND2,629.45,"""ijkakda ddhlghg"" <ijkakda@gmail.com>"
37c62bc9-b58c-4d3f-860a-23d5d82b02e2,2021-12-09T16:18:20,BRAND5,840.50,kkibbgk@gmail.com
605e4814-6c01-46c1-b57f-dffae2155397,2021-12-09T16:19:10,BRAND2,70.10,dkcdala@gmail.com
c59354b2-8d2e-4a5f-a8a7-54d1fc07dbca,2021-12-09T16:19:10,BRAND2,666.38,hhiibhe@appple.com
f361d47b-1ae4-4e40-a764-7e9fd42908f9,2021-12-09T16:20:50,BRAND2,809.37,ebedeec@gmail.com
2910ca4d-ba74-4d0a-9a07-53bc139f4c47,2021-12-09T16:20:50,BRAND2,319.25,bdfihhb@appple.com
8507ec14-ee8c-4574-b1e0-3403f69924fa,2021-12-09T16:21:40,BRAND5,259.52,"""jehakih jikdfkf"" <jehakih@appple.com>"
8b110d3f-7d8e-47d8-89ba-d4cb08857248,2021-12-09T16:21:40,BRAND2,383.40,jdiflhe@gmail.com
5c0cc60d-9753-4ed0-be0e-55b95f1d3319,2021-12-09T16:22:30,BRAND1,186.69,"""edlijed kagcbib"" <edlijed@gmail.com>"
78d72c88-ea64-4689-9a64-db2dff466931,2021-12-09T16:22:30,BRAND5,784.64,"""cbgfhbk fkkhgll"" <cbgfhbk@appple.com>"
9dcfced5-86f6-4a26-8a99-334006994d39,2021-12-09T16:24:10,BRAND2,596.78,jehahcj@yahoo.com
31d49273-3938-4b57-8f56-d450aff47968,2021-12-09T16:24:10,BRAND1,106.57,"""echabeb dlkjbed"" <echabeb@gmail.com>"
47d2f2d1-fe94-4ce7-aa8a-963d4228dd68,2021-12-09T16:25:00,BRAND2,193.36,kagfabj@appple.com
ebe21b3c-55e6-49d3-bc31-a902e55b7589,2021-12-09T16:25:00,BRAND4,53.31,"""kebecge ggggjdb"" <kebecge@appple.com>"
38de4a5f-709c-47a8-9e7e-8c2348ac4740,2021-12-09T16:25:50,BRAND1,80.11,kghbfch@gmail.com
ac5cbc80-2e84-4e56-918f-4b14cc1cbd8d,2021-12-09T16:25:50,BRAND2,373.37,"""glcfjli hheifeh"" <glcfjli@appple.com>"
5ba5eed9-df49-4b2a-8fd7-4d07c4225bfe,2021-12-09T16:26:40,BRAND2,372.30,egealid@appple.com
9a69a72b-fb0c-47e6-a567-bc438325bae1,2021-12-09T16:26:40,BRAND5,290.74,"""eelflle gelcgdc"" <eelflle@yahoo.com>"
d7f39491-6dfd-4851-8b90-d47653a2f853,2021-12-09T16:27:30,BRAND2,958.15,fdghdfl@gmail.com
0df4bec2-ae86-40de-a2c8-307f8430b0c4,2021-12-09T16:27:30,BRAND4,467.14,fdjjleb@gmail.com
7fc043dd-477c-4754-8846-aef98f48ea56,2021-12-09T16:28:20,BRAND2,829.39,"""jihjllj cllidca"" <jihjllj@gmail.com>"
650c1ccd-18b2-45b8-a061-c5d237b0fd05,2021-12-09T16:28:20,BRAND2,946.99,gckffej@live.com
a8c4f2cd-4067-492a-afac-1327592519cb,2021-12-09T16:30:00,BRAND2,85.39,bbcklli@gmail.com
8b318bcb-c92c-43f7-b4b2-8eb0c52677cb,2021-12-09T16:31:40,BRAND2,379.47,"""eleckjb gglakbh"" <eleckjb@appple.com>"
5d909d71-6430-4530-80fc-12f5855355c9,2021-12-09T16:33:20,BRAND2,149.49,"""ajjadja giklgab"" <ajjadja@live.com>"
f1251a6a-b70f-4a15-8070-59e6f4d1b4b7,2021-12-09T16:33:20,BRAND2,290.28,lcahlig@appple.com
9ab92c16-844b-4681-a154-c95fe7c119fb,2021-12-09T16:34:10,BRAND2,946.17,ckjicia@live.com
09088da2-d9e9-48f7-ab7b-e2a0df605740,2021-12-09T16:35:00,BRAND2,936.07,"""halajcg fhlljdg"" <halajcg@gmail.com>"
c28dfb83-1e81-40e1-be85-b5636104c6d8,2021-12-09T16:35:00,BRAND1,106.42,lehdkgl@gmail.com
9c43d846-545c-41b6-8f6e-e570e714cde0,2021-12-09T16:35:50,BRAND5,749.58,cjkakfd@gmail.com
0cb9fa59-eaff-42d7-9ee2-207ec7a19324,2021-12-09T16:36:40,BRAND2,771.01,fgbacbb@gmail.com
105e00d8-97f4-4257-831c-b353cc057694,2021-12-09T16:36:40,BRAND5,479.77,"""hhdblhg ggdhlde"" <hhdblhg@gmail.com>"
60685faf-4f9b-4b33-8c8c-4b7c9a2cce22,2021-12-09T16:38:20,BRAND3,656.33,jalfide@hotmail.com
5447064c-d5d1-4be8-b63d-51c2b83db369,2021-12-09T16:38:20,BRAND2,40.41,"""fieidlh jcagaig"" <fieidlh@live.com>"
3b1da309-484d-4eab-a8e6-b8ff4564ff33,2021-12-09T16:40:00,BRAND1,9.44,"""eibghfb jegefeb"" <eibghfb@appple.com>"
119053e4-3da5-44bf-b1cd-fd99a4791aa1,2021-12-09T16:40:50,BRAND3,967.09,ldjdabj@appple.com
28ff0941-a014-46c2-96dd-c96a0362f0d5,2021-12-09T16:40:50,BRAND5,114.21,"""dkldjij jikejcg"" <dkldjij@live.com>"
941953a5-83df-4d53-97ee-1542f92b1fe3,2021-12-09T16:41:40,BRAND2,883.29,"""kibhghf ehccjde"" <kibhghf@appple.com>"
04e67af9-25f5-434b-8518-2eba3c56b67c,2021-12-09T16:43:20,BRAND1,659.46,jjelkbg@gmail.com
a0a6480c-226f-482e-bde0-2f28ede37307,2021-12-09T16:44:10,BRAND2,686.51,"""jfbbala aejjakk"" <jfbbala@appple.com>"
e6957f42-ec76-4a3c-b084-6f1931995823,2021-12-09T16:44:10,BRAND5,468.64,"""bgdbijg dfbhilk"" <bgdbijg@gmail.com>"
a4f1877b-b9c8-421e-8f9f-2cd477f44b1e,2021-12-09T16:45:00,BRAND2,349.84,edleakb@live.com
55bfa909-9a59-4454-95e9-0992af942030,2021-12-09T16:45:00,BRAND1,70.31,bkcajhc@live.com
7268674c-dc72-4fac-b2e8-0f610ce7762b,2021-12-09T16:45:50,BRAND5,665.92,abdgaae@gmail.com
3ab67b24-9845-48b8-a183-1b9ec8a4d4e0,Thu Dec  9 16:45:50 2021,BRAND1,970.76,bfdkkgl@gmail.com
83b9063f-8364-47cd-85d8-d5c8b1f24937,2021-12-09T16:47:30,BRAND1,437.93,"""cgcciba biiglaj"" <cgcciba@gmail.com>"
6097707b-60d0-4314-b32a-e7b3f9222b8c,2021-12-09T16:48:20,BRAND2,398.32,eilgjeg@gmail.com
b7d39ce5-3a9c-4b18-b8fb-c216e1185c29,2021-12-09T16:48:20,BRAND2,32.19,"""cedhcce ajbclii"" <cedhcce@gmail.com>"
f79605b0-2aba-417d-9359-3330a2ed05e6,2021-12-09T16:50:00,BRAND2,65.00,"""jkijadc habciba"" <jkijadc@gmail.com>"
7b4b6d19-8431-4119-b81c-4d64a8697828,2021-12-09T16:50:50,BRAND5,401.42,"""difidil klbdkic"" <difidil@gmail.com>"
5cc1b607-bec5-4844-b5b6-639ec6390182,2021-12-09T16:50:50,BRAND5,833.49,iddjdel@gmail.com
06fcc26a-1c18-44e2-b55f-e4f59c9cff45,2021-12-09T16:52:30,BRAND2,39.57,gfkabfe@appple.com
3abdc806-f144-4302-b5e1-9759100144d8,2021-12-09T16:52:30,BRAND5,349.02,illlche@appple.com
91379cbf-f0f0-4e7e-b789-f8ceea07e065,2021-12-09T16:53:20,BRAND2,108.54,ablkibg@gmail.com
218e5b1b-3843-41b1-9b09-33b8e1270cd5,Thu Dec  9 16:53:20 2021,BRAND2,441.46,edgecch@appple.com
496ad26b-dec8-45ff-9ef3-deaee706e72b,2021-12-09T16:55:50,BRAND3,241.99,jbicbbg@appple.com
e9abeb52-5e16-4111-b0cf-3fb144d3c22e,2021-12-09T16:55:50,BRAND5,580.30,ccjbehc@gmail.com
c62ec6dd-2468-4983-ad6a-1769e10bdbd9,2021-12-09T17:00:00,BRAND2,939.14,dkidabk@appple.com
78d59fb4-ec94-42d3-814d-148524049f20,2021-12-09T17:00:50,BRAND2,589.89,"""jcgfhlf jcfdfjd"" <jcgfhlf@appple.com>"
efb7b2a4-be29-4b61-9734-0a6fb3e15ade,2021-12-09T17:00:50,BRAND2,307.98,efkfkii@gmail.com
f5d3d0b9-9d66-47ae-8563-3284c19770c8,2021-12-09T17:01:40,BRAND2,49.78,bbegkdk@gmail.com
98e9ddbc-270d-492b-b43c-2b140bf197a7,2021-12-09T17:01:40,BRAND2,446.79,ejbjfih@appple.com
dfdfed84-c80d-4a84-9d93-c79d55c9e10f,2021-12-09T17:03:20,BRAND2,679.92,"""ecfkgeh klgfach"" <ecfkgeh@gmail.com>"
c5be6c2f-f3ad-48a2-bef1-866aed4a40ee,2021-12-09T17:03:20,BRAND2,680.72,"""beccili hakdjeh"" <beccili@gmail.com>"
bddfb15e-1254-4925-b2b3-a8fc49595761,2021-12-09T17:04:10,BRAND2,491.14,eggljae@appple.com
75d59ca4-0fd4-4d3b-820f-8263db8cd8dc,2021-12-09T17:04:10,BRAND2,177.02,kbelhib@live.com
97eb2bfa-3eba-44e2-b19c-77ca32177847,2021-12-09T17:05:50,BRAND2,608.12,hhbkklb@appple.com
ab9e4ae4-8d85-4ddf-a2f0-d857f548beb7,2021-12-09T17:05:50,BRAND1,97.25,adgkihj@gmail.com
db6149cf-12d9-4da5-8ef7-cb7769609e17,2021-12-09T17:06:40,BRAND2,426.26,edjicia@appple.com
52a9f4f1-27ff-4a40-bfd8-1b1088e68eaf,2021-12-09T17:06:40,BRAND2,781.63,"""daklfcc fekakga"" <daklfcc@live.com>"
9be53baa-28e3-448d-a2b9-47fb3cc5ec43,2021-12-09T17:08:20,BRAND2,728.66,eijcjie@appple.com
bd5b2ef2-0b16-4c8d-9b5e-69ece6446f30,2021-12-09T17:08:20,BRAND5,396.59,iheafij@gmail.com
74b8c93a-9cbb-4f5a-a859-e0e6b7652a86,2021-12-09T17:09:10,BRAND2,7.36,"""jicikff ajliijf"" <jicikff@gmail.com>"
f57e7357-af1b-4526-b651-a3a847e768d3,2021-12-09T17:09:10,BRAND2,123.70,eeaflak@gmail.com
5310feba-b20d-49a8-b232-3ea0439f763a,2021-12-09T17:10:50,BRAND2,361.42,"""kgefdcb accjbjl"" <kgefdcb@gmail.com>"
f711c81a-8d05-44d2-b5f1-664a66f9ccb6,2021-12-09T17:10:50,BRAND2,607.78,fdlifgd@gmail.com
6d1573bf-63e7-431d-90a9-c459b232e877,2021-12-09T17:11:40,BRAND2,65.46,dejhgcg@gmail.com
9a620052-f4e6-4796-9170-af9eee602990,2021-12-09T17:14:10,BRAND2,564.45,agffghc@gmail.com
2a7fb1e1-8eaa-4ca7-aab0-48fa53589215,Thu Dec  9 17:14:10 2021,BRAND5,783.31,dlbieie@gmail.com
1cf3422f-d397-43f3-a8b3-0e944d5066bd,2021-12-09T17:15:00,BRAND4,11.59,akdehbg@gmail.com
90b1835f-659e-4307-bb57-a5046bc9190c,2021-12-09T17:15:50,BRAND4,458.11,caddfac@gmail.com
3070de26-e730-41b7-bcc3-4d58ac42f1c6,2021-12-09T17:15:50,BRAND4,826.82,"""ebjdhdb laalckc"" <ebjdhdb@gmail.com>"
5e06d1d0-a2b3-4c7f-939c-aee6d23dcae2,2021-12-09T17:18:20,BRAND2,859.17,dajilii@appple.com
fe988026-0472-4f98-911d-0e9e4a54094a,2021-12-09T17:18:20,BRAND5,637.42,daigile@yahoo.com
d59bb6ee-ac40-4a5f-bc6b-ced65396d032,Thu Dec  9 17:19:10 2021,BRAND5,543.54,bafijfi@appple.com
fd195639-c7ba-44bf-9e33-c3e9412da280,2021-12-09T17:19:10,BRAND4,5.15,"""bgglfkc fhididk"" <bgglfkc@gmail.com>"
f45f3379-0e7b-42f6-8a2d-91b68bf58623,2021-12-09T17:20:50,BRAND2,952.39,cfeicfl@gmail.com
3376b080-285b-4099-9276-24592f4fa1ba,2021-12-09T17:21:40,BRAND5,817.70,lbcfdhl@gmail.com
be83842f-bdb2-4677-8ad5-2feb3e9ea52f,2021-12-09T17:22:30,BRAND2,330.28,"""fdfkkcb kdegkdf"" <fdfkkcb@appple.com>"
386349d1-06a9-4e73-9a30-816e34147f0b,2021-12-09T17:22:30,BRAND2,376.14,"""jdjfjdf hcgegdg"" <jdjfjdf@appple.com>"
7031ddf3-bd15-4cce-84b6-6debc32c5b3f,2021-12-09T17:24:10,BRAND2,434.04,gggggfc@gmail.com
fe37bbb0-42ec-4ea4-876a-22e09b40d6f8,2021-12-09T17:24:10,BRAND1,941.94,eigcjfe@appple.com
d8795988-f72a-4fb1-a5ca-8581470ecb16,2021-12-09T17:25:50,BRAND1,975.52,"""kbalfkl iabjlbh"" <kbalfkl@appple.com>"
32c77e82-04f9-433d-86f6-b6bd17c3a901,2021-12-09T17:26:40,BRAND2,501.18,"""bcljcki eafcflh"" <bcljcki@appple.com>"
f1535255-3707-44f4-a28d-22be41a843ca,2021-12-09T17:26:40,BRAND2,137.28,hkiheld@live.com
8b54b4d5-d31a-426e-bd03-a3489c24f4eb,2021-12-09T17:27:30,BRAND5,739.66,"""idfbkib haklcfb"" <idfbkib@appple.com>"
a11a235f-630c-4bff-a947-8f019da1d905,2021-12-09T17:27:30,BRAND1,120.51,"""cgakbdb lcfcfjg"" <cgakbdb@gmail.com>"
53141f87-2d81-428e-89cc-5f52e3371704,2021-12-09T17:28:20,BRAND5,661.61,gbfccae@appple.com
59284b6f-ca20-481a-a84a-3027dbba9805,2021-12-09T17:30:00,BRAND1,849.15,jjglggc@gmail.com
8b052205-4be9-4ef6-b06f-4c9383eb64e4,2021-12-09T17:30:50,BRAND5,94.19,hakidcc@appple.com
e8ef2871-f108-443e-8598-a3833464d6de,2021-12-09T17:30:50,BRAND2,973.61,"""jigdica dchgahc"" <jigdica@appple.com>"
043f020a-b60c-479b-9138-34fb9b75f1f9,2021-12-09T17:31:40,BRAND5,155.78,"""jcldhhi dldgbda"" <jcldhhi@gmail.com>"
24b2ba73-117c-4c79-aa8e-7d4e2e09b5cf,2021-12-09T17:32:30,BRAND5,532.94,"""lbbcdba eldccii"" <lbbcdba@gmail.com>"
b4f6f62d-d0d2-49e1-b3cf-47d1296dc27f,2021-12-09T17:32:30,BRAND3,935.51,hjdekfd@hotmail.com
6a711fcf-4691-4a67-9d3d-01a117503b70,2021-12-09T17:34:10,BRAND2,435.29,hbfgdfj@gmail.com
caa65b5c-45be-462a-ac39-72253d65cf3a,2021-12-09T17:34:10,BRAND2,395.93,ebhbajb@yahoo.com
4debd038-02a5-4040-88b0-528f75f0533c,2021-12-09T17:35:00,BRAND2,667.96,hdhfccd@gmail.com
b0810a6f-8987-4fc8-8e10-76f27990cb94,2021-12-09T17:35:50,BRAND5,59.35,"""ceghaac khldjdf"" <ceghaac@gmail.com>"
0cd89e58-a3f6-4807-8bd2-ef937a98cc49,2021-12-09T17:35:50,BRAND2,186.66,jkadchi@yahoo.com
ba65f6e8-7790-471a-99a0-e4813f26718d,2021-12-09T17:37:30,BRAND5,884.43,dcalblg@appple.com
115dce0f-1f04-41c7-85f4-bf7a0d6f8db3,2021-12-09T17:38:20,BRAND1,199.60,ekifccc@gmail.com
73cbec55-5be9-4ecc-b0b4-07e6d79d017c,2021-12-09T17:39:10,BRAND2,958.36,bfcbegk@live.com
e622dfca-e09e-4a1d-86b8-ee3a1bc916ff,2021-12-09T17:39:10,BRAND2,604.21,iaafkie@gmail.com
e4b94116-51fc-40a8-b8af-0683f5b9d546,2021-12-09T17:40:00,BRAND5,630.06,bfbidef@gmail.com
6b732fa6-219e-44cc-a634-a89e8218e146,2021-12-09T17:40:50,BRAND5,616.39,"""fegedkd fgaeadf"" <fegedkd@appple.com>"
14bcf3bc-681f-4b1a-bf62-639f48ec1ab0,2021-12-09T17:41:40,BRAND5,292.67,ickfjff@live.com
0389fd9e-4b74-4552-b235-aabb973e70a4,2021-12-09T17:43:20,BRAND5,293.93,"""bekkijd hebjkgj"" <bekkijd@gmail.com>"
2d04dca3-c100-4b30-9a54-7c6af43491dd,2021-12-09T17:43:20,BRAND2,124.83,ggieefi@live.com
138260ef-0a59-416e-9f89-71c171611676,2021-12-09T17:45:00,BRAND4,356.86,glbdcbb@gmail.com
b06c0a87-a73e-42b0-817f-23bed3bde084,2021-12-09T17:45:00,BRAND5,592.73,"""eclkfki dhceflf"" <eclkfki@appple.com>"
a7a27f17-6264-4b1a-97da-f1fb2a96ed66,2021-12-09T17:48:20,BRAND2,484.81,"""aijleja ciedied"" <aijleja@appple.com>"
62284ec8-93db-435c-a58b-e497e0f8ec96,2021-12-09T17:48:20,BRAND2,770.68,cfijlbf@live.com
7575e515-91c8-4aac-9e61-15e3ccf11d35,2021-12-09T17:49:10,BRAND5,357.17,"""jhhilej eiachfd"" <jhhilej@appple.com>"
e5d4e453-70e7-4871-baa5-4834f8cc36da,2021-12-09T17:50:50,BRAND2,170.55,faeblci@gmail.com
57394cae-ac5e-4203-a754-100f01ec0876,2021-12-09T17:50:50,BRAND1,495.05,"""lhaelea bkkegef"" <lhaelea@gmail.com>"
4beabd57-c70f-4bf6-a0ae-10015cd8034c,2021-12-09T17:52:30,BRAND2,557.14,"""hfkfhde laiihbc"" <hfkfhde@live.com>"
02961242-0d98-4f24-aa3c-4c534d208aa2,2021-12-09T17:54:10,BRAND2,889.41,abihhke@gmail.com
1e92dd5b-03aa-475e-879f-3dac09a8f4e0,2021-12-09T17:54:10,BRAND2,917.62,"""jfkhedf ecekibe"" <jfkhedf@gmail.com>"
32d6350a-f42a-40d5-a586-d2dea05487d0,2021-12-09T17:55:00,BRAND2,654.17,dbcflgj@gmail.com
8acb03bb-a4f4-4e82-ae02-360d33a87385,2021-12-09T17:55:50,BRAND5,252.53,"""igafjbb heeeddf"" <igafjbb@gmail.com>"
a0a98f70-eabc-4b66-98b4-e960852644ad,2021-12-09T17:55:50,BRAND1,722.17,"""eheclbb ffefdei"" <eheclbb@gmail.com>"
b31ec83d-4fdc-420e-aa6a-a4832c03dd18,2021-12-09T17:56:40,BRAND2,242.85,"""lecfbkj ldgaial"" <lecfbkj@gmail.com>"
35e7f2a4-644e-40ca-8781-a10ffd6a712d,2021-12-09T17:58:20,BRAND3,297.90,lejiedf@gmail.com
c26164c1-78b3-4521-a4b1-5de164cc82ac,2021-12-09T17:59:10,BRAND1,795.85,"""dhfjbcl beikkkb"" <dhfjbcl@gmail.com>"
704e2d32-128f-4228-9478-c96c2e488ebb,2021-12-09T17:59:10,BRAND2,39.74,egkbgjc@appple.com
6e324086-aa1b-4306-935e-6dd9a9c8403f,2021-12-09T18:00:50,BRAND1,6.93,"""jbbgfhl caacaak"" <jbbgfhl@live.com>"
8484b9d0-d307-44c3-ae6d-c21f90a17567,2021-12-09T18:00:50,BRAND1,114.22,"""lldilbl lgheafk"" <lldilbl@gmail.com>"
7c8fe904-28ff-443f-a7dc-3367189ff710,2021-12-09T18:03:20,BRAND2,833.28,"""dfaaghb akfidcg"" <dfaaghb@appple.com>"
a9642b7b-ae37-41df-bf9c-d385134553e6,2021-12-09T18:05:00,BRAND1,707.80,kccjljj@gmail.com
96b566d3-4ff8-4794-84cc-b0399d56df85,2021-12-09T18:05:50,BRAND2,16.39,"""kfhhahd gldiicg"" <kfhhahd@appple.com>"
eda29216-afd3-4763-b7b6-c6db7409d441,2021-12-09T18:08:20,BRAND2,302.81,klaalfj@live.com
72c256ce-2235-4b2b-b763-d89931c94b08,2021-12-09T18:08:20,BRAND2,225.82,ickbjje@appple.com
5643b48b-7a75-4300-bb93-00e207cac7e3,2021-12-09T18:09:10,BRAND1,643.63,lhccekb@yahoo.com
a22e13ff-54f0-4f48-bf7d-32a26cc54b1c,2021-12-09T18:11:40,BRAND5,896.43,"""hlehgcb cdkhkeb"" <hlehgcb@gmail.com>"
4872f0f6-3438-4a52-95e8-33642801ebf8,2021-12-09T18:12:30,BRAND1,341.36,"""eliiglh kgcfikh"" <eliiglh@gmail.com>"
5cbe4e4e-dc92-4f73-a1a7-d6230157d2f3,2021-12-09T18:12:30,BRAND4,308.57,eaikakf@gmail.com
4cf27166-4465-42b9-b9b0-c445c32948b0,2021-12-09T18:15:00,BRAND2,668.45,"""lidjehc klfjadj"" <lidjehc@gmail.com>"
d197f89c-1807-46ec-bbb5-0812746c3018,2021-12-09T18:15:50,BRAND2,936.37,jkialfa@gmail.com
3790ee60-df9e-4133-adca-2571880b63a2,2021-12-09T18:15:50,BRAND2,219.39,bddgcle@gmail.com
77fa84e8-8c43-4f26-a091-e5291e6e7cc0,2021-12-09T18:16:40,BRAND1,416.18,"""bfikkgj cclbfca"" <bfikkgj@live.com>"
053c9546-b8f9-469e-a61e-f135af081682,2021-12-09T18:17:30,BRAND2,542.40,"""gkfecli cagfijh"" <gkfecli@yahoo.com>"
e08acc8f-3d92-47e3-bca0-2802c2fcdcc8,2021-12-09T18:20:00,BRAND2,671.43,"""elilgak fjgbgjh"" <elilgak@gmail.com>"
bb3c04b2-4c9f-4be9-9dc5-860bf147000f,2021-12-09T18:20:00,BRAND2,266.29,hefkjeg@live.com
462e8107-6b62-4bc5-87d5-8f144112536c,2021-12-09T18:20:50,BRAND2,83.78,"""jfgacbh kcagedc"" <jfgacbh@live.com>"
d12977e4-20d5-44eb-993c-36aaae8b68fc,2021-12-09T18:20:50,BRAND2,54.40,fdhdhlk@gmail.com
21dba687-3995-438b-89b1-58b74d2f500f,Thu Dec  9 18:21:40 2021,BRAND2,414.70,kidehie@gmail.com
5f0b9b69-d752-46bd-b398-51b5da7d2fe9,2021-12-09T18:21:40,BRAND3,134.80,"""ihbjiga lddiilc"" <ihbjiga@gmail.com>"
80c03d44-10a3-4091-9e5a-e6c74e9c0a93,2021-12-09T18:22:30,BRAND2,528.02,cdbdajg@gmail.com
c1d3dc68-b4d0-4acb-984c-1d58fdfe45cf,2021-12-09T18:22:30,BRAND2,325.94,"""ehhhhej fafdchh"" <ehhhhej@live.com>"
c64c4cbf-f604-4ecc-acd2-3b44aa556f4a,2021-12-09T18:24:10,BRAND4,659.60,fdijidd@live.com
3f251b83-f405-45b7-a088-2da27c1baa0f,2021-12-09T18:24:10,BRAND5,397.88,"""eejldfa jacacif"" <eejldfa@appple.com>"
be747703-1c71-4e49-b49e-48a296081386,2021-12-09T18:25:00,BRAND2,155.99,bkgjfki@gmail.com
c3cb59a0-42dc-4f3b-b0b6-d0dd9c952891,2021-12-09T18:25:00,BRAND2,$960.28,kkdidlk@gmail.com
eee5c28f-15df-421e-a219-924502b9c83e,2021-12-09T18:25:50,BRAND2,258.20,"""ijijccc elebfhg"" <ijijccc@gmail.com>"
eeeee21c-7657-47fe-bcc9-9172113d298e,2021-12-09T18:26:40,BRAND4,983.86,"""aebffhi bejeekd"" <aebffhi@yahoo.com>"
95c51362-0e0f-4793-92d4-5ddd985aee90,2021-12-09T18:28:20,BRAND2,606.45,idcbdgl@gmail.com
5a0732ae-a2a4-4889-a45c-64e59264902d,2021-12-09T18:28:20,BRAND5,367.61,"""efaeakl hdjelii"" <efaeakl@appple.com>"
b9894bda-aa60-4b37-837b-d2e20ff43e9c,2021-12-09T18:29:10,BRAND2,350.79,"""cdlhdea agaflgd"" <cdlhdea@yahoo.com>"
446f0936-2a6b-4de9-b113-702bc8df33c9,2021-12-09T18:30:50,BRAND5,538.68,cfeidah@gmail.com
39d5d4fa-3733-4e6e-90bd-6f2ad3982001,2021-12-09T18:31:40,BRAND1,645.26,ldiaael@appple.com
bd900b98-7a0a-43ee-9a2c-b413450555e8,2021-12-09T18:31:40,BRAND2,557.89,higkgdj@live.com
4c54842b-f4c8-4443-bdb9-bfe3435d1491,2021-12-09T18:33:20,BRAND5,417.47,ldhefdk@gmail.com
2059541b-c4b1-40dc-9f85-721ee540318d,2021-12-09T18:33:20,BRAND5,764.84,"""hfdadjc aicdddf"" <hfdadjc@gmail.com>"
83d911e4-6177-45e3-a13b-08951664cb56,2021-12-09T18:35:50,BRAND5,834.09,adabkak@gmail.com
5c4a9701-65ab-4ae1-8a3b-a9840a62438e,2021-12-09T18:35:50,BRAND2,272.46,cgllbhe@appple.com
512775cd-1f4d-4223-a34c-4564c7723903,2021-12-09T18:36:40,BRAND5,403.45,biifaai@live.com
c707fd8b-54a6-47d4-8bf0-dfa7389f5ab9,2021-12-09T18:40:50,BRAND2,945.61,jacgcic@gmail.com
dde4dee3-089c-4aa3-a97b-c1f046bfab35,2021-12-09T18:40:50,BRAND1,825.76,jkdcihb@gmail.com
75428c7e-4673-49c3-bfd6-596f6fd57691,2021-12-09T18:42:30,BRAND2,613.05,"""bjileda gaikfag"" <bjileda@gmail.com>"
8c434541-e58d-4807-a3ef-0cff9f8e46f8,2021-12-09T18:42:30,BRAND2,211.76,elhffia@gmail.com
c35f7b68-6a4b-43ae-bae5-2b425e92aeae,2021-12-09T18:43:20,BRAND5,153.43,"""eijgbdf ibeegkf"" <eijgbdf@hotmail.com>"
b6e879fe-de98-485d-8817-998690dcd60e,2021-12-09T18:45:00,BRAND2,471.96,cdhdbkj@gmail.com
b78f8f2e-6fd4-431f-85e6-12cecc6deba5,2021-12-09T18:45:50,BRAND4,208.78,hehkjig@gmail.com
dba22740-27b5-484b-9fcd-a320e6579fb0,2021-12-09T18:47:30,BRAND1,266.74,cbihgfh@gmail.com
a241de34-bf5a-43bc-9b39-c38149cc93b6,2021-12-09T18:47:30,BRAND5,345.01,"""ccdihge dkkkhak"" <ccdihge@appple.com>"
59458a68-dbca-489c-be48-826369c2b3ab,2021-12-09T18:50:00,BRAND2,848.52,"""cbaabbj jcihllf"" <cbaabbj@live.com>"
b0333408-a466-44b1-b16e-691ad3666508,2021-12-09T18:51:40,BRAND5,158.09,"""faiaehd fdhahkh"" <faiaehd@appple.com>"
5e424f90-a1a9-477e-b1e0-c8c38e461c85,2021-12-09T18:52:30,BRAND2,229.88,hdfkgll@appple.com
20ae97a4-1937-45f7-9a6b-ce5b32e2dc4a,2021-12-09T18:53:20,BRAND2,440.22,efailcc@gmail.com
9c46a1a3-789f-4aa9-96ec-4da9932bba2b,2021-12-09T18:54:10,BRAND1,969.22,"""lfkbkeb jhgdlfl"" <lfkbkeb@appple.com>"
05131451-57e7-41ab-9844-85c6a8e1db63,2021-12-09T18:54:10,BRAND3,315.27,"""lhhgjkl ejjicfa"" <lhhgjkl@gmail.com>"
881133d1-c53b-4a0c-a651-71a297182f6a,2021-12-09T18:55:00,BRAND1,40.59,jjhjdai@gmail.com
025b22ba-1c75-49a4-a169-21a6b804cc24,2021-12-09T18:55:00,BRAND2,505.51,kbadhcc@yahoo.com
f842f579-65ed-4144-8720-0b2d73304ad6,2021-12-09T18:55:50,BRAND1,600.12,"""ddhkcle idfbhak"" <ddhkcle@gmail.com>"
632d4921-d024-4c5b-ad80-846a6ddf34d2,2021-12-09T18:55:50,BRAND2,277.65,dajegab@gmail.com
e352151a-d975-4a52-b8a1-f4ba8465aa40,Thu Dec  9 18:56:40 2021,BRAND2,970.92,"""gajjbek ggjkcfh"" <gajjbek@appple.com>"
d4d9d57f-15cf-4e28-b129-552c443afee3,2021-12-09T18:56:40,BRAND1,834.58,dlaeafb@live.com
fc54bb2b-07ee-4824-bc7e-c4d993fb3c8d,2021-12-09T18:59:10,BRAND2,$101.24,idakcee@appple.com
7bcf137f-ddc3-4b65-9707-9f4f5947fe42,2021-12-09T19:00:50,BRAND2,885.90,ifkckcl@gmail.com
4054f493-5db5-4afd-97ca-2c9cefc5ce45,2021-12-09T19:00:50,BRAND5,807.85,bafhfej@appple.com
92236ade-0ece-4ec3-8d90-f04bbdda02be,2021-12-09T19:03:20,BRAND2,908.62,dadghdk@yahoo.com
d7f970d5-b5e2-4b8a-b9c1-b21704ddc2f6,Thu Dec  9 19:04:10 2021,BRAND2,195.38,jdcaahi@gmail.com
bdaeba61-c03b-41f2-ac2a-8518c84b85c9,2021-12-09T19:05:00,BRAND1,373.11,iiljial@yahoo.com
9058db09-f5b7-4e45-8fb2-ae1891c2bebb,2021-12-09T19:07:30,BRAND1,508.00,gcgagbd@gmail.com
89f1b4a2-e7b1-4849-a90c-75c397bbab10,2021-12-09T19:07:30,BRAND2,739.58,dffcigk@live.com
ad1f78de-abdc-4472-a1d9-59b197a97f78,2021-12-09T19:08:20,BRAND2,25.82,ajgdcla@gmail.com
6cd47859-bb91-4cd7-b586-b38c3be62643,2021-12-09T19:08:20,BRAND2,655.14,flkkgeh@gmail.com
aaeabb8b-e009-4700-b776-8226870db829,2021-12-09T19:09:10,BRAND2,330.88,kkelcga@gmail.com
3649746b-50e4-48f3-83d6-998d6dc282d8,2021-12-09T19:10:50,BRAND4,682.32,ijjkkdf@yahoo.com
a7dab008-0838-45b6-a4a0-ab58d66b6c25,2021-12-09T19:12:30,BRAND1,858.11,fagdfle@appple.com
dfd2374f-94f8-4e6d-98ca-fae7531a5000,2021-12-09T19:12:30,BRAND2,184.42,adeljcf@appple.com
66176e2a-ffae-449f-b311-ab419f0a34c4,2021-12-09T19:20:00,BRAND5,645.06,"""hjdhlgf fkhedhl"" <hjdhlgf@gmail.com>"
78dcfdad-d76a-43d0-86c4-f6c02cbe72ea,2021-12-09T19:20:00,BRAND1,912.23,hfgjgah@gmail.com
a6e3802f-eeb8-49dd-a7ae-0c99049713d9,2021-12-09T19:22:30,BRAND2,600.63,"""kjlalgc jgkchag"" <kjlalgc@gmail.com>"
4e315485-3154-4a72-9394-3e68b7848846,2021-12-09T19:24:10,BRAND5,447.07,"""dbaifha flldjec"" <dbaifha@appple.com>"
adfa06ba-6cd7-41fb-9038-a44f85a02f27,2021-12-09T19:25:00,BRAND5,211.13,fhhkfcf@live.com
afa13948-0d79-49de-9cdd-a39e78663d9e,2021-12-09T19:25:00,BRAND5,928.94,lfcaiaj@gmail.com
604cef89-8a94-4912-bfbe-edf994fafad3,2021-12-09T19:25:50,BRAND2,318.33,ijkliej@live.com
fcc61569-95c1-4230-8317-d292db57ab89,2021-12-09T19:26:40,BRAND2,876.27,kfikhdi@gmail.com
c13865a3-f2f9-4074-ab2e-24044a63a6d6,2021-12-09T19:26:40,BRAND2,10.78,"""ljcljel ekfggki"" <ljcljel@gmail.com>"
89af646d-ff19-44c0-8c41-fb2b3d916d1d,2021-12-09T19:27:30,BRAND2,620.18,dieabbd@gmail.com
68683bcd-a584-4308-a113-0f71b56e5d47,2021-12-09T19:27:30,BRAND1,684.17,akedaki@live.com
ab40cedf-bf9f-43cd-ac41-4dfeb0af83ff,Thu Dec  9 19:28:20 2021,BRAND1,158.49,"""iheklca hkfjkjc"" <iheklca@gmail.com>"
639d133a-1bb9-42c1-a5c4-bd8a9a9477b8,2021-12-09T19:28:20,BRAND2,$177.88,bjjhkjc@gmail.com
bc76e96c-6377-4622-89dc-7c35dfecc875,2021-12-09T19:30:50,BRAND5,757.67,"""jblhaca hebjbld"" <jblhaca@gmail.com>"
30a37a10-2819-4414-be65-e97c3f5623ea,2021-12-09T19:32:30,BRAND5,585.79,kflkjhj@yahoo.com
543b9076-d90f-4322-9db2-a00987161c06,2021-12-09T19:33:20,BRAND2,441.27,"""iellldl dhjdihj"" <iellldl@gmail.com>"
87da1b59-76a9-4351-bd96-bc13bc4ba6ba,2021-12-09T19:35:50,BRAND2,19.50,feggiaa@gmail.com
4f0bd7a0-e7f6-4289-b411-72f5ea02e097,2021-12-09T19:35:50,BRAND1,587.07,"""feledha ibdbcaf"" <feledha@gmail.com>"
f229809d-5cf3-4c2a-8fc3-2b1d1eeeaf21,2021-12-09T19:38:20,BRAND4,328.47,fdcgfcc@gmail.com
f92d354e-da81-4624-863d-11e82ab86e9f,2021-12-09T19:38:20,BRAND2,681.42,igklhkc@appple.com
7edefe36-4d44-4aa3-943c-bbc72876c340,2021-12-09T19:40:00,BRAND5,569.39,behkjef@appple.com
960fdc46-ee09-4a71-ba27-099c0a95d77d,2021-12-09T19:40:00,BRAND2,891.31,eafaicg@live.com
77a6d8c2-b25f-4436-855c-a2808407d3c7,2021-12-09T19:41:40,BRAND2,524.42,dfdejhf@gmail.com
8a76be2c-6079-44ce-a054-e9bdf25dc581,Thu Dec  9 19:41:40 2021,BRAND1,67.31,cbahlia@live.com
d517db91-f34a-429c-b7ad-acb0a6e9ec43,2021-12-09T19:44:10,BRAND1,108.73,ilciidc@appple.com
53e46253-3d26-4198-a8b3-0af3454b1d75,2021-12-09T19:45:50,BRAND4,822.73,"""iicblkg jcglkgd"" <iicblkg@gmail.com>"
66a9ccd4-cc73-4851-99b3-7bb8d2eb5ee8,2021-12-09T19:45:50,BRAND4,225.87,kegbheh@live.com
041bfa49-0f4b-4f35-ae5f-17554f6856ff,2021-12-09T19:46:40,BRAND2,105.40,ijifbkk@appple.com
7d37b3cd-882c-4bf5-995b-7b1b47d970ab,2021-12-09T19:46:40,BRAND5,940.54,fjbicdc@gmail.com
3e96d289-dce8-477e-8342-0017c3049b19,2021-12-09T19:47:30,BRAND1,309.01,hkaeiee@gmail.com
2f0dd136-c247-4550-8ce3-cd9c60fa1e1c,2021-12-09T19:47:30,BRAND2,395.02,iihkfkc@appple.com
08ac31f3-4e68-40ea-ab92-1fb87c524e22,2021-12-09T19:48:20,BRAND5,473.08,lidbfak@gmail.com
d0c05449-d06f-46a2-ad02-8d34805c34cb,2021-12-09T19:48:20,BRAND3,423.11,"""ebckdkg bbfiaki"" <ebckdkg@yahoo.com>"
8bf19297-a574-44cf-aac1-2fc1a465d6f9,2021-12-09T19:49:10,BRAND3,436.79,"""bkchbaj kijhbhg"" <bkchbaj@appple.com>"
dad2273e-2008-4a2f-9662-507dba007e26,2021-12-09T19:49:10,BRAND2,159.82,"""hijfahc ddhkfeg"" <hijfahc@gmail.com>"
19fed614-d0dc-42ce-83a1-c7f21ee6ec5a,2021-12-09T19:50:00,BRAND2,338.83,"""dhkgbee deiaaeg"" <dhkgbee@appple.com>"
4262f108-851e-4eee-a841-a473fa8fd254,2021-12-09T19:50:50,BRAND2,975.48,"""lifldjb beeccla"" <lifldjb@hotmail.com>"
e2ea20bd-e243-4b1e-94ad-a9a8bb3d772a,2021-12-09T19:50:50,BRAND2,265.48,cfflhal@gmail.com
8bca3afb-46c8-4d8c-98ee-938248393914,2021-12-09T19:51:40,BRAND2,808.33,dllfdja@yahoo.com
0b7d7971-0041-4afa-a89f-e3f64642ce5e,2021-12-09T19:51:40,BRAND3,526.70,eadgbhi@gmail.com
37bdc950-c354-40d0-89e7-f7868b888652,2021-12-09T19:52:30,BRAND2,849.35,gggjhka@appple.com
bcaf07a3-6aed-4d74-8bca-a1db16168d81,2021-12-09T19:53:20,BRAND5,896.02,"""belhfjl kjgejel"" <belhfjl@live.com>"
82ae7937-6fac-4cdb-b559-5d4235de62ff,2021-12-09T19:53:20,BRAND2,454.35,fffbjci@live.com
9a3355be-67ab-4b46-ace8-e38dac36b833,2021-12-09T19:55:50,BRAND2,747.74,lbliibk@gmail.com
92cbb999-6dc7-4a7a-b8d6-49c2249e817c,2021-12-09T19:55:50,BRAND5,567.63,hcibkfg@yahoo.com
2c5f249d-1838-4a08-a7d2-890f28c0e7db,2021-12-09T19:56:40,BRAND2,348.38,cjleila@live.com
72c53487-21af-46fd-8e32-1124f3e9d163,2021-12-09T19:57:30,BRAND2,527.16,blakahd@gmail.com
5771d6df-3ac9-48a3-b600-b0722aa72fa6,2021-12-09T19:58:20,BRAND1,521.42,aijkjak@live.com
0acc54e4-96e0-4533-8f1f-05aa75ffc136,2021-12-09T19:59:10,BRAND2,331.38,"""haikklg gadfkfe"" <haikklg@appple.com>"
08cdc652-c583-4461-ac28-9d65d4e485e0,2021-12-09T20:04:10,BRAND5,239.14,cfehbch@hotmail.com
ade464c7-22dc-407a-89a7-e8433984693a,2021-12-09T20:06:40,BRAND2,631.82,eiagigk@yahoo.com
1211882c-457c-4858-b286-85cb6e75cae2,2021-12-09T20:06:40,BRAND5,311.48,hfgcgld@gmail.com
44941aa0-6bb9-4f32-b2ca-d74c7e189090,2021-12-09T20:07:30,BRAND5,8.35,ehbbhha@gmail.com
dc229711-f653-4ad6-8e18-4e4bda90124f,2021-12-09T20:08:20,BRAND5,160.98,"""ehdchje bdgcldk"" <ehdchje@live.com>"
bfdbbb5b-061e-4e12-b6e8-d7e539be249e,2021-12-09T20:09:10,BRAND5,341.12,"""eibgcae hijgjlk"" <eibgcae@appple.com>"
5af7202d-7a92-4ce6-8361-f7dcc1422015,2021-12-09T20:09:10,BRAND5,840.17,"""gebbldf chkcdle"" <gebbldf@gmail.com>"
afbb9a3a-bfb4-4410-b064-41b395bbe91f,2021-12-09T20:10:00,BRAND2,151.42,"""lflkhfb klhckli"" <lflkhfb@hotmail.com>"
25e1269a-d43e-4cfb-a8eb-89804bf44e16,2021-12-09T20:11:40,BRAND5,406.89,"""aijabag bjabicc"" <aijabag@gmail.com>"
eae80013-3047-4879-89b4-94a7b5960593,2021-12-09T20:12:30,BRAND2,228.42,lijbkkj@gmail.com
4c18e583-116c-48ac-9616-7c2707c469b5,2021-12-09T20:14:10,BRAND2,224.61,"""dgaglgf kjhfhld"" <dgaglgf@live.com>"
4fd24cee-2d1c-44b8-87f7-d43b415efdde,2021-12-09T20:14:10,BRAND2,705.83,"""fjfdgaf ijcahlf"" <fjfdgaf@gmail.com>"
fc12135a-fe47-4ccd-a7a9-00334739236f,2021-12-09T20:15:00,BRAND5,938.10,ljfjkal@gmail.com
12df68ba-ae0e-4e93-aba6-f76533565b56,2021-12-09T20:15:50,BRAND5,596.66,hebcggh@gmail.com
e85576e3-c598-4e1a-8684-d30dbffef010,2021-12-09T20:15:50,BRAND5,439.11,bllibki@gmail.com
9bfd2856-435d-46a5-a10c-9e1933ff8f8a,2021-12-09T20:16:40,BRAND1,325.50,"""ckakhhi eejekga"" <ckakhhi@appple.com>"
e12c3594-902e-47ee-89a6-ac5cde33649a,2021-12-09T20:20:00,BRAND5,255.13,edjebjk@gmail.com
33205d90-1900-4bcf-9692-9c9d971c216f,2021-12-09T20:20:50,BRAND3,253.92,igblcfk@appple.com
eb97a634-d798-4bd7-bfb8-c722a740d905,2021-12-09T20:20:50,BRAND2,$478.45,eejjfkb@appple.com
ca530ccf-fcdc-49da-8781-a9fd06737ae7,2021-12-09T20:21:40,BRAND2,384.94,"""iceffli iibibdk"" <iceffli@appple.com>"
a757b4b3-e01b-42d6-8a99-1e28cc42df05,2021-12-09T20:22:30,BRAND2,624.71,iaflaib@gmail.com
110842d8-96ba-4f39-a320-dc163289319c,2021-12-09T20:22:30,BRAND2,425.06,"""diakgcd bkkcgch"" <diakgcd@hotmail.com>"
699a2a07-6d45-4e13-950d-4619fe7bbc74,2021-12-09T20:23:20,BRAND1,14.93,"""gkiadlg ckkeaki"" <gkiadlg@appple.com>"
99b07bb9-c2b0-483a-a507-5734df0baa64,2021-12-09T20:23:20,BRAND4,867.47,"""ddfdkil dgcaage"" <ddfdkil@gmail.com>"
1772e778-3896-4065-9554-e54efd1d0f01,2021-12-09T20:24:10,BRAND2,535.02,"""diacbjf eaeachd"" <diacbjf@gmail.com>"
48a906c7-dc71-456f-b257-175c53709bc7,2021-12-09T20:24:10,BRAND2,349.75,"""alfjcdk kkkklic"" <alfjcdk@gmail.com>"
22456279-816e-440e-87c9-cb77bc988b4b,2021-12-09T20:25:00,BRAND5,724.24,"""ahjdlha kgedicj"" <ahjdlha@gmail.com>"
939bf7fb-e234-4b5c-9bfc-2cb9b7a72fcf,2021-12-09T20:25:00,BRAND5,442.82,"""khhbkkc lfeaggc"" <khhbkkc@hotmail.com>"
50aad72c-c1dd-4754-9968-131462e50f39,2021-12-09T20:27:30,BRAND5,297.28,"""hlidfhh lfcjcab"" <hlidfhh@appple.com>"
689501a9-f97f-4ce6-aaca-0754caf60aac,2021-12-09T20:30:00,BRAND2,857.04,fjgjhka@appple.com
1adfcf4a-f0b5-4e76-8630-2c3f1bfdf0f9,2021-12-09T20:30:50,BRAND2,418.12,"""ddcdhac fegdecc"" <ddcdhac@live.com>"
786dd83a-5864-4c48-9c45-d3eb4453d43a,2021-12-09T20:30:50,BRAND2,353.14,jfhekic@gmail.com
5e3f00f5-db09-4c44-ba5b-827fd19dd42b,2021-12-09T20:32:30,BRAND2,8.14,"""kcibegk haeahch"" <kcibegk@gmail.com>"
64d73897-df14-4016-9b2f-2f59f1149f91,2021-12-09T20:33:20,BRAND2,945.31,"""idkleej flkhkgi"" <idkleej@appple.com>"
941953a5-83df-4d53-97ee-1542f92b1fe3,2021-12-09T20:33:20,BRAND2,841.85,lafbdbk@gmail.com
ecebb732-87ab-4cdf-b8e4-05708c7a0b0a,2021-12-09T20:34:10,BRAND2,370.53,"""gadfiki ahdbfbh"" <gadfiki@gmail.com>"
3a227461-883a-4a05-87a8-5fb3f401f027,2021-12-09T20:35:00,BRAND2,114.89,"""flggifl lbegkkh"" <flggifl@gmail.com>"
80604ff4-48d4-4095-be74-9ad64369dfb6,2021-12-09T20:35:50,BRAND5,318.32,hfjcafg@gmail.com
39dc0b52-cb7b-4f3b-9fe8-c1d6f306973a,2021-12-09T20:37:30,BRAND5,121.73,"""jgadbec hjahbih"" <jgadbec@gmail.com>"
151873ce-58e1-464b-b922-caef169629c1,2021-12-09T20:37:30,BRAND5,215.29,khlhlff@gmail.com
d08e0bfd-7818-4e8d-a50f-025bdd3a227d,2021-12-09T20:38:20,BRAND2,282.24,glkbejj@appple.com
9aaf40eb-ed4a-4682-8781-a3198f69680a,2021-12-09T20:39:10,BRAND5,432.16,kdhbaeg@appple.com
1b66b101-4236-4be0-8546-430856602e02,2021-12-09T20:40:00,BRAND5,359.46,jdhhdlc@live.com
b75f06b5-fbb2-4ee3-a241-78d73d27db02,2021-12-09T20:40:00,BRAND2,282.93,dcalklc@appple.com
82c3dabd-8722-4671-b2a4-6ae93fbf230b,2021-12-09T20:40:50,BRAND2,678.39,aifajch@gmail.com
260e6193-154b-4993-b4c8-079c14f06e49,Thu Dec  9 20:41:40 2021,BRAND1,795.58,kfchddh@gmail.com
906a7855-f316-4dfb-a373-2222ba3f99a6,2021-12-09T20:41:40,BRAND5,295.94,bcelhgh@live.com
c9e7f7a6-a1ea-4624-882c-31dc06689bad,2021-12-09T20:42:30,BRAND4,688.32,"""fekgebi cihffkg"" <fekgebi@gmail.com>"
c83ba577-a696-486c-b48e-2d0d1c2accd5,2021-12-09T20:43:20,BRAND1,306.28,"""cbfiice ecjdjif"" <cbfiice@appple.com>"
6860ac56-73ae-46d9-8bd8-70b8fcb2b7c7,2021-12-09T20:44:10,BRAND2,710.35,"""cdfheff gkdelbk"" <cdfheff@gmail.com>"
7ad394ad-ccc2-4976-beb7-42957c6253f0,2021-12-09T20:44:10,BRAND2,415.68,"""cfcfhhd ahjkgjj"" <cfcfhhd@appple.com>"
f8b521d9-5231-4ed4-89b5-d9de35742436,2021-12-09T20:45:00,BRAND5,870.29,flgcchf@live.com
61f6ac1b-bca1-4e37-9ee0-0bdb4835aee8,Thu Dec  9 20:45:00 2021,BRAND5,45.36,"""hfgeflb gdaijda"" <hfgeflb@gmail.com>"
3c74adc4-d856-46a9-9b0d-e7908b39e944,2021-12-09T20:45:50,BRAND1,347.38,cchadgj@gmail.com
7457930b-1a3c-4706-aefb-afd96a7a184e,2021-12-09T20:45:50,BRAND1,671.55,cgcfbee@gmail.com
ab79eb75-bc1e-453c-9349-debf114f7b01,2021-12-09T20:46:40,BRAND2,269.90,"""ebiihee idaidhd"" <ebiihee@gmail.com>"
3a0245fa-8b36-474d-a76c-fafa40bdbe3e,2021-12-09T20:46:40,BRAND5,250.01,cdifjfh@appple.com
dad7fada-c403-4b23-b340-e1eb92446ef9,2021-12-09T20:47:30,BRAND2,814.88,jghggfl@yahoo.com
93b112a1-cecb-4b62-8511-9e71c83fb750,2021-12-09T20:48:20,BRAND2,400.26,aclebab@appple.com
03b77436-076a-4fcd-9548-f6c3d3823628,2021-12-09T20:48:20,BRAND1,237.58,cgcddij@yahoo.com
87ce2456-730b-4d82-90cc-327b71aceb87,2021-12-09T20:49:10,BRAND2,848.54,"""hehidgg cihjbhk"" <hehidgg@gmail.com>"
9d728481-ff33-4b62-979f-d1d29b0cbb07,2021-12-09T20:50:00,BRAND2,645.54,"""lljllkb jbaajdk"" <lljllkb@gmail.com>"
5716af56-2888-48f1-9fb3-7adbab79c2d3,2021-12-09T20:50:50,BRAND5,844.47,fefbaeg@gmail.com
aa96ee18-1768-487c-b97f-86422491e3ae,2021-12-09T20:52:30,BRAND2,798.99,bbgkcfi@gmail.com
5b610b3a-24fd-40d9-be56-49a170fc0b83,2021-12-09T20:53:20,BRAND1,144.20,fcjfbcj@gmail.com
4ff59dbc-9594-414d-af0a-bd6dbabbf769,2021-12-09T20:53:20,BRAND2,717.73,"""ldakiia lefdfkf"" <ldakiia@appple.com>"
81417985-140a-4005-98b9-1635b546ce16,2021-12-09T20:54:10,BRAND3,299.11,dadfhki@gmail.com
59d52903-0e4b-406a-8ccd-2d0b35a69f8d,2021-12-09T20:55:00,BRAND2,83.53,icjlkfj@appple.com
36b60f21-eb80-441e-914d-618e9bba2c39,2021-12-09T20:55:00,BRAND1,110.22,cghjjbl@gmail.com
0db4f8a6-973c-412a-a94e-5e179d357c00,2021-12-09T20:55:50,BRAND2,983.89,hdilabh@gmail.com
20813c4d-fe41-4d92-bb5c-c0095efed8c6,2021-12-09T20:55:50,BRAND3,769.48,dcdfjfd@gmail.com
c5325536-820f-4fa2-b613-8ed7659511dd,2021-12-09T20:57:30,BRAND1,459.85,"""kjaeebb djfdghi"" <kjaeebb@live.com>"
febb62a7-9fd0-4076-933c-4ba7e27113f1,2021-12-09T20:57:30,BRAND5,383.49,"""kifahbf bjhefde"" <kifahbf@gmail.com>"
d4766c4a-e401-45b9-84a0-4cb2e5399114,Thu Dec  9 20:59:10 2021,BRAND5,859.52,"""hacgjba khihkcb"" <hacgjba@appple.com>"
877b7fae-95f4-4ba2-ac3e-61981b82eaa1,2021-12-09T21:00:00,BRAND1,630.86,djglage@appple.com
50046519-5a06-4111-9690-035391a44757,2021-12-09T21:00:00,BRAND5,601.72,gbcjjfa@gmail.com
1048007d-781e-4f71-a943-60c62509194b,Thu Dec  9 21:00:50 2021,BRAND5,909.40,djjdbdb@gmail.com
67a08ad3-2274-455a-9fdc-c3b9b15a838a,2021-12-09T21:00:50,BRAND2,516.76,gdaakfc@gmail.com
9d6e0d42-0cff-436b-9e22-d9767374da23,2021-12-09T21:01:40,BRAND5,229.69,cjkiblf@gmail.com
74a6fabf-0538-4797-b9a5-6326e990646f,2021-12-09T21:01:40,BRAND2,939.73,ifjhafg@gmail.com
39076846-9c88-4b1e-b36c-979181f5506f,2021-12-09T21:02:30,BRAND1,250.50,lkbaicg@appple.com
ed24234d-1604-4fce-8401-237a3b415dcf,2021-12-09T21:02:30,BRAND2,126.85,kbeklde@gmail.com
7caadaf0-3c71-44c0-90eb-e8056afa8ca8,2021-12-09T21:03:20,BRAND2,185.50,"""eakhidd bgagahh"" <eakhidd@live.com>"
8992f86c-f8f1-429d-bca4-bd611bb2bf92,2021-12-09T21:03:20,BRAND1,853.25,ceadilk@gmail.com
70b5c596-f3c2-45f8-9ed7-beefde067ef3,2021-12-09T21:06:40,BRAND2,935.35,eabfdkk@gmail.com
1cf26a3e-4334-41c1-bbe5-5df2ae5bc866,2021-12-09T21:06:40,BRAND5,931.58,"""gfkbifd ajbcadh"" <gfkbifd@gmail.com>"
9048d013-2a0e-4aca-a1e9-a3a0351a4839,2021-12-09T21:07:30,BRAND2,797.39,eibcblj@appple.com
b691b47b-76d2-48ac-af99-23d776391728,2021-12-09T21:08:20,BRAND3,773.08,ljdiilk@gmail.com
bf055aa6-23a2-4cf4-b658-5c8b20ae8166,2021-12-09T21:10:00,BRAND2,789.97,ghciblj@gmail.com
8fed2fa0-f1d2-4f8c-8f80-647f461cb2e6,2021-12-09T21:10:00,BRAND2,448.84,"""ceighaa dehdklc"" <ceighaa@appple.com>"
d9f1ad87-9c00-4186-b087-333f1eb78dd7,2021-12-09T21:12:30,BRAND2,372.40,ldgdkea@hotmail.com
3ebd7cfc-8760-4470-a25f-c162571de96a,2021-12-09T21:13:20,BRAND2,904.16,"""jcgbkbd ddhjjfb"" <jcgbkbd@appple.com>"
7629dcbb-0b06-4d12-aafb-9b2ae910211d,Thu Dec  9 21:13:20 2021,BRAND2,313.00,hjhebhc@appple.com
1014f97f-ec3c-4d17-b50c-a48f25492cf8,2021-12-09T21:14:10,BRAND2,587.21,"""lcikhjg cefddah"" <lcikhjg@gmail.com>"
22b62845-08c3-4993-8799-a777c5eba714,2021-12-09T21:15:00,BRAND5,350.04,"""llhkkcc bafdcja"" <llhkkcc@gmail.com>"
7eca5baf-fcd7-4bdf-95e6-06fdb1073881,2021-12-09T21:15:00,BRAND5,965.36,"""biflbia adaagel"" <biflbia@live.com>"
ef843769-c176-41a1-8ea6-7738413a69c8,2021-12-09T21:16:40,BRAND2,234.36,fedejlh@gmail.com
dffcab18-238d-4288-9ebf-63b62dc315bf,2021-12-09T21:16:40,BRAND2,254.14,cddgjbd@gmail.com
e5442539-f678-4b6b-91f1-09899ec822af,2021-12-09T21:17:30,BRAND5,440.99,dlkligg@appple.com
9af1c513-3e03-4861-890b-d3c6e89ef60c,2021-12-09T21:18:20,BRAND5,730.54,jdhedkb@gmail.com
ad8b6cbf-d10e-4880-bce2-137c0ba5cbfd,2021-12-09T21:19:10,BRAND2,579.97,jkijkdb@yahoo.com
0239ed31-02dc-4f94-988b-9c2bd1acbd3e,2021-12-09T21:19:10,BRAND1,596.58,"""fdjdljh ebdjkdh"" <fdjdljh@hotmail.com>"
29bfa170-69b4-4201-b5d6-79b85ef9ce1b,2021-12-09T21:23:20,BRAND2,540.68,ddiiljf@gmail.com
8c74d35d-2ea8-4519-bb07-3a23dee54de1,2021-12-09T21:23:20,BRAND2,240.49,jgbblfd@gmail.com
aa2323ee-cece-4af4-a673-f7417acbe5cb,2021-12-09T21:24:10,BRAND2,701.47,bhcfief@gmail.com
4078ae93-0953-441f-a788-3f44facc9f07,2021-12-09T21:24:10,BRAND2,76.97,"""fkifgcd jkghejl"" <fkifgcd@gmail.com>"
a7c84c70-02cb-44da-a55e-202a8cc87760,2021-12-09T21:25:00,BRAND1,259.79,"""kebacak gjcbjdb"" <kebacak@gmail.com>"
06a110e8-40df-4e1b-842b-f8b194f0ac60,2021-12-09T21:25:00,BRAND2,554.17,kedehbk@gmail.com
dd376c6c-944e-487e-82a7-30a242d4fbef,2021-12-09T21:28:20,BRAND2,274.81,"""bjgkfgf edbebch"" <bjgkfgf@gmail.com>"
a61c318f-9dab-4045-966d-192c05f5357d,2021-12-09T21:30:00,BRAND2,351.63,"""gbeijdb hcglfbh"" <gbeijdb@gmail.com>"
d843be5e-7e25-4230-a209-981299be3b6b,2021-12-09T21:30:50,BRAND2,453.10,"""hkgjiag eekhiaa"" <hkgjiag@gmail.com>"
9cb234eb-8f08-4671-bbb5-80119be5f52f,2021-12-09T21:31:40,BRAND2,381.62,cklflgc@live.com
167516a6-9b60-4949-8cb9-18c372f3caaf,2021-12-09T21:34:10,BRAND2,759.61,ihadlkd@gmail.com
8ae0074f-33a6-4b0d-8d97-ebb6b633bbae,2021-12-09T21:34:10,BRAND5,419.41,"""jbajdeb kfafikb"" <jbajdeb@gmail.com>"
4d87cf7a-66aa-48a0-ac47-b2c309c01b60,2021-12-09T21:35:00,BRAND2,$397.00,"""lkdahji fglgaeb"" <lkdahji@gmail.com>"
4ea7629b-d0a4-4315-8355-12211c313395,2021-12-09T21:35:00,BRAND2,363.50,iaebaak@gmail.com
b1df3792-7c81-4ee0-bf89-eca17bf60389,2021-12-09T21:36:40,BRAND5,56.02,"""jfaclfc adjddhd"" <jfaclfc@appple.com>"
54e0ed04-8938-462a-83b3-1bd864a32212,2021-12-09T21:36:40,BRAND1,437.95,gfeedfb@gmail.com
96d7c7f0-ec66-4fd5-8485-350924053fce,2021-12-09T21:37:30,BRAND5,157.41,"""ecdadgj jkiaidh"" <ecdadgj@appple.com>"
dbf6071c-8b0f-41f9-ba25-35e773478939,2021-12-09T21:37:30,BRAND5,219.24,ieckihc@appple.com
7ae7443b-07ac-4387-9053-f8984b1a16ba,2021-12-09T21:39:10,BRAND5,246.91,"""iffalei bllkcka"" <iffalei@gmail.com>"
9243ccd7-4a69-4c0a-a8fc-6f3022586e85,2021-12-09T21:41:40,BRAND5,584.56,ekeafja@appple.com
41b7c243-e4c5-4731-af80-6fe0253c3863,Thu Dec  9 21:41:40 2021,BRAND2,968.84,ljhjlae@live.com
149aa936-f394-421b-a424-d561fb8ff6e0,2021-12-09T21:43:20,BRAND1,153.04,"""cclahjd eeecdje"" <cclahjd@live.com>"
ef192a13-6eca-4c5a-8c93-811600024290,2021-12-09T21:44:10,BRAND2,620.87,akghdai@gmail.com
404d6424-b8aa-405c-bb5b-581e7f15f8bb,2021-12-09T21:44:10,BRAND2,167.37,"""eihgbfe hkfliil"" <eihgbfe@gmail.com>"
acaa08f9-7ac0-4834-b21d-1b400dcadd8f,2021-12-09T21:45:00,BRAND1,176.61,bhhbiej@appple.com
f2d39182-22b3-4f61-8ec2-1d757f4c84d0,2021-12-09T21:45:00,BRAND2,373.15,cjilded@gmail.com
6c3b7e47-538e-4784-abef-a0c56d141b51,2021-12-09T21:45:50,BRAND5,860.81,jgckhih@appple.com
0e56a99a-43a1-471a-8286-9c532cad2693,2021-12-09T21:45:50,BRAND5,639.20,jdijkfa@live.com
368f10fd-e721-4501-b551-b285fafabf58,2021-12-09T21:46:40,BRAND5,169.75,"""dagceca kfldblb"" <dagceca@live.com>"
829e3f47-68bb-4d51-bd2c-6b0bc19a46f1,2021-12-09T21:46:40,BRAND1,509.20,dbfkdlg@gmail.com
8d3c02c3-22fe-4a26-85d7-fce1c9193fa1,2021-12-09T21:47:30,BRAND1,474.28,aaadgej@gmail.com
8b25f3e8-6b03-4b89-9e46-e6defb7e419c,2021-12-09T21:51:40,BRAND2,811.85,"""ghhgjda dabjgek"" <ghhgjda@appple.com>"
a1a22bbf-2c0e-4da0-8f86-008416e2ea3b,2021-12-09T21:53:20,BRAND2,839.41,"""fldigca dhbicba"" <fldigca@gmail.com>"
72fb546b-d801-4e80-abc9-df39a5914d04,2021-12-09T21:55:00,BRAND1,510.76,ggffgka@gmail.com
3ca84505-2a10-4a21-8ce0-3f267fdb6f50,2021-12-09T21:55:00,BRAND5,249.87,eleeceg@gmail.com
7de2c008-90d4-4ab3-aa87-3c566624a899,2021-12-09T21:55:50,BRAND5,271.04,jfdgcbb@live.com
782e9d29-22f0-48c5-8fd7-840f9acb08a6,2021-12-09T21:56:40,BRAND1,755.38,kabhafl@appple.com
54d73d4d-4be8-4092-855b-6ebb1399b450,2021-12-09T21:56:40,BRAND1,900.08,"""jhlchfl bejclhg"" <jhlchfl@appple.com>"
2fcd223f-ca87-4760-948a-b4a8f84250f6,2021-12-09T21:58:20,BRAND5,906.21,hfibdjj@gmail.com
a8d2d616-df27-4dd2-a075-693d226813a5,2021-12-09T21:58:20,BRAND5,49.64,"""liegekf kajajgg"" <liegekf@gmail.com>"
fb734102-316b-4f6b-8e8a-c7f0b6b2c4f4,2021-12-09T21:59:10,BRAND2,951.52,diifgdi@live.com
950a0642-60b8-4fd9-ad9b-d534603f1fa4,2021-12-09T21:59:10,BRAND2,300.61,blcjgbh@live.com
8bc5e3fe-3cba-4d11-9677-9a7cae131606,2021-12-09T22:00:00,BRAND2,821.02,"""kcjlcgh iblaibg"" <kcjlcgh@gmail.com>"
62562b1c-af79-4545-a5cb-a60f5e0a36cb,2021-12-09T22:00:00,BRAND2,968.21,hckaglb@live.com
d5b77381-9853-4bc4-a8f7-83028b293f05,2021-12-09T22:01:40,BRAND2,732.65,ecbakji@gmail.com
75a70e12-a684-4c04-8517-7b8d041bb217,2021-12-09T22:01:40,BRAND2,808.69,fghcbih@gmail.com
ef6333a8-38c3-4fe7-9050-69c00ed67b80,2021-12-09T22:02:30,BRAND2,484.50,cijehki@gmail.com
7a5a6bb6-54b8-4acf-93c8-33eac12c39ce,2021-12-09T22:02:30,BRAND2,611.94,glhdhje@appple.com
607eb88c-b24d-4af8-b707-2ea69c9393ba,2021-12-09T22:03:20,BRAND4,745.03,"""ikjbflf hgfbalg"" <ikjbflf@gmail.com>"
97a03f6c-c3d1-49e4-9930-74346f56d8b5,2021-12-09T22:03:20,BRAND1,468.43,"""dlkjjdl dgggjdf"" <dlkjjdl@hotmail.com>"
4b33da4e-a70c-4f6b-9428-b4873e0fd644,2021-12-09T22:04:10,BRAND5,527.64,gcdgela@gmail.com
fce32ddb-c6fb-4070-bd57-b885062e876b,2021-12-09T22:05:00,BRAND5,614.87,"""hllhdkl ldgeglj"" <hllhdkl@gmail.com>"
f617d672-8398-43f3-aa28-3da4e67aba69,2021-12-09T22:05:00,BRAND4,258.73,dfkdkfg@yahoo.com
6f43afa0-16c3-4ff7-8c61-dd8f174fea64,2021-12-09T22:05:50,BRAND2,123.60,"""idjebaa gghahla"" <idjebaa@appple.com>"
943d4134-642c-4f97-a0cf-c93a9b69aebe,2021-12-09T22:06:40,BRAND5,842.43,gdijfdh@gmail.com
c5a7872d-0d8b-48e4-a18f-36766e06fd85,2021-12-09T22:07:30,BRAND2,762.67,"""llegake cgjfgej"" <llegake@appple.com>"
e96c34d0-41a4-49de-a97a-7daedf170879,2021-12-09T22:07:30,BRAND5,577.38,lfljldd@gmail.com
c22c38a9-2f4e-485f-859b-5881616b1f90,2021-12-09T22:10:00,BRAND2,776.25,"""jelcehf bkaifij"" <jelcehf@appple.com>"
edeafed6-04eb-482d-8b38-7fcfdbaf25bf,2021-12-09T22:10:00,BRAND3,244.48,cegceal@gmail.com
ba06b746-3279-4854-8bfb-bbfc29861e3b,2021-12-09T22:11:40,BRAND2,102.19,ebeeehf@gmail.com
88ff06c8-4180-4ee3-a894-316c8546edc4,2021-12-09T22:14:10,BRAND5,949.74,lhfgklk@live.com
485df883-3bfc-4592-bb56-91031faf4d3d,2021-12-09T22:14:10,BRAND1,878.37,"""fjablid adfafck"" <fjablid@gmail.com>"
7c89c151-811d-4502-a1a6-f67444d34442,Thu Dec  9 22:15:00 2021,BRAND2,580.78,"""dicdaac kckjkhh"" <dicdaac@gmail.com>"
94324f3f-d133-42e4-9e97-f4ac868119ff,2021-12-09T22:19:10,BRAND3,218.01,kbibhkl@live.com
40a5476d-4bdb-4cd0-8674-c671de99d3f0,2021-12-09T22:19:10,BRAND2,841.71,"""ecljakl fkagjeg"" <ecljakl@live.com>"
26e6b0cd-ce9b-4357-b59e-6e6b567a5b8f,2021-12-09T22:20:50,BRAND1,315.67,"""ibiefca ilhejkg"" <ibiefca@appple.com>"
f1b4e58b-7970-49da-8cd6-c55271684d9c,2021-12-09T22:20:50,BRAND1,273.70,afdeagf@yahoo.com
6a44ddfa-56a3-4173-a8b8-726fb264c382,2021-12-09T22:21:40,BRAND2,198.18,"""hajaeig hdbgcee"" <hajaeig@appple.com>"
c07c56bb-1f3a-42c1-9dd3-48ae1795b999,2021-12-09T22:21:40,BRAND2,195.10,ckiaehl@gmail.com
ce746676-8a8c-4e58-b0cd-147ec01f9e88,2021-12-09T22:22:30,BRAND2,216.75,"""aaifdlk clelfcg"" <aaifdlk@gmail.com>"
09ebcd0a-5f8b-4dde-8bdc-84f7c83db0d4,2021-12-09T22:23:20,BRAND2,637.47,ajkiikc@appple.com
5240e8b7-e885-49f8-820e-a84444cfa1b4,2021-12-09T22:23:20,BRAND3,116.05,hfabiaj@gmail.com
aadfa850-d3e4-4b58-b29b-b0193c1d00e0,2021-12-09T22:24:10,BRAND1,291.88,"""hglefcc ilheehd"" <hglefcc@gmail.com>"
573c88fd-76fa-4941-8cd8-ca2c1814ca92,2021-12-09T22:25:50,BRAND1,233.27,khbeefi@gmail.com
c50f23c1-cbb9-4b5f-ab5e-8e020a02613c,2021-12-09T22:26:40,BRAND2,561.09,bgbfkjk@live.com
43a054b4-c416-4da8-84bb-2d637b6f2903,2021-12-09T22:29:10,BRAND1,16.98,abliiik@gmail.com
58bc5217-bbea-4239-b913-0e957fac9df6,2021-12-09T22:29:10,BRAND2,904.05,"""ahffehj edkhibj"" <ahffehj@gmail.com>"
be9710a7-fafc-4bc9-abca-8c672da44d29,2021-12-09T22:34:10,BRAND5,663.16,"""celhifk gechbbb"" <celhifk@appple.com>"
ed0655e4-80a5-4aac-8bd1-8f279cf04ee3,2021-12-09T22:34:10,BRAND2,574.38,"""lhdekci ajcdbgl"" <lhdekci@live.com>"
a7604775-60c1-4217-aead-d7a0fa538322,2021-12-09T22:35:00,BRAND5,460.49,"""kjgjgbj fjafjka"" <kjgjgbj@appple.com>"
fcf0fd9a-d4d8-4673-9e85-cab1e4a680ff,2021-12-09T22:35:50,BRAND5,784.68,elkcahe@yahoo.com
dfe7156b-7f66-40f8-866d-a652a9e74d47,2021-12-09T22:37:30,BRAND2,249.61,"""klahcdi jfjgilh"" <klahcdi@yahoo.com>"
aafd15c2-2dbd-4a75-aefb-0c428bcb5335,2021-12-09T22:37:30,BRAND2,73.52,"""dhlaekg acdgbgl"" <dhlaekg@gmail.com>"
152b5570-72f9-4131-ac8b-a0cb1f5b840b,2021-12-09T22:38:20,BRAND2,652.98,"""cijgaae ecjkeia"" <cijgaae@appple.com>"
b8aa2383-c14d-4a1a-8535-a221faf16383,2021-12-09T22:40:50,BRAND1,239.90,dfebgdf@appple.com
4368ec9b-b868-481a-a96d-2c96d251a3f6,2021-12-09T22:41:40,BRAND2,60.52,"""fbkblgd dhcdhkg"" <fbkblgd@appple.com>"
b109f984-397f-49ed-91f2-74dbaf091b70,2021-12-09T22:41:40,BRAND4,201.86,cbgffjj@appple.com
051af3ad-6360-4dd1-b325-cbb6f0a75126,2021-12-09T22:43:20,BRAND5,283.05,eealfdi@live.com
fa1543f0-68db-4e3f-8e2b-a2e98fdb0e83,2021-12-09T22:44:10,BRAND2,586.06,"""fickghk hgaehej"" <fickghk@yahoo.com>"
5ee2b08c-abc3-4d38-a39f-3bfcb9890ec9,2021-12-09T22:44:10,BRAND2,678.56,"""ghafjcg fgficaj"" <ghafjcg@live.com>"
34f2ebe0-f823-4c05-9dca-21bb3f19e10b,2021-12-09T22:45:00,BRAND2,592.51,fdigdkf@gmail.com
949d6453-98a4-4c79-ba53-e1c0c91da257,2021-12-09T22:45:00,BRAND1,62.17,lfgajal@yahoo.com
2bbe332e-0316-4300-a8fe-bcacf806fa8f,2021-12-09T22:45:50,BRAND3,435.92,fieihkf@live.com
cff320e1-9c8a-467d-b969-963d981fc225,2021-12-09T22:45:50,BRAND1,530.17,"""ilakkkd fjcafcg"" <ilakkkd@live.com>"
b49694d7-5add-42f3-bbf4-09d32399a799,2021-12-09T22:47:30,BRAND5,433.96,gbhkfhb@hotmail.com
043a2ca0-daad-4287-b3fe-d2d909cfbf08,2021-12-09T22:48:20,BRAND5,757.51,chjhgcj@gmail.com
5d619e18-5a04-4c37-a96e-ce28490e63d2,2021-12-09T22:48:20,BRAND3,485.71,"""laiedjc gfahcag"" <laiedjc@gmail.com>"
a4922177-aa6a-46aa-85b3-b182849b13ba,2021-12-09T22:49:10,BRAND4,482.06,dkckfac@appple.com
68e4d33d-e19f-4821-90e8-fc7b52d3b14f,2021-12-09T22:49:10,BRAND2,567.23,"""iaaeafk clhgijf"" <iaaeafk@gmail.com>"
fd21dba6-3e6a-4951-9a80-899c305f7d6b,2021-12-09T22:50:00,BRAND1,802.74,"""hbjglbj ihjigcj"" <hbjglbj@gmail.com>"
9fee9a51-4de0-402a-b146-c929583a3e1e,2021-12-09T22:50:00,BRAND2,163.22,"""khajeee dgehiij"" <khajeee@gmail.com>"
70a131bf-ac40-43ad-a756-af6979d7cf95,2021-12-09T22:50:50,BRAND4,419.21,kaggihi@appple.com
3f320568-aa72-4514-96a0-1b1179b0338a,2021-12-09T22:50:50,BRAND5,206.05,"""bbblihj daggkab"" <bbblihj@appple.com>"
b722955b-c042-4bc7-8f30-bf0d9151f504,2021-12-09T22:52:30,BRAND4,588.29,"""jcfjbhh cckfedd"" <jcfjbhh@gmail.com>"
157819cb-4f3b-40a1-9538-86bb54e8053d,Thu Dec  9 22:52:30 2021,BRAND5,132.66,adaeibe@live.com
d610d600-9bb6-4e73-b311-d0b272404d25,2021-12-09T22:53:20,BRAND5,327.31,fclkbgk@gmail.com
5afdfb2f-f828-4e1d-981c-5d16662fd50a,2021-12-09T22:54:10,BRAND5,507.50,"""cgaldfd cdjklbk"" <cgaldfd@gmail.com>"
251d99c9-598d-40e7-9f0f-391d483469f9,2021-12-09T22:55:00,BRAND5,709.31,gdahagh@live.com
c40f946e-4cae-4767-8723-bcb9ea5339ca,2021-12-09T22:55:00,BRAND2,167.88,aikleee@gmail.com
1dcc3228-7996-4c5b-a8c8-e7e226487c3b,Thu Dec  9 22:56:40 2021,BRAND1,541.67,laedfee@appple.com
753d2157-8b93-4d6d-96fa-fa925fac4a32,2021-12-09T22:59:10,BRAND2,927.85,agcefgl@gmail.com
b324187a-253b-4c41-af66-ea7a33963808,2021-12-09T23:00:50,BRAND1,445.46,hijdfci@gmail.com
838be7e0-3af6-4bbb-b422-b6901c427b3f,2021-12-09T23:00:50,BRAND2,350.93,eadfelc@gmail.com
06d2f029-84ac-4a71-b9f7-b3f1df9e8cc0,2021-12-09T23:03:20,BRAND2,300.30,"""cahbhgi cijcdcg"" <cahbhgi@gmail.com>"
c5e2ec5a-d64c-4de6-bc6a-0d4c31cf9ca5,2021-12-09T23:04:10,BRAND2,587.98,"""lkfdlbb fbfiilf"" <lkfdlbb@yahoo.com>"
539fcc4e-dba8-45e4-a5f5-dee5dff24d72,2021-12-09T23:06:40,BRAND2,200.14,hkbedbi@yahoo.com
23fb0784-fb4c-42dd-8d2c-ca955e3e3866,2021-12-09T23:07:30,BRAND2,470.90,hfbijig@live.com
ac8eb1ca-8160-44cd-93b4-40105f443f83,2021-12-09T23:08:20,BRAND2,161.45,"""balcakf bljlgfc"" <balcakf@appple.com>"
b6697168-6992-4515-a0ca-24335c220e16,2021-12-09T23:10:50,BRAND5,865.66,akglfbd@gmail.com
3ffbcb96-ca35-4fe6-8ab0-022df39a7615,2021-12-09T23:13:20,BRAND5,825.48,bhhahgi@appple.com
0791117a-537f-45fe-857a-772ab0a0d1c0,2021-12-09T23:13:20,BRAND2,382.81,icglcfj@gmail.com
07b07645-d629-4587-a9de-b48a1e153044,2021-12-09T23:15:00,BRAND5,400.18,"""fjkfiab iacgdaa"" <fjkfiab@live.com>"
ffe95ee9-2f9a-46d9-9ca9-a81a6961311c,2021-12-09T23:15:50,BRAND2,905.22,hiidbaf@appple.com
9f8c2c29-b3e2-40a2-9b71-832a6c435b26,2021-12-09T23:16:40,BRAND2,73.84,fakalgi@appple.com
4178c679-5525-419e-b5ae-f33481fa1a02,2021-12-09T23:16:40,BRAND2,513.24,"""alchcji gcdiaid"" <alchcji@gmail.com>"
7ca91af4-9c95-4dee-a9be-051cbb36882a,2021-12-09T23:18:20,BRAND1,622.76,"""biliccl kibhlde"" <biliccl@gmail.com>"
c58d3ea1-0d7f-4a3f-aca9-f60bda9acef6,2021-12-09T23:19:10,BRAND1,319.40,afbiaig@hotmail.com
03c80ad9-44c8-4fcf-9539-21f63096e9d7,2021-12-09T23:19:10,BRAND3,806.58,bbibddl@gmail.com
fbb42110-ce63-4c82-a8ae-c7f04fec0764,2021-12-09T23:20:00,BRAND2,670.31,ddaifjl@appple.com
5efe5976-0d1d-478c-9710-14db76feaa94,2021-12-09T23:20:50,BRAND5,767.20,cabkgbh@live.com
2c7942c2-5388-418f-aabb-eb54e9f31675,2021-12-09T23:20:50,BRAND5,37.79,ccfkidf@appple.com
cd4e60a6-440a-4417-baa2-aba65134f9bf,2021-12-09T23:24:10,BRAND2,25.94,kjejkid@gmail.com
47f5b5ff-a088-44e1-9549-7ea88d8b9d2e,2021-12-09T23:25:00,BRAND5,720.40,jbecbfd@live.com
75dbfa7b-eb21-4142-85b1-49b8a76cd51d,Thu Dec  9 23:25:50 2021,BRAND2,367.29,"""iigccab llglbbe"" <iigccab@live.com>"
279cba81-0b85-4142-8c2f-81c89e9a42ce,2021-12-09T23:25:50,BRAND2,671.59,dadjfll@gmail.com
4dbf88fe-03f9-4fcd-8d9d-6cd0033e4458,2021-12-09T23:27:30,BRAND2,453.38,ballghb@appple.com
c24707f3-34ca-4c6d-b09c-8aa4c290dd22,2021-12-09T23:27:30,BRAND2,209.50,"""egcbkif gfdiica"" <egcbkif@live.com>"
f85c8f71-8991-47f7-b46d-08bd07a96646,2021-12-09T23:28:20,BRAND2,483.92,ldhchfh@yahoo.com
4ac32a64-b7f2-46e7-bf14-fc8f903863ca,2021-12-09T23:29:10,BRAND2,945.50,jheljel@gmail.com
fe399548-3e22-4200-8f42-b8c509bb8954,2021-12-09T23:29:10,BRAND2,181.16,djbidak@yahoo.com
67c44142-e398-4111-947a-61f354ed31ad,2021-12-09T23:30:00,BRAND3,450.16,"""lbejjaj dfjbfea"" <lbejjaj@gmail.com>"
5772fd1e-2db9-4c0e-9a63-66b9e831c798,2021-12-09T23:30:00,BRAND2,289.64,"""chdkbif hkdfldj"" <chdkbif@gmail.com>"
3401a0fb-75df-4189-a677-838d75a1ab16,2021-12-09T23:30:50,BRAND1,614.54,"""fdieide kjfbhlk"" <fdieide@appple.com>"
71c60863-759b-4024-931d-7acbbb5f50f8,2021-12-09T23:30:50,BRAND5,394.63,"""dlfflcc cjbdlel"" <dlfflcc@live.com>"
1a567a6c-691b-4572-bfaa-c506077793d6,2021-12-09T23:31:40,BRAND1,610.23,bbkdifb@appple.com
78d7c9cb-a796-4c3a-80ab-4ecb18ead460,2021-12-09T23:33:20,BRAND2,808.19,baljahi@yahoo.com
ceb4a090-1a41-4e7e-9cb3-a82d65d69b8f,2021-12-09T23:34:10,BRAND5,149.59,hcidflf@appple.com
1e6efa72-6dba-4783-9256-ae70ac31ce4c,2021-12-09T23:34:10,BRAND2,552.32,"""aeifkij jegajfk"" <aeifkij@appple.com>"
ca1c60a7-659b-4e97-808f-ab48971d8e1c,2021-12-09T23:35:50,BRAND2,698.32,ejlgfgd@appple.com
2ff60866-f282-4803-a4c0-a7925baf3962,2021-12-09T23:35:50,BRAND5,162.82,"""hikihaj jkfieae"" <hikihaj@gmail.com>"
eeda558a-bc7c-4e63-a836-0c30cc6e722e,2021-12-09T23:36:40,BRAND5,791.68,laaldjf@appple.com
2c0033c9-b355-45d0-88e8-a44bbe72befe,2021-12-09T23:37:30,BRAND5,517.97,"""dedfece ffaddkf"" <dedfece@yahoo.com>"
8b1dd092-ff35-406e-b12e-dfab19cb4972,2021-12-09T23:38:20,BRAND1,517.17,"""ckhleld ihhdgkb"" <ckhleld@yahoo.com>"
e35eec19-92db-4edf-beaf-ac24b6073976,2021-12-09T23:38:20,BRAND5,1.50,dbbfeba@hotmail.com
144f40a4-95c6-4fcb-b4e6-7eac70c97e2d,2021-12-09T23:39:10,BRAND5,515.24,kdgdijg@live.com
6344ef97-05d4-4d45-b861-845d6148af0a,2021-12-09T23:39:10,BRAND3,638.00,leggafb@gmail.com
63a6a25b-749a-42ab-9caa-f847af65ec2a,2021-12-09T23:40:00,BRAND3,657.71,"""lkabahe kagfkgh"" <lkabahe@gmail.com>"
404fdd85-7aca-45a3-b43c-4cbb0f907684,2021-12-09T23:40:00,BRAND3,95.80,lgkkjab@appple.com
805dea25-e61d-442d-947a-4ed5fd8188a3,2021-12-09T23:41:40,BRAND3,169.23,fblkjdb@gmail.com
5110bd39-802f-4ab0-91c1-1211bdb9c56a,2021-12-09T23:42:30,BRAND5,697.75,abfkkhg@gmail.com
2d44e56c-89d0-4b2e-9314-3a194ac98e21,2021-12-09T23:42:30,BRAND1,742.76,"""fgbieia ekkgelc"" <fgbieia@appple.com>"
a7c7e763-d13c-4d46-b75b-5a420e4ae13e,2021-12-09T23:43:20,BRAND5,544.27,eifjake@gmail.com
b28cd87e-935f-40f6-92b8-77dc6e91aedd,2021-12-09T23:44:10,BRAND5,130.24,ifklech@gmail.com
1b05f3e5-09f6-4963-b3be-257d21ddebf6,2021-12-09T23:44:10,BRAND3,936.30,ihadljl@gmail.com
4b0bfb29-2d95-4863-a9c6-9325ee23c435,2021-12-09T23:45:00,BRAND5,32.46,"""cafbjlc jlfaclb"" <cafbjlc@appple.com>"
f9e29825-a6b4-4dc8-817e-2d89e5611baf,2021-12-09T23:45:50,BRAND5,812.51,dkjhlih@appple.com
b1389245-6040-4725-9659-945cee01c39f,2021-12-09T23:45:50,BRAND4,658.01,"""djhfdch biicbha"" <djhfdch@gmail.com>"
370dd3fb-1725-4c4d-9c29-c9cf872301a6,2021-12-09T23:46:40,BRAND2,438.26,"""aaheadj bkjfbak"" <aaheadj@gmail.com>"
3b24665f-e7b3-43b1-b990-2eaae428f1a8,2021-12-09T23:47:30,BRAND5,243.21,kalciki@gmail.com
da510689-3189-462b-9715-4800a97adcfd,2021-12-09T23:47:30,BRAND5,604.70,hjigigb@appple.com
a0491f0e-95dd-47bf-9c8b-42553647f22d,2021-12-09T23:48:20,BRAND5,659.69,kgdkiae@appple.com
3dbb0d92-7214-4723-8007-441b2c1816a1,2021-12-09T23:48:20,BRAND2,616.62,glhejki@gmail.com
bf105c9b-87cc-4861-8c0d-7fe7b46f81e8,2021-12-09T23:49:10,BRAND2,120.46,ejiicfg@yahoo.com
573006b9-74a5-4a3b-abc5-9a145f18d688,2021-12-09T23:53:20,BRAND2,298.06,jldajbi@appple.com
883c3def-47ae-4b6e-b038-268fce2f7494,2021-12-09T23:54:10,BRAND5,612.83,icfccdi@live.com
6d1e53c2-23b5-4097-9663-fe5843a4bef9,2021-12-09T23:54:10,BRAND2,411.32,"""dkdflll dgfdhbl"" <dkdflll@yahoo.com>"
3ebafb89-4a9d-45cc-b6b3-4dc13232112b,2021-12-09T23:55:50,BRAND2,147.77,fhbcjch@live.com
1086ff11-e918-487f-891b-6776d84676fb,2021-12-09T23:55:50,BRAND4,228.40,"""cballid ieejflk"" <cballid@live.com>"
0d789d13-9907-41ae-b8ba-60d26b98c742,2021-12-09T23:56:40,BRAND5,205.79,flhhcdg@gmail.com
eeba9993-2d99-4fe6-a21b-1016ec9e03f5,2021-12-09T23:58:20,BRAND1,855.20,fdjjall@gmail.com
21280162-d2d8-46d7-b1e1-d104bc231727,2021-12-09T23:59:10,BRAND1,576.42,faejcjh@gmail.com
3b780f0f-7a21-4d29-8abb-51be06f098b9,2021-12-09T23:59:10,BRAND2,913.35,"""lbjhfjf lgakfak"" <lbjhfjf@live.com>"
fb0f503d-8ada-4b1a-ad3e-a2947aa26f67,2021-12-10T00:00:50,BRAND5,708.23,hcdgkbb@gmail.com
82ea1a98-3f80-432c-b6fe-030755bf8eb9,2021-12-10T00:03:20,BRAND2,602.47,"""cegbkle klehjci"" <cegbkle@gmail.com>"
5b379e9c-602d-44d3-ac67-a1fadad08e5d,2021-12-10T00:03:20,BRAND4,653.53,bejagcb@appple.com
c0d066ba-e414-4820-aec7-9f949f286d52,2021-12-10T00:04:10,BRAND5,663.92,"""gfebdle jikbbfi"" <gfebdle@appple.com>"
948ffdad-a307-444b-976c-36cdc7037d78,2021-12-10T00:06:40,BRAND1,293.31,bgdddig@gmail.com
c8b01299-7483-4d33-9447-8f0ae87ea94a,Fri Dec 10 00:06:40 2021,BRAND2,969.60,"""lbhfagd gkkhjbl"" <lbhfagd@gmail.com>"
7f596952-6b7e-44eb-b77b-a32e5be2792d,2021-12-10T00:10:50,BRAND2,248.43,ealhcgb@live.com
922065dc-e3f6-4767-a487-6526af49a684,2021-12-10T00:12:30,BRAND2,310.31,kghcddd@appple.com
ee339478-3756-43d8-a957-02fd4ca32a69,2021-12-10T00:12:30,BRAND2,285.46,hkddljk@live.com
d1ca40da-e216-4bae-943d-320fe127bd34,2021-12-10T00:15:00,BRAND5,41.06,clglahj@appple.com
ed03ad7f-fefa-4c76-b507-a7aa424bc5ef,2021-12-10T00:15:50,BRAND2,919.61,fkgiach@live.com
17733a5e-94c8-42e2-b017-523d7f147c85,2021-12-10T00:16:40,BRAND2,237.46,lgegelk@yahoo.com
49d93f4a-43a2-40c5-af50-c9a7c766c58b,2021-12-10T00:17:30,BRAND2,503.34,"""ahbajfi djlkbcj"" <ahbajfi@gmail.com>"
a74535dc-f5bf-49f9-971f-85b9de24b573,2021-12-10T00:17:30,BRAND1,824.68,ecklgdk@appple.com
33b8daa3-6890-4969-a6b4-bf2db297db31,2021-12-10T00:20:00,BRAND5,267.90,jalhadh@gmail.com
6b66aab4-0eb4-4547-bde5-38fa84f675e1,2021-12-10T00:20:50,BRAND2,$912.82,bikfhcj@gmail.com
ef4a2363-9130-415f-b3aa-28bae94ad831,2021-12-10T00:20:50,BRAND2,892.37,"""hfckjdd bklhieh"" <hfckjdd@gmail.com>"
b4e17660-a58a-4a3d-b605-1d7759fe7b40,2021-12-10T00:21:40,BRAND2,222.67,jchgegb@appple.com
0059c666-a981-4072-82eb-7df36703333f,2021-12-10T00:21:40,BRAND2,497.70,bdbkcai@live.com
9642575a-9b51-4159-bb37-40d3af81b258,Fri Dec 10 00:22:30 2021,BRAND5,194.47,ifadblc@appple.com
ed9dd1e2-1fba-4dd2-b55c-33526036f9ff,2021-12-10T00:22:30,BRAND2,47.43,iajdddf@gmail.com
0afa6ad6-ecd9-4765-a609-a9969d5e886c,2021-12-10T00:23:20,BRAND2,636.10,"""hecdjaj hadbkfd"" <hecdjaj@gmail.com>"
7f0c9510-9ae6-4a22-84b7-e451c8f2870b,2021-12-10T00:24:10,BRAND5,279.78,"""iafjigb agighji"" <iafjigb@gmail.com>"
53015af1-669b-4166-8d93-b936c39e8cec,2021-12-10T00:25:00,BRAND5,139.75,gfcjffk@appple.com
398dc435-c551-4aed-b859-1a9917c36d20,2021-12-10T00:25:00,BRAND2,724.54,"""kjfakgg hhjeaka"" <kjfakgg@gmail.com>"
94f23a9f-6f0c-4757-a26c-23d51f3d37eb,2021-12-10T00:25:50,BRAND2,514.46,"""gdijlbj jefiklg"" <gdijlbj@gmail.com>"
880500f3-88c4-46d2-abdd-b7eee94beb93,2021-12-10T00:25:50,BRAND2,779.54,dahgjbf@appple.com
20f5df4b-f615-4962-a891-7424fe842b89,2021-12-10T00:26:40,BRAND4,947.56,adgljgf@hotmail.com
9bacde36-578c-4724-a6e4-63287d3dc176,Fri Dec 10 00:26:40 2021,BRAND2,586.42,jchgcfe@gmail.com
813dbe15-cb37-41d1-9697-7cb6236e3b49,2021-12-10T00:28:20,BRAND2,186.66,dckelig@appple.com
41fb8a58-65ef-4f36-95cc-401f7016ad9e,2021-12-10T00:28:20,BRAND2,34.17,"""agbejli edegjie"" <agbejli@gmail.com>"
dc5398ab-6821-4b44-9838-4c92687e57a0,2021-12-10T00:30:00,BRAND2,287.72,khekgeg@gmail.com
22f108e8-1bb8-46af-b839-657cbcd74a18,2021-12-10T00:30:00,BRAND5,479.59,"""aacikbl kbedejh"" <aacikbl@live.com>"
8657b253-dc63-45e2-af16-fc033c1da352,2021-12-10T00:30:50,BRAND5,935.99,jhlcjej@gmail.com
e8501f60-7f82-44f2-baf1-f76b3422144a,2021-12-10T00:30:50,BRAND2,900.67,hbhlglj@gmail.com
7fde70e5-4e2c-495a-9cfb-fe51933d803f,2021-12-10T00:32:30,BRAND1,225.89,"""ekibbka jefjifc"" <ekibbka@appple.com>"
da7824fe-5235-43fc-8a51-c816e67b498b,2021-12-10T00:32:30,BRAND1,588.42,"""kkffcgk lcegahc"" <kkffcgk@appple.com>"
2ee5e268-639f-469f-b81a-69fcad87fe08,2021-12-10T00:34:10,BRAND5,$674.21,jgkdkgh@gmail.com
b61249f0-0c74-4b39-b6d7-1ca4328275f8,2021-12-10T00:34:10,BRAND5,180.96,"""iejdlkg jelbikb"" <iejdlkg@gmail.com>"
7aeee376-31f6-4415-a321-b44a165742ee,2021-12-10T00:35:00,BRAND2,675.39,aleadgh@gmail.com
17e151b2-2e02-4738-b20e-fa530965740a,2021-12-10T00:35:00,BRAND3,394.66,"""chlgika cideice"" <chlgika@appple.com>"
58a6bc5d-6ced-466c-8e7c-67ce596b010f,2021-12-10T00:37:30,BRAND5,158.56,bkaglke@gmail.com
ba265a2c-4240-4736-b996-38be2dcb92cd,2021-12-10T00:37:30,BRAND5,885.76,dblldie@gmail.com
eb4e2182-3532-4f04-9b65-ba80a573add6,2021-12-10T00:38:20,BRAND1,993.74,"""cicbcia cfckald"" <cicbcia@live.com>"
47b32893-fe5d-42a4-a648-43ec95b0ed70,2021-12-10T00:38:20,BRAND2,316.53,aihlaij@appple.com
abde8661-8f38-487d-b792-19afbb871ec1,2021-12-10T00:39:10,BRAND2,773.81,"""ighdkel bhidkij"" <ighdkel@gmail.com>"
2261add4-019d-4eb7-a50b-31c1704f5af4,Fri Dec 10 00:39:10 2021,BRAND2,245.31,gcdldfg@gmail.com
27c62210-c9a4-4305-955d-026404decaec,2021-12-10T00:40:00,BRAND5,283.67,llgakjf@live.com
b894b93f-b083-4648-935f-5996d3701980,2021-12-10T00:40:00,BRAND2,305.36,gllbhgb@gmail.com
8ef7c9e3-e4f8-4657-8f18-fc69fea9f300,2021-12-10T00:40:50,BRAND2,248.48,kecfffc@yahoo.com
213a863b-02df-4e89-bf56-81ba65d5927d,2021-12-10T00:41:40,BRAND5,845.95,ihejdec@appple.com
db3b91e7-6784-4e3e-842e-73cfbab14bd5,2021-12-10T00:41:40,BRAND4,217.81,"""dhaacjf kdbgeij"" <dhaacjf@yahoo.com>"
fda394ab-e604-41e5-9921-dd1d2d71701a,2021-12-10T00:43:20,BRAND5,539.05,glfggcb@gmail.com
3ee45d3f-58bb-44c7-921e-01273ab4101a,2021-12-10T00:43:20,BRAND3,821.12,cebfeac@gmail.com
1ad00cc8-31d4-42d2-9c55-124787919e8b,2021-12-10T00:44:10,BRAND2,407.96,"""cafdhfl cjchkcc"" <cafdhfl@appple.com>"
3e1e64df-1265-4e16-8663-0210dcdbb083,2021-12-10T00:44:10,BRAND1,499.46,"""dkclcfc hlfihid"" <dkclcfc@appple.com>"
77f992d9-9036-4647-9398-696afff6c386,2021-12-10T00:45:00,BRAND5,376.61,aabafab@appple.com
0cad8024-7d97-4285-9973-612a1a87d472,2021-12-10T00:45:50,BRAND2,355.64,"""ajjbkia lgibbce"" <ajjbkia@live.com>"
7365219c-01aa-4c78-90b1-9ef1be4a3ddd,2021-12-10T00:45:50,BRAND1,411.09,ahiehhl@appple.com
62af3881-f87c-431e-a821-28678ce664bb,2021-12-10T00:46:40,BRAND5,394.51,bklicih@gmail.com
3eadea9d-37ec-4ece-a8fb-9f35b2c6f009,2021-12-10T00:46:40,BRAND5,938.87,"""aegclgk jhgegdj"" <aegclgk@gmail.com>"
da66b305-ce08-4457-aa03-f1703a5873bb,2021-12-10T00:47:30,BRAND3,444.38,klgghci@appple.com
f3263203-4907-4f01-928e-dfaacb118c71,2021-12-10T00:48:20,BRAND3,469.62,fjikllk@gmail.com
c5c5a418-54f1-48bc-ab96-5f118ac6ff7f,2021-12-10T00:48:20,BRAND2,911.35,hgdgldb@live.com
fc88322c-0120-4ade-944f-f4c6cff60145,2021-12-10T00:49:10,BRAND2,106.86,"""ckldjle gijigfl"" <ckldjle@gmail.com>"
74af804d-f1e4-4bc2-8874-0a8490fb3df8,2021-12-10T00:50:00,BRAND1,513.05,"""kjeegga gbbecec"" <kjeegga@live.com>"
ef44f67d-e042-4166-92b4-4e11a9dadd38,2021-12-10T00:51:40,BRAND1,243.59,aacejcl@gmail.com
555f01e4-287c-4f44-a8a6-53874515fc67,2021-12-10T00:51:40,BRAND2,862.20,ekfjcif@gmail.com
400d8a44-62f2-41b0-86b4-e3f5fd84deae,2021-12-10T00:52:30,BRAND1,115.67,"""kbbihli kfbkifk"" <kbbihli@appple.com>"
8c96dbde-7e13-4101-89f7-48b13bc5d2db,2021-12-10T00:53:20,BRAND2,553.32,"""fkeejaj jdfhkia"" <fkeejaj@gmail.com>"
946aa4ed-2c92-41ec-921b-5a9cad72b67f,2021-12-10T00:54:10,BRAND2,936.32,"""jffehhd lkjihgf"" <jffehhd@yahoo.com>"
c8148c2c-a431-4add-8ff4-fe700bb49ec8,2021-12-10T00:55:00,BRAND2,361.54,hjjdlaj@gmail.com
d7cd5a0d-9f13-4b35-a189-fe1ee494ccdb,2021-12-10T00:55:50,BRAND1,989.31,ehcckld@gmail.com
539dfb1f-1d65-403b-9c5a-ac340fcdbd85,Fri Dec 10 00:57:30 2021,BRAND5,806.56,"""ihllfak gdbdgfg"" <ihllfak@gmail.com>"
e8f43e3a-619c-46c0-a7fa-7a66cef53bb5,2021-12-10T00:57:30,BRAND1,700.57,gjkfejc@gmail.com
e4c92986-6504-447a-851d-039bfe7ccbc0,2021-12-10T00:58:20,BRAND5,977.20,bgchcdg@gmail.com
bcab54e3-dad4-4e52-bef8-9d16d9aabb51,2021-12-10T00:58:20,BRAND5,522.60,bgdfgdk@live.com
768e0ae3-2f9b-4b0c-9f6c-c0054a56276b,2021-12-10T01:00:00,BRAND2,$168.42,"""bjfefhg befgijd"" <bjfefhg@live.com>"
ed57ec9b-4d41-43c0-b159-8b6e7286942f,2021-12-10T01:00:00,BRAND2,684.44,ljbldjg@gmail.com
c133faab-ea7e-4e87-9801-ba81f9e3fc62,2021-12-10T01:00:50,BRAND4,672.16,ciajjjg@appple.com
5320a4bb-b7b8-4d6f-b114-efa86d7b8972,2021-12-10T01:00:50,BRAND4,410.54,aehhfda@gmail.com
864d638d-bbda-4a0a-af1f-ce3cc0372bfa,2021-12-10T01:01:40,BRAND5,682.57,"""jckidbh dlcdjhd"" <jckidbh@gmail.com>"
19606b6c-7cf5-4f69-84a2-2749fb2451d3,2021-12-10T01:03:20,BRAND5,662.17,"""iicejji hcjfcce"" <iicejji@appple.com>"
788dd840-6740-460c-a559-96f9efff07df,2021-12-10T01:06:40,BRAND5,582.08,"""gcaaafe bchjgke"" <gcaaafe@gmail.com>"
e04a9fdf-3fb4-4b1a-9241-e66692d37a72,2021-12-10T01:06:40,BRAND2,412.51,gbjdgce@appple.com
881811ee-6675-41d1-b68d-eb882eef11c8,2021-12-10T01:07:30,BRAND2,832.71,bakkahh@gmail.com
c0e52df1-5400-4ddb-8c6b-40d4151b877a,2021-12-10T01:07:30,BRAND5,$564.86,hkjckdh@gmail.com
624feb3a-76bb-4dbf-bd62-42ddcb87f645,Fri Dec 10 01:09:10 2021,BRAND2,379.61,ibdkcbc@gmail.com
fdf9a27a-32bd-42a9-bf0a-f24cad1cde76,2021-12-10T01:09:10,BRAND5,836.01,aaidegc@appple.com
6f2b5658-52f7-4977-a6e7-0c1b8bf4bd7a,2021-12-10T01:10:50,BRAND1,552.59,"""dgeilhd ebbiekl"" <dgeilhd@gmail.com>"
a2d74ed4-10aa-4434-8c61-597ed2cfeac3,2021-12-10T01:10:50,BRAND5,893.42,cdccaie@appple.com
6f43ab99-9539-4806-bf5f-ab54458dc7bd,2021-12-10T01:12:30,BRAND5,67.10,"""cbbjkke hlkifec"" <cbbjkke@live.com>"
072571a1-7ec1-47ff-882c-5219d023cb5c,2021-12-10T01:12:30,BRAND4,309.92,ljaibeh@appple.com
2a74f601-bf25-4503-abda-023080d63650,2021-12-10T01:15:00,BRAND1,832.25,bbkckag@appple.com
81a5ca5c-95b5-478e-87c6-fdabf9eb4227,2021-12-10T01:18:20,BRAND2,692.84,ligjfdl@appple.com
ba997bba-c2d4-4b31-858f-4c4bd905c676,2021-12-10T01:18:20,BRAND5,$214.72,fgccabl@live.com
5f2b13af-42ab-40a0-b6af-01dd94e4af2d,2021-12-10T01:20:00,BRAND2,738.28,gaafkcg@yahoo.com
ba538562-7d88-4bbc-a039-da2139d5389e,2021-12-10T01:21:40,BRAND2,209.87,"""adkgade jfiikai"" <adkgade@gmail.com>"
c1e41380-5d5f-4c6c-8d46-069af61f59c9,2021-12-10T01:25:50,BRAND5,478.26,ealahgg@gmail.com
851ed1ef-80eb-40df-9989-9cdff0e24b0f,2021-12-10T01:25:50,BRAND2,980.71,"""igbifag kldfbhf"" <igbifag@appple.com>"
4952d367-8b07-4021-bd8d-a6dc60018a15,2021-12-10T01:26:40,BRAND2,25.01,jfifaec@gmail.com
a7ac87b7-bf3f-421c-a5c3-dbbba6f40d09,2021-12-10T01:27:30,BRAND5,856.99,iihkblj@gmail.com
374dd7be-17d5-48d0-a657-34734f84e9b3,2021-12-10T01:28:20,BRAND1,16.81,"""khakcde dbejikk"" <khakcde@gmail.com>"
0fe3f356-4b4e-44ec-82d6-8a22d71cb227,2021-12-10T01:28:20,BRAND5,69.79,"""jdkjdkl fggdkag"" <jdkjdkl@appple.com>"
81060919-9918-4660-b67a-f1a01cfda397,2021-12-10T01:30:00,BRAND3,559.99,efbhkjk@appple.com
669aabf5-91ed-4b5e-9d3d-0fa1a31f759c,2021-12-10T01:30:50,BRAND1,152.72,"""faceled hfiaaga"" <faceled@appple.com>"
9d576299-8c51-4497-9431-aa773624e162,2021-12-10T01:30:50,BRAND2,$200.83,hiccdah@appple.com
a0c313e1-095e-486b-8ec9-01143eaf1606,2021-12-10T01:31:40,BRAND2,301.13,chghkcg@gmail.com
51e1fe6a-661d-4c3f-a464-e4af8b081a50,2021-12-10T01:31:40,BRAND5,605.27,"""decfgdj jedfdfh"" <decfgdj@gmail.com>"
b3546d0c-9d4b-4747-8aa5-0330315388f8,2021-12-10T01:33:20,BRAND5,938.63,khegdbi@appple.com
57526509-89b3-40b0-8c1f-77cfc8e4d1ed,2021-12-10T01:33:20,BRAND2,891.87,akfgdkc@appple.com
f0f16b59-50b4-4fcc-a310-d51e5f6df985,2021-12-10T01:37:30,BRAND2,993.01,efhbeac@gmail.com
8fe62577-3363-4d4d-838a-41af1eb687f1,2021-12-10T01:37:30,BRAND5,283.21,jcgbcla@appple.com
a3026468-46cd-405f-8df8-cbab570d124d,2021-12-10T01:39:10,BRAND5,45.31,gjglhke@yahoo.com
18775b22-d917-4ae9-829b-f47a79867905,2021-12-10T01:40:00,BRAND5,$848.44,"""kdlibgj dilhhie"" <kdlibgj@gmail.com>"
6cd7c7ee-00b9-4598-8e57-f0f8efac8498,2021-12-10T01:40:00,BRAND5,563.85,adkgcfc@yahoo.com
d18aad35-1019-4821-88c9-cd32938dded1,2021-12-10T01:41:40,BRAND2,$947.12,"""baaedej geihcdc"" <baaedej@live.com>"
21ea6c38-1e7e-444f-b51d-cc94c220325b,2021-12-10T01:41:40,BRAND2,145.51,"""dhbebli dejchgk"" <dhbebli@gmail.com>"
70cdaf7c-0f14-4cb9-be95-fe3de0ef993a,2021-12-10T01:42:30,BRAND2,953.92,lecejfc@gmail.com
96d6ad3c-4fdb-4078-b639-e9d3d25a8c39,2021-12-10T01:43:20,BRAND2,266.36,deldihh@appple.com
ba38fead-6356-45fe-bfc5-54707b8e93d9,2021-12-10T01:43:20,BRAND5,130.89,jjfldhk@gmail.com
e2e5875d-5d17-4c0b-813f-f22ec5be1607,2021-12-10T01:44:10,BRAND2,405.37,"""aikagcb bifafje"" <aikagcb@live.com>"
dcfc184b-2d9d-40cb-ac57-ddd93a4c4cf3,2021-12-10T01:44:10,BRAND2,364.29,heliibd@gmail.com
b06ef29e-b6fe-4bfb-b484-daa690437249,2021-12-10T01:45:00,BRAND1,608.74,"""lhbidla dfibbdf"" <lhbidla@gmail.com>"
4dd2229a-aa1e-46a2-a684-abd86e4ca322,2021-12-10T01:45:00,BRAND2,829.27,"""jchffkj fbglakc"" <jchffkj@gmail.com>"
19b532a6-1f1a-4fc3-a5f4-103b847794cf,2021-12-10T01:45:50,BRAND5,695.28,lcakhjl@gmail.com
78d72c88-ea64-4689-9a64-db2dff466931,2021-12-10T01:45:50,BRAND2,625.40,kghfhbh@gmail.com
4c311afc-e8df-40ff-8431-6b734a7cfdd9,2021-12-10T01:47:30,BRAND5,542.40,eedhilg@appple.com
4a2dcceb-4e9b-4ba9-8969-78c8956b4d7e,2021-12-10T01:47:30,BRAND5,$291.61,"""hlalgad ekefgea"" <hlalgad@live.com>"
80d3b35c-edcb-431e-a63a-354bdca07527,2021-12-10T01:49:10,BRAND5,55.03,gldegjb@appple.com
747e6509-6145-4536-a57f-09557eb52491,2021-12-10T01:50:50,BRAND2,766.60,"""kckbibh lfjfejd"" <kckbibh@gmail.com>"
6eee33ab-205e-4197-bebb-4f055460d74e,2021-12-10T01:50:50,BRAND5,506.93,jdaljdj@appple.com
cbe3320a-628f-4a53-b349-702632919263,2021-12-10T01:51:40,BRAND2,858.84,bfgaicg@gmail.com
0ecbe2cf-e64d-4acc-8e18-590cb4f74ac0,2021-12-10T01:52:30,BRAND5,514.95,illiikb@appple.com
9efc2761-c912-4e74-b0b2-c505c3cff54d,2021-12-10T01:53:20,BRAND2,917.40,idjbkbi@gmail.com
db6f2fa0-b55c-412f-bbc7-14174b6a6ec9,2021-12-10T01:54:10,BRAND5,285.94,diddlla@gmail.com
080ee3fd-5f3b-4c7c-a465-85ebcfa81388,2021-12-10T01:54:10,BRAND2,$236.82,eadggkf@hotmail.com
d753a24e-4e74-4a16-9f02-ee2df526370c,2021-12-10T01:55:00,BRAND2,861.09,labhgei@gmail.com
d7b6beb7-c9e3-4a4d-a476-f13d8222e02a,2021-12-10T01:56:40,BRAND2,932.17,fgdjaaa@appple.com
b04dd0e9-cd57-4c64-9bdf-ea5bbd32c93e,2021-12-10T01:57:30,BRAND5,399.54,cklhjdg@gmail.com
90455a65-4b05-49f7-ae15-b5979b0fe08e,2021-12-10T01:57:30,BRAND2,214.28,gfalbkk@live.com
ad5e12b6-6503-401f-b5be-d96a71caaff3,2021-12-10T01:58:20,BRAND2,797.89,fhhgiak@gmail.com
5ca81ffa-9619-450f-9d22-4a47b9d0d9d8,2021-12-10T01:59:10,BRAND5,953.46,"""gafdlfh cakhfhk"" <gafdlfh@appple.com>"
f2dacf5b-0307-450f-b41d-b5f249af61d2,2021-12-10T01:59:10,BRAND4,913.43,"""lefejga dbfhigi"" <lefejga@hotmail.com>"
612cadb8-fdf9-48a8-8709-3d9608255bd6,2021-12-10T02:00:00,BRAND5,922.49,iiieleb@gmail.com
7843ba1a-84e6-4d0a-b7c3-b86535e96f50,2021-12-10T02:00:00,BRAND2,905.55,jcdaljc@gmail.com
9c4d52b9-575b-440c-b651-7a0500ac0649,2021-12-10T02:04:10,BRAND2,116.39,fehklhi@appple.com
7f3a7abd-edab-470c-8f1f-c9ebbb20c88b,2021-12-10T02:04:10,BRAND2,485.26,"""leijckf eeicekf"" <leijckf@appple.com>"
88bbe021-0052-4fc4-b0e9-266b8089ab4c,2021-12-10T02:05:50,BRAND2,143.86,"""fkhgldc lfafkcc"" <fkhgldc@gmail.com>"
8999ec70-865c-49ac-903c-669936ed0d87,2021-12-10T02:05:50,BRAND2,223.62,"""ggkhjag kfkhijj"" <ggkhjag@gmail.com>"
0ab6ec2b-cb72-485e-b2b6-c0c8b998b3f9,2021-12-10T02:07:30,BRAND2,651.03,"""ccalkjk hdleifd"" <ccalkjk@appple.com>"
a2037df7-f3ac-49ff-9bb1-8d13f9bb278b,2021-12-10T02:09:10,BRAND2,$172.89,fjhbcfc@gmail.com
c8a05ba0-44f8-4617-8774-280d52aedf5e,2021-12-10T02:09:10,BRAND1,472.62,leiialg@live.com
0ac042da-85b4-43f7-b4b7-896cd21c2238,2021-12-10T02:10:50,BRAND5,479.80,"""fkfhlid ddglbee"" <fkfhlid@live.com>"
91cca4e7-dea3-4efc-bc0e-209b1089997a,2021-12-10T02:10:50,BRAND5,762.25,"""hlfaaab laidiib"" <hlfaaab@appple.com>"
660cf13a-5ecb-46ce-bd0c-e7a6efa7fcad,2021-12-10T02:11:40,BRAND5,474.16,cffelcg@gmail.com
f70258ff-e3b7-47f6-a0ae-2674cea1f9ac,2021-12-10T02:11:40,BRAND5,816.20,"""efhihjg dchhkji"" <efhihjg@appple.com>"
d1a94004-fb91-49ab-86d3-6fc1ef5ad1bd,2021-12-10T02:12:30,BRAND5,47.70,ibeaaif@gmail.com
11e1a8eb-075f-4456-b961-b9d556dd2743,Fri Dec 10 02:13:20 2021,BRAND1,534.35,adhdljl@gmail.com
8d7915d3-3c0a-48ea-a954-de0e2d91e1c0,2021-12-10T02:14:10,BRAND2,683.52,dfdllid@appple.com
1f910e7a-2fa7-497a-9c65-8d1b9c2418c9,2021-12-10T02:15:00,BRAND5,366.51,kbkfbdg@gmail.com
03f569d2-e24c-4a9a-a362-0f46f2b88159,2021-12-10T02:15:50,BRAND5,719.12,glhigij@gmail.com
64a9bd42-00a2-423d-8e4f-f03c0f376227,2021-12-10T02:15:50,BRAND2,771.72,lgfjkjg@live.com
0958d786-d1d8-4303-9d81-46563c5d2510,2021-12-10T02:17:30,BRAND2,373.79,kildklh@gmail.com
5e1ebdc6-eba2-4428-a21a-c69b47580be4,2021-12-10T02:19:10,BRAND2,913.87,jfbaajb@yahoo.com
f1ffd7e0-d701-4d1e-9047-31ab912cfee7,2021-12-10T02:19:10,BRAND2,211.60,gbgalgb@live.com
81bd3d2f-2c92-4b84-ac33-8960b58a91fb,2021-12-10T02:20:00,BRAND1,460.69,hgijahh@appple.com
c9d75c23-5f14-453f-ad2c-80cc1e029c31,2021-12-10T02:20:00,BRAND2,446.76,kjabkfj@gmail.com
40b599ef-176d-4ee6-a8bb-e236bec1996a,2021-12-10T02:20:50,BRAND1,312.83,"""gghdjjl kdchbge"" <gghdjjl@gmail.com>"
9f308b70-402c-4787-bd7b-9f13bca8a0d3,2021-12-10T02:23:20,BRAND5,836.91,"""ffggfdl ieabacg"" <ffggfdl@gmail.com>"
c8b657bb-ea52-4f35-b2de-ecd0b0b46d11,2021-12-10T02:25:00,BRAND3,393.91,"""ehidlbd ebdaail"" <ehidlbd@live.com>"
bc832e46-56bb-42b8-8355-b1f7062df3d0,2021-12-10T02:25:50,BRAND1,512.49,behfeae@gmail.com
6a1b14df-09f6-47ea-96c8-918c7fef3dee,2021-12-10T02:26:40,BRAND1,339.77,fffbahd@gmail.com
da76a0d6-2fa6-4355-a84e-edf91263f547,2021-12-10T02:27:30,BRAND2,411.62,"""gaikldc gjbckei"" <gaikldc@gmail.com>"
016140ee-57d1-4a91-9fa1-ab5b482c83b3,2021-12-10T02:30:50,BRAND2,604.85,"""ijjcclf gbdklec"" <ijjcclf@gmail.com>"
173f0147-5430-4d89-88fb-de835987c5ab,2021-12-10T02:30:50,BRAND2,449.60,"""klbllbl laggchb"" <klbllbl@gmail.com>"
9e4c7b06-a552-4b86-a087-6ecfb1eeb2a7,2021-12-10T02:35:50,BRAND2,510.58,dcakdgj@appple.com
3b86db89-25fd-4b10-bf25-48f9f866906a,2021-12-10T02:35:50,BRAND4,957.30,ikhdjbd@gmail.com
41f374ba-8955-4c43-bd2c-0fe415a80f6a,2021-12-10T02:40:00,BRAND2,914.20,"""djkcfkh bcibibb"" <djkcfkh@gmail.com>"
70f11a9a-fb96-484c-a3dc-4702485b8110,2021-12-10T02:40:50,BRAND1,480.31,egkejgd@appple.com
870ed2b8-b43a-483d-b827-28dcbb58f5f0,2021-12-10T02:41:40,BRAND5,457.56,fajichl@appple.com
3ebc5b4b-9d2e-4cf5-b183-925d79bd5e18,2021-12-10T02:42:30,BRAND5,73.50,"""lkfjchi kebhdac"" <lkfjchi@gmail.com>"
a6d53b9e-2a29-4170-92a1-d431de295608,2021-12-10T02:42:30,BRAND2,795.74,kgdljge@yahoo.com
69c914db-19e0-4fbd-ac99-9162133fa00d,2021-12-10T02:44:10,BRAND2,95.13,fkcdhce@live.com
c981a104-96c1-483c-8ff6-baad40f4e974,2021-12-10T02:44:10,BRAND5,807.69,"""aajhbfg ijgliga"" <aajhbfg@hotmail.com>"
bf4771cb-92aa-4b41-8d1a-106913f839bc,2021-12-10T02:45:00,BRAND5,875.42,ahbhjkf@gmail.com
e43fe64b-843e-485f-b682-3dd17342e4aa,2021-12-10T02:45:00,BRAND2,538.32,hgkgief@gmail.com
d2bdddd7-2600-4e44-84c6-92b68a53e936,2021-12-10T02:45:50,BRAND2,585.85,adaaded@yahoo.com
36d44b3b-655f-4d34-add5-6905af79cb53,2021-12-10T02:46:40,BRAND1,780.27,"""calahfg igbhjei"" <calahfg@yahoo.com>"
7d2b6bba-3345-4105-8042-2b822853dec0,2021-12-10T02:46:40,BRAND4,196.01,jkjdeic@gmail.com
6953e222-6a0b-40f1-bd20-ce3077e93b40,2021-12-10T02:47:30,BRAND2,608.87,"""fijfigh bjccjla"" <fijfigh@gmail.com>"
fa8e4992-07ee-4a0a-85e6-8db71b031b98,2021-12-10T02:47:30,BRAND2,720.76,"""fddadjh bfdfgik"" <fddadjh@gmail.com>"
9b5069a8-a04d-4e1c-93d0-72fd10e8d203,2021-12-10T02:48:20,BRAND1,564.52,"""gljbeaf eleabcj"" <gljbeaf@gmail.com>"
56f356c2-0344-473d-b865-a9942ab49967,2021-12-10T02:48:20,BRAND2,462.45,lbhelhg@appple.com
142ae93f-1f72-4114-b12f-28583698f891,2021-12-10T02:50:50,BRAND3,775.68,fcijjci@gmail.com
aa419842-e744-4076-b5c9-67b285b745e9,2021-12-10T02:51:40,BRAND2,368.78,aicggad@live.com
21dd063d-0440-4cd0-aa44-0bebad32d7ec,2021-12-10T02:52:30,BRAND2,316.36,dbaeebb@appple.com
70640b7a-ca0b-47f5-8f63-0b176f0883b9,2021-12-10T02:54:10,BRAND3,245.25,"""hbfieal eckgbae"" <hbfieal@appple.com>"
30600567-47f9-4b00-979b-112bc3fc775d,2021-12-10T02:54:10,BRAND5,240.27,acdckeh@appple.com
9caedf49-dcf4-41f5-851b-5190b99e1c0e,2021-12-10T02:55:00,BRAND2,643.43,ecgfdkl@appple.com
200456fe-df44-4408-a032-a0582630ea3f,2021-12-10T02:55:00,BRAND5,504.02,"""lbfbgfd ldjlbai"" <lbfbgfd@hotmail.com>"
59a6c58d-c8c0-4427-bde8-8f4cb9e01182,2021-12-10T02:56:40,BRAND2,879.90,"""gegiafa gcdgeag"" <gegiafa@gmail.com>"
2ac49eb1-8294-4e75-b7e1-ff2e72093098,2021-12-10T02:56:40,BRAND5,742.65,jcbhldb@live.com
e5f48c6d-6662-476b-81e2-e305517440cf,2021-12-10T02:58:20,BRAND2,316.42,eacbfdl@appple.com
15d2d7cb-8e63-4561-8efe-e8a5cf82e2f6,2021-12-10T02:58:20,BRAND2,758.91,jcldfik@appple.com
8c302a99-a993-4f9c-877d-1b08ae2f8060,2021-12-10T02:59:10,BRAND2,608.29,bckekde@gmail.com
b6043914-e0cb-4165-b545-7714fd9d4d46,2021-12-10T03:00:50,BRAND2,587.36,idkgglb@live.com
f88eaa7a-f0ef-406e-b486-2a79ca29987b,2021-12-10T03:02:30,BRAND5,447.88,"""achhcbl kkhigkc"" <achhcbl@appple.com>"
7951b498-5129-41c0-bf20-dbd44da0fdb2,2021-12-10T03:02:30,BRAND2,$792.55,"""eggaefe dkfiggk"" <eggaefe@live.com>"
1f41d84d-005c-410a-bdfa-8cbf7f80167c,2021-12-10T03:05:00,BRAND5,354.00,lbhhhae@yahoo.com
e0c6265d-fa21-41ef-930d-52a2aa7aca04,2021-12-10T03:05:50,BRAND2,8.63,"""eikkbdh ahiccje"" <eikkbdh@appple.com>"
55ac73a3-db34-4b97-9c7b-6ae244fa5e60,2021-12-10T03:08:20,BRAND4,323.47,jklgccb@yahoo.com
d2e0faa4-fe9c-4f24-b39f-db51f367d797,2021-12-10T03:09:10,BRAND2,435.79,"""ecglkac gjkcgke"" <ecglkac@gmail.com>"
0d9cc310-376e-4507-aec3-bb1580caeef2,2021-12-10T03:10:00,BRAND2,113.74,jclhejj@gmail.com
